Date,Adj Close,Close,High,Low,Open,Volume
2011-01-31,8788.0,8788.0,8852.75,8639.0,8688.400390625,0
2011-02-01,8611.0498046875,8611.0498046875,8843.5,8580.099609375,8838.849609375,0
2011-02-02,8718.7001953125,8718.7001953125,8796.9501953125,8675.4501953125,8703.650390625,0
2011-02-03,8869.7001953125,8869.7001953125,8888.2998046875,8652.75,8745.5,0
2011-02-04,8677.5,8677.5,8903.349609375,8638.75,8885.599609375,0
2011-02-07,8734.0498046875,8734.0498046875,8786.75,8660.150390625,8729.599609375,0
2011-02-08,8571.2001953125,8571.2001953125,8806.5498046875,8559.5,8806.5498046875,0
2011-02-09,8497.25,8497.25,8685.25,8436.7998046875,8539.650390625,0
2011-02-10,8426.650390625,8426.650390625,8545.400390625,8366.0498046875,8489.150390625,0
2011-02-11,8520.5498046875,8520.5498046875,8550.2001953125,8325.849609375,8433.2001953125,0
2011-02-14,8619.9501953125,8619.9501953125,8635.5498046875,8483.650390625,8529.4501953125,0
2011-02-15,8788.2998046875,8788.2998046875,8824.9501953125,8611.099609375,8626.9501953125,0
2011-02-16,8796.650390625,8796.650390625,8839.599609375,8764.099609375,8764.099609375,0
2011-02-17,8828.099609375,8828.099609375,8835.900390625,8705.150390625,8823.400390625,0
2011-02-18,8645.650390625,8645.650390625,8881.400390625,8621.599609375,8844.0498046875,0
2011-02-21,8769.599609375,8769.599609375,8795.0498046875,8606.7001953125,8644.849609375,0
2011-02-22,8868.2998046875,8868.2998046875,9008.9501953125,8823.2998046875,8934.75,0
2011-02-23,8891.9501953125,8891.9501953125,8949.849609375,8866.2001953125,8875.599609375,0
2011-02-24,8675.7998046875,8675.7998046875,8900.75,8643.9501953125,8862.5498046875,0
2011-02-25,8660.849609375,8660.849609375,8775.849609375,8583.0498046875,8769.400390625,0
2011-02-28,8680.099609375,8680.099609375,8882.0,8652.099609375,8701.849609375,0
2011-03-01,8908.25,8908.25,8921.650390625,8719.900390625,8756.25,0
2011-03-03,8860.9501953125,8860.9501953125,8936.2001953125,8801.849609375,8817.900390625,0
2011-03-04,8915.2001953125,8915.2001953125,8963.0498046875,8884.7998046875,8900.75,0
2011-03-07,8860.7998046875,8860.7998046875,8893.4501953125,8757.7001953125,8834.0,0
2011-03-08,8918.599609375,8918.599609375,8958.5,8854.150390625,8854.150390625,0
2011-03-09,8936.400390625,8936.400390625,8982.0,8779.2998046875,8950.2998046875,0
2011-03-10,8889.150390625,8889.150390625,8927.9501953125,8834.4501953125,8927.9501953125,0
2011-03-11,8937.599609375,8937.599609375,8952.0,8831.0498046875,8838.7001953125,0
2011-03-14,9145.0498046875,9145.0498046875,9167.0498046875,8945.099609375,8945.099609375,213400
2011-03-15,9140.650390625,9140.650390625,9229.5,8902.9501953125,8984.25,335400
2011-03-16,9222.0,9222.0,9269.349609375,9173.2001953125,9203.2001953125,214000
2011-03-17,9134.25,9134.25,9229.5498046875,9117.4501953125,9156.400390625,137500
2011-03-18,8921.2001953125,8921.2001953125,9182.0498046875,8899.150390625,9182.0,229600
2011-03-21,8904.5498046875,8904.5498046875,8974.849609375,8850.599609375,8974.5,137300
2011-03-22,8975.349609375,8975.349609375,9005.5,8913.400390625,8941.4501953125,126700
2011-03-23,9080.400390625,9080.400390625,9097.349609375,8957.900390625,8981.4501953125,144900
2011-03-24,9070.2998046875,9070.2998046875,9123.5498046875,9028.75,9103.099609375,148000
2011-03-25,9212.400390625,9212.400390625,9230.599609375,9073.0498046875,9158.900390625,206500
2011-03-28,9225.2001953125,9225.2001953125,9260.7998046875,9148.25,9202.0,247200
2011-03-29,9272.5498046875,9272.5498046875,9320.400390625,9199.75,9199.75,236900
2011-03-30,9329.5,9329.5,9366.2001953125,9300.2001953125,9300.2001953125,167800
2011-03-31,9480.650390625,9480.650390625,9509.650390625,9351.75,9351.75,409900
2011-04-01,9421.0,9421.0,9577.5,9398.099609375,9474.599609375,282300
2011-04-04,9525.900390625,9525.900390625,9545.400390625,9357.400390625,9429.599609375,204100
2011-04-05,9487.349609375,9487.349609375,9586.849609375,9433.5498046875,9550.400390625,173500
2011-04-06,9494.849609375,9494.849609375,9563.650390625,9448.099609375,9481.25,244900
2011-04-07,9441.400390625,9441.400390625,9522.9501953125,9413.75,9505.9501953125,245100
2011-04-08,9318.2998046875,9318.2998046875,9488.349609375,9285.0498046875,9443.900390625,171800
2011-04-11,9188.2001953125,9188.2001953125,9292.650390625,9177.5,9273.5498046875,129500
2011-04-13,9330.4501953125,9330.4501953125,9347.5,9135.2001953125,9144.0498046875,206000
2011-04-15,9285.400390625,9285.400390625,9316.2998046875,9194.5,9303.7998046875,140800
2011-04-18,9203.25,9203.25,9440.0,9189.599609375,9293.099609375,178000
2011-04-19,9248.400390625,9248.400390625,9273.650390625,9158.099609375,9176.7001953125,207100
2011-04-20,9384.7001953125,9384.7001953125,9403.5,9256.5498046875,9287.7998046875,153600
2011-04-21,9486.9501953125,9486.9501953125,9501.0498046875,9406.7998046875,9423.7998046875,199100
2011-04-25,9340.2001953125,9340.2001953125,9414.400390625,9329.2998046875,9347.7998046875,145600
2011-04-26,9305.7998046875,9305.7998046875,9351.099609375,9235.7998046875,9344.9501953125,226200
2011-04-27,9250.2998046875,9250.2998046875,9361.7998046875,9211.2998046875,9335.349609375,265100
2011-04-28,9195.900390625,9195.900390625,9284.849609375,9179.400390625,9284.849609375,368400
2011-04-29,9213.900390625,9213.900390625,9280.599609375,9138.150390625,9209.5498046875,249000
2011-05-02,9113.0498046875,9113.0498046875,9249.5498046875,9085.75,9221.7998046875,163100
2011-05-03,8923.2998046875,8923.2998046875,9127.099609375,8904.099609375,9111.150390625,181100
2011-05-04,9004.0,9004.0,9054.900390625,8890.2998046875,8941.0,209600
2011-05-05,8941.2001953125,8941.2001953125,9081.400390625,8914.0,8994.7001953125,231100
2011-05-06,8954.099609375,8954.099609375,9007.400390625,8928.400390625,8969.849609375,220900
2011-05-09,8979.7998046875,8979.7998046875,9021.650390625,8910.75,8997.4501953125,140300
2011-05-10,8964.75,8964.75,9062.25,8926.9501953125,8988.650390625,160400
2011-05-11,8957.7001953125,8957.7001953125,8977.349609375,8895.2001953125,8966.599609375,142800
2011-05-12,8889.75,8889.75,8983.7001953125,8857.75,8930.25,124800
2011-05-13,8916.150390625,8916.150390625,9017.099609375,8860.650390625,8896.0498046875,156400
2011-05-16,8849.849609375,8849.849609375,8944.900390625,8839.650390625,8940.7001953125,187100
2011-05-17,8615.599609375,8615.599609375,8855.599609375,8593.0498046875,8855.599609375,286200
2011-05-18,8486.5,8486.5,8652.7001953125,8466.349609375,8620.849609375,215600
2011-05-19,8541.25,8541.25,8586.5498046875,8510.5,8539.75,148300
2011-05-20,8598.150390625,8598.150390625,8627.849609375,8518.5498046875,8576.099609375,213900
2011-05-23,8472.400390625,8472.400390625,8560.900390625,8418.25,8560.900390625,193400
2011-05-24,8482.849609375,8482.849609375,8523.5,8437.400390625,8464.650390625,190500
2011-05-25,8392.9501953125,8392.9501953125,8483.099609375,8365.25,8483.099609375,162500
2011-05-26,8614.2998046875,8614.2998046875,8631.2998046875,8425.349609375,8445.7998046875,335700
2011-05-27,8719.2001953125,8719.2001953125,8777.25,8611.2998046875,8611.2998046875,261400
2011-05-30,8675.0498046875,8675.0498046875,8771.150390625,8650.150390625,8751.5,249000
2011-05-31,8784.099609375,8784.099609375,8806.150390625,8681.650390625,8698.650390625,376000
2011-06-01,8802.4501953125,8802.4501953125,8833.2001953125,8764.150390625,8787.5,175100
2011-06-02,8803.7001953125,8803.7001953125,8833.150390625,8714.2001953125,8720.5,189100
2011-06-03,8710.099609375,8710.099609375,8910.4501953125,8694.9501953125,8859.7001953125,170000
2011-06-06,8693.4501953125,8693.4501953125,8713.9501953125,8632.2998046875,8707.650390625,98500
2011-06-07,8792.7001953125,8792.7001953125,8807.0,8661.400390625,8661.400390625,162800
2011-06-08,8750.0,8750.0,8764.2001953125,8719.900390625,8757.099609375,222100
2011-06-09,8752.9501953125,8752.9501953125,8784.75,8724.5,8742.400390625,157700
2011-06-10,8702.599609375,8702.599609375,8753.099609375,8629.400390625,8750.5,169000
2011-06-13,8653.9501953125,8653.9501953125,8686.0498046875,8579.2998046875,8686.0498046875,134900
2011-06-14,8607.349609375,8607.349609375,8702.7001953125,8601.5498046875,8661.7998046875,152500
2011-06-15,8514.5498046875,8514.5498046875,8633.7001953125,8498.7001953125,8607.25,132300
2011-06-16,8442.400390625,8442.400390625,8522.650390625,8422.849609375,8505.599609375,168600
2011-06-17,8353.2998046875,8353.2998046875,8453.5,8330.650390625,8442.650390625,177400
2011-06-20,8072.7001953125,8072.7001953125,8378.5498046875,8051.4501953125,8366.5498046875,231100
2011-06-21,8144.4501953125,8144.4501953125,8194.7001953125,8072.14990234375,8119.39990234375,205700
2011-06-22,8162.0498046875,8162.0498046875,8207.0498046875,8098.5,8185.5,142500
2011-06-23,8308.25,8308.25,8322.5,8154.4501953125,8157.10009765625,166500
2011-06-24,8420.7998046875,8420.7998046875,8457.4501953125,8283.900390625,8347.2998046875,298600
2011-06-27,8522.4501953125,8522.4501953125,8610.0,8454.9501953125,8454.9501953125,537500
2011-06-28,8504.75,8504.75,8572.2001953125,8440.5498046875,8572.2001953125,232300
2011-06-29,8545.400390625,8545.400390625,8558.349609375,8498.4501953125,8549.900390625,245500
2011-06-30,8615.0498046875,8615.0498046875,8636.9501953125,8542.150390625,8556.25,437500
2011-07-01,8475.0498046875,8475.0498046875,8723.2998046875,8448.25,8723.2998046875,439200
2011-07-04,8523.25,8523.25,8575.2998046875,8489.4501953125,8551.0498046875,176100
2011-07-05,8398.4501953125,8398.4501953125,8526.7998046875,8382.7001953125,8526.7998046875,268200
2011-07-06,8403.2001953125,8403.2001953125,8448.400390625,8355.150390625,8397.2998046875,186900
2011-07-07,8557.5,8557.5,8582.5,8426.9501953125,8430.849609375,194400
2011-07-08,8474.2998046875,8474.2998046875,8578.0,8456.7001953125,8572.0498046875,239500
2011-07-11,8463.9501953125,8463.9501953125,8498.849609375,8427.0498046875,8452.25,126400
2011-07-12,8417.150390625,8417.150390625,8491.349609375,8382.2998046875,8412.2998046875,142800
2011-07-13,8552.7998046875,8552.7998046875,8571.0498046875,8444.7998046875,8444.7998046875,200700
2011-07-14,8525.599609375,8525.599609375,8606.400390625,8476.900390625,8518.599609375,195600
2011-07-15,8519.2001953125,8519.2001953125,8579.9501953125,8493.7001953125,8515.400390625,159000
2011-07-18,8494.75,8494.75,8535.099609375,8469.4501953125,8514.400390625,106300
2011-07-19,8582.25,8582.25,8592.900390625,8495.25,8498.5498046875,108900
2011-07-20,8521.5498046875,8521.5498046875,8634.650390625,8484.650390625,8622.0,107400
2011-07-21,8436.5498046875,8436.5498046875,8518.75,8420.9501953125,8512.9501953125,91500
2011-07-22,8543.75,8543.75,8578.5498046875,8461.150390625,8481.0498046875,153200
2011-07-25,8600.75,8600.75,8644.9501953125,8566.7001953125,8627.25,236000
2011-07-26,8497.5498046875,8497.5498046875,8640.099609375,8484.0498046875,8640.099609375,187600
2011-07-27,8426.099609375,8426.099609375,8539.5,8409.5498046875,8533.900390625,159000
2011-07-28,8277.4501953125,8277.4501953125,8376.5498046875,8266.2998046875,8355.7001953125,280700
2011-07-29,8192.150390625,8192.150390625,8316.75,8164.89990234375,8288.7998046875,236000
2011-08-01,8245.599609375,8245.599609375,8287.400390625,8174.0,8253.4501953125,133300
2011-08-02,8292.5,8292.5,8305.2001953125,8186.7998046875,8222.5,165500
2011-08-03,8238.099609375,8238.099609375,8292.5498046875,8194.4501953125,8206.650390625,218600
2011-08-04,8150.9501953125,8150.9501953125,8295.0498046875,8134.0498046875,8258.4501953125,170900
2011-08-05,7985.7998046875,7985.7998046875,8046.4501953125,7910.35009765625,7994.85009765625,342900
2011-08-08,7917.2001953125,7917.2001953125,8039.0,7790.39990234375,7838.5,332600
2011-08-09,7799.2998046875,7799.2998046875,7919.9501953125,7707.5,7707.5,367800
2011-08-10,7831.0498046875,7831.0498046875,7961.25,7779.7001953125,7961.25,229200
2011-08-11,7807.7998046875,7807.7998046875,7890.5498046875,7769.14990234375,7777.5498046875,184400
2011-08-12,7750.9501953125,7750.9501953125,7884.60009765625,7732.35009765625,7884.60009765625,195900
2011-08-16,7687.5498046875,7687.5498046875,7815.2998046875,7657.39990234375,7757.39990234375,126700
2011-08-17,7674.89990234375,7674.89990234375,7817.60009765625,7649.85009765625,7678.89990234375,180800
2011-08-18,7575.60009765625,7575.60009765625,7719.35009765625,7540.10009765625,7719.35009765625,154600
2011-08-19,7515.7001953125,7515.7001953125,7573.5,7454.14990234375,7462.10009765625,187500
2011-08-22,7688.7998046875,7688.7998046875,7725.2998046875,7461.39990234375,7503.0498046875,167400
2011-08-23,7669.0498046875,7669.0498046875,7727.14990234375,7593.14990234375,7723.2998046875,168700
2011-08-24,7620.0498046875,7620.0498046875,7691.2998046875,7590.85009765625,7657.5498046875,179900
2011-08-25,7583.4501953125,7583.4501953125,7684.64990234375,7564.85009765625,7645.39990234375,311200
2011-08-26,7339.0,7339.0,7593.2998046875,7301.89990234375,7565.5498046875,240600
2011-08-29,7569.7001953125,7569.7001953125,7598.39990234375,7418.9501953125,7419.75,184700
2011-08-30,7661.5498046875,7661.5498046875,7729.64990234375,7573.64990234375,7632.9501953125,261000
2011-09-02,7770.9501953125,7770.9501953125,7842.4501953125,7701.7998046875,7837.0498046875,303200
2011-09-05,7627.89990234375,7627.89990234375,7714.7001953125,7592.4501953125,7705.0,274700
2011-09-06,7792.75,7792.75,7809.35009765625,7563.35009765625,7592.4501953125,373000
2011-09-07,7906.64990234375,7906.64990234375,7961.0,7817.35009765625,7817.35009765625,338500
2011-09-08,7983.4501953125,7983.4501953125,8019.25,7788.25,7921.5,255000
2011-09-09,7811.2001953125,7811.2001953125,8020.85009765625,7796.0,7992.7001953125,271000
2011-09-12,7675.5498046875,7675.5498046875,7772.5,7607.9501953125,7707.89990234375,219000
2011-09-13,7697.25,7697.25,7798.64990234375,7621.7998046875,7726.5,227700
2011-09-14,7788.9501953125,7788.9501953125,7810.0498046875,7668.2998046875,7738.89990234375,216800
2011-09-15,7879.2001953125,7879.2001953125,7892.60009765625,7719.89990234375,7857.5,237400
2011-09-16,7911.7998046875,7911.7998046875,8015.10009765625,7892.5,8000.14990234375,410800
2011-09-19,7865.7998046875,7865.7998046875,7937.10009765625,7839.2998046875,7898.64990234375,163600
2011-09-20,8026.2001953125,8026.2001953125,8037.39990234375,7838.0,7875.7001953125,284900
2011-09-21,7946.5498046875,7946.5498046875,8035.25,7915.39990234375,8035.25,189800
2011-09-22,7609.2001953125,7609.2001953125,7874.5498046875,7584.0,7851.7998046875,213500
2011-09-23,7539.2001953125,7539.2001953125,7658.10009765625,7488.64990234375,7532.35009765625,320700
2011-09-26,7419.4501953125,7419.4501953125,7551.2998046875,7354.10009765625,7551.2998046875,240500
2011-09-27,7672.0498046875,7672.0498046875,7689.9501953125,7520.39990234375,7532.75,200400
2011-09-28,7698.75,7698.75,7734.89990234375,7639.25,7719.4501953125,266500
2011-09-29,7783.2998046875,7783.2998046875,7820.35009765625,7601.14990234375,7660.39990234375,324800
2011-09-30,7735.75,7735.75,7808.0498046875,7659.60009765625,7750.39990234375,330300
2011-10-03,7642.2001953125,7642.2001953125,7678.89990234375,7579.14990234375,7622.25,265900
2011-10-04,7523.85009765625,7523.85009765625,7652.25,7472.14990234375,7616.35009765625,224300
2011-10-05,7501.60009765625,7501.60009765625,7564.89990234375,7471.0,7531.0498046875,196500
2011-10-07,7707.25,7707.25,7721.5,7650.14990234375,7674.14990234375,238600
2011-10-10,7930.0,7930.0,7941.4501953125,7708.10009765625,7708.10009765625,276500
2011-10-11,7910.5498046875,7910.5498046875,8000.10009765625,7893.35009765625,7963.9501953125,294600
2011-10-12,8036.75,8036.75,8052.75,7902.25,7928.5498046875,224300
2011-10-13,7965.10009765625,7965.10009765625,8074.35009765625,7943.7001953125,8060.25,199300
2011-10-14,8077.39990234375,8077.39990234375,8091.14990234375,7935.0498046875,7935.0498046875,203700
2011-10-17,7894.7001953125,7894.7001953125,8088.85009765625,7876.2001953125,8087.10009765625,197000
2011-10-18,7812.64990234375,7812.64990234375,7856.25,7772.35009765625,7825.60009765625,184400
2011-10-19,7986.60009765625,7986.60009765625,8006.25,7846.5,7859.0,161400
2011-10-20,7921.39990234375,7921.39990234375,7937.64990234375,7811.64990234375,7913.25,140300
2011-10-21,7884.75,7884.75,7966.85009765625,7857.14990234375,7926.5,127900
2011-10-24,8015.5498046875,8015.5498046875,8043.5498046875,7985.5498046875,7992.0,160000
2011-10-25,8207.349609375,8207.349609375,8229.650390625,7999.5498046875,8083.64990234375,345100
2011-10-28,8392.2998046875,8392.2998046875,8481.150390625,8291.150390625,8433.5,339500
2011-10-31,8230.900390625,8230.900390625,8395.4501953125,8213.7998046875,8395.4501953125,217300
2011-11-01,8147.35009765625,8147.35009765625,8250.0,8130.5498046875,8180.0498046875,194700
2011-11-02,8205.400390625,8205.400390625,8281.0498046875,8100.9501953125,8100.9501953125,187800
2011-11-03,8310.599609375,8310.599609375,8330.2998046875,8153.85009765625,8183.9501953125,200800
2011-11-04,8271.4501953125,8271.4501953125,8433.650390625,8235.2001953125,8433.650390625,189200
2011-11-08,8297.7001953125,8297.7001953125,8330.75,8211.7998046875,8310.4501953125,204300
2011-11-09,8127.60009765625,8127.60009765625,8352.7998046875,8105.0498046875,8345.150390625,201300
2011-11-11,8197.7998046875,8197.7998046875,8213.7001953125,8018.5498046875,8082.4501953125,237400
2011-11-14,8126.10009765625,8126.10009765625,8265.650390625,8093.14990234375,8246.150390625,205600
2011-11-15,7984.2001953125,7984.2001953125,8099.2001953125,7951.9501953125,8062.7998046875,195900
2011-11-16,7898.0,7898.0,7955.75,7804.75,7955.75,222900
2011-11-17,7640.9501953125,7640.9501953125,7904.89990234375,7615.75,7895.2998046875,204500
2011-11-18,7635.2001953125,7635.2001953125,7678.2998046875,7462.75,7584.0498046875,251600
2011-11-21,7429.64990234375,7429.64990234375,7590.39990234375,7414.2001953125,7590.39990234375,208600
2011-11-22,7476.7001953125,7476.7001953125,7537.4501953125,7432.4501953125,7453.35009765625,223500
2011-11-23,7308.2001953125,7308.2001953125,7436.2001953125,7195.2001953125,7436.2001953125,236000
2011-11-24,7373.89990234375,7373.89990234375,7401.75,7228.10009765625,7323.85009765625,343700
2011-11-25,7265.39990234375,7265.39990234375,7370.10009765625,7243.60009765625,7357.2001953125,198000
2011-11-28,7493.14990234375,7493.14990234375,7506.35009765625,7346.7001953125,7356.25,180200
2011-11-29,7361.9501953125,7361.9501953125,7498.5,7332.5,7498.5,193000
2011-11-30,7485.2998046875,7485.2998046875,7524.5498046875,7281.2998046875,7303.9501953125,245200
2011-12-01,7622.7001953125,7622.7001953125,7706.7998046875,7599.0,7660.75,199800
2011-12-02,7778.2001953125,7778.2001953125,7804.2001953125,7547.75,7618.2998046875,240400
2011-12-05,7766.25,7766.25,7781.85009765625,7698.5,7748.2001953125,176200
2011-12-07,7778.89990234375,7778.89990234375,7873.5498046875,7727.5,7763.7998046875,225200
2011-12-08,7552.0498046875,7552.0498046875,7763.2001953125,7511.10009765625,7726.25,210400
2011-12-09,7400.5498046875,7400.5498046875,7480.60009765625,7383.2998046875,7460.64990234375,199800
2011-12-12,7185.7998046875,7185.7998046875,7448.0,7160.7998046875,7446.60009765625,240700
2011-12-13,7285.4501953125,7285.4501953125,7308.60009765625,7129.35009765625,7145.14990234375,257900
2011-12-14,7196.5498046875,7196.5498046875,7334.10009765625,7177.75,7256.7001953125,261200
2011-12-15,7261.64990234375,7261.64990234375,7291.75,7068.0498046875,7107.25,380900
2011-12-16,7090.10009765625,7090.10009765625,7399.5,7048.25,7269.60009765625,344800
2011-12-19,7139.64990234375,7139.64990234375,7162.9501953125,7002.35009765625,7059.5,218900
2011-12-20,6995.89990234375,6995.89990234375,7197.39990234375,6962.64990234375,7197.39990234375,275400
2011-12-21,7277.64990234375,7277.64990234375,7313.64990234375,7078.2998046875,7118.14990234375,264700
2011-12-22,7361.64990234375,7361.64990234375,7393.7001953125,7194.2998046875,7216.2998046875,177000
2011-12-23,7282.25,7282.25,7423.9501953125,7252.75,7408.25,166100
2011-12-26,7371.9501953125,7371.9501953125,7387.4501953125,7281.9501953125,7286.75,100100
2011-12-27,7316.39990234375,7316.39990234375,7427.35009765625,7263.2001953125,7406.35009765625,176700
2011-12-28,7252.4501953125,7252.4501953125,7361.85009765625,7220.4501953125,7361.85009765625,193000
2011-12-29,7057.5,7057.5,7249.5498046875,7041.5498046875,7227.25,222800
2011-12-30,6968.10009765625,6968.10009765625,7119.5,6942.4501953125,7068.14990234375,181800
2012-01-02,7037.0498046875,7037.0498046875,7054.25,6937.7998046875,6996.14990234375,141400
2012-01-03,7197.10009765625,7197.10009765625,7213.64990234375,7086.25,7093.10009765625,197300
2012-01-04,7165.75,7165.75,7224.0498046875,7145.4501953125,7216.0,195700
2012-01-05,7054.39990234375,7054.39990234375,7212.7998046875,7019.35009765625,7174.89990234375,270500
2012-01-06,7114.60009765625,7114.60009765625,7173.5498046875,7017.2998046875,7021.0498046875,313000
2012-01-09,7074.75,7074.75,7122.7998046875,7038.60009765625,7122.7998046875,193400
2012-01-10,7263.4501953125,7263.4501953125,7286.25,7126.10009765625,7135.14990234375,303700
2012-01-11,7315.25,7315.25,7343.75,7230.60009765625,7286.75,253700
2012-01-12,7275.0498046875,7275.0498046875,7361.5,7240.0,7331.9501953125,223400
2012-01-13,7293.0498046875,7293.0498046875,7397.2001953125,7272.7001953125,7324.5498046875,346700
2012-01-16,7165.75,7165.75,7274.39990234375,7155.2001953125,7274.39990234375,224500
2012-01-17,7369.2001953125,7369.2001953125,7378.5498046875,7196.2998046875,7196.2998046875,290900
2012-01-18,7558.7998046875,7558.7998046875,7587.25,7461.85009765625,7478.64990234375,361300
2012-01-19,7672.7998046875,7672.7998046875,7685.75,7603.4501953125,7633.60009765625,386700
2012-01-20,7752.35009765625,7752.35009765625,7794.4501953125,7611.89990234375,7694.7001953125,303100
2012-01-23,7644.7001953125,7644.7001953125,7686.0,7573.0,7573.0,308400
2012-01-24,7721.14990234375,7721.14990234375,7759.10009765625,7641.39990234375,7661.10009765625,272200
2012-01-25,7745.5,7745.5,7783.14990234375,7723.7998046875,7763.14990234375,387500
2012-01-27,7931.4501953125,7931.4501953125,7969.5,7804.35009765625,7847.85009765625,308900
2012-01-30,7750.14990234375,7750.14990234375,7919.85009765625,7736.4501953125,7871.10009765625,278000
2012-01-31,7890.0498046875,7890.0498046875,7917.9501953125,7806.75,7814.0498046875,318300
2012-02-01,7959.75,7959.75,7979.85009765625,7850.35009765625,7893.0,311400
2012-02-02,7993.39990234375,7993.39990234375,8056.60009765625,7959.64990234375,8007.4501953125,411200
2012-02-03,8098.75,8098.75,8114.2001953125,7950.60009765625,8010.7001953125,296400
2012-02-06,8078.89990234375,8078.89990234375,8168.39990234375,8009.7998046875,8163.25,331000
2012-02-07,8120.75,8120.75,8190.2001953125,8086.14990234375,8125.5498046875,278900
2012-02-08,8217.5,8217.5,8249.9501953125,8134.2001953125,8136.60009765625,313300
2012-02-09,8240.5,8240.5,8273.400390625,8153.9501953125,8197.2001953125,382300
2012-02-10,8170.0498046875,8170.0498046875,8304.849609375,8137.5,8237.400390625,300800
2012-02-13,8194.7998046875,8194.7998046875,8250.7998046875,8166.2998046875,8166.7001953125,334000
2012-02-14,8167.4501953125,8167.4501953125,8227.0498046875,8157.60009765625,8181.4501953125,292700
2012-02-15,8195.9501953125,8195.9501953125,8226.099609375,8133.5,8222.25,631500
2012-02-16,8111.14990234375,8111.14990234375,8174.9501953125,8073.39990234375,8174.9501953125,548200
2012-02-17,8173.0498046875,8173.0498046875,8239.900390625,8121.9501953125,8196.2998046875,611200
2012-02-21,8318.2998046875,8318.2998046875,8344.5498046875,8173.75,8176.89990234375,425300
2012-02-22,8220.7998046875,8220.7998046875,8434.7998046875,8192.349609375,8354.2001953125,421200
2012-02-23,8270.7001953125,8270.7001953125,8346.0498046875,8202.400390625,8220.4501953125,514100
2012-02-24,8160.85009765625,8160.85009765625,8338.0,8130.0498046875,8272.650390625,328900
2012-02-27,7899.0,7899.0,8196.0,7809.60009765625,8191.35009765625,375500
2012-02-28,7994.25,7994.25,8036.35009765625,7931.7998046875,7950.75,346000
2012-02-29,8182.85009765625,8182.85009765625,8220.599609375,8103.0498046875,8103.0498046875,447000
2012-03-01,8110.14990234375,8110.14990234375,8174.35009765625,8050.2001953125,8138.2001953125,339300
2012-03-02,8092.64990234375,8092.64990234375,8141.5,8050.5498046875,8141.5,274400
2012-03-05,7993.14990234375,7993.14990234375,8110.14990234375,7961.35009765625,8104.5498046875,438700
2012-03-06,7840.0498046875,7840.0498046875,8102.0,7824.75,7995.5,526700
2012-03-07,7726.39990234375,7726.39990234375,7827.4501953125,7651.2001953125,7827.4501953125,479800
2012-03-09,7838.35009765625,7838.35009765625,7866.0,7801.7998046875,7834.10009765625,381600
2012-03-12,7928.7001953125,7928.7001953125,7954.7001953125,7852.9501953125,7954.7001953125,332800
2012-03-13,8111.14990234375,8111.14990234375,8119.25,7972.14990234375,7972.14990234375,336100
2012-03-14,8150.85009765625,8150.85009765625,8197.400390625,8071.39990234375,8187.0,285800
2012-03-15,8012.89990234375,8012.89990234375,8173.25,7985.2998046875,8162.5498046875,303800
2012-03-16,7746.5498046875,7746.5498046875,8039.5,7712.10009765625,7928.2001953125,475300
2012-03-19,7645.5,7645.5,7774.9501953125,7620.14990234375,7773.60009765625,257900
2012-03-20,7691.39990234375,7691.39990234375,7728.5498046875,7613.89990234375,7641.5,274700
2012-03-21,7750.14990234375,7750.14990234375,7772.4501953125,7642.2001953125,7679.10009765625,283300
2012-03-22,7511.2001953125,7511.2001953125,7777.5,7485.0,7746.0,296100
2012-03-23,7562.25,7562.25,7610.14990234375,7500.39990234375,7563.4501953125,260100
2012-03-26,7396.85009765625,7396.85009765625,7573.25,7377.7998046875,7573.25,237800
2012-03-27,7424.5498046875,7424.5498046875,7482.7001953125,7353.25,7471.2998046875,290700
2012-03-28,7335.14990234375,7335.14990234375,7443.5,7310.5,7423.4501953125,264000
2012-03-29,7352.5,7352.5,7389.14990234375,7273.7001953125,7281.75,505100
2012-03-30,7557.2001953125,7557.2001953125,7575.7001953125,7391.75,7396.0,298300
2012-04-02,7542.39990234375,7542.39990234375,7590.85009765625,7503.14990234375,7563.5498046875,254600
2012-04-03,7658.64990234375,7658.64990234375,7698.89990234375,7584.4501953125,7584.4501953125,235300
2012-04-04,7620.2998046875,7620.2998046875,7687.5498046875,7599.10009765625,7631.2998046875,240100
2012-04-09,7505.5498046875,7505.5498046875,7574.25,7495.5498046875,7562.75,179000
2012-04-10,7499.60009765625,7499.60009765625,7530.0498046875,7433.0,7525.60009765625,257400
2012-04-11,7439.39990234375,7439.39990234375,7497.14990234375,7406.5498046875,7454.5,239900
2012-04-12,7491.5498046875,7491.5498046875,7517.5498046875,7473.10009765625,7473.10009765625,210200
2012-04-13,7528.64990234375,7528.64990234375,7624.85009765625,7465.60009765625,7517.89990234375,204700
2012-04-16,7501.4501953125,7501.4501953125,7530.5498046875,7439.0498046875,7497.7001953125,144800
2012-04-17,7579.14990234375,7579.14990234375,7589.5498046875,7463.5498046875,7541.5498046875,260600
2012-04-18,7632.35009765625,7632.35009765625,7690.39990234375,7602.60009765625,7602.60009765625,205300
2012-04-19,7602.35009765625,7602.35009765625,7668.2001953125,7580.64990234375,7665.7001953125,168200
2012-04-20,7499.7001953125,7499.7001953125,7596.2998046875,7457.89990234375,7596.2998046875,166500
2012-04-23,7470.14990234375,7470.14990234375,7563.89990234375,7443.2998046875,7468.0,189700
2012-04-24,7482.4501953125,7482.4501953125,7494.75,7395.14990234375,7477.5,174600
2012-04-25,7442.5498046875,7442.5498046875,7522.9501953125,7396.5498046875,7487.10009765625,213800
2012-04-26,7409.75,7409.75,7463.35009765625,7379.75,7463.35009765625,288100
2012-04-27,7402.75,7402.75,7457.4501953125,7360.0,7405.35009765625,144400
2012-04-30,7503.2998046875,7503.2998046875,7514.5498046875,7388.85009765625,7388.85009765625,202600
2012-05-02,7441.85009765625,7441.85009765625,7528.14990234375,7417.7001953125,7505.5498046875,191700
2012-05-03,7376.7998046875,7376.7998046875,7412.85009765625,7352.9501953125,7394.7001953125,161100
2012-05-04,7246.85009765625,7246.85009765625,7387.0498046875,7236.39990234375,7340.2998046875,239200
2012-05-07,7225.2001953125,7225.2001953125,7241.85009765625,7108.7001953125,7167.35009765625,306000
2012-05-08,7153.10009765625,7153.10009765625,7268.14990234375,7138.5498046875,7254.75,234700
2012-05-09,7044.60009765625,7044.60009765625,7112.64990234375,7020.5498046875,7102.25,244400
2012-05-10,7058.2998046875,7058.2998046875,7152.35009765625,7029.85009765625,7055.5498046875,237400
2012-05-11,7006.0498046875,7006.0498046875,7062.75,6992.7998046875,7035.5,217600
2012-05-14,6911.2998046875,6911.2998046875,7019.0,6881.85009765625,6998.75,231100
2012-05-15,6915.25,6915.25,6953.39990234375,6866.14990234375,6879.5,234900
2012-05-16,6875.7998046875,6875.7998046875,6919.89990234375,6847.25,6856.2998046875,242100
2012-05-17,6905.75,6905.75,6960.39990234375,6866.35009765625,6898.14990234375,211500
2012-05-18,6949.10009765625,6949.10009765625,6979.7998046875,6830.5498046875,6830.5498046875,218000
2012-05-21,6993.2998046875,6993.2998046875,7039.4501953125,6929.0,6929.0,169300
2012-05-22,6923.25,6923.25,7065.64990234375,6910.0498046875,7065.64990234375,220800
2012-05-23,6894.2001953125,6894.2001953125,6907.9501953125,6837.60009765625,6882.5,236100
2012-05-24,7016.25,7016.25,7044.35009765625,6937.2998046875,6998.2001953125,291200
2012-05-25,7010.39990234375,7010.39990234375,7034.7001953125,6948.14990234375,6991.25,186600
2012-05-28,7062.5,7062.5,7075.39990234375,7014.10009765625,7014.10009765625,130100
2012-05-29,7087.5498046875,7087.5498046875,7118.39990234375,7056.9501953125,7083.75,188900
2012-05-30,7066.89990234375,7066.89990234375,7105.5498046875,7052.14990234375,7090.14990234375,239000
2012-05-31,7073.5498046875,7073.5498046875,7170.5,6954.2001953125,6996.0498046875,580200
2012-06-01,6915.10009765625,6915.10009765625,7075.5,6866.10009765625,7063.60009765625,237500
2012-06-04,6960.5,6960.5,6980.35009765625,6816.35009765625,6848.5,232800
2012-06-05,7021.89990234375,7021.89990234375,7039.25,6983.0,6993.60009765625,219800
2012-06-06,7181.0,7181.0,7193.85009765625,7038.14990234375,7038.14990234375,317800
2012-06-07,7228.7001953125,7228.7001953125,7269.7001953125,7210.2998046875,7224.25,293300
2012-06-08,7255.0,7255.0,7274.7001953125,7133.0498046875,7192.4501953125,230800
2012-06-11,7217.85009765625,7217.85009765625,7343.39990234375,7200.10009765625,7307.64990234375,237700
2012-06-12,7270.85009765625,7270.85009765625,7289.0,7167.39990234375,7173.2998046875,205200
2012-06-13,7254.0,7254.0,7282.64990234375,7218.25,7273.10009765625,193500
2012-06-14,7206.2998046875,7206.2998046875,7267.0,7172.10009765625,7244.39990234375,214500
2012-06-15,7267.5,7267.5,7289.9501953125,7225.39990234375,7225.39990234375,281900
2012-06-18,7202.85009765625,7202.85009765625,7336.60009765625,7163.2998046875,7309.2998046875,174500
2012-06-19,7328.39990234375,7328.39990234375,7342.5,7175.89990234375,7175.89990234375,247600
2012-06-20,7375.10009765625,7375.10009765625,7403.85009765625,7341.10009765625,7349.25,218000
2012-06-21,7323.64990234375,7323.64990234375,7355.2001953125,7270.7001953125,7353.25,247800
2012-06-22,7319.5498046875,7319.5498046875,7342.25,7227.4501953125,7267.4501953125,282700
2012-06-25,7297.4501953125,7297.4501953125,7391.89990234375,7278.4501953125,7335.4501953125,216800
2012-06-26,7385.75,7385.75,7404.10009765625,7302.9501953125,7302.9501953125,190300
2012-06-27,7396.35009765625,7396.35009765625,7449.25,7364.85009765625,7430.2998046875,215000
2012-06-28,7385.64990234375,7385.64990234375,7440.35009765625,7352.9501953125,7411.4501953125,218200
2012-06-29,7543.5,7543.5,7558.0,7424.10009765625,7424.10009765625,977300
2012-07-02,7560.35009765625,7560.35009765625,7574.85009765625,7492.0498046875,7544.60009765625,216600
2012-07-03,7588.2998046875,7588.2998046875,7617.0498046875,7545.5,7590.2001953125,220100
2012-07-04,7561.0,7561.0,7614.5,7510.7001953125,7614.5,242400
2012-07-05,7565.85009765625,7565.85009765625,7584.25,7532.2998046875,7561.25,214900
2012-07-06,7530.0498046875,7530.0498046875,7564.85009765625,7489.4501953125,7564.85009765625,184400
2012-07-09,7479.0498046875,7479.0498046875,7522.5498046875,7455.60009765625,7483.9501953125,160100
2012-07-10,7544.60009765625,7544.60009765625,7558.7998046875,7476.5,7476.5,188800
2012-07-11,7466.85009765625,7466.85009765625,7521.25,7450.9501953125,7485.0498046875,191600
2012-07-12,7474.7998046875,7474.7998046875,7495.85009765625,7423.5498046875,7423.5498046875,217000
2012-07-13,7465.4501953125,7465.4501953125,7514.7001953125,7451.35009765625,7465.60009765625,173800
2012-07-16,7463.5498046875,7463.5498046875,7503.4501953125,7431.85009765625,7466.75,172100
2012-07-17,7427.85009765625,7427.85009765625,7512.7001953125,7413.14990234375,7486.35009765625,172500
2012-07-18,7419.89990234375,7419.89990234375,7458.14990234375,7401.5,7429.7998046875,159500
2012-07-19,7506.64990234375,7506.64990234375,7518.25,7460.2998046875,7460.2998046875,232800
2012-07-20,7451.14990234375,7451.14990234375,7489.75,7426.5498046875,7472.9501953125,125400
2012-07-23,7370.7998046875,7370.7998046875,7426.60009765625,7322.10009765625,7392.39990234375,180100
2012-07-24,7414.10009765625,7414.10009765625,7432.2001953125,7369.64990234375,7398.25,222000
2012-07-25,7364.89990234375,7364.89990234375,7399.25,7314.39990234375,7388.75,193800
2012-07-26,7254.14990234375,7254.14990234375,7390.14990234375,7235.0498046875,7390.14990234375,329000
2012-07-27,7332.0498046875,7332.0498046875,7409.85009765625,7284.4501953125,7356.7998046875,195400
2012-07-30,7461.14990234375,7461.14990234375,7474.64990234375,7348.4501953125,7348.4501953125,230600
2012-07-31,7567.7001953125,7567.7001953125,7599.39990234375,7404.5,7479.2998046875,271900
2012-08-01,7565.75,7565.75,7592.64990234375,7533.64990234375,7558.0,217700
2012-08-02,7508.7001953125,7508.7001953125,7556.89990234375,7492.14990234375,7535.2001953125,223100
2012-08-03,7553.0,7553.0,7571.75,7440.2998046875,7472.14990234375,218500
2012-08-06,7765.2001953125,7765.2001953125,7782.5,7593.7001953125,7593.7001953125,246500
2012-08-07,7777.14990234375,7777.14990234375,7822.85009765625,7726.4501953125,7761.0498046875,238100
2012-08-08,7792.64990234375,7792.64990234375,7846.25,7772.85009765625,7781.7001953125,278500
2012-08-09,7733.60009765625,7733.60009765625,7835.35009765625,7706.39990234375,7774.5498046875,338000
2012-08-10,7755.14990234375,7755.14990234375,7804.7001953125,7710.7998046875,7716.64990234375,205900
2012-08-13,7810.2998046875,7810.2998046875,7837.2998046875,7766.9501953125,7766.9501953125,185900
2012-08-14,7892.64990234375,7892.64990234375,7910.2001953125,7801.14990234375,7805.4501953125,197200
2012-08-16,7947.35009765625,7947.35009765625,7972.39990234375,7879.14990234375,7906.60009765625,219500
2012-08-17,7885.2998046875,7885.2998046875,7997.75,7849.25,7964.7998046875,276400
2012-08-21,7947.5498046875,7947.5498046875,7957.64990234375,7881.9501953125,7881.9501953125,159800
2012-08-22,7902.39990234375,7902.39990234375,7957.7001953125,7889.0498046875,7906.2998046875,188300
2012-08-23,7824.5498046875,7824.5498046875,7926.7998046875,7784.89990234375,7911.5498046875,209100
2012-08-24,7781.35009765625,7781.35009765625,7823.89990234375,7744.39990234375,7809.0,241700
2012-08-27,7804.60009765625,7804.60009765625,7847.10009765625,7789.2998046875,7799.7998046875,139700
2012-08-28,7807.4501953125,7807.4501953125,7833.7001953125,7750.75,7798.0498046875,227700
2012-08-29,7729.75,7729.75,7831.9501953125,7717.0,7816.0,228000
2012-08-30,7737.2998046875,7737.2998046875,7766.5498046875,7666.85009765625,7712.14990234375,414800
2012-08-31,7620.2001953125,7620.2001953125,7731.39990234375,7580.2001953125,7720.0,270400
2012-09-03,7589.35009765625,7589.35009765625,7671.14990234375,7573.25,7638.60009765625,190600
2012-09-04,7688.0498046875,7688.0498046875,7697.5,7590.10009765625,7590.10009765625,204900
2012-09-05,7628.4501953125,7628.4501953125,7679.14990234375,7585.5,7646.25,196100
2012-09-06,7634.10009765625,7634.10009765625,7684.39990234375,7576.35009765625,7590.75,152400
2012-09-07,7766.75,7766.75,7793.2998046875,7721.4501953125,7730.9501953125,191200
2012-09-10,7784.0,7784.0,7825.35009765625,7762.14990234375,7803.7001953125,164800
2012-09-11,7793.5,7793.5,7819.75,7749.60009765625,7749.60009765625,211100
2012-09-12,7823.85009765625,7823.85009765625,7833.0498046875,7775.60009765625,7805.14990234375,163100
2012-09-13,7847.39990234375,7847.39990234375,7907.9501953125,7815.5,7820.5,152600
2012-09-14,8048.5,8048.5,8083.0,7986.25,8015.2001953125,488400
2012-09-17,8200.7001953125,8200.7001953125,8273.25,8114.2001953125,8114.2001953125,443200
2012-09-18,8106.35009765625,8106.35009765625,8220.599609375,8086.64990234375,8182.7998046875,347100
2012-09-20,7990.5,7990.5,8076.10009765625,7961.75,8003.39990234375,263000
2012-09-21,8200.2998046875,8200.2998046875,8230.2998046875,8002.75,8002.75,606200
2012-09-24,8083.64990234375,8083.64990234375,8225.099609375,8067.25,8204.5,403600
2012-09-25,8062.9501953125,8062.9501953125,8142.4501953125,8030.85009765625,8102.10009765625,2010900
2012-09-26,8076.85009765625,8076.85009765625,8105.2001953125,8014.2001953125,8047.10009765625,281500
2012-09-27,7964.7998046875,7964.7998046875,8104.7001953125,7939.5498046875,8079.64990234375,753200
2012-09-28,8071.64990234375,8071.64990234375,8118.25,8040.4501953125,8042.64990234375,347800
2012-10-01,8043.7998046875,8043.7998046875,8093.85009765625,8027.64990234375,8077.7001953125,198700
2012-10-03,8103.75,8103.75,8141.25,8063.35009765625,8063.35009765625,360100
2012-10-04,8176.14990234375,8176.14990234375,8220.900390625,8147.2001953125,8147.2001953125,389100
2012-10-05,8208.650390625,8208.650390625,8237.849609375,7788.9501953125,8217.5,405100
2012-10-08,8003.9501953125,8003.9501953125,8201.7001953125,7980.35009765625,8201.7001953125,313200
2012-10-09,7975.2998046875,7975.2998046875,8060.35009765625,7965.5,8040.5,271300
2012-10-10,7906.9501953125,7906.9501953125,7955.10009765625,7896.7001953125,7941.39990234375,231500
2012-10-11,7965.75,7965.75,7987.14990234375,7888.7998046875,7938.5,219000
2012-10-12,7958.5498046875,7958.5498046875,8019.0,7943.5,7954.10009765625,214400
2012-10-15,7991.4501953125,7991.4501953125,8018.0498046875,7941.7998046875,7964.0,197100
2012-10-16,7922.2998046875,7922.2998046875,8079.14990234375,7906.35009765625,8078.10009765625,228900
2012-10-17,7912.4501953125,7912.4501953125,7965.14990234375,7889.10009765625,7960.85009765625,228900
2012-10-18,7949.2001953125,7949.2001953125,7977.0498046875,7883.2001953125,7933.5,275700
2012-10-19,7870.9501953125,7870.9501953125,7928.7001953125,7838.9501953125,7923.4501953125,212400
2012-10-22,7940.7001953125,7940.7001953125,7949.25,7810.39990234375,7812.85009765625,205400
2012-10-23,7893.2001953125,7893.2001953125,7935.0,7878.0498046875,7924.7998046875,182000
2012-10-25,7897.10009765625,7897.10009765625,7949.35009765625,7885.4501953125,7908.7001953125,408500
2012-10-29,7874.2001953125,7874.2001953125,7904.75,7832.9501953125,7832.9501953125,166300
2012-10-30,7802.25,7802.25,7875.7998046875,7785.5,7857.2001953125,150100
2012-10-31,7785.64990234375,7785.64990234375,7816.0498046875,7744.0498046875,7793.2998046875,212700
2012-11-01,7785.0,7785.0,7791.2001953125,7699.4501953125,7733.2001953125,251000
2012-11-02,7828.2998046875,7828.2998046875,7852.89990234375,7789.35009765625,7837.0,206400
2012-11-05,7807.89990234375,7807.89990234375,7822.89990234375,7787.4501953125,7797.14990234375,158200
2012-11-06,7837.10009765625,7837.10009765625,7849.35009765625,7776.75,7795.7998046875,210800
2012-11-07,7811.14990234375,7811.14990234375,7838.75,7796.89990234375,7811.0,195100
2012-11-08,7758.7998046875,7758.7998046875,7772.0498046875,7720.0,7744.75,169500
2012-11-09,7660.85009765625,7660.85009765625,7801.10009765625,7653.4501953125,7742.89990234375,209400
2012-11-12,7640.85009765625,7640.85009765625,7688.25,7601.14990234375,7655.35009765625,165600
2012-11-15,7631.85009765625,7631.85009765625,7654.9501953125,7588.89990234375,7654.9501953125,284700
2012-11-16,7575.5498046875,7575.5498046875,7671.89990234375,7554.7001953125,7628.85009765625,224100
2012-11-19,7550.2998046875,7550.2998046875,7582.60009765625,7497.9501953125,7570.64990234375,216300
2012-11-20,7509.5498046875,7509.5498046875,7591.75,7494.14990234375,7585.2001953125,209300
2012-11-21,7518.25,7518.25,7533.25,7479.2001953125,7512.0,178000
2012-11-22,7492.14990234375,7492.14990234375,7532.5498046875,7470.2998046875,7529.5498046875,161400
2012-11-23,7507.0498046875,7507.0498046875,7536.7001953125,7467.64990234375,7500.0498046875,171100
2012-11-26,7501.2998046875,7501.2998046875,7551.35009765625,7488.2001953125,7537.35009765625,139800
2012-11-27,7569.89990234375,7569.89990234375,7577.0,7524.39990234375,7538.60009765625,240300
2012-11-29,7671.9501953125,7671.9501953125,7700.89990234375,7568.64990234375,7578.5,458300
2012-11-30,7740.2998046875,7740.2998046875,7778.60009765625,7664.0498046875,7670.14990234375,467800
2012-12-03,7763.25,7763.25,7783.5,7707.0498046875,7746.25,179900
2012-12-04,7896.85009765625,7896.85009765625,7903.60009765625,7771.39990234375,7771.39990234375,347100
2012-12-05,7932.35009765625,7932.35009765625,7953.4501953125,7878.89990234375,7931.14990234375,331800
2012-12-06,8007.25,8007.25,8019.5498046875,7848.4501953125,7949.7001953125,279900
2012-12-07,7954.75,7954.75,8030.10009765625,7930.89990234375,8001.9501953125,251500
2012-12-10,7896.9501953125,7896.9501953125,7976.9501953125,7865.25,7976.9501953125,199200
2012-12-11,7817.89990234375,7817.89990234375,7956.10009765625,7771.2001953125,7930.4501953125,331500
2012-12-12,7828.2001953125,7828.2001953125,7846.7998046875,7784.2001953125,7845.39990234375,270400
2012-12-13,7828.64990234375,7828.64990234375,7877.5498046875,7804.35009765625,7842.75,277700
2012-12-14,7851.2001953125,7851.2001953125,7879.35009765625,7807.10009765625,7839.14990234375,254000
2012-12-17,7828.7998046875,7828.7998046875,7897.39990234375,7813.10009765625,7819.25,187000
2012-12-18,7822.75,7822.75,7864.75,7781.2998046875,7841.89990234375,233500
2012-12-19,7900.4501953125,7900.4501953125,7908.2998046875,7862.75,7863.4501953125,413800
2012-12-20,7879.5498046875,7879.5498046875,7925.14990234375,7833.5,7925.14990234375,376200
2012-12-21,7763.0498046875,7763.0498046875,7850.2001953125,7747.0,7850.2001953125,346800
2012-12-24,7735.4501953125,7735.4501953125,7765.39990234375,7704.2998046875,7759.60009765625,196700
2012-12-26,7805.25,7805.25,7833.7001953125,7755.89990234375,7755.89990234375,200700
2012-12-27,7741.14990234375,7741.14990234375,7834.2998046875,7726.64990234375,7834.2998046875,544200
2012-12-28,7902.75,7902.75,7934.2998046875,7785.0,7786.2001953125,266400
2012-12-31,7927.39990234375,7927.39990234375,7959.25,7897.0498046875,7899.9501953125,140600
2013-01-01,7932.4501953125,7932.4501953125,7969.7998046875,7924.60009765625,7961.60009765625,181300
2013-01-02,8022.9501953125,8022.9501953125,8041.7001953125,7962.85009765625,7963.7001953125,273300
2013-01-03,8110.4501953125,8110.4501953125,8116.2998046875,8021.14990234375,8047.14990234375,263800
2013-01-04,8183.5,8183.5,8198.099609375,8092.5498046875,8115.89990234375,328100
2013-01-07,8174.7001953125,8174.7001953125,8248.7998046875,8159.75,8231.150390625,285600
2013-01-08,8164.4501953125,8164.4501953125,8178.7001953125,8110.5498046875,8165.85009765625,230200
2013-01-09,8186.14990234375,8186.14990234375,8217.099609375,8130.5,8187.4501953125,286100
2013-01-10,8192.7001953125,8192.7001953125,8279.5498046875,8147.35009765625,8233.2998046875,304900
2013-01-11,8069.4501953125,8069.4501953125,8210.7998046875,8047.7001953125,8206.0498046875,237500
2013-01-14,8170.85009765625,8170.85009765625,8203.099609375,8072.7998046875,8079.9501953125,271000
2013-01-15,8213.0498046875,8213.0498046875,8227.5498046875,8127.7001953125,8162.4501953125,295400
2013-01-16,8244.0,8244.0,8299.5,8208.2001953125,8208.2001953125,294600
2013-01-17,8458.0498046875,8458.0498046875,8471.599609375,8214.150390625,8235.5,451900
2013-01-18,8711.349609375,8711.349609375,8769.900390625,8517.099609375,8517.099609375,738100
2013-01-21,8798.0,8798.0,8962.849609375,8775.25,8891.2001953125,466000
2013-01-22,8756.25,8756.25,8847.0,8717.7001953125,8809.4501953125,411000
2013-01-23,8726.25,8726.25,8801.400390625,8664.0498046875,8774.9501953125,284500
2013-01-24,8638.5498046875,8638.5498046875,8849.7998046875,8607.7998046875,8789.400390625,405100
2013-01-25,8654.25,8654.25,8670.5,8582.150390625,8639.5,328700
2013-01-28,8565.900390625,8565.900390625,8678.9501953125,8550.7998046875,8660.099609375,255600
2013-01-29,8470.849609375,8470.849609375,8589.5,8450.099609375,8539.0498046875,254600
2013-01-30,8532.599609375,8532.599609375,8592.099609375,8494.7001953125,8507.4501953125,265300
2013-01-31,8482.650390625,8482.650390625,8530.25,8454.5498046875,8513.7998046875,401100
2013-02-01,8505.400390625,8505.400390625,8563.5498046875,8451.7998046875,8507.099609375,298200
2013-02-04,8410.5,8410.5,8548.349609375,8398.349609375,8526.0,215900
2013-02-05,8344.0,8344.0,8414.25,8337.0,8381.849609375,219100
2013-02-06,8329.25,8329.25,8409.900390625,8315.75,8385.0498046875,263700
2013-02-07,8261.5498046875,8261.5498046875,8357.5498046875,8234.599609375,8289.349609375,534300
2013-02-08,8166.25,8166.25,8256.25,8123.75,8240.25,751100
2013-02-11,8170.64990234375,8170.64990234375,8205.7998046875,8131.75,8185.14990234375,281600
2013-02-12,8261.4501953125,8261.4501953125,8274.4501953125,8185.89990234375,8188.5,300200
2013-02-13,8252.7998046875,8252.7998046875,8341.5498046875,8226.2001953125,8312.7001953125,323600
2013-02-14,8124.39990234375,8124.39990234375,8291.900390625,8089.0498046875,8264.900390625,404900
2013-02-15,8074.0498046875,8074.0498046875,8119.0498046875,7978.75,8100.5498046875,414800
2013-02-18,8080.89990234375,8080.89990234375,8130.10009765625,8071.39990234375,8107.7001953125,271800
2013-02-19,8151.89990234375,8151.89990234375,8192.099609375,8040.89990234375,8101.25,301100
2013-02-20,8271.5498046875,8271.5498046875,8298.5,8196.400390625,8227.099609375,316800
2013-02-21,8156.14990234375,8156.14990234375,8274.900390625,8123.9501953125,8233.400390625,340900
2013-02-22,8189.5,8189.5,8230.849609375,8150.2998046875,8150.2998046875,311400
2013-02-25,8128.2998046875,8128.2998046875,8206.400390625,8084.39990234375,8199.5498046875,301100
2013-02-26,7912.7998046875,7912.7998046875,8095.7001953125,7890.4501953125,8095.7001953125,387900
2013-02-27,7991.5,7991.5,8045.35009765625,7880.39990234375,7962.0,430100
2013-02-28,7828.9501953125,7828.9501953125,8080.0498046875,7784.64990234375,8044.64990234375,973500
2013-03-01,7850.7998046875,7850.7998046875,7888.0498046875,7763.2001953125,7831.25,389200
2013-03-04,7838.0,7838.0,7884.10009765625,7786.9501953125,7839.85009765625,293100
2013-03-05,7948.4501953125,7948.4501953125,7967.0,7872.5498046875,7876.25,280200
2013-03-06,7995.39990234375,7995.39990234375,8021.35009765625,7963.2001953125,7986.39990234375,206000
2013-03-07,8006.4501953125,8006.4501953125,8036.64990234375,7927.9501953125,7959.9501953125,183400
2013-03-08,8150.7001953125,8150.7001953125,8177.60009765625,8053.64990234375,8053.64990234375,279700
2013-03-11,8138.5498046875,8138.5498046875,8220.150390625,8118.4501953125,8166.25,233500
2013-03-12,8106.0498046875,8106.0498046875,8186.85009765625,8079.64990234375,8166.0498046875,254800
2013-03-13,8037.0498046875,8037.0498046875,8111.25,8011.2998046875,8061.0498046875,206900
2013-03-14,8124.2001953125,8124.2001953125,8141.7001953125,7980.7998046875,8028.0498046875,263700
2013-03-15,8038.39990234375,8038.39990234375,8210.650390625,8025.10009765625,8160.35009765625,276200
2013-03-18,7960.14990234375,7960.14990234375,8004.64990234375,7933.0498046875,7965.75,172200
2013-03-19,7851.39990234375,7851.39990234375,7988.4501953125,7748.4501953125,7968.9501953125,322200
2013-03-20,7744.5498046875,7744.5498046875,7852.10009765625,7732.75,7850.14990234375,336200
2013-03-21,7629.89990234375,7629.89990234375,7807.10009765625,7592.0498046875,7751.14990234375,343000
2013-03-22,7617.14990234375,7617.14990234375,7690.75,7575.25,7602.35009765625,321800
2013-03-25,7659.9501953125,7659.9501953125,7782.64990234375,7621.35009765625,7722.9501953125,387300
2013-03-26,7532.7001953125,7532.7001953125,7643.10009765625,7506.2001953125,7608.0,303400
2013-03-28,7551.5,7551.5,7585.75,7449.0,7539.75,449900
2013-04-01,7595.5498046875,7595.5498046875,7657.10009765625,7553.2001953125,7593.64990234375,191000
2013-04-02,7722.10009765625,7722.10009765625,7734.5,7587.5,7589.75,255100
2013-04-03,7616.64990234375,7616.64990234375,7755.7998046875,7573.39990234375,7728.25,402700
2013-04-04,7534.7001953125,7534.7001953125,7645.89990234375,7515.0498046875,7585.85009765625,255400
2013-04-05,7611.4501953125,7611.4501953125,7623.0,7528.64990234375,7531.10009765625,280400
2013-04-08,7652.2001953125,7652.2001953125,7676.89990234375,7601.9501953125,7601.9501953125,192000
2013-04-09,7541.85009765625,7541.85009765625,7716.60009765625,7518.0498046875,7683.64990234375,296800
2013-04-10,7568.64990234375,7568.64990234375,7588.85009765625,7485.0,7563.9501953125,254200
2013-04-11,7526.7998046875,7526.7998046875,7604.10009765625,7457.2001953125,7599.2001953125,248700
2013-04-12,7579.2998046875,7579.2998046875,7589.25,7481.5,7492.85009765625,163700
2013-04-15,7711.10009765625,7711.10009765625,7774.5,7561.9501953125,7561.9501953125,250400
2013-04-16,7869.75,7869.75,7880.35009765625,7713.75,7749.39990234375,401400
2013-04-17,7714.7998046875,7714.7998046875,7899.4501953125,7696.75,7893.4501953125,341200
2013-04-18,7809.14990234375,7809.14990234375,7822.7998046875,7714.60009765625,7715.75,243300
2013-04-22,7857.35009765625,7857.35009765625,7884.7998046875,7799.5498046875,7823.10009765625,297700
2013-04-23,7896.7998046875,7896.7998046875,7906.75,7820.75,7882.35009765625,342900
2013-04-25,8027.5,8027.5,8079.10009765625,7906.7001953125,7906.7001953125,565200
2013-04-26,7903.2998046875,7903.2998046875,8052.64990234375,7895.5498046875,7998.35009765625,308700
2013-04-29,7950.4501953125,7950.4501953125,7992.14990234375,7912.60009765625,7917.9501953125,285800
2013-04-30,7935.10009765625,7935.10009765625,7980.39990234375,7803.7998046875,7962.60009765625,351500
2013-05-02,8024.85009765625,8024.85009765625,8050.25,7907.14990234375,7907.14990234375,403000
2013-05-03,7939.0498046875,7939.0498046875,8068.75,7927.25,8009.0498046875,352500
2013-05-06,8016.75,8016.75,8051.60009765625,7962.5,7962.5,279600
2013-05-07,8060.5498046875,8060.5498046875,8100.35009765625,8017.7001953125,8046.5498046875,350900
2013-05-08,8065.0,8065.0,8093.10009765625,8034.85009765625,8077.2998046875,238900
2013-05-09,8017.7998046875,8017.7998046875,8074.2998046875,8001.2001953125,8062.14990234375,362600
2013-05-10,8019.4501953125,8019.4501953125,8068.10009765625,8000.9501953125,8008.35009765625,333400
2013-05-13,7906.64990234375,7906.64990234375,8082.64990234375,7885.14990234375,8033.75,281000
2013-05-14,7935.7001953125,7935.7001953125,7994.7998046875,7909.35009765625,7909.35009765625,268600
2013-05-15,8090.64990234375,8090.64990234375,8102.5498046875,7962.64990234375,7962.64990234375,380800
2013-05-16,8193.150390625,8193.150390625,8243.150390625,8064.35009765625,8064.35009765625,355000
2013-05-17,8217.150390625,8217.150390625,8241.2001953125,8142.4501953125,8203.0498046875,320900
2013-05-20,8140.75,8140.75,8293.150390625,8122.64990234375,8240.75,295000
2013-05-21,8044.7001953125,8044.7001953125,8182.85009765625,8025.10009765625,8152.39990234375,317500
2013-05-22,7979.25,7979.25,8087.75,7934.2001953125,8068.25,321200
2013-05-23,7729.39990234375,7729.39990234375,7958.5,7708.5,7913.64990234375,369900
2013-05-24,7754.0498046875,7754.0498046875,7814.4501953125,7728.0498046875,7796.25,253000
2013-05-27,7972.5,7972.5,8003.9501953125,7819.85009765625,7839.10009765625,225800
2013-05-28,8093.64990234375,8093.64990234375,8113.2001953125,7986.2998046875,7986.2998046875,284300
2013-05-29,8098.4501953125,8098.4501953125,8111.4501953125,8041.89990234375,8099.60009765625,285400
2013-05-30,8059.0,8059.0,8084.0498046875,7998.2998046875,8040.9501953125,359900
2013-05-31,7852.10009765625,7852.10009765625,8062.39990234375,7825.4501953125,8043.0,376000
2013-06-03,7701.5,7701.5,7839.5,7687.0498046875,7836.35009765625,224300
2013-06-04,7701.35009765625,7701.35009765625,7798.64990234375,7680.2998046875,7717.35009765625,227800
2013-06-05,7825.5498046875,7825.5498046875,7840.39990234375,7698.0498046875,7698.89990234375,174000
2013-06-06,7750.0,7750.0,7796.85009765625,7720.5,7791.7001953125,213900
2013-06-07,7666.10009765625,7666.10009765625,7815.5498046875,7644.75,7753.7001953125,191100
2013-06-10,7690.4501953125,7690.4501953125,7747.35009765625,7666.5498046875,7710.0,217200
2013-06-11,7576.14990234375,7576.14990234375,7694.5498046875,7536.85009765625,7641.5,319400
2013-06-12,7599.39990234375,7599.39990234375,7650.64990234375,7565.35009765625,7573.0,225900
2013-06-13,7551.89990234375,7551.89990234375,7581.4501953125,7512.10009765625,7533.10009765625,202200
2013-06-14,7721.85009765625,7721.85009765625,7747.39990234375,7604.35009765625,7614.4501953125,233100
2013-06-17,7768.10009765625,7768.10009765625,7778.9501953125,7670.2998046875,7733.39990234375,182500
2013-06-18,7710.5,7710.5,7810.7998046875,7687.75,7748.85009765625,217200
2013-06-19,7740.14990234375,7740.14990234375,7752.39990234375,7638.35009765625,7696.35009765625,239100
2013-06-20,7487.75,7487.75,7639.7998046875,7473.14990234375,7639.7998046875,299200
2013-06-21,7521.75,7521.75,7611.7998046875,7456.7998046875,7486.39990234375,329600
2013-06-24,7432.89990234375,7432.89990234375,7500.9501953125,7387.85009765625,7495.14990234375,304400
2013-06-25,7493.5,7493.5,7624.2001953125,7450.25,7481.85009765625,298000
2013-06-26,7519.2998046875,7519.2998046875,7578.85009765625,7503.60009765625,7543.89990234375,288400
2013-06-27,7708.85009765625,7708.85009765625,7751.25,7604.5498046875,7615.0,408200
2013-06-28,7998.5,7998.5,8056.35009765625,7859.5,8004.75,639500
2013-07-01,8153.7998046875,8153.7998046875,8167.39990234375,8008.0,8014.2998046875,327300
2013-07-02,8048.5498046875,8048.5498046875,8180.5498046875,8036.5498046875,8131.75,281900
2013-07-03,7841.75,7841.75,7976.25,7831.75,7946.2001953125,225200
2013-07-04,7906.9501953125,7906.9501953125,7943.5498046875,7807.25,7868.39990234375,282300
2013-07-05,8005.14990234375,8005.14990234375,8033.2998046875,7965.4501953125,7969.14990234375,193100
2013-07-08,7848.14990234375,7848.14990234375,7946.64990234375,7833.85009765625,7946.2001953125,393600
2013-07-09,7909.64990234375,7909.64990234375,7944.10009765625,7869.2001953125,7887.85009765625,452400
2013-07-10,7767.7998046875,7767.7998046875,7937.10009765625,7691.25,7902.39990234375,376600
2013-07-11,7920.4501953125,7920.4501953125,7949.7998046875,7868.5498046875,7868.5498046875,252200
2013-07-12,7992.89990234375,7992.89990234375,8017.0,7897.2998046875,7963.0498046875,337200
2013-07-15,8013.10009765625,8013.10009765625,8041.7001953125,7967.10009765625,7972.0498046875,259000
2013-07-16,8062.0498046875,8062.0498046875,8082.25,7920.39990234375,7931.35009765625,333200
2013-07-17,8140.4501953125,8140.4501953125,8155.14990234375,8075.5,8075.5,544300
2013-07-18,8238.2001953125,8238.2001953125,8253.349609375,8155.2001953125,8157.5,323200
2013-07-19,8276.4501953125,8276.4501953125,8291.7998046875,8212.650390625,8261.599609375,323000
2013-07-22,8162.89990234375,8162.89990234375,8220.9501953125,8147.7998046875,8220.9501953125,219900
2013-07-23,8203.349609375,8203.349609375,8288.099609375,8186.39990234375,8202.2001953125,288400
2013-07-24,8152.64990234375,8152.64990234375,8257.400390625,8088.2998046875,8158.75,235500
2013-07-25,8032.9501953125,8032.9501953125,8178.75,8017.5,8146.85009765625,353300
2013-07-26,8009.0,8009.0,8129.35009765625,7979.85009765625,8076.7998046875,222900
2013-07-29,7934.64990234375,7934.64990234375,8059.0,7919.85009765625,8014.0498046875,192800
2013-07-30,7641.4501953125,7641.4501953125,7965.2001953125,7627.85009765625,7950.14990234375,283900
2013-07-31,7716.64990234375,7716.64990234375,7733.7001953125,7477.9501953125,7613.2998046875,423300
2013-08-01,7550.0,7550.0,7823.0,7499.2001953125,7769.0498046875,309700
2013-08-02,7502.85009765625,7502.85009765625,7613.5498046875,7430.60009765625,7607.35009765625,530200
2013-08-05,7538.14990234375,7538.14990234375,7577.5498046875,7491.4501953125,7517.7998046875,325200
2013-08-06,7338.85009765625,7338.85009765625,7537.7998046875,7274.39990234375,7499.9501953125,528500
2013-08-07,7550.0,7550.0,7614.35009765625,7292.60009765625,7365.75,422800
2013-08-08,7543.14990234375,7543.14990234375,7557.2001953125,7461.25,7514.4501953125,304900
2013-08-12,7493.7001953125,7493.7001953125,7588.14990234375,7461.75,7588.14990234375,274600
2013-08-13,7555.7998046875,7555.7998046875,7581.0498046875,7416.2001953125,7433.75,278300
2013-08-14,7736.60009765625,7736.60009765625,7762.5498046875,7557.25,7589.5,337300
2013-08-16,7394.25,7394.25,7719.89990234375,7367.39990234375,7719.89990234375,465100
2013-08-19,7309.75,7309.75,7416.14990234375,7192.2998046875,7373.89990234375,319500
2013-08-20,7320.7001953125,7320.7001953125,7349.64990234375,7184.14990234375,7248.60009765625,314700
2013-08-21,7058.25,7058.25,7410.0498046875,7033.2001953125,7387.9501953125,445700
2013-08-22,7284.5,7284.5,7303.7001953125,7010.85009765625,7017.14990234375,431000
2013-08-23,7377.85009765625,7377.85009765625,7412.10009765625,7248.89990234375,7330.89990234375,414000
2013-08-26,7374.64990234375,7374.64990234375,7445.7001953125,7307.2001953125,7418.75,405300
2013-08-27,7152.5498046875,7152.5498046875,7325.39990234375,7134.35009765625,7324.5,382700
2013-08-28,7127.85009765625,7127.85009765625,7172.39990234375,6827.5498046875,7072.10009765625,551200
2013-08-29,7339.75,7339.75,7382.5,7154.5,7182.75,529800
2013-08-30,7379.89990234375,7379.89990234375,7405.89990234375,7196.89990234375,7338.89990234375,368200
2013-09-02,7539.25,7539.25,7555.35009765625,7390.39990234375,7410.0498046875,366700
2013-09-03,7255.2998046875,7255.2998046875,7580.39990234375,7227.4501953125,7565.7998046875,346100
2013-09-04,7404.7998046875,7404.7998046875,7464.75,7223.0498046875,7257.60009765625,324100
2013-09-05,7535.5,7535.5,7558.14990234375,7465.2001953125,7512.5,511500
2013-09-06,7677.85009765625,7677.85009765625,7701.7001953125,7436.25,7579.89990234375,503300
2013-09-10,7822.5,7822.5,7846.0,7710.9501953125,7726.2998046875,493000
2013-09-11,7786.10009765625,7786.10009765625,7825.39990234375,7688.7998046875,7825.0498046875,462700
2013-09-12,7707.0,7707.0,7869.89990234375,7678.0498046875,7820.0498046875,464100
2013-09-13,7746.10009765625,7746.10009765625,7793.89990234375,7650.89990234375,7653.4501953125,289800
2013-09-16,7729.2998046875,7729.2998046875,7879.10009765625,7655.75,7864.39990234375,333900
2013-09-17,7671.5,7671.5,7738.35009765625,7631.5,7705.5,226600
2013-09-18,7767.2001953125,7767.2001953125,7791.2001953125,7665.0498046875,7700.0498046875,239800
2013-09-19,7988.25,7988.25,8036.64990234375,7870.60009765625,7919.7001953125,467000
2013-09-20,7924.4501953125,7924.4501953125,8030.2001953125,7824.4501953125,7970.35009765625,591000
2013-09-23,7764.2001953125,7764.2001953125,7905.4501953125,7732.5,7839.9501953125,371800
2013-09-24,7774.7998046875,7774.7998046875,7859.0,7737.5,7742.5498046875,354900
2013-09-25,7704.2998046875,7704.2998046875,7787.89990234375,7631.2001953125,7781.64990234375,386500
2013-09-26,7637.2001953125,7637.2001953125,7710.60009765625,7613.25,7689.10009765625,378400
2013-09-27,7630.14990234375,7630.14990234375,7722.39990234375,7605.5,7678.39990234375,323800
2013-09-30,7515.35009765625,7515.35009765625,7602.7998046875,7492.39990234375,7576.89990234375,304800
2013-10-01,7446.5,7446.5,7541.25,7432.89990234375,7541.25,264300
2013-10-03,7624.0,7624.0,7635.5498046875,7475.60009765625,7478.7998046875,286200
2013-10-04,7633.64990234375,7633.64990234375,7677.64990234375,7553.25,7585.5,335100
2013-10-07,7613.7001953125,7613.7001953125,7622.89990234375,7511.5,7593.5498046875,210300
2013-10-08,7641.5498046875,7641.5498046875,7678.64990234375,7597.89990234375,7651.4501953125,258800
2013-10-09,7744.0498046875,7744.0498046875,7764.4501953125,7589.5498046875,7606.5,288100
2013-10-10,7744.64990234375,7744.64990234375,7754.2001953125,7677.7001953125,7732.25,222600
2013-10-11,7741.2998046875,7741.2998046875,7811.0,7709.60009765625,7803.4501953125,229000
2013-10-14,7760.9501953125,7760.9501953125,7783.0,7726.35009765625,7727.5,317300
2013-10-15,7741.10009765625,7741.10009765625,7897.2998046875,7717.75,7897.2998046875,275000
2013-10-17,7811.0,7811.0,7884.0498046875,7751.7001953125,7761.2001953125,280100
2013-10-18,7969.0,7969.0,7983.0498046875,7835.7998046875,7839.14990234375,332600
2013-10-21,8025.2001953125,8025.2001953125,8035.7001953125,7931.7001953125,7975.85009765625,233200
2013-10-22,8030.39990234375,8030.39990234375,8043.2998046875,7972.7998046875,7996.64990234375,382900
2013-10-23,7949.9501953125,7949.9501953125,8072.89990234375,7875.0,8052.7001953125,302900
2013-10-24,7892.75,7892.75,8063.4501953125,7873.89990234375,7936.10009765625,181600
2013-10-25,7880.2998046875,7880.2998046875,7921.2001953125,7839.85009765625,7873.25,195300
2013-10-28,7882.2998046875,7882.2998046875,7975.39990234375,7870.60009765625,7898.5498046875,201200
2013-10-29,7968.25,7968.25,7998.5498046875,7862.2001953125,7884.9501953125,256600
2013-10-30,7976.0498046875,7976.0498046875,8017.7001953125,7941.0498046875,7981.64990234375,190000
2013-10-31,8100.0498046875,8100.0498046875,8148.35009765625,7952.75,7998.39990234375,373400
2013-11-01,8029.35009765625,8029.35009765625,8130.5498046875,8009.35009765625,8074.10009765625,273600
2013-11-05,8032.10009765625,8032.10009765625,8063.5498046875,8002.7001953125,8008.64990234375,374400
2013-11-06,8002.35009765625,8002.35009765625,8086.9501953125,7974.64990234375,8030.7998046875,313200
2013-11-07,7914.4501953125,7914.4501953125,8054.5498046875,7890.5,8017.0,307000
2013-11-08,7843.14990234375,7843.14990234375,7898.75,7805.0498046875,7898.75,206000
2013-11-11,7733.0,7733.0,7842.14990234375,7717.5,7820.0,226300
2013-11-12,7638.89990234375,7638.89990234375,7785.9501953125,7627.5,7743.25,254100
2013-11-13,7593.89990234375,7593.89990234375,7680.0498046875,7585.0498046875,7612.64990234375,247500
2013-11-14,7657.7998046875,7657.7998046875,7734.0498046875,7651.4501953125,7662.5498046875,217400
2013-11-18,7833.89990234375,7833.89990234375,7847.64990234375,7713.39990234375,7713.39990234375,236200
2013-11-19,7836.7998046875,7836.7998046875,7893.25,7822.85009765625,7831.0498046875,196700
2013-11-20,7746.0,7746.0,7888.7998046875,7710.25,7823.7998046875,279500
2013-11-21,7606.2998046875,7606.2998046875,7731.64990234375,7593.5498046875,7731.64990234375,212400
2013-11-22,7651.9501953125,7651.9501953125,7706.85009765625,7610.7001953125,7650.4501953125,227700
2013-11-25,7761.5,7761.5,7773.89990234375,7700.2001953125,7709.89990234375,240000
2013-11-26,7669.2998046875,7669.2998046875,7763.85009765625,7648.39990234375,7758.89990234375,261900
2013-11-27,7650.4501953125,7650.4501953125,7723.89990234375,7632.0498046875,7652.2001953125,201300
2013-11-28,7715.39990234375,7715.39990234375,7771.9501953125,7680.64990234375,7680.64990234375,425800
2013-11-29,7799.0498046875,7799.0498046875,7809.7998046875,7733.64990234375,7733.64990234375,388300
2013-12-02,7782.10009765625,7782.10009765625,7809.9501953125,7758.64990234375,7758.64990234375,284500
2013-12-03,7802.35009765625,7802.35009765625,7823.7998046875,7752.5,7763.2001953125,266500
2013-12-04,7764.10009765625,7764.10009765625,7847.4501953125,7747.2998046875,7796.10009765625,389000
2013-12-05,7858.5,7858.5,7909.35009765625,7836.0,7888.14990234375,338300
2013-12-06,7928.2998046875,7928.2998046875,7949.35009765625,7857.25,7857.25,458700
2013-12-09,8074.9501953125,8074.9501953125,8101.39990234375,8047.89990234375,8082.39990234375,488900
2013-12-10,7946.64990234375,7946.64990234375,8022.5,7910.5498046875,8021.10009765625,953000
2013-12-11,7907.75,7907.75,7939.7001953125,7850.0,7937.0498046875,337100
2013-12-12,7829.0498046875,7829.0498046875,7898.9501953125,7822.7001953125,7865.0,338800
2013-12-13,7745.0498046875,7745.0498046875,7800.25,7734.5,7800.25,283500
2013-12-16,7656.10009765625,7656.10009765625,7737.64990234375,7641.7001953125,7734.9501953125,311000
2013-12-17,7598.0,7598.0,7691.14990234375,7584.25,7669.10009765625,314600
2013-12-18,7761.7001953125,7761.7001953125,7787.2001953125,7584.2001953125,7584.2001953125,1065600
2013-12-19,7661.14990234375,7661.14990234375,7784.0,7620.7001953125,7781.75,3083300
2013-12-20,7926.2998046875,7926.2998046875,7938.64990234375,7719.64990234375,7750.25,570100
2013-12-23,7951.75,7951.75,8017.9501953125,7923.14990234375,7934.85009765625,359900
2013-12-24,7929.5,7929.5,7993.5,7919.64990234375,7957.2001953125,266000
2013-12-26,7932.10009765625,7932.10009765625,7972.7001953125,7901.0,7923.39990234375,715300
2013-12-27,7903.25,7903.25,7965.7001953125,7895.2998046875,7951.2998046875,252000
2013-12-30,7909.7998046875,7909.7998046875,7929.10009765625,7872.39990234375,7918.7998046875,196900
2013-12-31,7961.2001953125,7961.2001953125,7974.10009765625,7916.2001953125,7929.10009765625,241500
2014-01-01,7931.7001953125,7931.7001953125,7978.14990234375,7925.5,7978.14990234375,144900
2014-01-02,7809.60009765625,7809.60009765625,7999.0,7792.39990234375,7947.25,393100
2014-01-03,7689.5498046875,7689.5498046875,7814.75,7644.64990234375,7799.14990234375,390400
2014-01-06,7660.75,7660.75,7704.5,7642.60009765625,7704.5,274100
2014-01-07,7552.2998046875,7552.2998046875,7696.64990234375,7539.64990234375,7662.2001953125,333400
2014-01-08,7585.35009765625,7585.35009765625,7636.7001953125,7567.9501953125,7574.0498046875,357100
2014-01-09,7649.7001953125,7649.7001953125,7662.14990234375,7565.10009765625,7594.2998046875,336800
2014-01-10,7669.35009765625,7669.35009765625,7780.89990234375,7616.75,7649.2001953125,341100
2014-01-13,7812.9501953125,7812.9501953125,7829.35009765625,7731.0,7731.0,267500
2014-01-14,7798.89990234375,7798.89990234375,7821.14990234375,7752.75,7795.39990234375,218000
2014-01-15,7831.14990234375,7831.14990234375,7874.7001953125,7812.4501953125,7826.2998046875,260600
2014-01-16,7823.39990234375,7823.39990234375,7866.2998046875,7801.39990234375,7865.75,291800
2014-01-17,7822.5,7822.5,7902.0,7792.9501953125,7822.7998046875,365600
2014-01-20,7764.14990234375,7764.14990234375,7837.7998046875,7730.2998046875,7826.7001953125,261000
2014-01-21,7711.2998046875,7711.2998046875,7778.25,7706.2001953125,7778.25,313900
2014-01-22,7775.5,7775.5,7785.85009765625,7685.9501953125,7710.60009765625,315200
2014-01-23,7733.60009765625,7733.60009765625,7754.0,7712.10009765625,7716.4501953125,218500
2014-01-24,7724.7001953125,7724.7001953125,7763.10009765625,7700.25,7700.25,262800
2014-01-27,7543.0498046875,7543.0498046875,7666.39990234375,7531.39990234375,7620.39990234375,266600
2014-01-28,7543.4501953125,7543.4501953125,7616.7001953125,7531.7001953125,7550.9501953125,259300
2014-01-29,7522.85009765625,7522.85009765625,7594.5,7510.35009765625,7573.7998046875,250900
2014-01-30,7450.2001953125,7450.2001953125,7489.0498046875,7437.35009765625,7474.5498046875,482700
2014-01-31,7516.2998046875,7516.2998046875,7527.5,7435.2998046875,7458.10009765625,296300
2014-02-03,7425.39990234375,7425.39990234375,7510.0498046875,7413.2001953125,7485.5498046875,239000
2014-02-04,7446.60009765625,7446.60009765625,7484.85009765625,7371.85009765625,7376.7001953125,349800
2014-02-05,7461.2998046875,7461.2998046875,7485.39990234375,7363.89990234375,7437.14990234375,284000
2014-02-06,7468.75,7468.75,7504.7001953125,7408.14990234375,7473.7001953125,337600
2014-02-07,7491.2001953125,7491.2001953125,7526.64990234375,7467.75,7516.4501953125,351100
2014-02-10,7527.64990234375,7527.64990234375,7551.35009765625,7482.7001953125,7482.7001953125,269600
2014-02-11,7459.0,7459.0,7540.25,7447.2001953125,7534.9501953125,245700
2014-02-12,7531.35009765625,7531.35009765625,7548.4501953125,7477.2001953125,7481.75,282000
2014-02-13,7405.9501953125,7405.9501953125,7542.64990234375,7398.60009765625,7542.64990234375,218300
2014-02-14,7501.0,7501.0,7510.60009765625,7400.64990234375,7440.10009765625,223800
2014-02-17,7495.5498046875,7495.5498046875,7522.5498046875,7443.89990234375,7487.2001953125,175900
2014-02-18,7498.14990234375,7498.14990234375,7517.0,7458.5498046875,7466.5498046875,198400
2014-02-19,7492.10009765625,7492.10009765625,7526.39990234375,7477.7001953125,7499.85009765625,148300
2014-02-20,7435.4501953125,7435.4501953125,7483.85009765625,7423.5498046875,7463.35009765625,187300
2014-02-21,7490.75,7490.75,7504.9501953125,7445.2001953125,7449.25,166500
2014-02-24,7462.0498046875,7462.0498046875,7480.75,7417.75,7470.35009765625,561400
2014-02-25,7437.4501953125,7437.4501953125,7495.4501953125,7411.35009765625,7486.89990234375,314200
2014-02-26,7452.2998046875,7452.2998046875,7469.10009765625,7416.10009765625,7443.2001953125,468000
2014-02-28,7424.14990234375,7424.14990234375,7481.2001953125,7388.75,7450.25,476400
2014-03-03,7428.0498046875,7428.0498046875,7472.2998046875,7399.7998046875,7416.35009765625,350700
2014-03-04,7542.60009765625,7542.60009765625,7555.75,7424.75,7424.75,334600
2014-03-05,7523.5,7523.5,7580.64990234375,7515.0498046875,7564.9501953125,270600
2014-03-06,7686.75,7686.75,7700.39990234375,7538.89990234375,7538.89990234375,375100
2014-03-07,7942.14990234375,7942.14990234375,7964.14990234375,7696.2998046875,7696.2998046875,455900
2014-03-10,8016.25,8016.25,8102.7998046875,7909.0498046875,7909.0498046875,440400
2014-03-11,7990.85009765625,7990.85009765625,8044.7998046875,7966.0498046875,8006.89990234375,387700
2014-03-12,7946.4501953125,7946.4501953125,7997.9501953125,7922.85009765625,7975.7001953125,307300
2014-03-13,8028.9501953125,8028.9501953125,8127.39990234375,7969.35009765625,7969.35009765625,422500
2014-03-14,8050.4501953125,8050.4501953125,8074.2998046875,7986.0,7990.75,332900
2014-03-18,8132.7998046875,8132.7998046875,8226.150390625,8074.10009765625,8074.10009765625,392300
2014-03-19,8081.89990234375,8081.89990234375,8215.900390625,8065.2001953125,8154.5498046875,354900
2014-03-20,8049.2001953125,8049.2001953125,8080.5498046875,8036.64990234375,8060.35009765625,325400
2014-03-21,7926.5498046875,7926.5498046875,8104.2998046875,7907.5498046875,8074.10009765625,479200
2014-03-24,8124.0,8124.0,8143.0498046875,7980.39990234375,7980.39990234375,389400
2014-03-25,8045.14990234375,8045.14990234375,8056.2998046875,7936.4501953125,7958.7001953125,437300
2014-03-26,8117.64990234375,8117.64990234375,8184.64990234375,8067.85009765625,8067.85009765625,317500
2014-03-27,8222.5,8222.5,8237.0,8111.35009765625,8113.39990234375,673900
2014-03-28,8336.25,8336.25,8351.2001953125,8233.099609375,8233.099609375,346800
2014-03-31,8329.4501953125,8329.4501953125,8427.75,8245.25,8343.150390625,427800
2014-04-01,8426.099609375,8426.099609375,8436.5498046875,8347.849609375,8369.75,345400
2014-04-02,8537.400390625,8537.400390625,8551.2998046875,8419.2001953125,8448.5,416900
2014-04-03,8475.2998046875,8475.2998046875,8559.599609375,8411.2998046875,8547.0,384600
2014-04-04,8403.2001953125,8403.2001953125,8462.5,8362.650390625,8462.5,489300
2014-04-07,8396.0,8396.0,8484.099609375,8341.849609375,8419.400390625,296000
2014-04-09,8497.5498046875,8497.5498046875,8519.2001953125,8406.599609375,8435.4501953125,407700
2014-04-10,8585.9501953125,8585.9501953125,8600.599609375,8494.599609375,8516.5498046875,535400
2014-04-11,8497.650390625,8497.650390625,8587.0,8474.650390625,8539.099609375,371800
2014-04-15,8466.7001953125,8466.7001953125,8495.2001953125,8377.5,8487.0,321600
2014-04-16,8384.400390625,8384.400390625,8522.849609375,8369.2001953125,8452.25,347300
2014-04-17,8521.900390625,8521.900390625,8532.849609375,8397.400390625,8405.2998046875,311600
2014-04-21,8529.9501953125,8529.9501953125,8588.099609375,8509.5498046875,8567.0498046875,226100
2014-04-22,8598.900390625,8598.900390625,8710.7998046875,8523.150390625,8544.0,309900
2014-04-23,8562.75,8562.75,8671.9501953125,8547.7998046875,8612.5498046875,465700
2014-04-25,8395.849609375,8395.849609375,8580.150390625,8383.75,8580.150390625,471900
2014-04-28,8371.9501953125,8371.9501953125,8437.7001953125,8359.5498046875,8388.150390625,254800
2014-04-29,8335.0,8335.0,8417.849609375,8322.7001953125,8389.4501953125,283700
2014-04-30,8310.7998046875,8310.7998046875,8475.849609375,8256.9501953125,8349.9501953125,446000
2014-05-02,8298.7998046875,8298.7998046875,8362.7998046875,8284.349609375,8342.25,270200
2014-05-05,8400.0,8400.0,8493.0498046875,8286.0498046875,8286.0498046875,245000
2014-05-06,8456.9501953125,8456.9501953125,8512.2001953125,8413.099609375,8413.099609375,232200
2014-05-07,8443.2001953125,8443.2001953125,8505.5,8418.0498046875,8463.4501953125,333800
2014-05-08,8433.099609375,8433.099609375,8497.0498046875,8412.900390625,8463.099609375,247600
2014-05-09,8730.2998046875,8730.2998046875,8751.349609375,8414.2001953125,8416.25,502200
2014-05-12,8996.2001953125,8996.2001953125,9023.599609375,8715.650390625,8715.650390625,419900
2014-05-13,9249.099609375,9249.099609375,9277.099609375,9098.9501953125,9147.349609375,731100
2014-05-14,9181.900390625,9181.900390625,9285.349609375,9138.150390625,9271.7001953125,429100
2014-05-15,9307.0,9307.0,9333.25,9172.849609375,9186.2998046875,710800
2014-05-16,9545.849609375,9545.849609375,9999.25,9402.400390625,9589.9501953125,1201900
2014-05-19,10067.7001953125,10067.7001953125,10095.400390625,9677.5,9678.2001953125,1143500
2014-05-20,9798.7001953125,9798.7001953125,10166.349609375,9772.150390625,10159.5,785600
2014-05-21,9780.150390625,9780.150390625,9860.5498046875,9703.5,9787.7998046875,588700
2014-05-22,9933.0498046875,9933.0498046875,9984.349609375,9815.349609375,9839.9501953125,814700
2014-05-23,10211.4501953125,10211.4501953125,10257.5498046875,9967.650390625,10039.349609375,1037500
2014-05-26,10032.4501953125,10032.4501953125,10427.25,9813.9501953125,10307.349609375,1175800
2014-05-27,9851.400390625,9851.400390625,10025.900390625,9729.4501953125,10011.400390625,584700
2014-05-28,9782.2998046875,9782.2998046875,9900.849609375,9752.2001953125,9863.849609375,574300
2014-05-29,9650.4501953125,9650.4501953125,9828.5,9617.599609375,9828.5,729000
2014-05-30,9667.5,9667.5,9808.7001953125,9638.0498046875,9713.0,1387900
2014-06-02,9914.349609375,9914.349609375,9935.849609375,9711.900390625,9743.7001953125,630400
2014-06-03,10082.0,10082.0,10108.2001953125,9900.0,9939.25,621200
2014-06-04,9978.0,9978.0,10109.0,9958.5,10067.150390625,570600
2014-06-05,10175.75,10175.75,10220.7001953125,9895.7998046875,9985.849609375,983700
2014-06-06,10594.0,10594.0,10620.400390625,10308.7001953125,10315.75,1058700
2014-06-09,10603.349609375,10603.349609375,10686.9501953125,10520.150390625,10686.9501953125,1006500
2014-06-10,10507.7001953125,10507.7001953125,10672.650390625,10385.25,10672.650390625,626400
2014-06-11,10289.650390625,10289.650390625,10541.5,10223.400390625,10530.2998046875,648900
2014-06-12,10282.849609375,10282.849609375,10416.7998046875,10195.599609375,10272.9501953125,515700
2014-06-13,10073.0,10073.0,10359.4501953125,9947.9501953125,10335.2001953125,534600
2014-06-16,10063.2001953125,10063.2001953125,10103.5498046875,9894.2001953125,10078.2998046875,569700
2014-06-17,10316.25,10316.25,10339.7998046875,10029.9501953125,10029.9501953125,532800
2014-06-18,10175.25,10175.25,10440.25,10083.5498046875,10313.5,531200
2014-06-19,9919.75,9919.75,10201.0498046875,9850.900390625,10179.7001953125,494100
2014-06-20,9858.7001953125,9858.7001953125,9984.4501953125,9834.400390625,9926.099609375,464400
2014-06-23,9965.400390625,9965.400390625,10012.650390625,9804.650390625,9877.400390625,381300
2014-06-24,10156.7998046875,10156.7998046875,10175.400390625,10010.349609375,10048.9501953125,526400
2014-06-25,10114.650390625,10114.650390625,10187.7001953125,10085.9501953125,10166.75,444600
2014-06-26,9774.4501953125,9774.4501953125,9915.4501953125,9743.2001953125,9881.0498046875,620500
2014-06-27,9795.7001953125,9795.7001953125,9860.900390625,9726.900390625,9802.849609375,390600
2014-06-30,9968.4501953125,9968.4501953125,9999.599609375,9819.9501953125,9844.25,593800
2014-07-01,9915.900390625,9915.900390625,10026.0,9906.2001953125,10012.75,423900
2014-07-02,10024.900390625,10024.900390625,10044.2001953125,9964.0498046875,9994.349609375,394400
2014-07-03,9898.7001953125,9898.7001953125,10061.900390625,9882.7998046875,10057.2998046875,377300
2014-07-04,10062.5498046875,10062.5498046875,10083.75,9830.2998046875,9888.150390625,404300
2014-07-07,10043.4501953125,10043.4501953125,10122.0,9995.5498046875,10113.349609375,490400
2014-07-08,9664.150390625,9664.150390625,10063.650390625,9621.2001953125,10054.849609375,584800
2014-07-09,9694.9501953125,9694.9501953125,9784.900390625,9542.5498046875,9695.349609375,492300
2014-07-10,9706.2998046875,9706.2998046875,9927.2001953125,9467.5,9704.7001953125,749900
2014-07-11,9443.2001953125,9443.2001953125,9732.400390625,9424.25,9686.0,498400
2014-07-14,9456.9501953125,9456.9501953125,9511.2001953125,9430.0498046875,9461.900390625,370000
2014-07-15,9564.5498046875,9564.5498046875,9611.5,9475.7998046875,9497.099609375,370200
2014-07-16,9677.599609375,9677.599609375,9694.2998046875,9577.400390625,9589.5,306300
2014-07-17,9689.599609375,9689.599609375,9707.650390625,9592.900390625,9636.099609375,384700
2014-07-18,9605.400390625,9605.400390625,9652.9501953125,9539.0498046875,9652.9501953125,293100
2014-07-21,9639.400390625,9639.400390625,9753.650390625,9625.4501953125,9696.599609375,254200
2014-07-22,9793.900390625,9793.900390625,9810.900390625,9670.0498046875,9672.0498046875,305300
2014-07-23,9796.150390625,9796.150390625,9840.5498046875,9713.349609375,9827.9501953125,293800
2014-07-24,9774.400390625,9774.400390625,9799.2998046875,9707.900390625,9772.5498046875,302600
2014-07-25,9623.2001953125,9623.2001953125,9782.5,9532.0,9776.9501953125,416900
2014-07-28,9521.0,9521.0,9638.849609375,9486.900390625,9632.349609375,303800
2014-07-30,9563.650390625,9563.650390625,9593.400390625,9470.2998046875,9515.0,440600
2014-07-31,9510.5,9510.5,9632.900390625,9490.2001953125,9561.650390625,589000
2014-08-01,9270.25,9270.25,9453.2998046875,9257.75,9440.2998046875,410200
2014-08-04,9393.7998046875,9393.7998046875,9410.0,9285.5498046875,9311.75,401200
2014-08-05,9437.0,9437.0,9453.0,9317.75,9411.099609375,344300
2014-08-06,9395.400390625,9395.400390625,9493.7998046875,9374.849609375,9428.349609375,283700
2014-08-07,9418.7998046875,9418.7998046875,9486.7001953125,9390.7001953125,9392.5,274000
2014-08-08,9264.599609375,9264.599609375,9322.849609375,9223.75,9322.849609375,271000
2014-08-11,9233.150390625,9233.150390625,9330.2001953125,9213.0,9325.400390625,304900
2014-08-12,9380.349609375,9380.349609375,9395.5498046875,9268.400390625,9268.400390625,374300
2014-08-13,9381.2001953125,9381.2001953125,9481.2001953125,9315.7001953125,9378.650390625,434600
2014-08-14,9520.0498046875,9520.0498046875,9532.849609375,9370.0498046875,9390.599609375,297700
2014-08-18,9719.25,9719.25,9750.7001953125,9516.5498046875,9520.2998046875,340100
2014-08-19,9765.2998046875,9765.2998046875,9826.099609375,9713.400390625,9770.75,383400
2014-08-20,9678.0,9678.0,9794.900390625,9651.2998046875,9780.7001953125,350100
2014-08-21,9679.349609375,9679.349609375,9740.25,9611.2998046875,9686.900390625,318100
2014-08-22,9671.650390625,9671.650390625,9757.849609375,9654.7998046875,9716.5,236500
2014-08-25,9615.2998046875,9615.2998046875,9729.5498046875,9602.7998046875,9688.900390625,273500
2014-08-26,9530.5,9530.5,9609.150390625,9422.099609375,9599.2001953125,405900
2014-08-27,9577.650390625,9577.650390625,9608.0,9501.2998046875,9572.0498046875,378900
2014-08-28,9629.0,9629.0,9669.349609375,9583.5498046875,9591.2998046875,600700
2014-09-01,9810.349609375,9810.349609375,9824.349609375,9653.0,9684.400390625,358000
2014-09-02,9880.2001953125,9880.2001953125,9905.25,9779.75,9829.0,359500
2014-09-03,9874.0498046875,9874.0498046875,9960.75,9849.4501953125,9942.099609375,431400
2014-09-04,9852.0,9852.0,9873.7001953125,9761.599609375,9861.7001953125,291600
2014-09-05,9875.0,9875.0,9919.0498046875,9824.75,9846.0498046875,285400
2014-09-08,9983.0498046875,9983.0498046875,9992.4501953125,9941.7001953125,9949.5,337200
2014-09-09,9953.7001953125,9953.7001953125,10019.75,9892.150390625,9984.7998046875,266700
2014-09-10,9844.25,9844.25,9931.900390625,9826.400390625,9899.099609375,262600
2014-09-11,9816.25,9816.25,9882.7998046875,9764.150390625,9880.7001953125,273400
2014-09-12,9757.25,9757.25,9858.0498046875,9733.25,9808.900390625,288600
2014-09-15,9664.349609375,9664.349609375,9713.400390625,9650.900390625,9687.849609375,248300
2014-09-16,9401.900390625,9401.900390625,9677.7998046875,9387.849609375,9661.0,375500
2014-09-17,9444.099609375,9444.099609375,9478.5498046875,9370.349609375,9456.349609375,333700
2014-09-18,9604.0,9604.0,9625.4501953125,9398.5,9417.099609375,330600
2014-09-19,9515.75,9515.75,9679.2998046875,9493.5498046875,9623.400390625,484000
2014-09-22,9565.650390625,9565.650390625,9585.5498046875,9462.849609375,9488.0,217900
2014-09-23,9350.7001953125,9350.7001953125,9591.099609375,9334.400390625,9577.0498046875,349300
2014-09-24,9378.2001953125,9378.2001953125,9400.349609375,9251.900390625,9346.150390625,517200
2014-09-25,9122.849609375,9122.849609375,9361.7001953125,9068.5,9361.7001953125,580400
2014-09-26,9233.7998046875,9233.7998046875,9262.2998046875,9049.25,9099.4501953125,290800
2014-09-29,9222.400390625,9222.400390625,9295.75,9183.349609375,9245.599609375,279800
2014-09-30,9275.150390625,9275.150390625,9292.25,9168.9501953125,9180.0,367300
2014-10-01,9140.849609375,9140.849609375,9288.2998046875,9129.099609375,9288.2998046875,273200
2014-10-07,9109.0498046875,9109.0498046875,9184.150390625,9077.5498046875,9119.4501953125,322100
2014-10-08,9251.2001953125,9251.2001953125,9280.099609375,9091.25,9091.25,304000
2014-10-09,9369.0,9369.0,9394.0498046875,9273.9501953125,9273.9501953125,294200
2014-10-10,9307.0498046875,9307.0498046875,9380.25,9202.0498046875,9308.7001953125,331600
2014-10-13,9316.4501953125,9316.4501953125,9339.9501953125,9204.650390625,9289.2001953125,313900
2014-10-14,9303.0498046875,9303.0498046875,9415.099609375,9285.2998046875,9414.7001953125,368900
2014-10-16,9103.75,9103.75,9273.7998046875,9076.4501953125,9241.349609375,427800
2014-10-17,9159.25,9159.25,9197.5498046875,9069.5498046875,9145.150390625,293000
2014-10-20,9315.099609375,9315.099609375,9376.349609375,9213.25,9376.349609375,454900
2014-10-21,9314.0,9314.0,9364.849609375,9269.0498046875,9337.400390625,381400
2014-10-22,9351.150390625,9351.150390625,9398.7001953125,9335.849609375,9371.4501953125,375100
2014-10-27,9302.349609375,9302.349609375,9478.0498046875,9291.650390625,9478.0498046875,272500
2014-10-28,9308.25,9308.25,9325.849609375,9226.2998046875,9303.9501953125,318700
2014-10-29,9396.75,9396.75,9404.5,9326.2001953125,9354.2001953125,347800
2014-10-30,9542.5,9542.5,9552.2001953125,9371.25,9374.400390625,459100
2014-10-31,9758.900390625,9758.900390625,9772.5498046875,9574.900390625,9574.900390625,475700
2014-11-03,9722.75,9722.75,9807.400390625,9688.150390625,9788.099609375,395500
2014-11-05,9626.400390625,9626.400390625,9764.2001953125,9616.150390625,9733.2001953125,394700
2014-11-07,9613.400390625,9613.400390625,9648.900390625,9573.0,9600.7998046875,299900
2014-11-10,9537.25,9537.25,9662.0498046875,9521.650390625,9642.4501953125,336800
2014-11-11,9578.5,9578.5,9617.5,9509.4501953125,9574.2998046875,288300
2014-11-12,9482.9501953125,9482.9501953125,9616.599609375,9462.25,9601.400390625,297400
2014-11-13,9368.900390625,9368.900390625,9514.2998046875,9326.0,9501.349609375,334100
2014-11-14,9432.7998046875,9432.7998046875,9451.7001953125,9338.5,9349.5,453800
2014-11-17,9537.849609375,9537.849609375,9549.099609375,9413.4501953125,9413.4501953125,305900
2014-11-18,9539.75,9539.75,9616.900390625,9529.650390625,9551.2998046875,430900
2014-11-19,9408.900390625,9408.900390625,9588.150390625,9393.7001953125,9542.349609375,338800
2014-11-20,9421.0498046875,9421.0498046875,9438.650390625,9341.2998046875,9412.5,256700
2014-11-21,9486.25,9486.25,9531.7001953125,9404.5498046875,9404.5498046875,304100
2014-11-24,9420.5498046875,9420.5498046875,9514.2998046875,9396.25,9482.7001953125,279400
2014-11-25,9418.650390625,9418.650390625,9439.4501953125,9278.2998046875,9409.349609375,1216500
2014-11-26,9424.400390625,9424.400390625,9458.25,9395.5498046875,9398.650390625,353800
2014-11-27,9438.2001953125,9438.2001953125,9471.150390625,9420.0,9439.2998046875,344200
2014-11-28,9465.2998046875,9465.2998046875,9592.7001953125,9436.7001953125,9452.599609375,496100
2014-12-01,9202.7998046875,9202.7998046875,9452.7998046875,9188.25,9447.349609375,367600
2014-12-02,9152.25,9152.25,9260.75,9139.150390625,9201.2001953125,264200
2014-12-03,9244.849609375,9244.849609375,9299.9501953125,9143.150390625,9143.150390625,317100
2014-12-04,9191.599609375,9191.599609375,9311.25,9169.099609375,9264.25,228900
2014-12-05,9142.9501953125,9142.9501953125,9243.75,9132.4501953125,9215.650390625,390200
2014-12-08,9071.4501953125,9071.4501953125,9181.4501953125,9062.2001953125,9151.099609375,217900
2014-12-09,8913.9501953125,8913.9501953125,9067.4501953125,8878.5,9040.9501953125,333800
2014-12-10,8933.75,8933.75,8970.5,8851.5498046875,8851.5498046875,266400
2014-12-11,8721.849609375,8721.849609375,8914.650390625,8701.2001953125,8914.650390625,276800
2014-12-12,8521.0,8521.0,8747.7998046875,8509.0,8737.400390625,339800
2014-12-15,8498.4501953125,8498.4501953125,8543.599609375,8450.7998046875,8471.7998046875,365400
2014-12-16,8338.349609375,8338.349609375,8481.2001953125,8312.099609375,8443.599609375,466400
2014-12-17,8366.0498046875,8366.0498046875,8398.2001953125,8277.900390625,8336.599609375,409900
2014-12-18,8505.5,8505.5,8554.400390625,8389.2001953125,8485.2001953125,375200
2014-12-19,8660.2998046875,8660.2998046875,8716.4501953125,8521.0,8558.7001953125,311900
2014-12-22,8769.0,8769.0,8782.5,8671.0498046875,8682.2001953125,279000
2014-12-23,8709.849609375,8709.849609375,8763.349609375,8663.7998046875,8753.099609375,272100
2014-12-24,8566.5,8566.5,8726.7001953125,8543.150390625,8712.25,601800
2014-12-26,8601.099609375,8601.099609375,8645.9501953125,8536.349609375,8595.150390625,163100
2014-12-29,8656.2001953125,8656.2001953125,8704.5498046875,8611.75,8611.75,171600
2014-12-30,8573.849609375,8573.849609375,8657.349609375,8554.5,8654.650390625,156800
2014-12-31,8640.900390625,8640.900390625,8654.150390625,8568.349609375,8568.349609375,191000
2015-01-01,8630.9501953125,8630.9501953125,8656.349609375,8599.349609375,8613.150390625,99900
2015-01-02,8668.650390625,8668.650390625,8720.349609375,8632.25,8632.25,176000
2015-01-05,8651.5,8651.5,8719.75,8639.2001953125,8656.75,220800
2015-01-06,8304.0,8304.0,8596.0498046875,8272.7001953125,8589.349609375,376000
2015-01-07,8404.900390625,8404.900390625,8434.900390625,8270.7998046875,8299.9501953125,347600
2015-01-08,8450.5,8450.5,8497.7001953125,8400.650390625,8471.650390625,312300
2015-01-09,8548.400390625,8548.400390625,8560.349609375,8396.0498046875,8517.349609375,284000
2015-01-12,8463.7001953125,8463.7001953125,8552.599609375,8408.75,8552.599609375,175400
2015-01-13,8374.7998046875,8374.7998046875,8483.7001953125,8352.7001953125,8469.650390625,225800
2015-01-14,8335.0,8335.0,8409.5498046875,8306.0498046875,8376.900390625,260700
2015-01-15,8542.25,8542.25,8592.099609375,8405.25,8405.25,375000
2015-01-16,8589.400390625,8589.400390625,8623.150390625,8458.5498046875,8502.9501953125,298900
2015-01-19,8655.650390625,8655.650390625,8687.599609375,8541.0,8599.599609375,219900
2015-01-20,8763.349609375,8763.349609375,8782.900390625,8661.9501953125,8701.2998046875,273100
2015-01-21,8766.4501953125,8766.4501953125,8774.900390625,8700.0,8772.599609375,288800
2015-01-22,8693.0,8693.0,8769.5498046875,8640.150390625,8762.349609375,320200
2015-01-23,8748.4501953125,8748.4501953125,8785.900390625,8664.5498046875,8749.900390625,452200
2015-01-27,8765.5498046875,8765.5498046875,8796.599609375,8705.900390625,8781.150390625,453500
2015-01-28,8852.5,8852.5,8873.150390625,8740.7001953125,8754.150390625,332100
2015-01-29,8956.5498046875,8956.5498046875,8990.7998046875,8828.25,8846.349609375,555400
2015-01-30,8920.650390625,8920.650390625,9002.0,8881.75,8968.9501953125,482000
2015-02-02,8887.400390625,8887.400390625,8969.599609375,8876.7998046875,8947.7001953125,337700
2015-02-03,9037.150390625,9037.150390625,9061.099609375,8930.5498046875,8939.0498046875,305500
2015-02-04,9050.2001953125,9050.2001953125,9121.650390625,9033.0498046875,9084.2001953125,391800
2015-02-05,8910.849609375,8910.849609375,9077.400390625,8877.0,9077.400390625,337600
2015-02-06,8808.7001953125,8808.7001953125,8946.400390625,8764.25,8912.5,330000
2015-02-09,8708.2001953125,8708.2001953125,8802.2001953125,8690.0,8711.150390625,310400
2015-02-10,8652.5498046875,8652.5498046875,8768.5,8543.75,8673.9501953125,324200
2015-02-11,8721.650390625,8721.650390625,8747.599609375,8645.2001953125,8676.7998046875,214100
2015-02-12,8821.400390625,8821.400390625,8865.900390625,8660.7001953125,8778.0498046875,274700
2015-02-13,8832.099609375,8832.099609375,8864.2001953125,8780.650390625,8828.5,344300
2015-02-16,8790.0,8790.0,8925.9501953125,8776.4501953125,8837.099609375,233100
2015-02-18,8806.5,8806.5,8866.599609375,8761.7998046875,8787.5,271000
2015-02-19,8831.5,8831.5,8850.2998046875,8700.349609375,8838.5,281800
2015-02-20,8669.7998046875,8669.7998046875,8807.7001953125,8659.7001953125,8803.75,251500
2015-02-23,8551.4501953125,8551.4501953125,8695.599609375,8527.400390625,8659.7001953125,291600
2015-02-24,8470.0,8470.0,8579.9501953125,8432.5,8571.25,343900
2015-02-25,8467.0,8467.0,8593.849609375,8454.5498046875,8524.599609375,271800
2015-02-26,8506.599609375,8506.599609375,8536.9501953125,8420.150390625,8499.900390625,554100
2015-02-27,8661.0498046875,8661.0498046875,8680.5,8509.349609375,8537.599609375,409800
2015-03-02,8711.7001953125,8711.7001953125,8791.5,8666.349609375,8747.150390625,335300
2015-03-03,8861.849609375,8861.849609375,8893.4501953125,8688.9501953125,8729.4501953125,300500
2015-03-04,8746.0498046875,8746.0498046875,8928.849609375,8699.650390625,8914.25,350300
2015-03-05,8743.25,8743.25,8765.349609375,8675.150390625,8759.9501953125,250000
2015-03-09,8551.5,8551.5,8718.25,8529.0,8712.5,263800
2015-03-10,8465.9501953125,8465.9501953125,8568.0,8417.75,8568.0,272300
2015-03-11,8430.900390625,8430.900390625,8509.599609375,8413.400390625,8477.4501953125,254700
2015-03-12,8543.0498046875,8543.0498046875,8565.0,8457.0,8457.0,413100
2015-03-13,8430.599609375,8430.599609375,8592.25,8415.150390625,8587.9501953125,346200
2015-03-16,8364.0498046875,8364.0498046875,8444.099609375,8350.2001953125,8436.25,287600
2015-03-17,8468.9501953125,8468.9501953125,8490.900390625,8361.2001953125,8411.7998046875,257800
2015-03-18,8476.75,8476.75,8499.5,8426.9501953125,8473.2001953125,395300
2015-03-19,8436.7998046875,8436.7998046875,8554.650390625,8426.2001953125,8527.0,405000
2015-03-20,8355.25,8355.25,8404.9501953125,8314.849609375,8390.099609375,353300
2015-03-23,8335.2001953125,8335.2001953125,8421.2998046875,8319.900390625,8377.099609375,253800
2015-03-24,8387.0498046875,8387.0498046875,8429.7998046875,8317.0,8317.0,248900
2015-03-25,8319.099609375,8319.099609375,8417.7001953125,8303.099609375,8414.900390625,340600
2015-03-26,8196.099609375,8196.099609375,8344.9501953125,8181.4501953125,8310.349609375,586100
2015-03-27,8116.5,8116.5,8241.599609375,8056.5498046875,8234.5498046875,288300
2015-03-30,8183.7001953125,8183.7001953125,8210.25,8065.89990234375,8148.85009765625,271300
2015-03-31,8264.25,8264.25,8339.75,8217.099609375,8232.9501953125,382100
2015-04-01,8313.150390625,8313.150390625,8328.75,8221.349609375,8264.9501953125,196600
2015-04-06,8372.349609375,8372.349609375,8387.5498046875,8289.2998046875,8332.599609375,248400
2015-04-07,8436.599609375,8436.599609375,8449.0,8367.0498046875,8403.2001953125,240700
2015-04-08,8568.9501953125,8568.9501953125,8586.0498046875,8426.9501953125,8438.5,275500
2015-04-09,8688.25,8688.25,8700.0498046875,8516.349609375,8587.75,248200
2015-04-10,8740.099609375,8740.099609375,8764.349609375,8680.5,8692.349609375,334100
2015-04-13,8849.900390625,8849.900390625,8858.400390625,8703.400390625,8765.400390625,234300
2015-04-15,8838.0498046875,8838.0498046875,8980.349609375,8791.0,8843.650390625,299500
2015-04-16,8910.650390625,8910.650390625,8942.0,8828.349609375,8844.849609375,265200
2015-04-17,8900.2998046875,8900.2998046875,9002.400390625,8883.0,8945.599609375,249300
2015-04-20,8657.099609375,8657.099609375,8955.0,8618.9501953125,8955.0,243600
2015-04-21,8563.650390625,8563.650390625,8746.4501953125,8542.2001953125,8685.650390625,216300
2015-04-22,8548.2001953125,8548.2001953125,8634.9501953125,8465.4501953125,8598.150390625,259800
2015-04-23,8495.849609375,8495.849609375,8622.900390625,8454.5498046875,8598.2001953125,212600
2015-04-24,8509.7998046875,8509.7998046875,8562.2001953125,8431.25,8490.349609375,262800
2015-04-27,8386.150390625,8386.150390625,8531.5,8364.2998046875,8528.849609375,203900
2015-04-28,8380.849609375,8380.849609375,8466.400390625,8307.75,8378.9501953125,240200
2015-04-29,8302.2998046875,8302.2998046875,8404.599609375,8279.25,8367.75,205500
2015-04-30,8331.75,8331.75,8365.4501953125,8281.5,8300.5,433300
2015-05-04,8620.650390625,8620.650390625,8647.650390625,8358.900390625,8382.2001953125,289100
2015-05-05,8663.2998046875,8663.2998046875,8708.5498046875,8566.849609375,8635.150390625,380200
2015-05-06,8437.150390625,8437.150390625,8646.150390625,8421.849609375,8631.5,372500
2015-05-07,8318.4501953125,8318.4501953125,8436.349609375,8249.7001953125,8412.9501953125,298800
2015-05-08,8397.099609375,8397.099609375,8425.7001953125,8321.349609375,8354.099609375,229300
2015-05-11,8489.849609375,8489.849609375,8498.4501953125,8398.900390625,8435.0,201500
2015-05-12,8239.2001953125,8239.2001953125,8493.849609375,8216.9501953125,8493.849609375,283700
2015-05-13,8342.25,8342.25,8360.349609375,8144.0498046875,8286.650390625,348800
2015-05-14,8352.0498046875,8352.0498046875,8364.599609375,8274.9501953125,8359.400390625,279300
2015-05-15,8333.25,8333.25,8418.4501953125,8314.7998046875,8378.7001953125,199400
2015-05-18,8472.099609375,8472.099609375,8484.849609375,8352.650390625,8364.7001953125,296400
2015-05-19,8454.849609375,8454.849609375,8516.900390625,8410.4501953125,8458.0498046875,276800
2015-05-20,8510.150390625,8510.150390625,8538.900390625,8479.599609375,8503.4501953125,274500
2015-05-21,8454.400390625,8454.400390625,8540.849609375,8436.4501953125,8537.150390625,177100
2015-05-22,8520.650390625,8520.650390625,8532.900390625,8457.2001953125,8482.7998046875,198800
2015-05-25,8504.650390625,8504.650390625,8564.900390625,8485.5,8510.849609375,195300
2015-05-26,8415.349609375,8415.349609375,8516.4501953125,8407.75,8514.849609375,207700
2015-05-27,8481.099609375,8481.099609375,8492.4501953125,8387.5,8424.5498046875,289400
2015-05-28,8429.400390625,8429.400390625,8536.4501953125,8411.5498046875,8497.150390625,453000
2015-05-29,8488.099609375,8488.099609375,8508.099609375,8376.25,8410.099609375,880800
2015-06-01,8591.9501953125,8591.9501953125,8614.5,8503.2001953125,8521.2001953125,291000
2015-06-02,8530.599609375,8530.599609375,8664.349609375,8506.0,8620.900390625,256500
2015-06-03,8404.0498046875,8404.0498046875,8573.900390625,8385.900390625,8528.599609375,476100
2015-06-04,8460.0,8460.0,8474.2998046875,8381.099609375,8450.5498046875,363300
2015-06-05,8502.349609375,8502.349609375,8557.849609375,8434.4501953125,8444.0,308000
2015-06-08,8386.75,8386.75,8517.599609375,8376.7001953125,8513.4501953125,303500
2015-06-09,8367.9501953125,8367.9501953125,8398.849609375,8325.349609375,8363.5,257600
2015-06-10,8503.650390625,8503.650390625,8543.349609375,8381.5,8384.7998046875,302500
2015-06-11,8311.0,8311.0,8520.2001953125,8302.0498046875,8516.0498046875,296300
2015-06-12,8374.099609375,8374.099609375,8391.7998046875,8312.4501953125,8312.4501953125,265400
2015-06-15,8418.25,8418.25,8451.599609375,8352.099609375,8400.599609375,339500
2015-06-16,8452.2001953125,8452.2001953125,8464.4501953125,8355.099609375,8400.5,267900
2015-06-17,8537.150390625,8537.150390625,8597.099609375,8385.650390625,8457.7998046875,291300
2015-06-18,8792.400390625,8792.400390625,8809.4501953125,8545.7001953125,8549.5498046875,361600
2015-06-19,8879.849609375,8879.849609375,8927.2998046875,8821.7998046875,8823.0,382400
2015-06-22,8896.5498046875,8896.5498046875,8931.5,8839.75,8898.900390625,227600
2015-06-23,8934.9501953125,8934.9501953125,8969.150390625,8888.2998046875,8903.7998046875,242300
2015-06-24,8881.75,8881.75,8988.5498046875,8849.599609375,8943.599609375,223500
2015-06-25,8953.0498046875,8953.0498046875,8972.7001953125,8842.7998046875,8856.7001953125,505700
2015-06-26,8910.900390625,8910.900390625,8984.849609375,8879.650390625,8923.75,286800
2015-06-29,8854.849609375,8854.849609375,8873.099609375,8736.099609375,8805.099609375,236600
2015-06-30,8892.9501953125,8892.9501953125,8905.0498046875,8825.849609375,8851.7001953125,267600
2015-07-01,8970.650390625,8970.650390625,9001.900390625,8894.5,8894.5,218100
2015-07-02,8986.150390625,8986.150390625,9048.75,8968.7998046875,8994.349609375,235300
2015-07-03,8969.400390625,8969.400390625,9029.5498046875,8960.5498046875,8983.099609375,211600
2015-07-06,9012.2001953125,9012.2001953125,9028.7001953125,8880.2998046875,8880.2998046875,201600
2015-07-07,8913.849609375,8913.849609375,9034.4501953125,8900.900390625,9007.849609375,292700
2015-07-08,8820.4501953125,8820.4501953125,8930.099609375,8790.7001953125,8845.2998046875,332200
2015-07-09,8701.099609375,8701.099609375,8845.75,8683.25,8818.0,282300
2015-07-10,8743.849609375,8743.849609375,8759.5,8686.900390625,8731.4501953125,417200
2015-07-13,8820.5498046875,8820.5498046875,8833.7998046875,8711.9501953125,8762.099609375,237100
2015-07-14,8797.75,8797.75,8862.5498046875,8781.349609375,8834.400390625,193600
2015-07-15,8850.9501953125,8850.9501953125,8888.7001953125,8813.25,8813.25,195000
2015-07-16,8938.5,8938.5,8958.400390625,8867.2998046875,8867.2998046875,194100
2015-07-17,8950.900390625,8950.900390625,8991.7998046875,8926.099609375,8958.599609375,180800
2015-07-20,8960.75,8960.75,8981.849609375,8920.900390625,8981.849609375,149800
2015-07-21,8803.5498046875,8803.5498046875,8981.9501953125,8779.599609375,8975.400390625,164700
2015-07-22,9055.400390625,9055.400390625,9072.9501953125,8785.9501953125,8785.9501953125,232200
2015-07-23,9045.0,9045.0,9149.349609375,9014.2998046875,9081.599609375,309000
2015-07-24,8936.75,8936.75,9054.2998046875,8922.400390625,9048.2998046875,221700
2015-07-27,8747.0,8747.0,8937.349609375,8726.7001953125,8925.0498046875,267400
2015-07-28,8757.900390625,8757.900390625,8788.9501953125,8669.0498046875,8764.4501953125,235800
2015-07-29,8669.099609375,8669.099609375,8763.7001953125,8654.650390625,8758.599609375,311400
2015-07-30,8716.0498046875,8716.0498046875,8749.4501953125,8688.25,8700.4501953125,324300
2015-07-31,8711.849609375,8711.849609375,8768.25,8685.7998046875,8728.75,261100
2015-08-03,8698.400390625,8698.400390625,8759.099609375,8682.7001953125,8716.150390625,217800
2015-08-04,8609.2001953125,8609.2001953125,8710.2998046875,8564.9501953125,8710.2998046875,252100
2015-08-05,8629.7001953125,8629.7001953125,8689.2998046875,8613.900390625,8629.7001953125,204800
2015-08-06,8593.5,8593.5,8662.75,8586.4501953125,8657.400390625,263100
2015-08-07,8662.7001953125,8662.7001953125,8700.7001953125,8589.7998046875,8589.7998046875,323300
2015-08-10,8537.25,8537.25,8718.599609375,8510.099609375,8680.849609375,196000
2015-08-11,8475.099609375,8475.099609375,8566.400390625,8444.0,8566.400390625,259000
2015-08-12,8275.5498046875,8275.5498046875,8457.150390625,8262.5498046875,8457.150390625,306000
2015-08-13,8254.650390625,8254.650390625,8351.2001953125,8226.900390625,8301.650390625,436900
2015-08-14,8409.650390625,8409.650390625,8457.7998046875,8261.150390625,8305.400390625,213000
2015-08-17,8299.2001953125,8299.2001953125,8409.0,8273.7998046875,8409.0,189100
2015-08-18,8253.0,8253.0,8344.650390625,8243.4501953125,8344.650390625,193400
2015-08-19,8275.349609375,8275.349609375,8330.5498046875,8210.75,8253.7001953125,187500
2015-08-20,8077.64990234375,8077.64990234375,8277.25,8068.10009765625,8277.25,298300
2015-08-21,7998.60009765625,7998.60009765625,8012.85009765625,7919.7998046875,8008.7001953125,311500
2015-08-24,7333.85009765625,7333.85009765625,7783.14990234375,7279.5,7783.14990234375,827700
2015-08-25,7463.89990234375,7463.89990234375,7527.7001953125,7246.25,7419.9501953125,796300
2015-08-26,7476.60009765625,7476.60009765625,7671.64990234375,7414.64990234375,7462.60009765625,444900
2015-08-27,7634.60009765625,7634.60009765625,7682.35009765625,7542.14990234375,7612.14990234375,613800
2015-08-28,7727.85009765625,7727.85009765625,7808.39990234375,7661.25,7732.2998046875,436600
2015-08-31,7645.5,7645.5,7770.60009765625,7628.60009765625,7744.2998046875,394000
2015-09-01,7511.64990234375,7511.64990234375,7629.0,7491.0,7626.85009765625,437400
2015-09-02,7441.5,7441.5,7576.4501953125,7429.39990234375,7576.4501953125,345900
2015-09-03,7510.60009765625,7510.60009765625,7533.14990234375,7443.35009765625,7483.10009765625,232400
2015-09-04,7360.89990234375,7360.89990234375,7497.75,7276.75,7497.75,411700
2015-09-07,7299.14990234375,7299.14990234375,7391.4501953125,7287.4501953125,7371.7001953125,266000
2015-09-08,7428.64990234375,7428.64990234375,7450.5,7286.89990234375,7327.39990234375,295100
2015-09-09,7586.2001953125,7586.2001953125,7608.10009765625,7467.5498046875,7547.5498046875,399900
2015-09-10,7536.85009765625,7536.85009765625,7563.5498046875,7457.25,7496.9501953125,277300
2015-09-11,7511.39990234375,7511.39990234375,7625.89990234375,7491.75,7579.10009765625,208900
2015-09-14,7615.39990234375,7615.39990234375,7625.2998046875,7488.4501953125,7537.7998046875,243400
2015-09-15,7633.60009765625,7633.60009765625,7645.5498046875,7575.2001953125,7613.10009765625,226100
2015-09-16,7667.10009765625,7667.10009765625,7685.0,7611.7001953125,7681.64990234375,211100
2015-09-18,7805.0,7805.0,7824.7998046875,7709.0,7710.2001953125,444900
2015-09-21,7756.10009765625,7756.10009765625,7782.89990234375,7711.0498046875,7711.0498046875,236500
2015-09-22,7543.7998046875,7543.7998046875,7799.10009765625,7508.7998046875,7789.9501953125,283700
2015-09-23,7571.4501953125,7571.4501953125,7591.60009765625,7480.5498046875,7489.25,218200
2015-09-24,7491.10009765625,7491.10009765625,7570.0498046875,7473.25,7570.0498046875,444100
2015-09-28,7473.64990234375,7473.64990234375,7543.4501953125,7443.89990234375,7509.5,159800
2015-09-29,7481.0498046875,7481.0498046875,7546.2001953125,7360.14990234375,7415.39990234375,227700
2015-09-30,7640.89990234375,7640.89990234375,7659.25,7491.7001953125,7549.75,256000
2015-10-01,7648.5498046875,7648.5498046875,7708.0,7623.89990234375,7708.0,166800
2015-10-05,7823.9501953125,7823.9501953125,7838.35009765625,7654.14990234375,7669.9501953125,194900
2015-10-06,7923.60009765625,7923.60009765625,7943.85009765625,7835.14990234375,7874.25,267800
2015-10-07,8040.5,8040.5,8059.10009765625,7916.75,7928.89990234375,245000
2015-10-08,7926.14990234375,7926.14990234375,8062.2001953125,7899.14990234375,8062.2001953125,183300
2015-10-09,7936.2998046875,7936.2998046875,8033.0498046875,7887.39990234375,7975.75,191900
2015-10-12,7968.0,7968.0,8020.89990234375,7948.5498046875,7955.7998046875,185500
2015-10-13,7941.2998046875,7941.2998046875,7982.2998046875,7892.5498046875,7932.25,146500
2015-10-14,7961.75,7961.75,8015.9501953125,7940.39990234375,7954.5,150000
2015-10-15,8035.7001953125,8035.7001953125,8046.85009765625,7993.0498046875,8004.5,174200
2015-10-16,8112.5,8112.5,8129.2001953125,8035.89990234375,8062.64990234375,345800
2015-10-19,8289.150390625,8289.150390625,8305.0,8228.0498046875,8228.0498046875,211700
2015-10-20,8250.0498046875,8250.0498046875,8307.4501953125,8234.900390625,8289.599609375,274700
2015-10-21,8225.650390625,8225.650390625,8325.0,8214.25,8245.0498046875,193500
2015-10-23,8278.650390625,8278.650390625,8365.7998046875,8269.650390625,8288.0498046875,221700
2015-10-26,8207.150390625,8207.150390625,8314.400390625,8199.150390625,8309.2998046875,167300
2015-10-27,8152.9501953125,8152.9501953125,8208.2998046875,8138.4501953125,8167.4501953125,265900
2015-10-28,8109.7998046875,8109.7998046875,8134.5498046875,8074.75,8129.85009765625,247200
2015-10-29,8064.5,8064.5,8122.7001953125,8039.2998046875,8122.7001953125,403000
2015-10-30,8099.35009765625,8099.35009765625,8186.35009765625,8045.7998046875,8071.2998046875,316700
2015-11-02,8153.64990234375,8153.64990234375,8165.4501953125,8040.0,8107.89990234375,200800
2015-11-03,8231.25,8231.25,8238.650390625,8162.2998046875,8181.5498046875,263800
2015-11-04,8178.0498046875,8178.0498046875,8286.0498046875,8159.14990234375,8250.349609375,248300
2015-11-05,8107.2001953125,8107.2001953125,8194.2001953125,8090.35009765625,8165.0498046875,246300
2015-11-06,8168.4501953125,8168.4501953125,8201.5,8087.14990234375,8133.5498046875,223600
2015-11-09,8175.25,8175.25,8197.5,7977.4501953125,8019.39990234375,278100
2015-11-10,7885.60009765625,7885.60009765625,8145.89990234375,7865.14990234375,8131.4501953125,242200
2015-11-13,7932.60009765625,7932.60009765625,7948.5498046875,7846.2001953125,7862.10009765625,204500
2015-11-16,7943.60009765625,7943.60009765625,7974.75,7867.35009765625,7894.25,229700
2015-11-17,7940.4501953125,7940.4501953125,7981.35009765625,7910.5498046875,7972.4501953125,182600
2015-11-18,7880.0498046875,7880.0498046875,7976.0498046875,7867.9501953125,7936.0498046875,197300
2015-11-19,8030.35009765625,8030.35009765625,8039.25,7905.60009765625,7937.2998046875,158200
2015-11-20,8126.35009765625,8126.35009765625,8171.9501953125,8012.75,8030.64990234375,255000
2015-11-23,8149.75,8149.75,8172.7998046875,8103.7001953125,8143.2001953125,175700
2015-11-24,8206.7001953125,8206.7001953125,8263.150390625,8128.0,8144.5498046875,207500
2015-11-26,8324.75,8324.75,8338.7998046875,8198.5,8221.0,347200
2015-11-27,8285.4501953125,8285.4501953125,8350.650390625,8245.5,8344.5,176200
2015-11-30,8242.75,8242.75,8312.7998046875,8220.75,8280.650390625,361800
2015-12-01,8288.349609375,8288.349609375,8351.2001953125,8246.849609375,8246.849609375,197300
2015-12-02,8331.9501953125,8331.9501953125,8343.4501953125,8288.900390625,8303.099609375,129400
2015-12-03,8278.25,8278.25,8364.4501953125,8257.2998046875,8304.5,185400
2015-12-04,8171.7001953125,8171.7001953125,8262.150390625,8164.85009765625,8232.75,177000
2015-12-07,8114.35009765625,8114.35009765625,8208.400390625,8090.64990234375,8188.0498046875,171700
2015-12-08,7990.7998046875,7990.7998046875,8109.39990234375,7967.35009765625,8088.35009765625,212400
2015-12-09,7849.4501953125,7849.4501953125,7988.4501953125,7837.35009765625,7971.0498046875,194800
2015-12-10,8046.10009765625,8046.10009765625,8058.89990234375,7869.2998046875,7880.2998046875,216300
2015-12-11,8002.7998046875,8002.7998046875,8077.7001953125,7963.10009765625,8054.5,240300
2015-12-14,7997.0498046875,7997.0498046875,8038.9501953125,7939.64990234375,7958.75,165100
2015-12-15,8102.2998046875,8102.2998046875,8110.10009765625,8002.0498046875,8010.89990234375,170500
2015-12-16,8213.849609375,8213.849609375,8259.150390625,8131.7998046875,8131.7998046875,250400
2015-12-17,8356.650390625,8356.650390625,8372.75,8196.0,8236.4501953125,272000
2015-12-18,8277.7998046875,8277.7998046875,8354.7998046875,8267.4501953125,8326.599609375,407600
2015-12-21,8343.75,8343.75,8365.150390625,8260.099609375,8265.75,199000
2015-12-22,8325.5,8325.5,8414.4501953125,8308.7998046875,8353.9501953125,228100
2015-12-23,8458.4501953125,8458.4501953125,8465.400390625,8364.0,8364.0,187500
2015-12-24,8454.900390625,8454.900390625,8497.7001953125,8438.0498046875,8472.9501953125,151900
2015-12-28,8552.7001953125,8552.7001953125,8568.7001953125,8462.150390625,8462.150390625,233400
2015-12-29,8568.400390625,8568.400390625,8600.25,8532.7001953125,8562.5,278800
2015-12-30,8517.25,8517.25,8576.0,8504.599609375,8566.4501953125,213200
2015-12-31,8584.099609375,8584.099609375,8606.400390625,8483.150390625,8512.0498046875,375600
2016-01-01,8594.7001953125,8594.7001953125,8610.5498046875,8544.4501953125,8562.0498046875,106700
2016-01-04,8468.599609375,8468.599609375,8623.099609375,8427.5,8532.9501953125,231200
2016-01-05,8555.0,8555.0,8580.0,8492.9501953125,8510.5,200200
2016-01-06,8662.4501953125,8662.4501953125,8703.75,8505.599609375,8564.0,266100
2016-01-07,8454.4501953125,8454.4501953125,8588.7998046875,8431.25,8567.349609375,291900
2016-01-08,8586.2001953125,8586.2001953125,8607.2998046875,8505.75,8514.25,288200
2016-01-11,8656.599609375,8656.599609375,8699.5498046875,8467.7001953125,8503.5498046875,324600
2016-01-12,8616.400390625,8616.400390625,8725.25,8599.2998046875,8673.900390625,258900
2016-01-13,8734.650390625,8734.650390625,8780.2998046875,8540.75,8675.4501953125,394400
2016-01-14,8671.7001953125,8671.7001953125,8775.0,8559.0498046875,8634.650390625,289800
2016-01-15,8607.5498046875,8607.5498046875,8758.349609375,8573.2998046875,8717.9501953125,320700
2016-01-18,8289.150390625,8289.150390625,8643.099609375,8249.75,8598.2001953125,320300
2016-01-19,8416.7998046875,8416.7998046875,8461.7998046875,8278.599609375,8356.75,263500
2016-01-20,8179.10009765625,8179.10009765625,8339.349609375,8082.25,8339.349609375,407200
2016-01-21,8046.35009765625,8046.35009765625,8314.650390625,8020.25,8251.7998046875,345100
2016-01-22,8242.7998046875,8242.7998046875,8262.25,8128.64990234375,8141.35009765625,313500
2016-01-25,8230.9501953125,8230.9501953125,8318.7998046875,8195.150390625,8302.5498046875,302800
2016-01-27,8264.2998046875,8264.2998046875,8326.599609375,8221.400390625,8269.5,343100
2016-01-28,8381.2998046875,8381.2998046875,8403.5,8273.0,8284.0498046875,574700
2016-01-29,8516.849609375,8516.849609375,8549.0,8407.9501953125,8407.9501953125,474700
2016-02-01,8470.75,8470.75,8543.349609375,8437.5498046875,8543.349609375,261800
2016-02-02,8234.7001953125,8234.7001953125,8454.150390625,8187.10009765625,8445.7998046875,349500
2016-02-03,8069.64990234375,8069.64990234375,8159.60009765625,8039.35009765625,8128.2001953125,295300
2016-02-04,8063.10009765625,8063.10009765625,8203.7001953125,8013.25,8150.4501953125,380000
2016-02-05,8057.5,8057.5,8106.39990234375,8008.25,8093.7001953125,282900
2016-02-08,7947.35009765625,7947.35009765625,8120.4501953125,7926.2001953125,8057.64990234375,187100
2016-02-09,7961.10009765625,7961.10009765625,8001.35009765625,7856.85009765625,7870.85009765625,236000
2016-02-10,7949.4501953125,7949.4501953125,7990.14990234375,7870.89990234375,7903.10009765625,238600
2016-02-11,7634.5,7634.5,7946.0498046875,7605.9501953125,7945.89990234375,279100
2016-02-12,7513.25,7513.25,7675.5498046875,7378.10009765625,7675.5498046875,426300
2016-02-15,7780.75,7780.75,7807.7998046875,7637.9501953125,7637.9501953125,417600
2016-02-16,7673.2001953125,7673.2001953125,7881.25,7633.60009765625,7843.35009765625,355500
2016-02-17,7796.10009765625,7796.10009765625,7813.85009765625,7602.60009765625,7704.64990234375,312300
2016-02-18,7803.2001953125,7803.2001953125,7920.7001953125,7746.5498046875,7879.7001953125,312700
2016-02-19,7798.75,7798.75,7831.39990234375,7749.2998046875,7784.5498046875,225400
2016-02-22,7862.14990234375,7862.14990234375,7902.0498046875,7809.35009765625,7820.4501953125,170300
2016-02-23,7726.10009765625,7726.10009765625,7864.85009765625,7693.9501953125,7852.25,279300
2016-02-24,7728.2001953125,7728.2001953125,7777.75,7679.0,7695.10009765625,406300
2016-02-25,7652.10009765625,7652.10009765625,7757.35009765625,7632.7001953125,7746.7998046875,722400
2016-02-26,7713.10009765625,7713.10009765625,7745.5498046875,7654.25,7727.2998046875,270400
2016-02-29,7664.85009765625,7664.85009765625,7897.64990234375,7569.5498046875,7727.10009765625,636000
2016-03-01,7822.7998046875,7822.7998046875,7840.39990234375,7670.4501953125,7672.9501953125,450500
2016-03-02,7955.35009765625,7955.35009765625,7999.10009765625,7886.0498046875,7908.0,412300
2016-03-03,8040.2998046875,8040.2998046875,8055.89990234375,7944.7998046875,8010.60009765625,370900
2016-03-04,8057.75,8057.75,8088.0,8008.5,8065.10009765625,536300
2016-03-08,8177.60009765625,8177.60009765625,8203.75,8077.10009765625,8077.10009765625,432900
2016-03-09,8225.349609375,8225.349609375,8235.9501953125,8130.5,8130.7001953125,320900
2016-03-10,8096.85009765625,8096.85009765625,8259.2001953125,8087.2998046875,8257.0,340200
2016-03-11,8110.14990234375,8110.14990234375,8204.150390625,8083.5,8119.2001953125,304700
2016-03-14,8159.5498046875,8159.5498046875,8186.60009765625,8119.0,8152.60009765625,226000
2016-03-15,8171.2001953125,8171.2001953125,8191.39990234375,8142.25,8164.0498046875,290300
2016-03-16,8168.14990234375,8168.14990234375,8206.25,8094.35009765625,8177.0,268200
2016-03-17,8229.099609375,8229.099609375,8313.599609375,8200.150390625,8227.849609375,385900
2016-03-18,8276.75,8276.75,8294.400390625,8235.150390625,8248.7998046875,350000
2016-03-21,8349.9501953125,8349.9501953125,8365.25,8276.650390625,8286.900390625,217400
2016-03-22,8406.25,8406.25,8437.75,8346.75,8351.650390625,331300
2016-03-23,8309.2998046875,8309.2998046875,8412.7001953125,8289.9501953125,8412.7001953125,321800
2016-03-28,8286.0,8286.0,8332.25,8268.7001953125,8328.849609375,294100
2016-03-29,8323.0498046875,8323.0498046875,8376.150390625,8298.599609375,8315.5498046875,295300
2016-03-30,8459.900390625,8459.900390625,8474.25,8368.2001953125,8368.2001953125,302100
2016-03-31,8424.599609375,8424.599609375,8503.5498046875,8385.650390625,8426.150390625,730800
2016-04-01,8347.75,8347.75,8424.599609375,8310.2998046875,8404.25,275400
2016-04-04,8371.75,8371.75,8396.2998046875,8314.2998046875,8383.150390625,259400
2016-04-05,8294.849609375,8294.849609375,8420.099609375,8281.2998046875,8369.5,278900
2016-04-06,8340.2001953125,8340.2001953125,8353.099609375,8263.7998046875,8343.2001953125,271400
2016-04-07,8350.9501953125,8350.9501953125,8402.349609375,8302.4501953125,8379.599609375,822200
2016-04-08,8400.4501953125,8400.4501953125,8444.7001953125,8327.75,8357.7001953125,318400
2016-04-11,8484.099609375,8484.099609375,8492.9501953125,8403.2998046875,8410.5498046875,297200
2016-04-12,8554.0498046875,8554.0498046875,8583.099609375,8489.400390625,8494.599609375,296300
2016-04-13,8678.0498046875,8678.0498046875,8694.7001953125,8617.7998046875,8620.5498046875,339500
2016-04-18,8694.900390625,8694.900390625,8710.7998046875,8603.650390625,8674.9501953125,297900
2016-04-20,8610.349609375,8610.349609375,8717.0,8595.75,8717.0,300800
2016-04-21,8641.900390625,8641.900390625,8714.2001953125,8600.099609375,8650.849609375,264000
2016-04-22,8659.0,8659.0,8675.599609375,8607.75,8633.849609375,212300
2016-04-25,8523.4501953125,8523.4501953125,8668.400390625,8479.9501953125,8668.400390625,304900
2016-04-26,8554.650390625,8554.650390625,8596.5498046875,8485.7998046875,8510.9501953125,308700
2016-04-27,8609.349609375,8609.349609375,8641.650390625,8558.599609375,8562.400390625,245300
2016-04-28,8410.7998046875,8410.7998046875,8613.25,8386.099609375,8591.150390625,496800
2016-04-29,8404.650390625,8404.650390625,8457.25,8337.2998046875,8408.349609375,254200
2016-05-02,8419.099609375,8419.099609375,8441.650390625,8374.25,8398.599609375,197200
2016-05-03,8341.900390625,8341.900390625,8483.099609375,8324.9501953125,8435.0,314300
2016-05-04,8306.7001953125,8306.7001953125,8364.7998046875,8289.0,8316.400390625,245000
2016-05-05,8289.0498046875,8289.0498046875,8327.7001953125,8260.0498046875,8323.7998046875,214400
2016-05-06,8299.9501953125,8299.9501953125,8311.2001953125,8238.5498046875,8273.099609375,227900
2016-05-09,8395.75,8395.75,8406.2001953125,8327.5498046875,8340.7998046875,272500
2016-05-10,8340.2001953125,8340.2001953125,8402.650390625,8323.849609375,8402.650390625,216300
2016-05-11,8288.349609375,8288.349609375,8326.5498046875,8245.7001953125,8274.349609375,219200
2016-05-12,8380.0498046875,8380.0498046875,8391.150390625,8303.0498046875,8303.0498046875,220600
2016-05-13,8303.7001953125,8303.7001953125,8365.9501953125,8278.0,8350.7001953125,234800
2016-05-16,8276.75,8276.75,8316.4501953125,8239.400390625,8305.25,263100
2016-05-17,8290.9501953125,8290.9501953125,8353.599609375,8280.099609375,8331.9501953125,356800
2016-05-18,8287.0,8287.0,8337.2998046875,8261.0498046875,8267.0,234900
2016-05-19,8186.35009765625,8186.35009765625,8288.849609375,8162.10009765625,8283.2001953125,234200
2016-05-20,8131.75,8131.75,8229.150390625,8118.2001953125,8204.0,209300
2016-05-23,8105.5498046875,8105.5498046875,8176.14990234375,8099.5498046875,8173.25,250000
2016-05-24,8118.0,8118.0,8161.4501953125,8096.85009765625,8106.0,259500
2016-05-25,8260.150390625,8260.150390625,8272.5,8160.10009765625,8187.7001953125,194300
2016-05-26,8280.849609375,8280.849609375,8304.25,8224.4501953125,8266.400390625,396800
2016-05-27,8454.0,8454.0,8498.599609375,8331.849609375,8331.849609375,451500
2016-05-30,8450.9501953125,8450.9501953125,8508.0,8401.349609375,8479.5498046875,317100
2016-05-31,8373.2001953125,8373.2001953125,8476.0,8360.2001953125,8460.9501953125,823100
2016-06-01,8363.9501953125,8363.9501953125,8428.0498046875,8352.650390625,8398.650390625,241600
2016-06-02,8401.650390625,8401.650390625,8415.099609375,8317.849609375,8359.9501953125,217700
2016-06-03,8447.0,8447.0,8467.9501953125,8418.0,8432.349609375,249900
2016-06-06,8397.150390625,8397.150390625,8464.900390625,8383.7001953125,8445.7998046875,164200
2016-06-07,8400.2001953125,8400.2001953125,8446.900390625,8387.25,8428.0,250300
2016-06-08,8428.349609375,8428.349609375,8444.849609375,8393.900390625,8422.4501953125,209100
2016-06-09,8546.25,8546.25,8587.849609375,8469.349609375,8469.7998046875,319900
2016-06-10,8546.900390625,8546.900390625,8630.5,8507.9501953125,8553.599609375,222400
2016-06-13,8527.900390625,8527.900390625,8537.400390625,8441.099609375,8493.75,245900
2016-06-14,8481.849609375,8481.849609375,8544.849609375,8446.7001953125,8541.650390625,186400
2016-06-15,8609.0498046875,8609.0498046875,8618.400390625,8512.25,8513.0,201500
2016-06-16,8557.5,8557.5,8604.0,8487.099609375,8594.2998046875,208900
2016-06-17,8551.599609375,8551.599609375,8587.7998046875,8510.9501953125,8574.349609375,263300
2016-06-20,8633.2001953125,8633.2001953125,8649.400390625,8501.7998046875,8522.9501953125,196800
2016-06-21,8616.5498046875,8616.5498046875,8660.75,8580.150390625,8660.75,220100
2016-06-22,8592.099609375,8592.099609375,8621.7998046875,8561.25,8614.7998046875,178500
2016-06-23,8602.5,8602.5,8609.650390625,8493.849609375,8563.7001953125,272400
2016-06-24,8428.2998046875,8428.2998046875,8450.650390625,8280.0498046875,8450.650390625,273000
2016-06-27,8472.650390625,8472.650390625,8504.9501953125,8353.5,8353.5,182500
2016-06-28,8512.900390625,8512.900390625,8529.650390625,8483.150390625,8493.650390625,208400
2016-06-29,8626.0498046875,8626.0498046875,8639.75,8529.2998046875,8542.0,244300
2016-06-30,8705.099609375,8705.099609375,8737.849609375,8647.599609375,8665.900390625,470800
2016-07-01,8849.2998046875,8849.2998046875,8867.2001953125,8724.650390625,8728.849609375,375300
2016-07-04,8954.849609375,8954.849609375,8989.349609375,8889.400390625,8889.400390625,337600
2016-07-05,8911.25,8911.25,9025.349609375,8902.5498046875,8947.0498046875,262300
2016-07-07,8888.7001953125,8888.7001953125,8937.7001953125,8866.7001953125,8910.900390625,266300
2016-07-08,8825.5,8825.5,8881.25,8811.849609375,8875.2001953125,218900
2016-07-11,8963.4501953125,8963.4501953125,8999.0,8915.9501953125,8923.7998046875,297500
2016-07-12,9025.150390625,9025.150390625,9055.599609375,8977.349609375,8978.7998046875,380500
2016-07-13,9039.900390625,9039.900390625,9148.5498046875,9025.650390625,9071.2998046875,562400
2016-07-14,9063.400390625,9063.400390625,9080.150390625,9019.349609375,9043.4501953125,326700
2016-07-15,9067.4501953125,9067.4501953125,9100.2998046875,8999.4501953125,8999.4501953125,490400
2016-07-18,8965.2998046875,8965.2998046875,9160.5498046875,8941.400390625,9125.650390625,315100
2016-07-19,9104.0,9104.0,9135.349609375,8931.099609375,8963.900390625,344600
2016-07-20,9199.7001953125,9199.7001953125,9223.2001953125,9120.150390625,9120.150390625,380600
2016-07-21,9103.9501953125,9103.9501953125,9269.7001953125,9095.0,9269.7001953125,327300
2016-07-22,9207.150390625,9207.150390625,9218.099609375,9092.849609375,9120.5,427500
2016-07-25,9326.2998046875,9326.2998046875,9337.7001953125,9197.25,9218.7998046875,396800
2016-07-26,9310.400390625,9310.400390625,9378.5,9289.5498046875,9342.650390625,308700
2016-07-27,9286.5,9286.5,9389.599609375,9262.349609375,9321.599609375,291000
2016-07-28,9328.0498046875,9328.0498046875,9348.2001953125,9286.400390625,9300.150390625,622400
2016-07-29,9311.849609375,9311.849609375,9363.2001953125,9292.099609375,9333.5498046875,339000
2016-08-01,9296.2998046875,9296.2998046875,9379.150390625,9246.75,9351.400390625,296000
2016-08-02,9298.349609375,9298.349609375,9357.349609375,9272.9501953125,9305.2998046875,291000
2016-08-03,9167.150390625,9167.150390625,9305.150390625,9151.900390625,9305.150390625,336400
2016-08-04,9179.0,9179.0,9224.599609375,9119.9501953125,9220.650390625,277200
2016-08-05,9392.7998046875,9392.7998046875,9407.650390625,9233.150390625,9235.5498046875,340500
2016-08-08,9503.0498046875,9503.0498046875,9521.0,9429.7998046875,9437.099609375,439500
2016-08-09,9464.5498046875,9464.5498046875,9525.599609375,9439.2001953125,9513.5498046875,430900
2016-08-10,9265.25,9265.25,9503.2998046875,9245.4501953125,9478.2998046875,351400
2016-08-11,9336.849609375,9336.849609375,9365.7001953125,9241.650390625,9270.7001953125,318500
2016-08-12,9434.5,9434.5,9446.9501953125,9346.7998046875,9347.0498046875,278500
2016-08-16,9445.400390625,9445.400390625,9538.599609375,9407.900390625,9442.650390625,428200
2016-08-17,9388.0,9388.0,9476.0,9344.099609375,9438.650390625,332500
2016-08-18,9508.349609375,9508.349609375,9520.4501953125,9421.4501953125,9421.4501953125,395200
2016-08-19,9522.900390625,9522.900390625,9541.5,9452.849609375,9526.349609375,376900
2016-08-22,9466.849609375,9466.849609375,9584.5,9449.0,9530.650390625,331200
2016-08-23,9355.150390625,9355.150390625,9466.4501953125,9300.5,9466.4501953125,483000
2016-08-24,9462.2998046875,9462.2998046875,9476.0498046875,9375.849609375,9375.849609375,395600
2016-08-25,9429.2001953125,9429.2001953125,9512.849609375,9408.0498046875,9485.9501953125,462800
2016-08-26,9488.349609375,9488.349609375,9524.7998046875,9431.2001953125,9459.900390625,266300
2016-08-29,9608.2998046875,9608.2998046875,9626.0,9492.0,9496.400390625,229300
2016-08-30,9720.4501953125,9720.4501953125,9732.25,9616.2998046875,9656.5,283400
2016-08-31,9663.650390625,9663.650390625,9745.25,9621.150390625,9703.2998046875,515600
2016-09-01,9535.2998046875,9535.2998046875,9712.099609375,9513.349609375,9655.5,371100
2016-09-02,9503.400390625,9503.400390625,9547.2998046875,9435.9501953125,9547.2998046875,277100
2016-09-06,9591.5,9591.5,9604.900390625,9547.599609375,9557.75,304500
2016-09-07,9550.2998046875,9550.2998046875,9633.2998046875,9524.150390625,9606.9501953125,374900
2016-09-08,9601.400390625,9601.400390625,9651.75,9573.349609375,9589.0498046875,387800
2016-09-09,9668.2001953125,9668.2001953125,9720.349609375,9595.2001953125,9609.0498046875,377700
2016-09-12,9514.5498046875,9514.5498046875,9590.099609375,9507.0,9541.650390625,426100
2016-09-14,9540.7001953125,9540.7001953125,9605.900390625,9518.25,9527.900390625,388700
2016-09-15,9561.400390625,9561.400390625,9603.150390625,9500.5498046875,9580.7001953125,333200
2016-09-16,9644.849609375,9644.849609375,9756.349609375,9588.7001953125,9611.0,795100
2016-09-19,9727.150390625,9727.150390625,9741.900390625,9640.2001953125,9646.0,290200
2016-09-20,9694.349609375,9694.349609375,9755.150390625,9668.2001953125,9740.900390625,308700
2016-09-21,9676.849609375,9676.849609375,9760.0,9659.7001953125,9698.7998046875,297200
2016-09-22,9828.0,9828.0,9850.849609375,9758.5,9781.75,290600
2016-09-23,9886.0498046875,9886.0498046875,9933.650390625,9827.099609375,9828.9501953125,390400
2016-09-26,9860.650390625,9860.650390625,10017.7998046875,9840.599609375,9873.2001953125,456000
2016-09-27,9831.849609375,9831.849609375,9948.900390625,9806.650390625,9920.349609375,354600
2016-09-28,9822.75,9822.75,9849.150390625,9779.2001953125,9832.75,338400
2016-09-29,9631.099609375,9631.099609375,9946.4501953125,9609.150390625,9871.650390625,677600
2016-09-30,9756.2001953125,9756.2001953125,9811.150390625,9598.5,9609.5498046875,335300
2016-10-03,9915.5,9915.5,9952.7001953125,9742.25,9791.599609375,307200
2016-10-04,10057.349609375,10057.349609375,10077.400390625,9938.849609375,9942.75,451500
2016-10-05,10034.5,10034.5,10100.4501953125,10008.900390625,10095.9501953125,326600
2016-10-06,10196.0,10196.0,10344.25,10068.7001953125,10070.900390625,473600
2016-10-07,10145.5,10145.5,10278.2001953125,10136.0,10233.9501953125,372200
2016-10-10,10082.75,10082.75,10242.650390625,10072.5,10192.849609375,289800
2016-10-13,9889.7001953125,9889.7001953125,10082.0,9856.0,10044.7001953125,484400
2016-10-14,10061.75,10061.75,10079.849609375,9912.400390625,9940.5498046875,326100
2016-10-17,9987.25,9987.25,10108.0,9972.5,10097.349609375,333700
2016-10-18,10071.9501953125,10071.9501953125,10086.2001953125,10007.2998046875,10032.5498046875,354300
2016-10-19,10164.7001953125,10164.7001953125,10204.150390625,10083.599609375,10106.150390625,395000
2016-10-20,10183.150390625,10183.150390625,10240.25,10153.900390625,10220.9501953125,292000
2016-10-21,10106.4501953125,10106.4501953125,10225.150390625,10059.2001953125,10225.150390625,347800
2016-10-24,10201.650390625,10201.650390625,10241.599609375,10127.2998046875,10143.75,331400
2016-10-25,10181.4501953125,10181.4501953125,10201.650390625,10098.9501953125,10199.150390625,282600
2016-10-26,10104.0,10104.0,10163.5498046875,10083.099609375,10150.7998046875,257800
2016-10-27,10053.2001953125,10053.2001953125,10103.849609375,10003.400390625,10073.599609375,504900
2016-10-28,10092.25,10092.25,10133.0498046875,10034.9501953125,10073.349609375,393400
2016-11-01,10137.5,10137.5,10171.7998046875,10048.099609375,10101.150390625,404700
2016-11-02,9919.4501953125,9919.4501953125,10040.4501953125,9899.400390625,10040.4501953125,357500
2016-11-03,9805.5498046875,9805.5498046875,9948.849609375,9788.400390625,9913.7001953125,327500
2016-11-04,9711.150390625,9711.150390625,9841.5498046875,9652.599609375,9797.7001953125,283400
2016-11-07,9762.0498046875,9762.0498046875,9844.900390625,9742.2998046875,9800.25,258200
2016-11-08,9821.7001953125,9821.7001953125,9837.2001953125,9758.5,9791.9501953125,244800
2016-11-09,9825.4501953125,9825.4501953125,9866.900390625,9168.4501953125,9300.0498046875,442200
2016-11-10,9975.5,9975.5,10042.4501953125,9911.349609375,9952.5,374000
2016-11-11,9807.4501953125,9807.4501953125,9919.400390625,9779.0,9848.099609375,354100
2016-11-15,9658.2998046875,9658.2998046875,9785.9501953125,9574.900390625,9763.75,599000
2016-11-16,9657.7998046875,9657.7998046875,9784.25,9623.7001953125,9750.7998046875,401000
2016-11-17,9678.400390625,9678.400390625,9752.599609375,9637.900390625,9653.4501953125,366600
2016-11-18,9797.25,9797.25,9845.349609375,9713.349609375,9724.900390625,467200
2016-11-21,9689.599609375,9689.599609375,9846.9501953125,9668.5498046875,9822.0498046875,424700
2016-11-22,9749.2998046875,9749.2998046875,9781.5,9685.4501953125,9761.7998046875,430700
2016-11-23,9817.0,9817.0,9830.7998046875,9662.150390625,9785.4501953125,425900
2016-11-24,9696.2998046875,9696.2998046875,9779.25,9647.2998046875,9778.75,523800
2016-11-25,9806.4501953125,9806.4501953125,9818.2998046875,9704.599609375,9730.400390625,303000
2016-11-28,9890.099609375,9890.099609375,9953.2001953125,9764.5,9781.9501953125,377300
2016-11-29,9915.0498046875,9915.0498046875,9981.9501953125,9896.099609375,9906.9501953125,391800
2016-11-30,9938.9501953125,9938.9501953125,9949.849609375,9875.349609375,9944.7001953125,1154700
2016-12-01,9876.349609375,9876.349609375,10030.150390625,9862.75,9991.2001953125,443600
2016-12-02,9804.5,9804.5,9882.25,9785.099609375,9851.2998046875,394500
2016-12-05,9808.0,9808.0,9840.7998046875,9741.9501953125,9778.400390625,288800
2016-12-06,9901.7001953125,9901.7001953125,9915.0,9847.25,9851.400390625,313000
2016-12-07,9912.9501953125,9912.9501953125,9970.599609375,9884.099609375,9926.4501953125,384000
2016-12-08,10066.900390625,10066.900390625,10075.9501953125,9971.900390625,9985.650390625,263500
2016-12-09,10111.9501953125,10111.9501953125,10121.2998046875,10025.2001953125,10086.0498046875,302000
2016-12-12,10060.5,10060.5,10155.150390625,10047.4501953125,10066.150390625,261100
2016-12-13,10149.9501953125,10149.9501953125,10163.7001953125,10063.150390625,10093.0498046875,272400
2016-12-14,10154.150390625,10154.150390625,10244.9501953125,10132.2001953125,10145.599609375,411900
2016-12-15,10114.900390625,10114.900390625,10218.349609375,10094.2001953125,10105.2001953125,550100
2016-12-16,10080.650390625,10080.650390625,10124.650390625,10066.099609375,10105.25,448600
2016-12-19,10140.2001953125,10140.2001953125,10172.4501953125,10107.5498046875,10117.150390625,331200
2016-12-20,10103.9501953125,10103.9501953125,10151.2998046875,10081.0498046875,10119.4501953125,273700
2016-12-21,10168.0,10168.0,10192.650390625,10088.0,10127.0498046875,318800
2016-12-22,10032.349609375,10032.349609375,10142.900390625,10022.650390625,10138.5498046875,266700
2016-12-23,10062.099609375,10062.099609375,10122.7001953125,10023.75,10039.4501953125,272500
2016-12-26,9928.2998046875,9928.2998046875,10048.2001953125,9914.75,10034.7998046875,250500
2016-12-27,10067.0498046875,10067.0498046875,10080.4501953125,9922.0,9937.099609375,283800
2016-12-28,9994.7998046875,9994.7998046875,10098.5,9981.849609375,10080.900390625,255100
2016-12-29,10148.900390625,10148.900390625,10163.650390625,9992.9501953125,9992.9501953125,557600
2016-12-30,10271.5498046875,10271.5498046875,10282.9501953125,10143.5,10156.0498046875,303300
2017-01-02,10307.650390625,10307.650390625,10331.2001953125,10250.2998046875,10300.349609375,199200
2017-01-03,10431.0498046875,10431.0498046875,10479.599609375,10305.9501953125,10346.7998046875,318300
2017-01-04,10346.849609375,10346.849609375,10448.0,10331.4501953125,10445.349609375,338800
2017-01-05,10505.4501953125,10505.4501953125,10518.7001953125,10368.900390625,10373.2998046875,329400
2017-01-06,10468.5498046875,10468.5498046875,10591.150390625,10453.7001953125,10494.0498046875,298000
2017-01-09,10396.150390625,10396.150390625,10502.150390625,10388.349609375,10492.400390625,205300
2017-01-10,10489.5498046875,10489.5498046875,10549.599609375,10436.0498046875,10436.0498046875,302700
2017-01-11,10523.75,10523.75,10543.75,10469.0,10536.7998046875,389700
2017-01-12,10644.2998046875,10644.2998046875,10665.5498046875,10545.900390625,10545.900390625,553800
2017-01-13,10656.599609375,10656.599609375,10704.7001953125,10631.4501953125,10702.150390625,427400
2017-01-16,10599.849609375,10599.849609375,10679.650390625,10590.9501953125,10662.25,278400
2017-01-17,10445.650390625,10445.650390625,10585.25,10406.150390625,10573.099609375,365400
2017-01-18,10403.900390625,10403.900390625,10488.349609375,10347.9501953125,10463.599609375,441000
2017-01-19,10538.650390625,10538.650390625,10549.2001953125,10401.849609375,10426.849609375,517800
2017-01-20,10407.099609375,10407.099609375,10553.2998046875,10391.25,10539.900390625,366000
2017-01-23,10449.349609375,10449.349609375,10517.4501953125,10386.0498046875,10386.599609375,337100
2017-01-24,10584.9501953125,10584.9501953125,10593.5498046875,10468.4501953125,10470.25,303900
2017-01-25,10661.900390625,10661.900390625,10685.400390625,10574.4501953125,10616.9501953125,664900
2017-01-27,10735.4501953125,10735.4501953125,10804.650390625,10675.7001953125,10684.0,411700
2017-01-30,10765.2998046875,10765.2998046875,10778.4501953125,10681.599609375,10731.4501953125,265300
2017-01-31,10674.150390625,10674.150390625,10831.5498046875,10650.7998046875,10821.4501953125,961000
2017-02-01,10742.400390625,10742.400390625,10762.400390625,10652.5,10703.5,470100
2017-02-02,10756.4501953125,10756.4501953125,10827.349609375,10732.349609375,10762.7001953125,381200
2017-02-03,10708.099609375,10708.099609375,10817.900390625,10683.599609375,10773.849609375,289600
2017-02-06,10783.0498046875,10783.0498046875,10812.5498046875,10729.75,10760.75,295000
2017-02-07,10692.099609375,10692.099609375,10812.0,10669.5,10786.0498046875,421100
2017-02-08,10722.599609375,10722.599609375,10792.9501953125,10673.099609375,10725.2998046875,384100
2017-02-09,10726.0498046875,10726.0498046875,10789.099609375,10719.0,10738.0,375800
2017-02-10,10676.75,10676.75,10774.349609375,10662.900390625,10771.25,450200
2017-02-13,10704.7001953125,10704.7001953125,10720.849609375,10622.849609375,10715.4501953125,317600
2017-02-14,10728.849609375,10728.849609375,10760.400390625,10671.849609375,10742.25,457000
2017-02-15,10648.75,10648.75,10787.400390625,10613.5,10734.25,377600
2017-02-16,10746.099609375,10746.099609375,10754.5498046875,10641.7001953125,10660.75,310800
2017-02-17,10846.2001953125,10846.2001953125,10866.650390625,10726.650390625,10781.099609375,328300
2017-02-20,10947.150390625,10947.150390625,10964.4501953125,10825.650390625,10851.5498046875,405800
2017-02-21,11024.4501953125,11024.4501953125,11035.099609375,10950.2001953125,10967.7998046875,268500
2017-02-22,11418.5498046875,11418.5498046875,11443.0,11074.5,11083.0498046875,735800
2017-02-23,11311.150390625,11311.150390625,11482.849609375,11285.0498046875,11456.400390625,807000
2017-02-27,11458.7998046875,11458.7998046875,11613.599609375,11328.9501953125,11341.0,621100
2017-02-28,11360.2001953125,11360.2001953125,11479.900390625,11345.7001953125,11431.900390625,659600
2017-03-01,11277.349609375,11277.349609375,11402.0498046875,11257.4501953125,11389.4501953125,571600
2017-03-02,11172.2998046875,11172.2998046875,11364.7998046875,11128.5498046875,11329.7001953125,544400
2017-03-03,11305.0498046875,11305.0498046875,11380.150390625,11180.7998046875,11184.0,678800
2017-03-06,11539.599609375,11539.599609375,11564.2998046875,11354.849609375,11375.7001953125,542200
2017-03-07,11573.849609375,11573.849609375,11649.400390625,11535.599609375,11614.0,548600
2017-03-08,11456.5,11456.5,11595.349609375,11438.2998046875,11594.2001953125,528000
2017-03-09,11397.5498046875,11397.5498046875,11454.75,11379.5,11439.349609375,555400
2017-03-10,11350.9501953125,11350.9501953125,11450.75,11246.0498046875,11432.849609375,414200
2017-03-14,11435.650390625,11435.650390625,11625.2998046875,11407.75,11625.25,528400
2017-03-15,11469.5,11469.5,11536.0498046875,11433.650390625,11441.4501953125,385900
2017-03-16,11524.7998046875,11524.7998046875,11541.150390625,11476.7998046875,11537.150390625,377900
2017-03-17,11487.150390625,11487.150390625,11603.849609375,11468.400390625,11592.5498046875,484700
2017-03-20,11411.9501953125,11411.9501953125,11499.9501953125,11399.0,11497.849609375,346400
2017-03-21,11359.0498046875,11359.0498046875,11433.2998046875,11336.599609375,11425.2998046875,350000
2017-03-22,11321.650390625,11321.650390625,11366.150390625,11245.650390625,11267.2001953125,336400
2017-03-23,11456.650390625,11456.650390625,11478.400390625,11368.2001953125,11394.150390625,429200
2017-03-24,11485.400390625,11485.400390625,11514.2001953125,11407.650390625,11451.75,375000
2017-03-27,11307.900390625,11307.900390625,11450.150390625,11292.0,11424.5,337900
2017-03-28,11298.2001953125,11298.2001953125,11357.349609375,11269.849609375,11350.5,368300
2017-03-29,11339.2001953125,11339.2001953125,11356.5,11250.650390625,11346.099609375,410500
2017-03-30,11377.650390625,11377.650390625,11400.849609375,11322.849609375,11339.7998046875,926800
2017-03-31,11648.7001953125,11648.7001953125,11724.099609375,11384.5498046875,11386.75,500000
2017-04-03,11819.400390625,11819.400390625,11881.4501953125,11714.2998046875,11740.4501953125,395800
2017-04-05,11979.2998046875,11979.2998046875,11998.849609375,11846.5,11929.0,444000
2017-04-06,12123.4501953125,12123.4501953125,12140.25,11920.2001953125,11953.2001953125,423400
2017-04-07,12055.0498046875,12055.0498046875,12149.2001953125,12007.400390625,12041.2998046875,547200
2017-04-10,12017.4501953125,12017.4501953125,12189.5498046875,12003.2998046875,12104.0,410400
2017-04-11,12012.25,12012.25,12126.900390625,11996.4501953125,12065.349609375,812000
2017-04-12,11914.0,11914.0,12093.7998046875,11870.4501953125,12069.7001953125,419100
2017-04-13,12018.400390625,12018.400390625,12066.650390625,11877.25,11917.5,368800
2017-04-17,12107.849609375,12107.849609375,12122.849609375,11999.150390625,12040.400390625,421200
2017-04-18,12031.400390625,12031.400390625,12250.7998046875,12013.7998046875,12170.0,415600
2017-04-19,12100.7998046875,12100.7998046875,12125.7998046875,11968.7998046875,12022.7998046875,509300
2017-04-20,12068.5,12068.5,12199.0,12033.9501953125,12171.4501953125,399900
2017-04-21,12193.7998046875,12193.7998046875,12269.0498046875,12138.2001953125,12146.9501953125,371700
2017-04-24,12273.150390625,12273.150390625,12340.400390625,12195.5498046875,12235.2998046875,305200
2017-04-25,12406.849609375,12406.849609375,12497.2998046875,12343.599609375,12466.4501953125,421400
2017-04-26,12278.650390625,12278.650390625,12454.599609375,12196.0,12431.400390625,354300
2017-04-27,12290.099609375,12290.099609375,12313.599609375,12239.2001953125,12291.7001953125,417600
2017-04-28,12263.5498046875,12263.5498046875,12347.4501953125,12223.2001953125,12307.5,360800
2017-05-02,12242.849609375,12242.849609375,12325.900390625,12191.7998046875,12321.2001953125,421900
2017-05-03,12212.849609375,12212.849609375,12365.650390625,12183.400390625,12305.400390625,346200
2017-05-04,12140.150390625,12140.150390625,12262.650390625,12108.0498046875,12258.4501953125,305600
2017-05-05,11925.400390625,11925.400390625,12182.0,11907.2001953125,12181.0498046875,326300
2017-05-08,11909.5498046875,11909.5498046875,11983.0,11888.7001953125,11944.849609375,270900
2017-05-09,11980.7001953125,11980.7001953125,11997.0498046875,11900.75,11948.0498046875,264300
2017-05-10,12118.4501953125,12118.4501953125,12133.900390625,12002.650390625,12029.2001953125,273700
2017-05-11,12037.0,12037.0,12169.099609375,12015.900390625,12162.5,355700
2017-05-12,12017.650390625,12017.650390625,12068.099609375,11977.099609375,12056.2001953125,287900
2017-05-15,12036.5498046875,12036.5498046875,12088.5498046875,11981.2998046875,12088.099609375,209500
2017-05-16,12099.5,12099.5,12179.9501953125,12030.5,12053.0498046875,336500
2017-05-17,12073.150390625,12073.150390625,12142.400390625,12052.0,12092.849609375,335700
2017-05-18,11884.400390625,11884.400390625,12046.5498046875,11862.349609375,11999.9501953125,274900
2017-05-19,11794.7001953125,11794.7001953125,11965.5498046875,11776.5,11929.2001953125,383100
2017-05-22,11700.5498046875,11700.5498046875,11856.400390625,11675.2998046875,11846.349609375,299300
2017-05-23,11559.25,11559.25,11709.150390625,11499.5498046875,11700.849609375,416300
2017-05-24,11546.349609375,11546.349609375,11652.7998046875,11495.900390625,11577.5498046875,384400
2017-05-25,11627.5498046875,11627.5498046875,11653.599609375,11535.400390625,11578.4501953125,626600
2017-05-26,11858.349609375,11858.349609375,11876.7001953125,11560.650390625,11608.7998046875,494400
2017-05-29,11919.900390625,11919.900390625,11974.599609375,11797.849609375,11868.599609375,494400
2017-05-30,11954.0,11954.0,11979.099609375,11838.75,11891.650390625,396100
2017-05-31,11925.650390625,11925.650390625,12021.4501953125,11903.7001953125,11993.4501953125,1157100
2017-06-01,11796.7001953125,11796.7001953125,11900.599609375,11765.150390625,11887.5498046875,342000
2017-06-02,11757.5498046875,11757.5498046875,11863.900390625,11727.75,11845.2001953125,293700
2017-06-05,11806.400390625,11806.400390625,11857.400390625,11758.0498046875,11780.5,259100
2017-06-06,11677.2001953125,11677.2001953125,11839.2001953125,11656.2001953125,11839.2001953125,303300
2017-06-07,11788.900390625,11788.900390625,11799.099609375,11672.400390625,11687.75,372600
2017-06-08,11701.150390625,11701.150390625,11819.849609375,11671.900390625,11803.75,285900
2017-06-09,11688.349609375,11688.349609375,11782.849609375,11641.7001953125,11758.0,314600
2017-06-12,11633.75,11633.75,11677.4501953125,11604.0498046875,11654.7998046875,261100
2017-06-13,11629.4501953125,11629.4501953125,11683.75,11604.7998046875,11652.4501953125,319100
2017-06-14,11797.349609375,11797.349609375,11807.900390625,11626.849609375,11630.0498046875,452400
2017-06-15,11779.0,11779.0,11857.849609375,11744.0498046875,11808.0498046875,467100
2017-06-16,11823.25,11823.25,11855.7001953125,11770.0498046875,11812.2001953125,514500
2017-06-19,11913.2001953125,11913.2001953125,11934.9501953125,11852.5,11855.5498046875,265400
2017-06-20,11933.099609375,11933.099609375,11999.650390625,11908.2001953125,11920.5498046875,394200
2017-06-21,11897.849609375,11897.849609375,11922.9501953125,11861.2001953125,11915.349609375,397200
2017-06-22,11811.4501953125,11811.4501953125,11988.900390625,11789.0498046875,11913.7998046875,674700
2017-06-23,11768.75,11768.75,11856.900390625,11744.4501953125,11843.099609375,435300
2017-06-27,11778.2998046875,11778.2998046875,11806.599609375,11646.4501953125,11764.9501953125,492400
2017-06-28,11644.2001953125,11644.2001953125,11824.5498046875,11633.4501953125,11797.2998046875,375700
2017-06-29,11630.7998046875,11630.7998046875,11736.75,11613.4501953125,11666.349609375,448800
2017-06-30,11600.400390625,11600.400390625,11649.75,11542.4501953125,11614.25,329900
2017-07-03,11643.0,11643.0,11675.0498046875,11541.7998046875,11632.5,362100
2017-07-04,11798.599609375,11798.599609375,11827.349609375,11694.5,11703.7001953125,330100
2017-07-05,11920.5498046875,11920.5498046875,11931.650390625,11826.2001953125,11847.849609375,288500
2017-07-06,11884.75,11884.75,11949.5498046875,11867.599609375,11949.5498046875,305400
2017-07-07,12055.75,12055.75,12085.0498046875,11850.7998046875,11880.5,377600
2017-07-10,12130.7998046875,12130.7998046875,12281.5,11797.599609375,12108.599609375,84800
2017-07-11,12159.650390625,12159.650390625,12196.5,12116.150390625,12182.7001953125,431600
2017-07-12,12318.0,12318.0,12352.25,12193.849609375,12206.349609375,479400
2017-07-13,12348.7001953125,12348.7001953125,12402.2998046875,12318.150390625,12363.150390625,507900
2017-07-14,12443.7998046875,12443.7998046875,12455.849609375,12336.5498046875,12369.849609375,440100
2017-07-17,12530.0,12530.0,12549.400390625,12462.0,12470.0,393200
2017-07-18,12373.2001953125,12373.2001953125,12556.0498046875,12344.5,12504.25,387300
2017-07-19,12488.9501953125,12488.9501953125,12509.0,12377.400390625,12379.2998046875,408900
2017-07-20,12445.7998046875,12445.7998046875,12567.5,12422.2001953125,12483.75,444400
2017-07-21,12641.400390625,12641.400390625,12686.650390625,12495.2001953125,12538.349609375,534700
2017-07-24,12745.5498046875,12745.5498046875,12807.099609375,12650.2001953125,12694.150390625,444700
2017-07-25,12691.25,12691.25,12796.150390625,12671.5498046875,12791.650390625,411000
2017-07-26,12792.0498046875,12792.0498046875,12832.849609375,12703.099609375,12712.9501953125,432700
2017-07-27,12664.2998046875,12664.2998046875,12850.2001953125,12639.650390625,12833.7998046875,617600
2017-07-28,12671.349609375,12671.349609375,12710.900390625,12586.0498046875,12631.0,418800
2017-07-31,12829.150390625,12829.150390625,12843.2001953125,12694.0498046875,12712.599609375,528600
2017-08-01,12819.9501953125,12819.9501953125,12880.2001953125,12765.150390625,12879.150390625,426500
2017-08-02,12922.650390625,12922.650390625,12947.900390625,12846.75,12856.4501953125,516400
2017-08-03,13080.9501953125,13080.9501953125,13174.849609375,12874.75,12922.5498046875,605700
2017-08-04,13203.650390625,13203.650390625,13242.099609375,12987.650390625,13157.5498046875,681900
2017-08-07,13267.4501953125,13267.4501953125,13299.0,13177.349609375,13244.099609375,442300
2017-08-08,13042.4501953125,13042.4501953125,13263.5498046875,12962.650390625,13255.0498046875,383300
2017-08-09,13009.5498046875,13009.5498046875,13179.7001953125,12915.5,12997.150390625,367700
2017-08-10,12804.9501953125,12804.9501953125,12992.7001953125,12728.9501953125,12952.349609375,497200
2017-08-11,12659.099609375,12659.099609375,12803.650390625,12571.25,12576.599609375,477600
2017-08-14,12859.5498046875,12859.5498046875,12901.400390625,12744.150390625,12751.5,384500
2017-08-16,12831.2001953125,12831.2001953125,12893.75,12756.599609375,12878.9501953125,447300
2017-08-17,12892.400390625,12892.400390625,12982.849609375,12850.599609375,12866.25,337200
2017-08-18,12959.650390625,12959.650390625,13012.599609375,12826.7001953125,12866.4501953125,440300
2017-08-21,12796.2998046875,12796.2998046875,13066.5,12780.0498046875,13006.0498046875,419100
2017-08-22,12843.4501953125,12843.4501953125,12958.849609375,12828.400390625,12861.2001953125,428900
2017-08-23,12975.849609375,12975.849609375,13005.0498046875,12849.650390625,12904.2001953125,279500
2017-08-24,12933.900390625,12933.900390625,13072.150390625,12924.150390625,13021.099609375,382600
2017-08-28,12963.2998046875,12963.2998046875,13000.4501953125,12919.349609375,12995.349609375,373600
2017-08-29,12749.0498046875,12749.0498046875,12968.75,12725.7998046875,12908.099609375,705900
2017-08-30,12993.2998046875,12993.2998046875,13030.75,12824.5,12848.650390625,604100
2017-08-31,13150.0498046875,13150.0498046875,13170.599609375,12995.900390625,13032.0,1469800
2017-09-01,13218.75,13218.75,13247.150390625,13156.150390625,13188.25,469700
2017-09-04,13163.849609375,13163.849609375,13306.75,13045.9501953125,13215.5498046875,368400
2017-09-05,13275.099609375,13275.099609375,13291.150390625,13173.5498046875,13246.9501953125,301600
2017-09-06,13292.2998046875,13292.2998046875,13331.7001953125,13203.7001953125,13226.2998046875,369000
2017-09-07,13239.849609375,13239.849609375,13380.5498046875,13214.0498046875,13319.5498046875,397700
2017-09-08,13152.7001953125,13152.7001953125,13280.349609375,13132.900390625,13255.2001953125,405900
2017-09-11,13238.9501953125,13238.9501953125,13296.0498046875,13123.349609375,13216.75,563500
2017-09-12,13381.900390625,13381.900390625,13391.25,13277.2998046875,13304.400390625,451900
2017-09-13,13414.599609375,13414.599609375,13646.7998046875,13319.349609375,13410.25,937600
2017-09-14,13364.599609375,13364.599609375,13610.5498046875,13337.599609375,13565.849609375,836200
2017-09-15,13347.0,13347.0,13426.150390625,13254.150390625,13336.25,765500
2017-09-18,13377.2998046875,13377.2998046875,13479.400390625,13364.9501953125,13456.5,360700
2017-09-19,13413.7001953125,13413.7001953125,13432.0498046875,13309.9501953125,13421.650390625,442300
2017-09-20,13410.2998046875,13410.2998046875,13665.0,13389.25,13567.849609375,566000
2017-09-21,13333.7998046875,13333.7998046875,13455.650390625,13267.349609375,13405.25,416800
2017-09-22,13046.7001953125,13046.7001953125,13298.9501953125,13018.25,13298.9501953125,475900
2017-09-25,13035.0,13035.0,13094.5,12892.9501953125,13024.9501953125,540400
2017-09-26,13023.900390625,13023.900390625,13124.400390625,12888.849609375,13065.5,661400
2017-09-27,12809.0498046875,12809.0498046875,13100.9501953125,12763.7998046875,13099.349609375,479600
2017-09-28,12721.9501953125,12721.9501953125,12831.4501953125,12601.599609375,12785.349609375,1218200
2017-09-29,12772.650390625,12772.650390625,12883.2998046875,12748.150390625,12840.099609375,662800
2017-10-03,12945.25,12945.25,12967.25,12852.349609375,12962.0,551300
2017-10-04,13160.849609375,13160.849609375,13217.7001953125,12977.0,13026.7998046875,544700
2017-10-05,13164.7001953125,13164.7001953125,13223.849609375,13108.0,13206.0,466900
2017-10-06,13405.0498046875,13405.0498046875,13430.4501953125,13172.5,13175.25,625000
2017-10-09,13277.849609375,13277.849609375,13409.599609375,13260.5,13401.400390625,463100
2017-10-10,13380.2001953125,13380.2001953125,13417.4501953125,13280.4501953125,13280.4501953125,414800
2017-10-11,13389.9501953125,13389.9501953125,13557.900390625,13349.400390625,13420.900390625,540700
2017-10-12,13653.25,13653.25,13684.650390625,13424.5,13434.25,511000
2017-10-13,13678.2001953125,13678.2001953125,13791.0,13648.650390625,13721.150390625,433800
2017-10-16,13711.0,13711.0,13840.849609375,13603.9501953125,13717.2998046875,470400
2017-10-17,13728.0,13728.0,13768.0498046875,13658.150390625,13709.150390625,564300
2017-10-18,14093.849609375,14093.849609375,14119.599609375,13728.0,13764.599609375,573800
2017-10-19,13979.9501953125,13979.9501953125,14147.650390625,13926.5,14117.2001953125,76200
2017-10-23,14230.599609375,14230.599609375,14269.150390625,13992.650390625,14030.0,476000
2017-10-24,14290.7998046875,14290.7998046875,14352.75,14161.650390625,14306.2001953125,508800
2017-10-25,14397.599609375,14397.599609375,14435.2001953125,14294.2001953125,14382.7001953125,524300
2017-10-26,14579.150390625,14579.150390625,14623.599609375,14387.349609375,14399.150390625,896000
2017-10-27,14387.0,14387.0,14662.7998046875,14360.2001953125,14629.0498046875,690700
2017-10-30,14531.849609375,14531.849609375,14625.2998046875,14446.5498046875,14454.75,485800
2017-10-31,14511.2001953125,14511.2001953125,14556.7001953125,14424.4501953125,14550.5,539400
2017-11-01,14585.2998046875,14585.2998046875,14648.2001953125,14556.2998046875,14595.2998046875,461700
2017-11-02,14549.599609375,14549.599609375,14637.75,14527.5498046875,14593.7998046875,419200
2017-11-03,14515.099609375,14515.099609375,14638.400390625,14455.0498046875,14638.400390625,677400
2017-11-06,14412.7998046875,14412.7998046875,14492.2001953125,14367.2998046875,14491.150390625,531300
2017-11-07,14132.0498046875,14132.0498046875,14465.849609375,14101.900390625,14454.150390625,783500
2017-11-08,13932.0,13932.0,14160.900390625,13897.0498046875,14122.7001953125,499100
2017-11-09,14010.7001953125,14010.7001953125,14116.7998046875,13958.25,14027.0,495900
2017-11-10,13862.849609375,13862.849609375,14003.900390625,13797.5,14003.900390625,425300
2017-11-13,13737.099609375,13737.099609375,13907.2001953125,13697.2998046875,13889.25,415200
2017-11-14,13737.599609375,13737.599609375,13840.349609375,13683.75,13743.0498046875,435000
2017-11-15,13676.0,13676.0,13765.849609375,13625.25,13729.5498046875,519500
2017-11-16,13877.2001953125,13877.2001953125,13920.150390625,13736.7001953125,13752.75,617500
2017-11-17,13962.2001953125,13962.2001953125,14113.150390625,13923.0498046875,14063.900390625,596000
2017-11-20,14098.849609375,14098.849609375,14124.0,13896.349609375,13928.5498046875,518900
2017-11-21,14231.150390625,14231.150390625,14287.5498046875,14148.599609375,14169.099609375,647700
2017-11-22,14222.5498046875,14222.5498046875,14310.7998046875,14111.849609375,14301.150390625,435400
2017-11-23,14340.75,14340.75,14356.2001953125,14174.0498046875,14230.150390625,431900
2017-11-24,14412.9501953125,14412.9501953125,14449.4501953125,14355.4501953125,14366.9501953125,365100
2017-11-27,14454.4501953125,14454.4501953125,14470.75,14309.650390625,14369.150390625,533700
2017-11-28,14319.25,14319.25,14432.9501953125,14279.0,14427.400390625,748100
2017-11-29,14343.4501953125,14343.4501953125,14406.7001953125,14302.2998046875,14323.2001953125,493900
2017-11-30,14124.650390625,14124.650390625,14283.25,14097.349609375,14280.75,1002400
2017-12-01,13941.099609375,13941.099609375,14222.0,13899.849609375,14177.2001953125,357700
2017-12-04,13901.5498046875,13901.5498046875,14002.349609375,13840.9501953125,13989.9501953125,392000
2017-12-05,13942.0498046875,13942.0498046875,14013.5,13801.5498046875,13877.650390625,453200
2017-12-06,13965.0498046875,13965.0498046875,14024.150390625,13879.849609375,13897.349609375,451300
2017-12-07,14156.7998046875,14156.7998046875,14180.7001953125,13978.7001953125,14008.2001953125,571700
2017-12-08,14173.9501953125,14173.9501953125,14219.7001953125,14113.599609375,14183.7998046875,593700
2017-12-11,14135.0,14135.0,14247.650390625,14095.7001953125,14244.5498046875,408200
2017-12-12,14057.0498046875,14057.0498046875,14185.150390625,13994.099609375,14141.650390625,507900
2017-12-13,14085.25,14085.25,14212.2998046875,14015.9501953125,14068.2001953125,557900
2017-12-14,14196.5,14196.5,14233.25,14002.599609375,14158.099609375,525700
2017-12-15,14203.75,14203.75,14355.9501953125,14185.849609375,14333.25,602800
2017-12-18,14221.5498046875,14221.5498046875,14304.150390625,13660.5498046875,14120.0,563300
2017-12-19,14312.75,14312.75,14325.099609375,14212.900390625,14263.4501953125,434200
2017-12-20,14263.2001953125,14263.2001953125,14360.2998046875,14242.9501953125,14358.150390625,474900
2017-12-21,14251.400390625,14251.400390625,14345.150390625,14226.7001953125,14289.0,422300
2017-12-22,14359.150390625,14359.150390625,14372.7001953125,14244.5,14266.0,563000
2017-12-26,14442.75,14442.75,14502.599609375,14340.150390625,14426.099609375,590500
2017-12-27,14332.25,14332.25,14524.9501953125,14284.400390625,14467.5,452000
2017-12-28,14288.5,14288.5,14422.5,14253.099609375,14354.5498046875,873900
2017-12-29,14249.2998046875,14249.2998046875,14372.5,14233.2001953125,14328.5,517700
2018-01-01,14138.9501953125,14138.9501953125,14277.5,14113.9501953125,14266.25,702800
2018-01-02,14162.400390625,14162.400390625,14242.650390625,14092.650390625,14216.0,731600
2018-01-03,14157.7998046875,14157.7998046875,14312.0,14129.9501953125,14294.349609375,676000
2018-01-04,14247.25,14247.25,14258.7998046875,14175.0498046875,14209.099609375,478600
2018-01-05,14249.900390625,14249.900390625,14309.25,14204.5498046875,14279.150390625,502400
2018-01-08,14326.0,14326.0,14349.75,14271.7001953125,14293.75,444800
2018-01-09,14411.099609375,14411.099609375,14446.75,14273.599609375,14337.2001953125,449100
2018-01-10,14395.7001953125,14395.7001953125,14488.150390625,14359.5498046875,14430.2998046875,479600
2018-01-11,14340.9501953125,14340.9501953125,14392.400390625,14308.4501953125,14390.25,384300
2018-01-12,14438.9501953125,14438.9501953125,14477.150390625,14314.400390625,14391.849609375,512100
2018-01-15,14410.400390625,14410.400390625,14550.5,14381.7998046875,14454.650390625,398000
2018-01-16,14105.2001953125,14105.2001953125,14413.650390625,14076.7998046875,14412.7998046875,545000
2018-01-17,14140.849609375,14140.849609375,14164.150390625,13901.400390625,14121.75,562200
2018-01-18,13993.75,13993.75,14200.7998046875,13943.849609375,14187.7001953125,591400
2018-01-19,14128.099609375,14128.099609375,14156.7998046875,13991.849609375,14029.7998046875,395600
2018-01-22,14409.900390625,14409.900390625,14436.599609375,14211.400390625,14278.599609375,778500
2018-01-23,14596.75,14596.75,14660.0498046875,14481.2998046875,14488.2998046875,699300
2018-01-24,14504.75,14504.75,14616.5,14437.75,14600.5498046875,667600
2018-01-25,14465.650390625,14465.650390625,14547.599609375,14417.349609375,14544.2998046875,791000
2018-01-29,14381.0498046875,14381.0498046875,14547.5,14337.650390625,14469.349609375,605600
2018-01-30,14368.5498046875,14368.5498046875,14423.4501953125,14342.349609375,14386.900390625,851500
2018-01-31,14453.9501953125,14453.9501953125,14468.9501953125,14289.7001953125,14369.650390625,699000
2018-02-01,14263.900390625,14263.900390625,14559.0,14198.7001953125,14470.5,665900
2018-02-02,13775.2998046875,13775.2998046875,14193.150390625,13723.650390625,14136.150390625,671800
2018-02-05,13766.400390625,13766.400390625,13863.150390625,13525.75,13613.150390625,616500
2018-02-06,13583.7001953125,13583.7001953125,13638.150390625,13332.75,13367.650390625,577000
2018-02-07,13707.25,13707.25,13764.5,13613.7001953125,13724.75,670000
2018-02-08,13727.150390625,13727.150390625,13827.0,13689.400390625,13721.650390625,669000
2018-02-09,13639.599609375,13639.599609375,13700.5498046875,13502.7001953125,13542.400390625,525500
2018-02-12,13829.2001953125,13829.2001953125,13854.5,13678.25,13757.9501953125,574600
2018-02-14,13879.0,13879.0,13969.150390625,13804.0,13914.5498046875,553600
2018-02-15,13968.099609375,13968.099609375,14016.5498046875,13856.7998046875,13945.5498046875,386300
2018-02-16,13801.0498046875,13801.0498046875,14042.7998046875,13768.0,14014.0,341000
2018-02-19,13777.75,13777.75,13824.150390625,13661.099609375,13816.349609375,276900
2018-02-20,13748.2001953125,13748.2001953125,13823.349609375,13718.0,13801.650390625,311300
2018-02-21,13818.5,13818.5,13850.599609375,13696.349609375,13850.599609375,496800
2018-02-22,13667.25,13667.25,13745.9501953125,13635.2998046875,13703.2998046875,744400
2018-02-23,13816.7001953125,13816.7001953125,13841.2998046875,13659.5498046875,13688.150390625,406400
2018-02-26,13909.7001953125,13909.7001953125,13974.849609375,13871.2001953125,13887.25,365300
2018-02-27,13992.25,13992.25,14097.7001953125,13920.25,13948.650390625,492300
2018-02-28,13991.4501953125,13991.4501953125,14013.900390625,13867.650390625,13902.25,613300
2018-03-01,13961.0,13961.0,14045.25,13936.150390625,13953.0,377900
2018-03-05,13686.349609375,13686.349609375,13944.150390625,13650.2998046875,13904.349609375,392500
2018-03-06,13581.9501953125,13581.9501953125,13809.9501953125,13522.599609375,13764.150390625,502600
2018-03-07,13358.2001953125,13358.2001953125,13561.5498046875,13340.099609375,13558.2998046875,410600
2018-03-08,13549.4501953125,13549.4501953125,13585.25,13342.5,13448.099609375,453500
2018-03-09,13537.150390625,13537.150390625,13619.75,13517.7998046875,13586.150390625,383000
2018-03-12,13835.4501953125,13835.4501953125,13868.650390625,13592.25,13624.2998046875,453500
2018-03-13,13934.2001953125,13934.2001953125,13955.4501953125,13790.2001953125,13835.7001953125,573900
2018-03-14,13843.25,13843.25,13897.150390625,13759.650390625,13896.150390625,507500
2018-03-15,13667.150390625,13667.150390625,13809.5498046875,13640.900390625,13777.2998046875,557400
2018-03-16,13419.25,13419.25,13630.650390625,13301.150390625,13620.400390625,861200
2018-03-19,13324.0,13324.0,13447.0,13280.2998046875,13444.0498046875,602300
2018-03-20,13244.650390625,13244.650390625,13403.2001953125,13209.099609375,13287.849609375,479700
2018-03-21,13325.2998046875,13325.2998046875,13401.75,13267.7998046875,13316.0,515300
2018-03-22,13372.9501953125,13372.9501953125,13455.25,13320.4501953125,13329.7998046875,556100
2018-03-23,13239.2001953125,13239.2001953125,13279.0,13142.5,13142.849609375,652200
2018-03-26,13280.2001953125,13280.2001953125,13303.349609375,13143.349609375,13249.4501953125,680400
2018-03-27,13354.400390625,13354.400390625,13396.400390625,13310.9501953125,13369.650390625,509700
2018-03-28,13214.150390625,13214.150390625,13297.2001953125,13184.5,13296.900390625,816400
2018-04-02,13291.25,13291.25,13344.9501953125,13257.900390625,13316.9501953125,423500
2018-04-03,13394.75,13394.75,13415.5498046875,13241.5498046875,13275.2998046875,398200
2018-04-04,13254.099609375,13254.099609375,13481.5,13218.099609375,13450.599609375,397200
2018-04-05,13431.900390625,13431.900390625,13448.349609375,13370.900390625,13378.849609375,331100
2018-04-06,13490.599609375,13490.599609375,13551.75,13432.849609375,13460.2001953125,366600
2018-04-09,13611.400390625,13611.400390625,13650.0,13510.099609375,13511.25,431100
2018-04-10,13636.75,13636.75,13671.2001953125,13606.75,13670.2998046875,417800
2018-04-11,13581.650390625,13581.650390625,13712.599609375,13512.2998046875,13665.4501953125,990300
2018-04-12,13574.7998046875,13574.7998046875,13594.0498046875,13474.7001953125,13539.9501953125,893900
2018-04-13,13633.7998046875,13633.7998046875,13663.7001953125,13577.7998046875,13626.5,467600
2018-04-16,13638.349609375,13638.349609375,13667.7001953125,13524.849609375,13570.5,419600
2018-04-17,13750.5498046875,13750.5498046875,13769.099609375,13667.0,13691.2998046875,513000
2018-04-18,13696.099609375,13696.099609375,13778.150390625,13666.25,13757.400390625,403100
2018-04-19,13643.650390625,13643.650390625,13718.400390625,13597.4501953125,13678.099609375,772600
2018-04-20,13476.4501953125,13476.4501953125,13637.0498046875,13406.75,13615.2998046875,539500
2018-04-23,13558.650390625,13558.650390625,13608.5,13501.5498046875,13523.900390625,486900
2018-04-24,13841.7998046875,13841.7998046875,13887.099609375,13554.2001953125,13560.400390625,450800
2018-04-25,13784.849609375,13784.849609375,13941.2998046875,13733.650390625,13866.849609375,498300
2018-04-26,13824.849609375,13824.849609375,13897.5,13690.5,13814.7001953125,679900
2018-04-27,14030.4501953125,14030.4501953125,14140.0,13926.650390625,13959.4501953125,566100
2018-04-30,13770.150390625,13770.150390625,14006.849609375,13738.9501953125,13928.349609375,388300
2018-05-02,13771.7001953125,13771.7001953125,13888.2998046875,13728.7001953125,13824.25,412600
2018-05-03,13709.5,13709.5,13810.5,13641.0498046875,13807.349609375,363300
2018-05-04,13643.25,13643.25,13730.650390625,13610.2001953125,13719.099609375,541900
2018-05-07,13863.099609375,13863.099609375,13881.2001953125,13644.400390625,13669.0,505300
2018-05-08,13880.599609375,13880.599609375,13972.400390625,13833.9501953125,13903.25,629200
2018-05-09,13921.150390625,13921.150390625,13983.9501953125,13768.75,13818.849609375,737900
2018-05-10,13960.0498046875,13960.0498046875,13971.5,13875.849609375,13959.599609375,607400
2018-05-11,14048.349609375,14048.349609375,14080.150390625,13946.0498046875,13969.349609375,654300
2018-05-14,14071.349609375,14071.349609375,14102.0,13967.7998046875,14080.7998046875,569300
2018-05-15,14025.0,14025.0,14244.0498046875,14006.2001953125,14048.9501953125,862700
2018-05-16,13786.0498046875,13786.0498046875,13984.2001953125,13703.7998046875,13982.75,582900
2018-05-17,13682.7001953125,13682.7001953125,13809.2001953125,13650.0498046875,13802.7998046875,615300
2018-05-18,13523.5498046875,13523.5498046875,13775.849609375,13501.7998046875,13672.5,633800
2018-05-21,13514.0498046875,13514.0498046875,13553.25,13437.7001953125,13522.599609375,454800
2018-05-22,13456.25,13456.25,13562.7001953125,13435.5498046875,13547.25,567700
2018-05-23,13172.25,13172.25,13439.099609375,13154.849609375,13415.0498046875,722800
2018-05-24,13113.9501953125,13113.9501953125,13239.9501953125,13023.4501953125,13209.25,1040800
2018-05-25,13315.7998046875,13315.7998046875,13340.7001953125,13101.2998046875,13112.25,956800
2018-05-28,13446.099609375,13446.099609375,13509.150390625,13424.650390625,13438.099609375,854200
2018-05-29,13446.5498046875,13446.5498046875,13553.2998046875,13408.5498046875,13472.9501953125,688500
2018-05-30,13401.5,13401.5,13489.75,13334.900390625,13401.150390625,753300
2018-05-31,13523.400390625,13523.400390625,13547.25,13386.099609375,13464.150390625,2943100
2018-06-01,13498.25,13498.25,13542.849609375,13426.599609375,13488.0,561800
2018-06-04,13511.400390625,13511.400390625,13607.900390625,13469.7998046875,13556.7998046875,521300
2018-06-05,13545.349609375,13545.349609375,13588.2998046875,13476.0498046875,13517.0498046875,488900
2018-06-06,13614.0,13614.0,13632.650390625,13508.5498046875,13536.2001953125,346700
2018-06-07,13793.099609375,13793.099609375,13837.25,13622.400390625,13622.400390625,455700
2018-06-08,13862.900390625,13862.900390625,13889.0498046875,13639.7001953125,13733.4501953125,396800
2018-06-11,13846.2998046875,13846.2998046875,14002.400390625,13817.75,13884.150390625,555700
2018-06-12,13946.849609375,13946.849609375,13978.0498046875,13848.7998046875,13876.75,431400
2018-06-13,13994.7998046875,13994.7998046875,14018.2001953125,13870.900390625,13984.2998046875,437100
2018-06-14,13976.2998046875,13976.2998046875,13999.7998046875,13808.9501953125,13948.900390625,410700
2018-06-15,13939.099609375,13939.099609375,14033.2998046875,13886.2001953125,13951.099609375,631100
2018-06-18,14030.5,14030.5,14078.650390625,13918.9501953125,13933.5498046875,518500
2018-06-19,13820.7998046875,13820.7998046875,14001.849609375,13791.9501953125,14001.099609375,516300
2018-06-20,13972.5,13972.5,13998.0,13797.25,13834.0,488700
2018-06-21,14064.400390625,14064.400390625,14100.4501953125,13940.7998046875,14032.400390625,701600
2018-06-22,13948.400390625,13948.400390625,14064.5,13878.349609375,14056.650390625,677000
2018-06-25,13777.099609375,13777.099609375,13942.900390625,13746.650390625,13942.900390625,535400
2018-06-26,13581.0498046875,13581.0498046875,13769.0498046875,13552.0,13768.75,519300
2018-06-27,13247.150390625,13247.150390625,13559.9501953125,13199.099609375,13559.9501953125,735400
2018-06-28,12999.150390625,12999.150390625,13266.650390625,12948.650390625,13170.0498046875,1135700
2018-06-29,13333.349609375,13333.349609375,13364.7001953125,13051.75,13051.75,653600
2018-07-02,13151.9501953125,13151.9501953125,13342.099609375,13103.4501953125,13333.25,652800
2018-07-03,13278.400390625,13278.400390625,13322.650390625,13129.9501953125,13176.0498046875,546500
2018-07-04,13372.7001953125,13372.7001953125,13388.599609375,13249.7001953125,13280.25,501400
2018-07-05,13171.0498046875,13171.0498046875,13496.7001953125,13113.0498046875,13425.650390625,575800
2018-07-06,13283.7998046875,13283.7998046875,13353.349609375,13184.0,13199.2998046875,593900
2018-07-09,13498.400390625,13498.400390625,13528.2001953125,13355.7998046875,13370.2998046875,407700
2018-07-10,13749.9501953125,13749.9501953125,13773.650390625,13538.0498046875,13560.0,428500
2018-07-11,13795.650390625,13795.650390625,13828.7998046875,13660.650390625,13739.7998046875,518200
2018-07-12,14165.900390625,14165.900390625,14336.75,13926.650390625,13946.2998046875,892300
2018-07-13,14288.7001953125,14288.7001953125,14400.599609375,14178.099609375,14182.349609375,613100
2018-07-16,14085.0,14085.0,14351.9501953125,14059.349609375,14289.900390625,404100
2018-07-17,14318.900390625,14318.900390625,14353.849609375,14063.650390625,14136.599609375,618600
2018-07-18,14363.400390625,14363.400390625,14469.900390625,14225.2001953125,14394.7001953125,598100
2018-07-19,14431.2998046875,14431.2998046875,14513.75,14317.0,14379.0,386700
2018-07-20,14542.2998046875,14542.2998046875,14625.349609375,14425.7998046875,14472.400390625,386200
2018-07-23,14508.349609375,14508.349609375,14580.4501953125,14445.349609375,14570.650390625,398000
2018-07-24,14488.0,14488.0,14592.2001953125,14432.900390625,14541.849609375,409900
2018-07-25,14457.0,14457.0,14549.2998046875,14407.150390625,14463.5,467900
2018-07-26,14474.099609375,14474.099609375,14540.2998046875,14405.7001953125,14407.4501953125,1000800
2018-07-27,14693.7998046875,14693.7998046875,14736.849609375,14492.099609375,14556.150390625,521200
2018-07-30,14911.5,14911.5,14952.599609375,14705.400390625,14721.7998046875,662500
2018-07-31,15150.2001953125,15150.2001953125,15197.099609375,14854.2998046875,14897.0498046875,562500
2018-08-01,15245.2998046875,15245.2998046875,15338.2998046875,15187.849609375,15212.0,585000
2018-08-02,15103.0,15103.0,15280.2001953125,15076.650390625,15280.2001953125,517700
2018-08-03,15205.9501953125,15205.9501953125,15248.849609375,15135.5498046875,15170.0498046875,462500
2018-08-06,15319.25,15319.25,15358.849609375,15207.7001953125,15226.4501953125,299500
2018-08-07,15219.7001953125,15219.7001953125,15387.349609375,15156.0,15344.0,276500
2018-08-08,15483.7998046875,15483.7998046875,15528.849609375,15211.099609375,15240.5,431800
2018-08-09,15491.400390625,15491.400390625,15595.900390625,15429.25,15563.349609375,430900
2018-08-10,15375.599609375,15375.599609375,15491.349609375,15339.7998046875,15456.5,468900
2018-08-13,15141.2998046875,15141.2998046875,15319.2001953125,15122.150390625,15312.5498046875,481000
2018-08-14,15309.849609375,15309.849609375,15356.7998046875,15121.150390625,15169.7998046875,352200
2018-08-16,15238.599609375,15238.599609375,15382.900390625,15202.9501953125,15263.400390625,506500
2018-08-17,15250.0498046875,15250.0498046875,15351.5498046875,15221.7001953125,15321.650390625,335300
2018-08-20,15520.25,15520.25,15546.2001953125,15296.0,15301.2998046875,443500
2018-08-21,15622.400390625,15622.400390625,15652.349609375,15434.5498046875,15556.75,436900
2018-08-23,15798.5,15798.5,15822.5498046875,15543.75,15630.900390625,593800
2018-08-24,15875.0,15875.0,15902.150390625,15721.650390625,15764.599609375,519300
2018-08-27,16082.7001953125,16082.7001953125,16112.5498046875,15908.849609375,15914.099609375,412000
2018-08-28,16241.650390625,16241.650390625,16348.849609375,16119.2001953125,16126.5498046875,587800
2018-08-29,16059.9501953125,16059.9501953125,16360.5,16026.5498046875,16241.25,509100
2018-08-30,15960.599609375,15960.599609375,16077.5,15900.5498046875,16049.599609375,991200
2018-08-31,15763.0,15763.0,15915.7001953125,15674.5498046875,15909.75,776000
2018-09-03,15598.599609375,15598.599609375,15877.0498046875,15574.650390625,15831.349609375,521500
2018-09-04,15587.9501953125,15587.9501953125,15756.349609375,15545.599609375,15643.599609375,440000
2018-09-05,15486.5498046875,15486.5498046875,15682.25,15307.25,15581.9501953125,536800
2018-09-06,15803.4501953125,15803.4501953125,15840.349609375,15479.7001953125,15522.650390625,626000
2018-09-07,15937.400390625,15937.400390625,15967.849609375,15719.849609375,15865.599609375,472000
2018-09-10,15675.7998046875,15675.7998046875,15889.9501953125,15638.349609375,15888.900390625,472700
2018-09-11,15477.4501953125,15477.4501953125,15791.650390625,15449.599609375,15712.650390625,696400
2018-09-12,15601.0498046875,15601.0498046875,15634.2998046875,15351.4501953125,15576.7998046875,622500
2018-09-14,15791.900390625,15791.900390625,15864.599609375,15674.900390625,15701.7001953125,683900
2018-09-17,15609.0498046875,15609.0498046875,15739.25,15565.7001953125,15736.75,606800
2018-09-18,15460.2001953125,15460.2001953125,15716.75,15436.400390625,15624.7001953125,491300
2018-09-19,15458.4501953125,15458.4501953125,15574.650390625,15399.2998046875,15529.75,635300
2018-09-21,15575.2998046875,15575.2998046875,15761.150390625,15197.4501953125,15567.5,1091300
2018-09-24,15588.5498046875,15588.5498046875,15712.9501953125,15446.4501953125,15544.7001953125,665000
2018-09-25,15540.599609375,15540.599609375,15677.0,15192.650390625,15596.400390625,625900
2018-09-26,15703.900390625,15703.900390625,15735.400390625,15475.25,15671.0498046875,460100
2018-09-27,15694.9501953125,15694.9501953125,15825.4501953125,15581.599609375,15746.0498046875,647900
2018-09-28,15697.2001953125,15697.2001953125,15867.849609375,15576.4501953125,15772.9501953125,702700
2018-10-01,15539.75,15539.75,15715.5,15214.0498046875,15711.900390625,489400
2018-10-03,15371.0498046875,15371.0498046875,15576.599609375,15326.5,15469.2998046875,602900
2018-10-04,14427.7998046875,14427.7998046875,15209.5,14120.0498046875,15209.5,979000
2018-10-05,13278.0,13278.0,13979.0,13170.4501953125,13979.0,3241100
2018-10-08,13828.150390625,13828.150390625,13892.5,13104.0,13317.7998046875,1548300
2018-10-09,13591.349609375,13591.349609375,13961.2998046875,13526.75,13946.7001953125,755000
2018-10-10,13779.349609375,13779.349609375,13861.9501953125,13560.900390625,13627.400390625,712400
2018-10-11,13796.5498046875,13796.5498046875,14059.9501953125,13254.25,13403.7001953125,1466900
2018-10-12,14243.0498046875,14243.0498046875,14270.099609375,13987.25,14005.75,1068700
2018-10-15,14363.150390625,14363.150390625,14397.849609375,14167.0,14291.7998046875,744800
2018-10-16,14596.9501953125,14596.9501953125,14622.4501953125,14379.349609375,14428.9501953125,701400
2018-10-17,14405.5,14405.5,14750.650390625,14335.9501953125,14746.0498046875,645900
2018-10-19,14014.0498046875,14014.0498046875,14090.349609375,13828.5498046875,14037.5498046875,932600
2018-10-22,13661.5498046875,13661.5498046875,14155.650390625,13608.900390625,14117.7998046875,577200
2018-10-23,13611.849609375,13611.849609375,13698.5,13423.25,13550.25,672800
2018-10-24,13632.650390625,13632.650390625,13865.599609375,13460.25,13851.5498046875,962000
2018-10-25,13491.349609375,13491.349609375,13595.0498046875,13358.25,13523.599609375,2037500
2018-10-26,13523.7001953125,13523.7001953125,13650.349609375,13334.7998046875,13478.5498046875,663500
2018-10-29,13965.2001953125,13965.2001953125,14017.2001953125,13525.0,13552.900390625,941300
2018-10-30,13660.5,13660.5,13931.25,13634.150390625,13930.0,690800
2018-10-31,13753.349609375,13753.349609375,13777.25,13518.0498046875,13692.5498046875,716900
2018-11-01,13742.400390625,13742.400390625,13837.0,13672.7001953125,13836.150390625,612800
2018-11-02,14005.2998046875,14005.2998046875,14048.25,13870.2001953125,13901.75,1020100
2018-11-05,13985.75,13985.75,14027.900390625,13802.599609375,14027.900390625,768700
2018-11-06,14082.7998046875,14082.7998046875,14152.849609375,13970.0,14043.2998046875,593600
2018-11-07,14151.0,14151.0,14217.75,14148.900390625,14217.75,420000
2018-11-09,14074.599609375,14074.599609375,14226.25,14000.650390625,14178.0498046875,697000
2018-11-12,13849.2998046875,13849.2998046875,14108.7998046875,13810.150390625,14102.7001953125,531700
2018-11-13,14091.0498046875,14091.0498046875,14117.099609375,13798.75,13826.7998046875,698400
2018-11-14,14160.75,14160.75,14337.75,14078.7998046875,14201.0498046875,1185400
2018-11-15,14130.599609375,14130.599609375,14190.349609375,14041.7998046875,14159.2001953125,531800
2018-11-16,14312.599609375,14312.599609375,14356.9501953125,14056.849609375,14113.7998046875,575200
2018-11-19,14466.4501953125,14466.4501953125,14481.0,14325.599609375,14352.849609375,545200
2018-11-20,14333.7001953125,14333.7001953125,14551.4501953125,14281.650390625,14450.599609375,597600
2018-11-21,14124.349609375,14124.349609375,14480.150390625,14098.0498046875,14414.349609375,731500
2018-11-22,13978.650390625,13978.650390625,14224.599609375,13947.25,14151.4501953125,477300
2018-11-26,14003.599609375,14003.599609375,14141.2001953125,13862.0498046875,14094.7001953125,707900
2018-11-27,14185.599609375,14185.599609375,14201.5498046875,13958.2998046875,13983.0498046875,688300
2018-11-28,14264.75,14264.75,14347.349609375,14121.9501953125,14226.900390625,855200
2018-11-29,14367.900390625,14367.900390625,14481.7001953125,14328.25,14378.9501953125,1438100
2018-11-30,14323.9501953125,14323.9501953125,14493.5,14246.150390625,14414.349609375,1345700
2018-12-03,14333.75,14333.75,14410.25,14250.9501953125,14376.349609375,935500
2018-12-04,14359.099609375,14359.099609375,14383.7998046875,14225.7998046875,14325.7998046875,644000
2018-12-05,14294.25,14294.25,14370.0498046875,14178.2001953125,14273.5498046875,616600
2018-12-06,13989.849609375,13989.849609375,14216.150390625,13958.099609375,14216.150390625,548900
2018-12-07,14013.650390625,14013.650390625,14105.849609375,13800.4501953125,14056.5,746300
2018-12-10,13657.4501953125,13657.4501953125,13822.4501953125,13524.349609375,13763.4501953125,1486000
2018-12-11,13709.5,13709.5,13750.0498046875,13322.0498046875,13422.2001953125,952400
2018-12-12,13912.900390625,13912.900390625,13948.4501953125,13680.7998046875,13744.599609375,837600
2018-12-13,13924.2001953125,13924.2001953125,14077.849609375,13797.0498046875,14076.0498046875,727700
2018-12-14,14072.0498046875,14072.0498046875,14090.7998046875,13775.5,13903.25,1139300
2018-12-17,14283.9501953125,14283.9501953125,14309.900390625,14154.349609375,14186.5498046875,874500
2018-12-18,14386.2001953125,14386.2001953125,14405.599609375,14208.650390625,14244.2998046875,791000
2018-12-19,14462.5,14462.5,14526.9501953125,14425.2001953125,14452.9501953125,702600
2018-12-20,14424.7001953125,14424.7001953125,14442.7998046875,14254.400390625,14284.900390625,931800
2018-12-21,14159.75,14159.75,14422.0498046875,14125.25,14383.650390625,1166000
2018-12-24,13989.4501953125,13989.4501953125,14181.7998046875,13955.2998046875,14168.0,606300
2018-12-26,14063.7001953125,14063.7001953125,14104.75,13774.4501953125,13977.2998046875,698500
2018-12-27,14284.599609375,14284.599609375,14311.849609375,14105.400390625,14135.400390625,2166600
2018-12-28,14369.7998046875,14369.7998046875,14449.650390625,14282.75,14314.150390625,700500
2018-12-31,14334.849609375,14334.849609375,14431.599609375,14279.900390625,14411.7001953125,458500
2019-01-01,14348.0,14348.0,14373.150390625,14230.75,14355.0498046875,292600
2019-01-02,14140.5498046875,14140.5498046875,14335.7998046875,14036.2998046875,14277.5,748900
2019-01-03,13914.599609375,13914.599609375,14145.2998046875,13892.5498046875,14121.7001953125,802000
2019-01-04,14043.0498046875,14043.0498046875,14073.349609375,13849.4501953125,13949.5,512100
2019-01-07,14137.0498046875,14137.0498046875,14243.150390625,14095.650390625,14130.400390625,542600
2019-01-08,14106.349609375,14106.349609375,14165.650390625,14034.2001953125,14138.0,371500
2019-01-09,14061.0,14061.0,14202.650390625,13948.0,14161.900390625,463900
2019-01-10,14004.5498046875,14004.5498046875,14065.900390625,13957.7998046875,14033.849609375,581900
2019-01-11,13937.5498046875,13937.5498046875,14076.849609375,13848.400390625,14008.150390625,485100
2019-01-14,13865.2001953125,13865.2001953125,13929.150390625,13804.150390625,13929.150390625,472200
2019-01-15,14162.599609375,14162.599609375,14185.599609375,13948.400390625,13975.0498046875,577800
2019-01-16,14242.599609375,14242.599609375,14338.599609375,14211.75,14218.349609375,483400
2019-01-17,14257.5,14257.5,14366.7998046875,14208.650390625,14318.9501953125,563500
2019-01-18,14607.5,14607.5,14667.099609375,14272.150390625,14365.75,623400
2019-01-21,14963.849609375,14963.849609375,15000.150390625,14633.75,14686.4501953125,603300
2019-01-22,14949.849609375,14949.849609375,15047.7001953125,14844.25,14937.099609375,552400
2019-01-23,14849.7998046875,14849.7998046875,15046.599609375,14813.5,14949.75,456100
2019-01-24,14990.400390625,14990.400390625,15067.5498046875,14812.0,14843.900390625,471600
2019-01-25,14970.0498046875,14970.0498046875,15160.75,14895.0,15027.400390625,422600
2019-01-28,14820.0498046875,14820.0498046875,15019.0498046875,14755.849609375,15006.25,452600
2019-01-29,14630.5,14630.5,14822.599609375,14570.0,14816.0,726500
2019-01-30,14479.25,14479.25,14723.0498046875,14426.25,14670.75,724000
2019-01-31,14792.9501953125,14792.9501953125,14816.25,14532.650390625,14541.4501953125,1575800
2019-02-01,14975.75,14975.75,15025.599609375,14770.5498046875,14867.0498046875,461300
2019-02-04,15215.349609375,15215.349609375,15269.5498046875,14891.5498046875,14934.349609375,637400
2019-02-05,15198.9501953125,15198.9501953125,15309.2998046875,15131.7001953125,15214.7001953125,577500
2019-02-06,15394.150390625,15394.150390625,15433.849609375,15209.0,15229.7001953125,1389300
2019-02-07,15225.099609375,15225.099609375,15472.650390625,15185.5,15395.2998046875,1702200
2019-02-08,15013.650390625,15013.650390625,15307.400390625,14983.849609375,15161.5,1173800
2019-02-11,14762.900390625,14762.900390625,14977.150390625,14730.2001953125,14975.400390625,878900
2019-02-12,14802.150390625,14802.150390625,14943.7998046875,14747.0498046875,14747.2001953125,928800
2019-02-14,14335.099609375,14335.099609375,14530.099609375,14261.2998046875,14526.400390625,1638900
2019-02-15,14618.4501953125,14618.4501953125,14651.650390625,14329.0,14455.5,1341600
2019-02-18,14433.7998046875,14433.7998046875,14696.0498046875,14377.25,14665.5498046875,908500
2019-02-19,14411.0498046875,14411.0498046875,14635.650390625,14377.75,14410.650390625,598800
2019-02-20,14679.150390625,14679.150390625,14747.900390625,14477.900390625,14515.7001953125,938400
2019-02-21,14796.7998046875,14796.7998046875,14844.349609375,14627.5,14686.2998046875,773200
2019-02-22,14777.0498046875,14777.0498046875,14844.5,14719.099609375,14807.0498046875,1211500
2019-02-25,14762.9501953125,14762.9501953125,14825.75,14646.0498046875,14806.2001953125,1247800
2019-02-26,14695.599609375,14695.599609375,14807.900390625,14474.099609375,14532.7998046875,1035900
2019-02-27,14689.0498046875,14689.0498046875,14919.099609375,14586.400390625,14769.5,865800
2019-02-28,14818.5,14818.5,14873.0498046875,14704.900390625,14785.4501953125,2671800
2019-03-01,14857.849609375,14857.849609375,14930.599609375,14796.5498046875,14885.900390625,814500
2019-03-05,15108.599609375,15108.599609375,15130.150390625,14793.150390625,14834.0,1015700
2019-03-06,15363.0498046875,15363.0498046875,15409.2001953125,15127.7998046875,15151.599609375,1121000
2019-03-07,15348.349609375,15348.349609375,15485.900390625,15319.0,15383.2998046875,1060800
2019-03-08,15352.5498046875,15352.5498046875,15390.650390625,15253.099609375,15331.5,1018000
2019-03-11,15770.9501953125,15770.9501953125,15821.400390625,15386.849609375,15412.849609375,1192400
2019-03-12,15991.150390625,15991.150390625,16032.75,15870.900390625,15891.150390625,1069200
2019-03-13,16041.7998046875,16041.7998046875,16091.25,15850.9501953125,16025.25,1039600
2019-03-14,16024.9501953125,16024.9501953125,16148.099609375,15986.900390625,16041.7998046875,707800
2019-03-15,16046.2001953125,16046.2001953125,16219.5,15981.9501953125,16075.7001953125,1418200
2019-03-18,16333.150390625,16333.150390625,16394.69921875,16119.9501953125,16138.0,1232600
2019-03-19,16593.900390625,16593.900390625,16632.900390625,16358.150390625,16458.80078125,1347700
2019-03-20,16397.400390625,16397.400390625,16607.25,16353.2998046875,16607.25,1389700
2019-03-22,16152.2998046875,16152.2998046875,16501.599609375,16103.849609375,16408.05078125,1561300
2019-03-25,16147.900390625,16147.900390625,16198.0,15973.4501953125,16048.4501953125,1196100
2019-03-26,16541.349609375,16541.349609375,16575.900390625,16218.0,16218.0,1106300
2019-03-27,16330.099609375,16330.099609375,16624.05078125,16283.9501953125,16624.05078125,845100
2019-03-28,16384.5,16384.5,16493.400390625,16266.75,16344.0498046875,1650600
2019-04-01,16532.099609375,16532.099609375,16660.94921875,16393.44921875,16571.400390625,1106500
2019-04-02,16523.5,16523.5,16631.0,16469.69921875,16585.900390625,1002500
2019-04-03,16258.650390625,16258.650390625,16590.400390625,16232.349609375,16575.94921875,841800
2019-04-04,16120.599609375,16120.599609375,16316.2998046875,16054.849609375,16297.2998046875,790300
2019-04-05,16171.4501953125,16171.4501953125,16227.0498046875,16084.2001953125,16188.900390625,595400
2019-04-08,15983.2998046875,15983.2998046875,16203.0498046875,15915.2998046875,16193.75,832800
2019-04-09,16068.25,16068.25,16092.0498046875,15887.349609375,15943.099609375,778000
2019-04-10,16026.900390625,16026.900390625,16190.099609375,16003.650390625,16067.5,641500
2019-04-11,16159.150390625,16159.150390625,16195.75,16029.5498046875,16051.349609375,704400
2019-04-12,16169.75,16169.75,16253.849609375,16118.900390625,16202.75,756200
2019-04-15,16114.4501953125,16114.4501953125,16231.7998046875,16084.7998046875,16209.9501953125,590400
2019-04-16,16203.5498046875,16203.5498046875,16277.2001953125,16159.400390625,16191.0498046875,672500
2019-04-18,16336.25,16336.25,16385.599609375,16194.7001953125,16369.7001953125,909800
2019-04-22,15944.2998046875,15944.2998046875,16144.849609375,15921.099609375,16135.650390625,753400
2019-04-23,16010.7001953125,16010.7001953125,16035.5,15849.2001953125,15915.0,841500
2019-04-24,16305.75,16305.75,16332.4501953125,16093.900390625,16096.2998046875,1037200
2019-04-25,16243.5498046875,16243.5498046875,16476.25,16199.7998046875,16305.2998046875,2682900
2019-04-26,16431.5,16431.5,16449.19921875,16272.7998046875,16277.150390625,731500
2019-04-30,16500.0,16500.0,16552.099609375,16272.400390625,16473.0,949300
2019-05-02,16499.05078125,16499.05078125,16566.75,16419.69921875,16491.19921875,928500
2019-05-03,16568.30078125,16568.30078125,16664.650390625,16526.849609375,16557.75,785000
2019-05-06,16503.150390625,16503.150390625,16580.55078125,16442.099609375,16498.599609375,766400
2019-05-07,16231.2001953125,16231.2001953125,16552.55078125,16204.7001953125,16552.55078125,758700
2019-05-08,15925.7998046875,15925.7998046875,16219.650390625,15873.599609375,16219.650390625,754000
2019-05-09,15635.4501953125,15635.4501953125,15861.650390625,15585.5,15861.4501953125,763200
2019-05-10,15493.849609375,15493.849609375,15683.349609375,15450.7001953125,15662.9501953125,652100
2019-05-13,15172.099609375,15172.099609375,15533.5498046875,15128.25,15464.150390625,631200
2019-05-14,15399.2998046875,15399.2998046875,15484.900390625,15101.599609375,15152.650390625,711200
2019-05-15,15274.2998046875,15274.2998046875,15530.5,15230.599609375,15491.650390625,672600
2019-05-16,15530.9501953125,15530.9501953125,15571.4501953125,15237.849609375,15290.5,619100
2019-05-17,15538.650390625,15538.650390625,15595.0,15364.900390625,15509.599609375,799100
2019-05-20,16240.400390625,16240.400390625,16272.25,15944.150390625,15991.4501953125,900800
2019-05-21,16087.400390625,16087.400390625,16341.2998046875,16024.5498046875,16324.4501953125,775900
2019-05-22,16171.9501953125,16171.9501953125,16261.0,16097.650390625,16143.150390625,777300
2019-05-23,16129.099609375,16129.099609375,16647.150390625,16072.650390625,16454.94921875,1101200
2019-05-24,16267.2998046875,16267.2998046875,16363.349609375,16031.5,16309.2998046875,943300
2019-05-27,16382.650390625,16382.650390625,16455.30078125,16200.599609375,16306.400390625,846500
2019-05-28,16487.94921875,16487.94921875,16556.75,16390.150390625,16455.900390625,1357900
2019-05-29,16325.9501953125,16325.9501953125,16506.80078125,16278.150390625,16478.099609375,656300
2019-05-30,16524.30078125,16524.30078125,16562.5,16373.2998046875,16389.19921875,1488500
2019-05-31,16560.349609375,16560.349609375,16701.44921875,16423.150390625,16607.80078125,1243800
2019-06-03,16760.150390625,16760.150390625,16808.80078125,16572.80078125,16696.25,1011000
2019-06-04,16642.05078125,16642.05078125,16841.849609375,16622.400390625,16740.05078125,745500
2019-06-06,16334.5498046875,16334.5498046875,16667.150390625,16269.5,16656.25,1346400
2019-06-07,16231.150390625,16231.150390625,16336.9501953125,16156.650390625,16319.7001953125,996400
2019-06-10,16125.0498046875,16125.0498046875,16296.900390625,16039.2001953125,16268.650390625,1249000
2019-06-11,16230.150390625,16230.150390625,16261.7998046875,16114.849609375,16158.099609375,1259700
2019-06-12,16202.0,16202.0,16303.5,16138.9501953125,16237.0,773700
2019-06-13,16209.150390625,16209.150390625,16240.75,16061.7001953125,16200.5498046875,851900
2019-06-14,16117.400390625,16117.400390625,16222.2998046875,16090.900390625,16174.75,915000
2019-06-17,15790.0498046875,15790.0498046875,16150.599609375,15748.2998046875,16150.349609375,848100
2019-06-18,15904.2001953125,15904.2001953125,15937.849609375,15742.650390625,15787.400390625,881900
2019-06-19,15887.150390625,15887.150390625,16034.099609375,15757.7998046875,15937.5,1428700
2019-06-20,16081.0,16081.0,16111.0498046875,15885.9501953125,15886.2998046875,1224500
2019-06-21,15951.400390625,15951.400390625,16053.400390625,15899.9501953125,16019.650390625,1302900
2019-06-24,15782.099609375,15782.099609375,15955.5,15718.9501953125,15909.150390625,735700
2019-06-25,16092.849609375,16092.849609375,16129.150390625,15751.7998046875,15766.0,951500
2019-06-26,16191.900390625,16191.900390625,16228.599609375,16033.400390625,16054.7998046875,1579300
2019-06-27,16142.0,16142.0,16260.599609375,16106.2998046875,16192.9501953125,2357500
2019-06-28,16046.7998046875,16046.7998046875,16204.75,16024.099609375,16151.5,968000
2019-07-01,15964.0,15964.0,16178.0,15881.0498046875,16078.5,1432300
2019-07-02,16121.7001953125,16121.7001953125,16136.0,15994.0498046875,16046.0498046875,1352200
2019-07-03,16175.5,16175.5,16209.75,16124.2998046875,16201.75,963100
2019-07-04,16203.650390625,16203.650390625,16237.2998046875,16162.0,16199.2001953125,698000
2019-07-05,15818.400390625,15818.400390625,16247.099609375,15772.150390625,16211.75,1128200
2019-07-08,15379.9501953125,15379.9501953125,15753.2998046875,15323.7001953125,15753.2998046875,978200
2019-07-09,15587.5,15587.5,15625.4501953125,15326.849609375,15350.0,1168600
2019-07-10,15466.400390625,15466.400390625,15669.2998046875,15376.9501953125,15574.5,930500
2019-07-11,15547.650390625,15547.650390625,15627.5498046875,15507.349609375,15537.25,920400
2019-07-12,15432.5498046875,15432.5498046875,15649.150390625,15370.5498046875,15575.0498046875,1261500
2019-07-15,15411.5,15411.5,15509.900390625,15349.5,15448.2001953125,654900
2019-07-16,15650.150390625,15650.150390625,15674.9501953125,15447.75,15458.2998046875,782300
2019-07-17,15518.0,15518.0,15717.4501953125,15490.349609375,15700.2001953125,834100
2019-07-18,15256.650390625,15256.650390625,15571.75,15235.849609375,15553.400390625,903000
2019-07-19,15223.099609375,15223.099609375,15372.4501953125,15146.2998046875,15341.4501953125,1356100
2019-07-22,15419.900390625,15419.900390625,15457.900390625,15026.75,15215.150390625,1251700
2019-07-23,15456.650390625,15456.650390625,15574.099609375,15349.599609375,15448.5,1226500
2019-07-24,15275.7001953125,15275.7001953125,15481.4501953125,15238.650390625,15458.150390625,1339500
2019-07-25,15061.4501953125,15061.4501953125,15321.0,15005.900390625,15316.150390625,2106500
2019-07-26,14920.75,14920.75,15078.349609375,14890.7998046875,15063.9501953125,1082900
2019-07-29,14764.2001953125,14764.2001953125,14955.900390625,14729.75,14938.900390625,1248200
2019-07-30,14496.2998046875,14496.2998046875,14821.2998046875,14451.0498046875,14798.2001953125,1015100
2019-07-31,14559.4501953125,14559.4501953125,14624.150390625,14365.7998046875,14410.400390625,1208500
2019-08-01,14590.0,14590.0,14630.7998046875,14407.349609375,14531.5,1288200
2019-08-02,14433.9501953125,14433.9501953125,14611.599609375,14331.9501953125,14546.2001953125,1258000
2019-08-05,14040.7001953125,14040.7001953125,14289.900390625,13964.349609375,14289.7998046875,952900
2019-08-06,14016.849609375,14016.849609375,14152.75,13929.7001953125,13970.900390625,960800
2019-08-07,13819.150390625,13819.150390625,14059.2001953125,13775.0,14040.5,1040500
2019-08-08,14122.5498046875,14122.5498046875,14207.650390625,13739.849609375,13832.349609375,1111700
2019-08-09,14155.400390625,14155.400390625,14285.650390625,14120.849609375,14184.2001953125,1007200
2019-08-13,14423.9501953125,14423.9501953125,14698.5,14357.9501953125,14438.7001953125,1650900
2019-08-14,14564.5,14564.5,14649.400390625,14455.7001953125,14556.9501953125,1136700
2019-08-16,14594.7001953125,14594.7001953125,14652.849609375,14441.7998046875,14593.9501953125,1050300
2019-08-19,14593.099609375,14593.099609375,14675.25,14551.2998046875,14611.0498046875,725200
2019-08-20,14439.599609375,14439.599609375,14611.9501953125,14419.099609375,14590.900390625,778200
2019-08-21,14221.4501953125,14221.4501953125,14439.75,14200.75,14424.4501953125,979500
2019-08-22,13897.2001953125,13897.2001953125,14230.2001953125,13847.9501953125,14217.0498046875,1137200
2019-08-23,14286.099609375,14286.099609375,14347.5,13757.2001953125,13847.5,1047300
2019-08-26,14406.650390625,14406.650390625,14458.9501953125,14127.9501953125,14438.5498046875,1191000
2019-08-27,14604.599609375,14604.599609375,14664.2001953125,14427.400390625,14512.349609375,1513400
2019-08-28,14445.0,14445.0,14702.7998046875,14361.7998046875,14615.5498046875,978000
2019-08-29,14440.650390625,14440.650390625,14496.2001953125,14299.9501953125,14371.9501953125,1628900
2019-08-30,14382.25,14382.25,14552.900390625,14060.7998046875,14470.349609375,1170200
2019-09-03,13972.150390625,13972.150390625,14294.0498046875,13929.9501953125,14289.7998046875,901700
2019-09-04,14052.650390625,14052.650390625,14073.0,13838.900390625,13960.7001953125,893300
2019-09-05,14338.7998046875,14338.7998046875,14596.150390625,14088.400390625,14092.7001953125,1596600
2019-09-06,14591.400390625,14591.400390625,14615.400390625,14332.25,14380.7998046875,1032400
2019-09-09,14617.849609375,14617.849609375,14687.9501953125,14510.650390625,14570.0,686000
2019-09-11,14585.099609375,14585.099609375,14733.150390625,14542.900390625,14582.9501953125,872600
2019-09-12,14404.650390625,14404.650390625,14688.900390625,14366.7001953125,14614.0498046875,1103700
2019-09-13,14727.150390625,14727.150390625,14755.7001953125,14353.849609375,14435.5498046875,1114600
2019-09-16,14533.4501953125,14533.4501953125,14587.2001953125,14429.5,14448.900390625,1403600
2019-09-17,14336.150390625,14336.150390625,14521.099609375,14313.7998046875,14521.099609375,1076200
2019-09-18,14489.5498046875,14489.5498046875,14528.849609375,14332.150390625,14458.650390625,1165400
2019-09-19,14281.9501953125,14281.9501953125,14532.2998046875,14231.150390625,14526.5,962000
2019-09-20,14859.0498046875,14859.0498046875,15093.7998046875,14120.25,14290.0,2505700
2019-09-23,14999.5,14999.5,15162.849609375,14875.4501953125,15092.7998046875,1867400
2019-09-24,15100.849609375,15100.849609375,15246.849609375,14961.400390625,15029.349609375,1542600
2019-09-25,15179.2001953125,15179.2001953125,15278.599609375,15080.0,15118.7998046875,1525700
2019-09-26,15446.900390625,15446.900390625,15475.4501953125,15246.7998046875,15281.150390625,1657400
2019-09-27,15383.4501953125,15383.4501953125,15477.7001953125,15351.7998046875,15426.150390625,844700
2019-09-30,15501.599609375,15501.599609375,15543.4501953125,15297.7998046875,15397.150390625,913400
2019-10-01,15386.349609375,15386.349609375,15789.0,15236.400390625,15651.9501953125,1270400
2019-10-03,15592.7001953125,15592.7001953125,15635.849609375,15245.7998046875,15348.4501953125,1068700
2019-10-04,15525.099609375,15525.099609375,15743.2998046875,15460.25,15730.25,1275000
2019-10-07,15331.599609375,15331.599609375,15498.099609375,15295.0,15468.2998046875,986600
2019-10-09,15469.9501953125,15469.9501953125,15492.75,15228.5498046875,15326.4501953125,908300
2019-10-10,15579.2998046875,15579.2998046875,15612.2998046875,15438.75,15455.150390625,744800
2019-10-11,15510.5,15510.5,15640.7998046875,15394.349609375,15578.0,741300
2019-10-14,15610.2001953125,15610.2001953125,15701.400390625,15542.2001953125,15579.2001953125,898600
2019-10-15,15782.849609375,15782.849609375,15810.7001953125,15652.5498046875,15668.0,676300
2019-10-16,15833.349609375,15833.349609375,15942.9501953125,15780.0498046875,15875.650390625,945000
2019-10-17,15976.599609375,15976.599609375,15998.650390625,15763.2998046875,15851.2998046875,743800
2019-10-18,16183.7001953125,16183.7001953125,16249.650390625,15940.400390625,15979.349609375,1072100
2019-10-22,16268.900390625,16268.900390625,16376.849609375,16149.25,16271.0,909800
2019-10-23,16122.5,16122.5,16312.0,16056.0498046875,16253.099609375,562600
2019-10-24,16116.2998046875,16116.2998046875,16172.849609375,15926.400390625,16172.0498046875,760700
2019-10-25,16071.650390625,16071.650390625,16189.599609375,15990.099609375,16189.599609375,640100
2019-10-29,16318.400390625,16318.400390625,16391.05078125,16152.25,16211.599609375,832200
2019-10-30,16463.80078125,16463.80078125,16488.900390625,16287.400390625,16486.69921875,765900
2019-10-31,16486.150390625,16486.150390625,16544.05078125,16440.44921875,16523.80078125,1146900
2019-11-01,16381.0498046875,16381.0498046875,16416.94921875,16296.7998046875,16375.2998046875,667100
2019-11-04,16373.5,16373.5,16485.69921875,16335.400390625,16431.25,708900
2019-11-05,16274.7998046875,16274.7998046875,16422.400390625,16190.0498046875,16382.599609375,536500
2019-11-06,16209.099609375,16209.099609375,16294.150390625,16159.400390625,16247.75,550200
2019-11-07,16194.650390625,16194.650390625,16277.150390625,16108.900390625,16255.599609375,681700
2019-11-08,15911.0,15911.0,16169.75,15888.0498046875,16167.349609375,1022400
2019-11-11,15934.650390625,15934.650390625,15982.25,15830.650390625,15921.75,964800
2019-11-13,15962.650390625,15962.650390625,16072.7998046875,15899.349609375,15923.75,857500
2019-11-14,15905.0,15905.0,15998.099609375,15829.75,15976.349609375,866800
2019-11-15,15856.650390625,15856.650390625,15979.5498046875,15807.2998046875,15935.9501953125,639200
2019-11-18,15883.2001953125,15883.2001953125,15982.400390625,15853.400390625,15906.75,735500
2019-11-19,16114.4501953125,16114.4501953125,16144.650390625,15891.349609375,15933.5,631800
2019-11-20,16337.400390625,16337.400390625,16424.349609375,16280.5498046875,16348.7001953125,1021400
2019-11-21,16085.4501953125,16085.4501953125,16364.900390625,16056.2998046875,16364.900390625,926300
2019-11-22,16221.400390625,16221.400390625,16316.150390625,16120.599609375,16122.75,768900
2019-11-25,16274.0498046875,16274.0498046875,16341.4501953125,16223.25,16243.599609375,618900
2019-11-26,16176.0498046875,16176.0498046875,16381.099609375,16142.099609375,16322.25,1301100
2019-11-27,16271.849609375,16271.849609375,16303.2998046875,16144.849609375,16175.9501953125,606700
2019-11-28,16367.0498046875,16367.0498046875,16402.0,16215.150390625,16302.4501953125,693100
2019-11-29,16232.150390625,16232.150390625,16387.69921875,16194.650390625,16381.5498046875,792800
2019-12-02,16258.5,16258.5,16431.5,16213.2998046875,16431.5,815200
2019-12-03,16111.650390625,16111.650390625,16300.25,16096.599609375,16296.4501953125,515600
2019-12-04,16031.5,16031.5,16128.7998046875,15905.150390625,16062.5498046875,522700
2019-12-05,15930.099609375,15930.099609375,16120.0,15895.900390625,16086.400390625,541300
2019-12-06,15811.75,15811.75,16008.0498046875,15751.349609375,15963.400390625,596900
2019-12-09,15950.5,15950.5,15988.150390625,15760.0,15836.0,531900
2019-12-10,15682.650390625,15682.650390625,15965.0498046875,15655.150390625,15935.849609375,887300
2019-12-11,15834.099609375,15834.099609375,15866.0,15661.4501953125,15679.099609375,1015500
2019-12-12,15949.9501953125,15949.9501953125,16000.400390625,15843.150390625,15914.0498046875,856300
2019-12-13,16068.0498046875,16068.0498046875,16093.900390625,15965.349609375,16028.5498046875,594400
2019-12-16,15974.2001953125,15974.2001953125,16141.400390625,15959.5,16117.25,562100
2019-12-17,15975.5498046875,15975.5498046875,16019.0498046875,15907.2001953125,15964.849609375,633500
2019-12-18,15956.849609375,15956.849609375,16000.9501953125,15899.2001953125,15961.0,551200
2019-12-19,16112.900390625,16112.900390625,16138.349609375,15901.7998046875,15941.5,506500
2019-12-20,16081.150390625,16081.150390625,16184.75,16052.0498046875,16126.849609375,592800
2019-12-23,15971.599609375,15971.599609375,16033.2998046875,15902.900390625,15903.099609375,845800
2019-12-24,15861.2998046875,15861.2998046875,16018.150390625,15826.400390625,15972.650390625,565300
2019-12-26,15705.2998046875,15705.2998046875,15881.5,15664.75,15828.75,891600
2019-12-27,15944.9501953125,15944.9501953125,15967.5,15771.75,15787.75,501200
2019-12-30,15962.150390625,15962.150390625,15985.349609375,15871.400390625,15952.900390625,428000
2019-12-31,15908.2001953125,15908.2001953125,16028.7001953125,15879.5,15933.2001953125,650900
2020-01-01,15987.7998046875,15987.7998046875,16009.650390625,15910.150390625,15936.400390625,406000
2020-01-02,16128.5,16128.5,16146.7998046875,15981.25,16007.5498046875,529700
2020-01-03,16054.7998046875,16054.7998046875,16169.5498046875,16013.900390625,16114.2998046875,1085300
2020-01-06,15737.0498046875,15737.0498046875,15968.2998046875,15690.25,15936.0498046875,808600
2020-01-07,15793.75,15793.75,15948.650390625,15753.9501953125,15819.25,775900
2020-01-08,15664.9501953125,15664.9501953125,15760.5,15581.599609375,15630.25,616000
2020-01-09,15900.349609375,15900.349609375,15921.150390625,15820.900390625,15897.349609375,639900
2020-01-10,15940.150390625,15940.150390625,16037.7001953125,15872.5498046875,15972.650390625,603300
2020-01-13,16043.349609375,16043.349609375,16090.599609375,15951.75,15951.75,619800
2020-01-14,16053.25,16053.25,16152.75,15994.849609375,16062.25,677900
2020-01-15,16019.0,16019.0,16075.400390625,15941.099609375,16067.650390625,543700
2020-01-16,15974.400390625,15974.400390625,16076.75,15955.150390625,16045.2001953125,707000
2020-01-17,16077.650390625,16077.650390625,16101.349609375,15944.75,15997.7001953125,719700
2020-01-20,15854.849609375,15854.849609375,16196.349609375,15833.2001953125,16196.349609375,1458000
2020-01-21,15776.9501953125,15776.9501953125,15908.599609375,15762.75,15843.0498046875,1000
2020-01-22,15534.599609375,15534.599609375,15811.0,15498.7998046875,15797.7001953125,1700
2020-01-23,15704.849609375,15704.849609375,15771.0498046875,15543.5,15567.099609375,4185800
2020-01-24,15674.650390625,15674.650390625,15768.7001953125,15649.75,15701.150390625,874100
2020-01-27,15489.25,15489.25,15671.75,15458.4501953125,15642.400390625,628700
2020-01-28,15363.349609375,15363.349609375,15529.7001953125,15309.599609375,15526.900390625,868800
2020-01-29,15451.900390625,15451.900390625,15532.599609375,15399.9501953125,15421.7001953125,1040500
2020-01-30,15244.7998046875,15244.7998046875,15477.7001953125,15195.650390625,15473.5498046875,1248600
2020-01-31,14838.7998046875,14838.7998046875,15322.7998046875,14790.5498046875,15318.849609375,2718600
2020-02-03,14499.75,14499.75,14602.2998046875,14271.849609375,14374.5498046875,1108700
2020-02-04,14953.7998046875,14953.7998046875,14968.5498046875,14619.5,14619.849609375,1003900
2020-02-05,15099.150390625,15099.150390625,15184.5498046875,14965.849609375,14998.25,905600
2020-02-06,15228.7998046875,15228.7998046875,15266.900390625,15112.349609375,15120.400390625,777400
2020-02-07,15189.9501953125,15189.9501953125,15237.25,15106.349609375,15206.349609375,880000
2020-02-10,15025.5,15025.5,15186.5498046875,14947.25,15185.849609375,1326100
2020-02-11,15233.4501953125,15233.4501953125,15319.25,15134.849609375,15152.0498046875,1178900
2020-02-12,15234.2001953125,15234.2001953125,15380.75,15198.7998046875,15268.599609375,792200
2020-02-13,15191.25,15191.25,15317.900390625,15140.400390625,15263.7998046875,1019400
2020-02-14,15048.650390625,15048.650390625,15276.349609375,15028.400390625,15205.25,1353800
2020-02-17,14816.4501953125,14816.4501953125,15148.849609375,14761.7001953125,15095.9501953125,1149700
2020-02-18,14789.849609375,14789.849609375,14826.599609375,14568.599609375,14782.4501953125,1386000
2020-02-19,15057.2001953125,15057.2001953125,15071.599609375,14877.900390625,14935.7998046875,884500
2020-02-20,14987.650390625,14987.650390625,15088.25,14964.75,15012.75,1204200
2020-02-24,14627.4501953125,14627.4501953125,14911.900390625,14602.599609375,14911.900390625,830300
2020-02-25,14455.849609375,14455.849609375,14740.0,14421.2001953125,14726.599609375,907700
2020-02-26,14189.7001953125,14189.7001953125,14426.650390625,14148.2998046875,14411.7001953125,1186700
2020-02-27,14069.0498046875,14069.0498046875,14178.650390625,13934.5,14161.4501953125,1422200
2020-02-28,13651.0,13651.0,13804.0498046875,13564.7998046875,13748.099609375,1781200
2020-03-02,13419.0498046875,13419.0498046875,14048.5,13311.7001953125,13914.650390625,1282500
2020-03-03,13863.7001953125,13863.7001953125,13940.4501953125,13534.0498046875,13554.2998046875,1158200
2020-03-04,13876.650390625,13876.650390625,13975.2001953125,13657.650390625,13893.5498046875,1142100
2020-03-05,13743.650390625,13743.650390625,14039.7998046875,13707.0498046875,13956.0,986000
2020-03-06,13342.599609375,13342.599609375,13469.2001953125,13118.0498046875,13314.4501953125,1188900
2020-03-09,12480.2998046875,12480.2998046875,13116.400390625,12366.349609375,13071.849609375,3404200
2020-03-11,12398.7001953125,12398.7001953125,12682.7998046875,12343.099609375,12439.900390625,2492400
2020-03-12,11204.900390625,11204.900390625,11813.650390625,11144.75,11807.849609375,3173000
2020-03-13,11721.25,11721.25,11925.099609375,9767.7998046875,10658.2998046875,3245100
2020-03-16,11017.4501953125,11017.4501953125,11511.4501953125,10973.4501953125,11296.599609375,2121100
2020-03-17,10960.2998046875,10960.2998046875,11542.150390625,10906.2001953125,11142.75,1733300
2020-03-18,10466.900390625,10466.900390625,11195.2998046875,10129.5498046875,11124.900390625,4326600
2020-03-19,10042.9501953125,10042.9501953125,10430.349609375,9802.650390625,10033.2998046875,2297500
2020-03-20,10910.099609375,10910.099609375,11019.349609375,10196.0498046875,10213.9501953125,3770500
2020-03-23,9850.5,9850.5,10220.0,9799.9501953125,9904.150390625,1656700
2020-03-24,10024.0,10024.0,10352.400390625,9750.0,10154.2998046875,1529500
2020-03-25,10558.5,10558.5,10878.0,10027.7998046875,10033.900390625,1441500
2020-03-26,10640.7001953125,10640.7001953125,10749.0498046875,10416.7998046875,10674.150390625,1810100
2020-03-27,10626.2998046875,10626.2998046875,10937.4501953125,10517.7998046875,10849.75,1719700
2020-03-30,10401.099609375,10401.099609375,10652.5,10210.849609375,10338.099609375,1235400
2020-03-31,11124.150390625,11124.150390625,11176.400390625,10556.150390625,10689.0,1958400
2020-04-01,10771.900390625,10771.900390625,11133.099609375,10657.0,11119.4501953125,1181100
2020-04-03,10888.400390625,10888.400390625,11040.5,10641.099609375,11040.0,1595300
2020-04-07,11667.75,11667.75,11700.0498046875,11079.2998046875,11184.900390625,1875000
2020-04-08,11685.150390625,11685.150390625,11990.5498046875,11427.900390625,11566.75,1805700
2020-04-09,11987.0,11987.0,12037.25,11818.5498046875,11916.25,1031200
2020-04-13,11830.650390625,11830.650390625,11992.9501953125,11635.7998046875,11972.349609375,1076300
2020-04-15,11721.900390625,11721.900390625,12260.599609375,11676.9501953125,11945.2001953125,1260100
2020-04-16,11978.75,11978.75,12064.4501953125,11631.900390625,11656.7001953125,1256800
2020-04-17,12281.150390625,12281.150390625,12419.349609375,12143.0498046875,12419.349609375,979600
2020-04-20,12402.0498046875,12402.0498046875,12466.4501953125,12106.7998046875,12361.099609375,1293800
2020-04-21,12090.5498046875,12090.5498046875,12144.099609375,11864.4501953125,12138.25,1353400
2020-04-22,12485.7998046875,12485.7998046875,12519.9501953125,12044.349609375,12316.75,2133400
2020-04-23,12438.7001953125,12438.7001953125,12627.4501953125,12409.650390625,12529.9501953125,1467100
2020-04-24,12500.7998046875,12500.7998046875,12831.400390625,12284.5,12322.5498046875,1769100
2020-04-27,12581.9501953125,12581.9501953125,12785.0498046875,12558.0498046875,12640.9501953125,1153100
2020-04-28,12547.7001953125,12547.7001953125,12713.0,12433.4501953125,12677.9501953125,1692000
2020-04-29,12611.5498046875,12611.5498046875,12721.2998046875,12581.25,12664.5,1222800
2020-04-30,13154.7001953125,13154.7001953125,13228.650390625,12711.2001953125,12821.2001953125,2031500
2020-05-04,12726.650390625,12726.650390625,12919.650390625,12689.150390625,12825.5498046875,1342200
2020-05-05,12897.900390625,12897.900390625,13119.099609375,12857.2998046875,12917.25,1654200
2020-05-06,12912.400390625,12912.400390625,12966.400390625,12697.599609375,12816.9501953125,1890200
2020-05-07,12829.400390625,12829.400390625,12867.9501953125,12748.0,12852.7001953125,1131900
2020-05-08,12896.7001953125,12896.7001953125,13075.650390625,12872.400390625,13043.650390625,1596600
2020-05-11,12920.150390625,12920.150390625,13188.849609375,12890.25,13007.5,1366900
2020-05-12,12664.400390625,12664.400390625,12919.4501953125,12584.4501953125,12859.900390625,1595300
2020-05-13,12911.4501953125,12911.4501953125,13176.7998046875,12742.0,13176.7998046875,1850000
2020-05-14,12485.9501953125,12485.9501953125,12782.400390625,12456.25,12764.349609375,1899100
2020-05-15,12615.4501953125,12615.4501953125,12687.599609375,12440.7001953125,12547.0,1591400
2020-05-18,12214.5498046875,12214.5498046875,12672.5,12189.25,12672.5,1593400
2020-05-19,12247.7001953125,12247.7001953125,12497.2001953125,12217.5498046875,12369.0,1641900
2020-05-20,12508.5,12508.5,12551.0,12190.7001953125,12233.25,1994200
2020-05-21,12502.599609375,12502.599609375,12574.099609375,12417.4501953125,12510.0,1375600
2020-05-22,12463.5498046875,12463.5498046875,12518.349609375,12346.7001953125,12492.5,1312700
2020-05-26,12519.5498046875,12519.5498046875,12610.7001953125,12474.7001953125,12534.0498046875,1370300
2020-05-27,12715.9501953125,12715.9501953125,12750.4501953125,12441.7998046875,12562.75,1305100
2020-05-28,12845.0,12845.0,12871.599609375,12747.099609375,12783.5,1465700
2020-05-29,13060.5,13060.5,13117.150390625,12737.150390625,12794.900390625,3468900
2020-06-01,13345.599609375,13345.599609375,13488.5,13161.2998046875,13205.900390625,2043400
2020-06-02,13479.900390625,13479.900390625,13511.599609375,13297.2998046875,13430.2998046875,1961500
2020-06-03,13519.5498046875,13519.5498046875,13666.2001953125,13478.9501953125,13595.650390625,1903200
2020-06-04,13704.599609375,13704.599609375,13739.5,13453.599609375,13469.099609375,2096100
2020-06-05,13925.400390625,13925.400390625,14002.5,13738.849609375,13762.150390625,1690200
2020-06-08,14140.5498046875,14140.5498046875,14328.5,14099.25,14234.2001953125,2139200
2020-06-09,13894.900390625,13894.900390625,14239.75,13845.0,14179.0,1433800
2020-06-10,13954.2998046875,13954.2998046875,14000.9501953125,13805.099609375,13943.099609375,1155300
2020-06-11,13745.7001953125,13745.7001953125,14037.75,13709.849609375,13917.9501953125,1714500
2020-06-12,13855.75,13855.75,13891.150390625,13269.400390625,13274.5,1695800
2020-06-15,13815.4501953125,13815.4501953125,13907.75,13589.599609375,13755.650390625,1702800
2020-06-16,13780.5498046875,13780.5498046875,14080.650390625,13597.5,14062.349609375,1424400
2020-06-17,13742.9501953125,13742.9501953125,13864.0498046875,13675.7998046875,13708.849609375,1499800
2020-06-18,14023.4501953125,14023.4501953125,14078.5,13670.599609375,13714.2001953125,1387500
2020-06-19,14535.25,14535.25,14604.650390625,14093.900390625,14135.650390625,1830800
2020-06-22,14675.599609375,14675.599609375,14785.650390625,14581.75,14684.5,1714700
2020-06-23,14837.5498046875,14837.5498046875,14867.0498046875,14695.0498046875,14748.0,1754400
2020-06-24,14603.650390625,14603.650390625,14957.2001953125,14571.150390625,14942.599609375,2193600
2020-06-25,14505.2001953125,14505.2001953125,14733.5498046875,14462.400390625,14575.75,3596100
2020-06-26,14832.650390625,14832.650390625,14879.2001953125,14596.0498046875,14665.5498046875,1972400
2020-06-29,14588.5,14588.5,14833.4501953125,14536.849609375,14775.4501953125,1240100
2020-06-30,14396.5498046875,14396.5498046875,14737.099609375,14368.849609375,14737.099609375,1388400
2020-07-01,14474.349609375,14474.349609375,14495.0498046875,14275.7001953125,14399.849609375,1466600
2020-07-02,14625.2001953125,14625.2001953125,14707.599609375,14509.5498046875,14538.75,2351300
2020-07-03,14771.0498046875,14771.0498046875,14797.150390625,14644.2998046875,14738.5498046875,1495400
2020-07-06,14997.849609375,14997.849609375,15057.0,14822.7001953125,14887.7001953125,1275500
2020-07-07,14696.7001953125,14696.7001953125,15046.849609375,14667.0,15037.599609375,1319900
2020-07-08,14554.349609375,14554.349609375,14768.900390625,14514.5498046875,14715.9501953125,1492200
2020-07-09,14620.849609375,14620.849609375,14682.25,14565.349609375,14639.0498046875,1374600
2020-07-10,14698.5,14698.5,14724.400390625,14522.900390625,14604.7001953125,1552900
2020-07-13,14835.099609375,14835.099609375,15025.099609375,14754.2998046875,14827.75,1274000
2020-07-14,14581.900390625,14581.900390625,14825.150390625,14539.4501953125,14808.9501953125,1279300
2020-07-15,14302.9501953125,14302.9501953125,14822.7998046875,14162.599609375,14718.349609375,1536800
2020-07-16,14339.900390625,14339.900390625,14365.4501953125,14070.75,14345.5498046875,1280600
2020-07-17,14942.25,14942.25,14980.599609375,14400.4501953125,14400.4501953125,2415300
2020-07-20,14936.0,14936.0,15044.2001953125,14887.5,14985.2998046875,1174500
2020-07-21,15457.349609375,15457.349609375,15478.650390625,15005.099609375,15026.0498046875,2678700
2020-07-22,15565.400390625,15565.400390625,15711.75,15405.5498046875,15520.099609375,1969300
2020-07-23,15803.25,15803.25,15854.650390625,15480.400390625,15536.2998046875,1844700
2020-07-24,15895.849609375,15895.849609375,15964.7998046875,15700.2998046875,15732.349609375,1543500
2020-07-27,15903.0498046875,15903.0498046875,16047.0,15764.4501953125,16030.75,1696500
2020-07-28,16001.9501953125,16001.9501953125,16029.349609375,15916.150390625,15925.4501953125,1306500
2020-07-29,15737.5498046875,15737.5498046875,16064.0,15629.349609375,15994.7001953125,1211800
2020-07-30,15439.0,15439.0,15719.75,15379.75,15695.0,1769100
2020-07-31,15309.150390625,15309.150390625,15542.5,15238.4501953125,15478.400390625,1475000
2020-08-03,15055.5498046875,15055.5498046875,15283.4501953125,15003.599609375,15280.5,1285800
2020-08-04,15408.150390625,15408.150390625,15462.2001953125,15024.75,15111.0498046875,1823000
2020-08-05,15328.2998046875,15328.2998046875,15566.5,15297.7001953125,15476.900390625,1222100
2020-08-06,15408.150390625,15408.150390625,15539.7998046875,15337.5,15467.599609375,1524000
2020-08-07,15498.0498046875,15498.0498046875,15562.150390625,15413.099609375,15444.599609375,1236400
2020-08-10,15515.349609375,15515.349609375,15638.599609375,15457.9501953125,15601.2001953125,1039200
2020-08-11,15588.25,15588.25,15705.2998046875,15499.599609375,15608.2998046875,1235400
2020-08-12,15549.0,15549.0,15594.400390625,15452.0498046875,15542.5,1243100
2020-08-13,15540.5498046875,15540.5498046875,15608.0,15492.349609375,15575.599609375,1967800
2020-08-14,15394.9501953125,15394.9501953125,15639.150390625,15282.099609375,15615.849609375,1589000
2020-08-17,15588.4501953125,15588.4501953125,15640.9501953125,15315.5498046875,15444.0,2263100
2020-08-18,15634.349609375,15634.349609375,15749.400390625,15595.900390625,15624.5,1716800
2020-08-19,15712.0,15712.0,15824.7001953125,15684.2001953125,15748.099609375,1899000
2020-08-20,15960.9501953125,15960.9501953125,16049.2001953125,15592.5498046875,15650.5,3858100
2020-08-21,16085.349609375,16085.349609375,16252.849609375,16047.5,16146.7998046875,2772100
2020-08-24,16071.0,16071.0,16243.400390625,15974.150390625,16171.900390625,1525000
2020-08-25,15980.2001953125,15980.2001953125,16166.099609375,15925.2998046875,16141.0498046875,1888000
2020-08-26,16115.0498046875,16115.0498046875,16153.9501953125,15914.849609375,16056.75,1931800
2020-08-27,15996.099609375,15996.099609375,16212.2001953125,15971.150390625,16198.400390625,1218300
2020-08-28,15970.75,15970.75,16139.9501953125,15941.0,16075.599609375,1168400
2020-08-31,15605.25,15605.25,16301.7001953125,15534.349609375,16208.099609375,3419700
2020-09-01,15673.0498046875,15673.0498046875,15734.7001953125,15509.7001953125,15712.2001953125,2186000
2020-09-02,15857.25,15857.25,15895.4501953125,15633.900390625,15709.4501953125,1397400
2020-09-03,15734.75,15734.75,15928.5498046875,15679.2998046875,15864.599609375,1101900
2020-09-04,15434.7001953125,15434.7001953125,15612.9501953125,15393.150390625,15537.0,1220200
2020-09-07,15356.4501953125,15356.4501953125,15554.849609375,15231.2001953125,15507.0498046875,1278100
2020-09-08,15336.4501953125,15336.4501953125,15487.0,15293.7998046875,15413.849609375,1439000
2020-09-09,15365.849609375,15365.849609375,15424.7998046875,15095.2998046875,15223.599609375,1870200
2020-09-10,15978.0498046875,15978.0498046875,16029.7001953125,15453.0,15490.9501953125,2361300
2020-09-11,15942.2998046875,15942.2998046875,16046.2998046875,15833.0498046875,15968.900390625,1467900
2020-09-14,15829.150390625,15829.150390625,16092.400390625,15765.5,16010.7001953125,1249500
2020-09-15,15898.599609375,15898.599609375,15966.7998046875,15833.2998046875,15869.2001953125,1045900
2020-09-16,15829.4501953125,15829.4501953125,15997.400390625,15801.099609375,15922.9501953125,1040900
2020-09-17,15688.4501953125,15688.4501953125,15866.2998046875,15658.75,15793.349609375,1169500
2020-09-18,15777.099609375,15777.099609375,15830.0,15649.2998046875,15796.25,1738500
2020-09-21,15366.2998046875,15366.2998046875,15784.0,15304.7001953125,15771.099609375,1354400
2020-09-22,15064.900390625,15064.900390625,15418.150390625,14923.7001953125,15407.75,1623600
2020-09-23,14956.599609375,14956.599609375,15247.7001953125,14841.7998046875,15247.7001953125,1413000
2020-09-24,14548.4501953125,14548.4501953125,14849.900390625,14492.2998046875,14751.599609375,1487100
2020-09-25,14826.2998046875,14826.2998046875,14870.7998046875,14602.349609375,14701.7998046875,1367000
2020-09-28,15210.2001953125,15210.2001953125,15305.900390625,14963.849609375,15004.7998046875,1261000
2020-09-29,15175.099609375,15175.099609375,15378.9501953125,15109.7998046875,15378.349609375,1189100
2020-09-30,15026.9501953125,15026.9501953125,15333.7001953125,14959.7001953125,15283.25,1573700
2020-10-01,15049.7001953125,15049.7001953125,15157.599609375,14984.150390625,15157.599609375,1199200
2020-10-05,14999.0498046875,14999.0498046875,15149.5,14971.849609375,15134.75,1021300
2020-10-06,14966.7998046875,14966.7998046875,15084.099609375,14920.7998046875,15072.9501953125,854800
2020-10-07,14914.400390625,14914.400390625,15166.349609375,14889.650390625,14990.25,1720100
2020-10-08,14780.150390625,14780.150390625,14953.0,14714.25,14945.400390625,1105600
2020-10-09,14833.7998046875,14833.7998046875,14857.7001953125,14721.2001953125,14784.099609375,1242300
2020-10-12,14754.599609375,14754.599609375,14969.900390625,14723.5498046875,14883.75,857700
2020-10-13,14911.9501953125,14911.9501953125,14935.0498046875,14708.900390625,14742.5,914800
2020-10-14,14755.0,14755.0,14952.650390625,14645.75,14902.7998046875,1552200
2020-10-15,14460.2001953125,14460.2001953125,14832.650390625,14399.650390625,14767.0498046875,1207200
2020-10-16,14562.5498046875,14562.5498046875,14667.2998046875,14435.9501953125,14520.349609375,1349800
2020-10-19,14743.25,14743.25,14832.75,14642.7998046875,14656.849609375,1461500
2020-10-20,14529.150390625,14529.150390625,14751.2998046875,14504.5,14718.2998046875,1061700
2020-10-21,14643.5498046875,14643.5498046875,14834.5498046875,14478.7001953125,14667.5,1811500
2020-10-22,14789.4501953125,14789.4501953125,14831.5,14510.2001953125,14591.2998046875,1650000
2020-10-23,14901.7001953125,14901.7001953125,14947.599609375,14809.2998046875,14845.4501953125,1381500
2020-10-26,14613.4501953125,14613.4501953125,14912.400390625,14537.9501953125,14905.7001953125,1412200
2020-10-27,14752.25,14752.25,14780.5498046875,14560.599609375,14712.4501953125,1941300
2020-10-28,14688.349609375,14688.349609375,14869.25,14660.5,14857.099609375,1311100
2020-10-29,14722.150390625,14722.150390625,14758.599609375,14534.349609375,14535.2001953125,1578700
2020-10-30,14977.7998046875,14977.7998046875,15024.0498046875,14810.7001953125,14827.900390625,2187600
2020-11-02,14606.099609375,14606.099609375,15002.25,14554.0,14972.5498046875,1503900
2020-11-03,14528.4501953125,14528.4501953125,14800.650390625,14478.349609375,14754.650390625,2369600
2020-11-04,14628.5,14628.5,14650.099609375,14444.5,14512.7001953125,1542300
2020-11-05,15020.349609375,15020.349609375,15040.900390625,14731.25,14787.7998046875,2061800
2020-11-06,15180.75,15180.75,15232.9501953125,15085.400390625,15112.5498046875,1596000
2020-11-09,15491.5,15491.5,15513.2001953125,15282.5498046875,15379.2001953125,1428800
2020-11-10,15713.0498046875,15713.0498046875,15740.5,15466.150390625,15595.650390625,1921400
2020-11-11,15773.5498046875,15773.5498046875,15926.150390625,15635.349609375,15761.099609375,2298300
2020-11-12,15743.2001953125,15743.2001953125,15857.900390625,15694.150390625,15779.25,1439500
2020-11-13,15869.25,15869.25,15917.5498046875,15667.5498046875,15691.9501953125,1244200
2020-11-17,15925.2998046875,15925.2998046875,16284.75,15885.5498046875,16277.2998046875,2048300
2020-11-18,15911.099609375,15911.099609375,16025.25,15770.5,15942.5498046875,1866700
2020-11-19,15951.5498046875,15951.5498046875,16160.9501953125,15809.4501953125,15813.5498046875,2224000
2020-11-20,15959.75,15959.75,16081.400390625,15837.9501953125,15978.5,1924400
2020-11-23,16405.55078125,16405.55078125,16463.44921875,16124.0498046875,16182.0498046875,2252400
2020-11-24,16460.55078125,16460.55078125,16584.05078125,16342.5,16528.349609375,1667700
2020-11-25,16388.0,16388.0,16597.150390625,16356.4501953125,16542.19921875,2783300
2020-11-26,16346.0,16346.0,16388.19921875,16201.349609375,16317.900390625,1680100
2020-11-27,16251.849609375,16251.849609375,16516.900390625,16066.5,16386.30078125,5133900
2020-12-01,16475.349609375,16475.349609375,16537.849609375,16207.4501953125,16326.599609375,2799000
2020-12-02,16701.05078125,16701.05078125,16729.900390625,16439.80078125,16536.25,3081200
2020-12-03,16941.25,16941.25,16964.0,16740.650390625,16821.44921875,2881700
2020-12-04,16923.55078125,16923.55078125,17102.099609375,16802.900390625,17048.099609375,2682000
2020-12-07,16998.599609375,16998.599609375,17081.69921875,16940.25,16953.5,2004900
2020-12-08,16967.55078125,16967.55078125,17176.900390625,16905.0,17103.349609375,1921400
2020-12-09,17087.75,17087.75,17166.900390625,17026.80078125,17088.25,1995300
2020-12-10,16931.599609375,16931.599609375,17104.80078125,16785.0,17071.05078125,1483000
2020-12-11,17204.05078125,17204.05078125,17400.80078125,16927.94921875,16930.94921875,4033400
2020-12-14,17351.349609375,17351.349609375,17388.150390625,17255.05078125,17298.5,2495200
2020-12-15,17281.349609375,17281.349609375,17393.0,17101.80078125,17393.0,1960200
2020-12-16,17383.150390625,17383.150390625,17456.599609375,17316.30078125,17440.599609375,1831700
2020-12-17,17323.55078125,17323.55078125,17484.099609375,17285.19921875,17454.94921875,1544800
2020-12-18,17231.94921875,17231.94921875,17375.55078125,17098.900390625,17355.849609375,2016800
2020-12-21,16377.4501953125,16377.4501953125,17223.05078125,15989.7998046875,17223.05078125,2782800
2020-12-22,16569.0,16569.0,16617.25,16065.099609375,16320.2001953125,2581100
2020-12-23,16628.19921875,16628.19921875,16663.80078125,16420.599609375,16590.5,1433100
2020-12-24,16860.69921875,16860.69921875,16919.900390625,16706.80078125,16727.55078125,1641900
2020-12-28,17005.5,17005.5,17057.849609375,16915.650390625,16958.650390625,1199900
2020-12-29,16899.349609375,16899.349609375,17110.150390625,16807.44921875,17055.150390625,1210600
2020-12-30,16948.75,16948.75,16976.05078125,16818.5,16938.19921875,1174800
2020-12-31,16922.5,16922.5,17066.80078125,16892.599609375,16933.650390625,1711200
2021-01-04,17176.150390625,17176.150390625,17193.94921875,16969.30078125,17096.150390625,1624100
2021-01-05,17070.55078125,17070.55078125,17087.849609375,16926.25,17058.80078125,1676200
2021-01-06,17097.849609375,17097.849609375,17272.349609375,16952.69921875,17168.400390625,2566200
2021-01-07,17042.75,17042.75,17283.69921875,16998.150390625,17206.400390625,1719400
2021-01-08,17255.150390625,17255.150390625,17273.349609375,17126.5,17166.80078125,2122000
2021-01-11,17108.55078125,17108.55078125,17345.30078125,17051.349609375,17336.5,1589400
2021-01-12,17329.599609375,17329.599609375,17376.900390625,17092.30078125,17140.30078125,2444000
2021-01-13,17430.150390625,17430.150390625,17615.44921875,17229.05078125,17425.400390625,2714100
2021-01-14,17669.400390625,17669.400390625,17694.94921875,17463.0,17531.69921875,1766000
2021-01-15,17341.05078125,17341.05078125,17811.94921875,17266.69921875,17771.099609375,1944000
2021-01-18,17200.75,17200.75,17400.25,16933.30078125,17371.19921875,2007100
2021-01-19,17518.55078125,17518.55078125,17552.349609375,17334.55078125,17346.25,1546400
2021-01-20,17596.30078125,17596.30078125,17634.19921875,17394.650390625,17565.05078125,1395700
2021-01-21,17564.150390625,17564.150390625,17835.650390625,17480.05078125,17710.44921875,1587800
2021-01-25,16772.30078125,16772.30078125,17340.69921875,16730.69921875,17327.94921875,1931900
2021-01-27,16482.900390625,16482.900390625,16706.75,16439.44921875,16695.5,1994600
2021-01-28,16459.75,16459.75,16585.0,16334.150390625,16340.25,1801200
2021-01-29,16159.2001953125,16159.2001953125,16696.5,16104.599609375,16586.400390625,2408900
2021-02-01,16587.55078125,16587.55078125,16643.80078125,16202.7998046875,16294.400390625,2159300
2021-02-02,16950.5,16950.5,17034.650390625,16618.400390625,16779.599609375,1990300
2021-02-03,17221.5,17221.5,17317.150390625,16927.25,17040.650390625,2518200
2021-02-04,17462.94921875,17462.94921875,17524.849609375,17213.5,17274.25,3032600
2021-02-05,17415.5,17415.5,17644.44921875,17321.150390625,17614.849609375,2678600
2021-02-08,17664.05078125,17664.05078125,17718.349609375,17422.599609375,17441.5,2549000
2021-02-09,17685.400390625,17685.400390625,17913.55078125,17604.900390625,17751.80078125,2255600
2021-02-10,17706.400390625,17706.400390625,17790.900390625,17502.650390625,17709.30078125,2032800
2021-02-11,17945.900390625,17945.900390625,17969.849609375,17621.900390625,17661.0,1614100
2021-02-12,17753.05078125,17753.05078125,18041.25,17625.099609375,17997.69921875,1365300
2021-02-16,18129.30078125,18129.30078125,18235.849609375,17734.599609375,17749.849609375,2677200
2021-02-18,18770.650390625,18770.650390625,18893.55078125,18389.5,18404.55078125,4630700
2021-02-19,18681.5,18681.5,19035.55078125,18479.849609375,18747.400390625,3606800
2021-02-22,18336.849609375,18336.849609375,18794.30078125,18252.599609375,18669.80078125,1891900
2021-02-23,18717.5,18717.5,18865.849609375,18534.599609375,18576.75,2835600
2021-02-24,18782.400390625,18782.400390625,18914.25,18663.19921875,18843.5,1323500
2021-02-25,19355.69921875,19355.69921875,19519.19921875,18924.900390625,18934.150390625,3702500
2021-02-26,18793.349609375,18793.349609375,19315.099609375,18656.19921875,19079.05078125,3321000
2021-03-01,19159.099609375,19159.099609375,19209.599609375,18962.150390625,19096.44921875,2174100
2021-03-02,19303.400390625,19303.400390625,19477.05078125,19138.900390625,19355.30078125,2731500
2021-03-03,19670.05078125,19670.05078125,19727.19921875,19309.55078125,19567.150390625,2235900
2021-03-04,19507.30078125,19507.30078125,19676.900390625,19436.80078125,19486.05078125,2815700
2021-03-05,19428.19921875,19428.19921875,19767.69921875,19323.55078125,19514.150390625,2707700
2021-03-08,19650.349609375,19650.349609375,19907.94921875,19481.5,19516.05078125,2924500
2021-03-09,19385.150390625,19385.150390625,19692.94921875,19053.849609375,19654.19921875,3766000
2021-03-10,19331.25,19331.25,19548.44921875,19238.69921875,19544.25,1577700
2021-03-12,19318.30078125,19318.30078125,19612.75,19203.69921875,19546.55078125,3070600
2021-03-15,19322.900390625,19322.900390625,19440.849609375,19005.75,19440.150390625,2324300
2021-03-16,19293.19921875,19293.19921875,19497.0,19249.349609375,19404.19921875,200
2021-03-17,18693.94921875,18693.94921875,19298.599609375,18654.55078125,19279.0,200
2021-03-18,18404.400390625,18404.400390625,18952.94921875,18326.650390625,18834.900390625,2271600
2021-03-19,18985.400390625,18985.400390625,19066.5,18045.150390625,18264.150390625,3980500
2021-03-22,18991.75,18991.75,19152.19921875,18862.849609375,19151.30078125,2034600
2021-03-23,19005.55078125,19005.55078125,19143.599609375,18952.55078125,19076.69921875,1544400
2021-03-24,18676.75,18676.75,18984.849609375,18641.05078125,18853.900390625,1607000
2021-03-25,18133.349609375,18133.349609375,18724.349609375,18094.19921875,18719.599609375,2267400
2021-03-26,18217.650390625,18217.650390625,18395.150390625,18075.5,18345.599609375,1944200
2021-03-30,18418.900390625,18418.900390625,18588.900390625,18309.69921875,18392.0,2602000
2021-03-31,18185.099609375,18185.099609375,18449.44921875,18160.400390625,18372.44921875,1565200
2021-04-01,18516.19921875,18516.19921875,18543.0,18246.80078125,18295.25,1248100
2021-04-05,18232.19921875,18232.19921875,18476.5,17973.400390625,18438.80078125,1452500
2021-04-06,18217.150390625,18217.150390625,18425.099609375,18139.44921875,18335.69921875,1386500
2021-04-07,18333.349609375,18333.349609375,18537.349609375,18284.349609375,18339.30078125,1424600
2021-04-08,18275.55078125,18275.55078125,18445.900390625,18226.099609375,18368.849609375,1279200
2021-04-09,18077.150390625,18077.150390625,18305.099609375,18058.0,18289.69921875,1160100
2021-04-12,17279.44921875,17279.44921875,17811.55078125,17215.25,17796.94921875,2423100
2021-04-13,17672.80078125,17672.80078125,17713.55078125,17348.05078125,17381.75,1893700
2021-04-15,17781.650390625,17781.650390625,17950.5,17544.44921875,17650.099609375,1385700
2021-04-16,17841.05078125,17841.05078125,17982.75,17712.25,17757.349609375,1449900
2021-04-19,17357.75,17357.75,17518.099609375,17302.30078125,17456.0,1333700
2021-04-20,17342.0,17342.0,17570.5,17254.94921875,17476.599609375,1295100
2021-04-22,17370.94921875,17370.94921875,17449.44921875,17159.30078125,17271.599609375,1129600
2021-04-23,17537.69921875,17537.69921875,17594.099609375,17304.400390625,17323.19921875,1704400
2021-04-26,17675.0,17675.0,17742.099609375,17609.5,17662.69921875,1071100
2021-04-27,17879.19921875,17879.19921875,17919.150390625,17686.55078125,17702.05078125,1009900
2021-04-28,17990.599609375,17990.599609375,18037.5,17914.94921875,17990.349609375,999600
2021-04-29,18063.099609375,18063.099609375,18234.650390625,18003.19921875,18176.80078125,1139600
2021-04-30,18031.099609375,18031.099609375,18387.349609375,17897.05078125,17926.69921875,2395100
2021-05-03,17983.400390625,17983.400390625,18048.900390625,17789.55078125,17854.900390625,1367400
2021-05-04,17947.849609375,17947.849609375,18150.599609375,17881.599609375,18031.75,1845600
2021-05-06,18178.19921875,18178.19921875,18209.80078125,18031.75,18169.75,1468800
2021-05-07,18295.599609375,18295.599609375,18366.0,18149.900390625,18283.25,1416500
2021-05-10,18590.05078125,18590.05078125,18614.349609375,18379.30078125,18428.25,2136700
2021-05-12,18717.400390625,18717.400390625,19088.19921875,18585.5,18968.0,2896800
2021-05-14,18652.94921875,18652.94921875,18858.099609375,18489.94921875,18858.099609375,1748100
2021-05-17,18847.05078125,18847.05078125,18870.400390625,18684.55078125,18803.75,1253900
2021-05-18,19201.55078125,19201.55078125,19289.349609375,19052.44921875,19106.69921875,1838100
2021-05-19,19308.099609375,19308.099609375,19353.150390625,19164.5,19248.5,1939700
2021-05-21,19326.30078125,19326.30078125,19358.900390625,19258.150390625,19283.150390625,1788300
2021-05-24,19583.55078125,19583.55078125,19608.400390625,19364.349609375,19420.30078125,2134600
2021-05-26,19321.0,19321.0,19637.69921875,19300.05078125,19637.69921875,1354100
2021-05-27,19295.349609375,19295.349609375,19453.099609375,19263.849609375,19435.55078125,2320300
2021-05-28,19566.80078125,19566.80078125,19713.599609375,19401.849609375,19446.44921875,1515300
2021-06-01,19976.80078125,19976.80078125,20134.05078125,19895.599609375,19967.05078125,1483500
2021-06-02,20223.5,20223.5,20253.400390625,19959.0,19959.69921875,1309000
2021-06-03,20328.400390625,20328.400390625,20517.19921875,20233.900390625,20372.0,1742200
2021-06-04,20368.05078125,20368.05078125,20487.80078125,20285.75,20402.30078125,1768800
2021-06-07,20743.94921875,20743.94921875,20769.25,20416.30078125,20497.099609375,2336100
2021-06-08,20745.0,20745.0,20840.30078125,20576.55078125,20840.30078125,2216100
2021-06-09,20669.19921875,20669.19921875,21061.099609375,20518.650390625,20884.44921875,5470900
2021-06-10,20712.80078125,20712.80078125,20894.75,20662.25,20866.400390625,2451900
2021-06-11,20797.19921875,20797.19921875,20972.900390625,20647.5,20826.75,1672600
2021-06-14,20902.69921875,20902.69921875,20983.75,20407.150390625,20755.349609375,1776100
2021-06-15,20900.099609375,20900.099609375,21066.099609375,20851.75,21022.94921875,1376900
2021-06-16,20773.349609375,20773.349609375,20926.19921875,20689.0,20848.400390625,1989600
2021-06-17,20564.5,20564.5,20772.099609375,20380.30078125,20582.650390625,1595400
2021-06-18,20164.19921875,20164.19921875,20587.400390625,19939.05078125,20569.75,2952200
2021-06-21,20439.5,20439.5,20469.900390625,19913.55078125,19937.400390625,1501800
2021-06-22,20491.0,20491.0,20715.849609375,20450.650390625,20582.099609375,1242200
2021-06-23,20353.55078125,20353.55078125,20656.25,20306.400390625,20656.25,973400
2021-06-24,20078.94921875,20078.94921875,20353.30078125,20019.30078125,20319.849609375,1416900
2021-06-25,19961.05078125,19961.05078125,20110.55078125,19891.19921875,20108.900390625,1223400
2021-06-28,19858.5,19858.5,20101.30078125,19827.349609375,20097.30078125,971000
2021-06-29,19849.150390625,19849.150390625,19980.69921875,19757.849609375,19883.099609375,1630700
2021-06-30,19822.400390625,19822.400390625,19990.349609375,19774.0,19905.5,1145300
2021-07-01,19708.55078125,19708.55078125,19894.150390625,19680.69921875,19870.400390625,889300
2021-07-02,19684.099609375,19684.099609375,19740.650390625,19636.55078125,19653.05078125,970800
2021-07-06,19726.05078125,19726.05078125,19889.900390625,19691.0,19712.400390625,1138200
2021-07-07,19693.80078125,19693.80078125,19742.650390625,19521.400390625,19692.099609375,871500
2021-07-08,19597.44921875,19597.44921875,19751.94921875,19516.75,19718.099609375,1038200
2021-07-09,19501.19921875,19501.19921875,19579.599609375,19420.25,19558.80078125,714400
2021-07-12,19467.30078125,19467.30078125,19619.099609375,19436.44921875,19548.05078125,746800
2021-07-13,19570.599609375,19570.599609375,19658.30078125,19516.099609375,19583.0,963300
2021-07-14,19524.75,19524.75,19681.19921875,19454.849609375,19602.94921875,733574000
2021-07-15,19436.5,19436.5,19560.30078125,19397.55078125,19545.0,969400
2021-07-16,19567.900390625,19567.900390625,19589.349609375,19424.25,19484.69921875,893700
2021-07-19,19517.30078125,19517.30078125,19660.349609375,19428.75,19506.900390625,1445900
2021-07-20,19309.94921875,19309.94921875,19467.55078125,19235.44921875,19445.19921875,1212800
2021-07-22,19600.05078125,19600.05078125,19632.55078125,19279.900390625,19447.599609375,841000
2021-07-23,19503.80078125,19503.80078125,19686.30078125,19465.30078125,19673.94921875,649600
2021-07-26,19300.099609375,19300.099609375,19496.55078125,19273.44921875,19491.5,638700
2021-07-27,19116.150390625,19116.150390625,19353.69921875,19070.900390625,19320.0,643900
2021-07-28,19011.75,19011.75,19162.5,18803.30078125,19159.75,798600
2021-07-29,18975.349609375,18975.349609375,19134.0,18928.19921875,19101.30078125,968200
2021-07-30,18934.150390625,18934.150390625,19166.94921875,18902.849609375,19029.75,1417000
2021-08-02,19229.150390625,19229.150390625,19252.44921875,18982.05078125,19045.900390625,1687500
2021-08-03,19385.30078125,19385.30078125,19436.80078125,19232.05078125,19360.05078125,1353700
2021-08-04,19405.19921875,19405.19921875,19577.0,19356.30078125,19463.44921875,1086000
2021-08-05,19432.44921875,19432.44921875,19483.55078125,19228.849609375,19417.75,1199200
2021-08-06,19411.80078125,19411.80078125,19636.44921875,19362.55078125,19463.69921875,1559000
2021-08-09,19272.75,19272.75,19458.55078125,19187.44921875,19458.55078125,1242057700
2021-08-10,19135.75,19135.75,19370.05078125,19000.599609375,19319.25,1025800
2021-08-11,19400.75,19400.75,19440.349609375,19091.5,19199.75,1133400
2021-08-12,19599.05078125,19599.05078125,19629.900390625,19384.75,19415.650390625,1387100
2021-08-13,19677.05078125,19677.05078125,19692.099609375,19567.69921875,19590.75,980800
2021-08-16,19786.05078125,19786.05078125,19888.19921875,19601.75,19703.900390625,1078300
2021-08-17,19722.44921875,19722.44921875,19871.349609375,19584.150390625,19803.05078125,986900
2021-08-18,19685.0,19685.0,19834.55078125,19609.900390625,19803.69921875,879600
2021-08-20,19348.69921875,19348.69921875,19561.150390625,19285.19921875,19436.30078125,1176700
2021-08-23,19332.150390625,19332.150390625,19518.5,19132.5,19518.5,913800
2021-08-24,19562.5,19562.5,19604.349609375,19393.69921875,19425.94921875,1078100
2021-08-25,19757.25,19757.25,19797.55078125,19592.55078125,19625.150390625,870400
2021-08-26,19865.05078125,19865.05078125,19904.099609375,19729.05078125,19847.55078125,839300
2021-08-27,19942.44921875,19942.44921875,19966.650390625,19753.650390625,19914.599609375,689600
2021-08-30,20243.650390625,20243.650390625,20271.19921875,19977.75,20036.150390625,958800
2021-08-31,20289.69921875,20289.69921875,20340.80078125,20122.900390625,20273.25,1476600
2021-09-01,20356.55078125,20356.55078125,20476.55078125,20323.05078125,20421.05078125,953700
2021-09-02,20466.0,20466.0,20508.75,20267.099609375,20270.05078125,870400
2021-09-03,20934.0,20934.0,20958.75,20560.150390625,20592.5,1177900
2021-09-06,21008.55078125,21008.55078125,21242.900390625,20943.19921875,21104.099609375,864300
2021-09-07,20934.5,20934.5,21094.44921875,20830.75,21055.75,715200
2021-09-08,21004.69921875,21004.69921875,21036.599609375,20795.650390625,20871.19921875,880000
2021-09-09,21148.349609375,21148.349609375,21186.099609375,20959.55078125,21008.44921875,893600
2021-09-13,20988.599609375,20988.599609375,21200.650390625,20893.55078125,21200.650390625,735600
2021-09-14,21034.900390625,21034.900390625,21179.150390625,20983.349609375,21040.599609375,1094700
2021-09-15,21350.650390625,21350.650390625,21396.94921875,21065.94921875,21068.400390625,2287700
2021-09-16,21665.25,21665.25,21694.5,21329.94921875,21440.5,1317000
2021-09-17,21444.650390625,21444.650390625,21785.30078125,21300.94921875,21768.849609375,1792800
2021-09-20,21213.44921875,21213.44921875,21442.69921875,21115.30078125,21236.05078125,1007400
2021-09-21,21324.5,21324.5,21403.94921875,21126.349609375,21213.5,1291200
2021-09-22,21499.25,21499.25,21576.30078125,21369.900390625,21394.30078125,899400
2021-09-23,21893.25,21893.25,21934.650390625,21622.30078125,21634.099609375,1234100
2021-09-24,21716.44921875,21716.44921875,21993.650390625,21664.900390625,21979.849609375,1192200
2021-09-27,22006.05078125,22006.05078125,22034.150390625,21758.150390625,21841.0,1132300
2021-09-28,22449.349609375,22449.349609375,22528.900390625,22060.55078125,22111.44921875,2252500
2021-09-29,22864.55078125,22864.55078125,22914.25,22313.55078125,22441.30078125,3801000
2021-09-30,22858.55078125,22858.55078125,22956.30078125,22678.849609375,22920.900390625,2356000
2021-10-01,23000.19921875,23000.19921875,23136.69921875,22764.25,22827.69921875,2350400
2021-10-04,23334.599609375,23334.599609375,23382.80078125,23054.099609375,23222.05078125,2011900
2021-10-05,24006.150390625,24006.150390625,24031.69921875,23429.55078125,23451.80078125,3910800
2021-10-06,23898.0,23898.0,24405.150390625,23828.30078125,24210.44921875,2989600
2021-10-07,23804.400390625,23804.400390625,24187.75,23779.80078125,24187.75,1868900
2021-10-08,23902.30078125,23902.30078125,24028.55078125,23721.650390625,23948.349609375,1221400
2021-10-11,24161.55078125,24161.55078125,24334.400390625,24105.849609375,24132.25,1972800
2021-10-12,24265.94921875,24265.94921875,24321.599609375,23987.75,24230.44921875,1700300
2021-10-13,24604.400390625,24604.400390625,24743.0,24296.099609375,24367.94921875,3968900
2021-10-14,24766.349609375,24766.349609375,24826.44921875,24658.55078125,24730.599609375,2232500
2021-10-18,25148.69921875,25148.69921875,25293.94921875,24894.849609375,25010.75,3934100
2021-10-19,24785.650390625,24785.650390625,25343.5,24704.150390625,25334.25,3159800
2021-10-20,24381.849609375,24381.849609375,24798.150390625,24257.19921875,24790.0,3009700
2021-10-21,24306.400390625,24306.400390625,24682.900390625,24162.849609375,24649.25,2025500
2021-10-22,24280.5,24280.5,24509.400390625,24094.650390625,24381.05078125,1596800
2021-10-25,24160.19921875,24160.19921875,24540.650390625,23933.25,24524.25,1791800
2021-10-26,24372.44921875,24372.44921875,24439.099609375,24204.30078125,24247.400390625,1960300
2021-10-27,24184.849609375,24184.849609375,24474.099609375,24091.900390625,24402.05078125,1519900
2021-10-28,23580.849609375,23580.849609375,24161.349609375,23512.400390625,24029.5,1455900
2021-10-29,23236.099609375,23236.099609375,23633.599609375,22974.349609375,23381.150390625,2225600
2021-11-01,23504.5,23504.5,23573.099609375,23176.099609375,23415.80078125,1339800
2021-11-02,23421.69921875,23421.69921875,23707.55078125,23394.44921875,23618.75,1770600
2021-11-03,23489.44921875,23489.44921875,23609.19921875,23284.75,23440.75,1312200
2021-11-04,23584.05078125,23584.05078125,23723.650390625,23551.30078125,23648.349609375,236600
2021-11-08,23938.80078125,23938.80078125,23975.0,23564.80078125,23827.25,1524100
2021-11-09,24004.30078125,24004.30078125,24062.849609375,23853.099609375,23963.69921875,1711900
2021-11-10,24041.30078125,24041.30078125,24093.25,23836.599609375,23932.650390625,1166800
2021-11-11,23894.75,23894.75,24005.55078125,23803.599609375,23908.150390625,1165100
2021-11-12,24209.30078125,24209.30078125,24245.349609375,23962.5,24076.19921875,936600
2021-11-15,24268.849609375,24268.849609375,24453.44921875,24160.5,24359.05078125,1202000
2021-11-16,23944.650390625,23944.650390625,24308.900390625,23856.099609375,24298.349609375,1063000
2021-11-17,23837.900390625,23837.900390625,24082.44921875,23774.19921875,23880.44921875,1201800
2021-11-18,23794.349609375,23794.349609375,23898.94921875,23554.599609375,23842.400390625,1469200
2021-11-22,23118.30078125,23118.30078125,23754.94921875,22973.55078125,23713.80078125,1552200
2021-11-23,23586.94921875,23586.94921875,23622.5,22849.599609375,22914.5,1483300
2021-11-24,23650.05078125,23650.05078125,23967.150390625,23580.099609375,23646.599609375,1576000
2021-11-25,24218.25,24218.25,24298.650390625,23587.599609375,23744.05078125,1319100
2021-11-26,23349.400390625,23349.400390625,23942.099609375,23254.80078125,23869.25,1634400
2021-11-29,23052.150390625,23052.150390625,23371.80078125,22829.55078125,23207.75,1711200
2021-11-30,22823.44921875,22823.44921875,23429.349609375,22709.94921875,23070.44921875,3543400
2021-12-01,23110.80078125,23110.80078125,23169.55078125,22718.75,22817.94921875,1531900
2021-12-02,23491.599609375,23491.599609375,23541.849609375,23110.94921875,23172.55078125,1598700
2021-12-03,23258.349609375,23258.349609375,23665.30078125,23206.650390625,23543.650390625,1508400
2021-12-06,22900.5,22900.5,23354.19921875,22863.75,23319.25,997200
2021-12-07,23172.5,23172.5,23238.94921875,23012.900390625,23060.44921875,879100
2021-12-08,23362.80078125,23362.80078125,23464.25,23243.44921875,23252.0,884100
2021-12-09,23408.30078125,23408.30078125,23510.650390625,23325.30078125,23450.349609375,796300
2021-12-10,23429.94921875,23429.94921875,23463.5,23285.80078125,23340.150390625,767000
2021-12-13,23177.349609375,23177.349609375,23804.0,23114.05078125,23640.0,1150100
2021-12-14,23361.400390625,23361.400390625,23398.44921875,23092.30078125,23093.94921875,1199900
2021-12-15,23185.69921875,23185.69921875,23510.0,23138.44921875,23385.94921875,827300
2021-12-16,23175.150390625,23175.150390625,23412.0,23121.75,23411.25,1072000
2021-12-17,22755.75,22755.75,23193.94921875,22663.30078125,23124.849609375,1320500
2021-12-20,22070.44921875,22070.44921875,22540.849609375,21841.94921875,22498.349609375,1400500
2021-12-21,22325.69921875,22325.69921875,22487.69921875,22184.900390625,22319.30078125,937300
2021-12-22,22580.30078125,22580.30078125,22616.599609375,22327.849609375,22424.55078125,763000
2021-12-23,22869.650390625,22869.650390625,22910.400390625,22661.599609375,22698.75,753300
2021-12-24,22588.849609375,22588.849609375,22956.599609375,22514.25,22907.94921875,671000
2021-12-27,22561.44921875,22561.44921875,22640.599609375,22464.75,22591.349609375,479300
2021-12-28,22816.599609375,22816.599609375,22854.30078125,22665.650390625,22696.19921875,654900
2021-12-29,22745.349609375,22745.349609375,22881.900390625,22657.69921875,22770.19921875,654900
2021-12-30,22485.400390625,22485.400390625,22726.05078125,22406.849609375,22698.44921875,1619200
2021-12-31,22631.94921875,22631.94921875,22692.849609375,22501.0,22531.0,542000
2022-01-03,22849.25,22849.25,22892.75,22630.30078125,22657.849609375,544800
2022-01-04,23370.349609375,23370.349609375,23417.25,22924.650390625,22962.80078125,1176100
2022-01-05,23518.0,23518.0,23548.25,23274.94921875,23333.349609375,925200
2022-01-06,23370.599609375,23370.599609375,23421.25,23148.0,23419.0,799800
2022-01-07,23577.69921875,23577.69921875,23641.75,23379.0,23477.099609375,1106400
2022-01-10,23712.349609375,23712.349609375,23749.80078125,23517.80078125,23647.25,755400
2022-01-11,24003.30078125,24003.30078125,24051.44921875,23706.0,23777.5,823400
2022-01-12,24515.80078125,24515.80078125,24565.30078125,24118.900390625,24211.0,981700
2022-01-13,24817.55078125,24817.55078125,24847.099609375,24505.55078125,24629.900390625,1141600
2022-01-14,24867.849609375,24867.849609375,24902.5,24652.25,24754.44921875,1010900
2022-01-17,25184.5,25184.5,25236.5,24875.849609375,24891.349609375,1017400
2022-01-18,25054.94921875,25054.94921875,25418.900390625,24987.849609375,25266.599609375,892200
2022-01-19,25293.94921875,25293.94921875,25330.099609375,24997.599609375,25136.19921875,1455000
2022-01-20,25270.099609375,25270.099609375,25339.650390625,25049.80078125,25241.94921875,1060400
2022-01-21,25055.849609375,25055.849609375,25289.05078125,24774.5,25113.599609375,1088500
2022-01-24,24425.25,24425.25,25285.849609375,24231.0,25098.94921875,1355600
2022-01-25,24716.400390625,24716.400390625,24800.55078125,23857.900390625,24062.94921875,1188200
2022-01-27,24557.0,24557.0,24744.80078125,24367.650390625,24512.19921875,1383600
2022-01-28,24677.0,24677.0,25079.099609375,24618.900390625,24873.099609375,1458500
2022-01-31,24983.94921875,24983.94921875,25210.650390625,24901.150390625,24993.25,1232300
2022-02-01,24888.44921875,24888.44921875,25261.099609375,24622.5,25180.349609375,1653900
2022-02-02,24998.94921875,24998.94921875,25138.75,24918.75,25069.099609375,837600
2022-02-03,24728.94921875,24728.94921875,25032.599609375,24678.900390625,24944.94921875,884300
2022-02-04,24699.150390625,24699.150390625,24868.400390625,24621.44921875,24774.900390625,1055800
2022-02-07,24825.0,24825.0,25003.599609375,24665.150390625,24817.349609375,876400
2022-02-08,24500.900390625,24500.900390625,24982.349609375,24340.25,24920.25,1484100
2022-02-09,24514.349609375,24514.349609375,24638.19921875,24451.55078125,24579.900390625,959700
2022-02-10,24685.55078125,24685.55078125,24738.349609375,24528.25,24599.150390625,1475900
2022-02-11,24549.69921875,24549.69921875,24703.400390625,24455.30078125,24591.19921875,1114400
2022-02-14,23899.80078125,23899.80078125,24333.599609375,23819.650390625,24211.19921875,1295900
2022-02-15,24363.80078125,24363.80078125,24401.55078125,23608.25,23980.69921875,1209100
2022-02-16,24392.94921875,24392.94921875,24621.69921875,24311.44921875,24417.099609375,1067900
2022-02-17,24757.94921875,24757.94921875,24870.849609375,24501.5,24568.150390625,941300
2022-02-18,24540.69921875,24540.69921875,24937.099609375,24495.400390625,24755.5,662800
2022-02-21,24174.400390625,24174.400390625,24489.80078125,24119.19921875,24470.75,788200
2022-02-22,24166.349609375,24166.349609375,24242.69921875,23644.30078125,23696.25,1159900
2022-02-23,24164.75,24164.75,24477.30078125,24116.25,24306.599609375,831300
2022-02-24,22928.099609375,22928.099609375,23679.099609375,22831.099609375,23513.75,1630900
2022-02-25,23590.599609375,23590.599609375,23644.94921875,23245.25,23254.650390625,1292600
2022-02-28,24212.099609375,24212.099609375,24255.55078125,23342.80078125,23403.80078125,1591600
2022-03-02,24520.650390625,24520.650390625,24636.44921875,23975.69921875,24061.05078125,1657500
2022-03-03,24968.25,24968.25,25027.599609375,24788.05078125,24826.150390625,1561800
2022-03-04,24491.349609375,24491.349609375,24977.0,24443.75,24871.5,1295700
2022-03-07,24207.599609375,24207.599609375,24336.599609375,23961.0,24156.400390625,2535400
2022-03-08,24229.0,24229.0,24580.150390625,23804.30078125,24190.849609375,2220700
2022-03-09,24459.099609375,24459.099609375,24636.599609375,24339.900390625,24513.69921875,1541100
2022-03-10,24816.650390625,24816.650390625,24913.30078125,24578.80078125,24755.19921875,1751400
2022-03-11,25004.30078125,25004.30078125,25043.05078125,24722.69921875,24760.80078125,1075900
2022-03-14,24889.80078125,24889.80078125,25040.80078125,24716.30078125,24960.44921875,929900
2022-03-15,24347.94921875,24347.94921875,24918.900390625,24205.0,24886.599609375,1219500
2022-03-16,24783.80078125,24783.80078125,24810.900390625,24520.55078125,24598.55078125,885500
2022-03-17,25304.80078125,25304.80078125,25383.80078125,24884.900390625,25020.19921875,1884000
2022-03-21,24936.650390625,24936.650390625,25355.75,24893.5,25274.349609375,991700
2022-03-22,25359.5,25359.5,25408.0,24991.150390625,25014.650390625,1268900
2022-03-23,25569.75,25569.75,25689.94921875,25431.849609375,25431.849609375,1056800
2022-03-24,25789.099609375,25789.099609375,25815.900390625,25478.94921875,25485.69921875,1033700
2022-03-25,25833.55078125,25833.55078125,25917.900390625,25710.25,25849.80078125,819200
2022-03-28,25989.30078125,25989.30078125,26023.19921875,25716.150390625,25965.400390625,968400
2022-03-29,25889.94921875,25889.94921875,26128.900390625,25852.75,26128.900390625,778000
2022-03-30,25856.19921875,25856.19921875,26236.349609375,25689.05078125,25959.55078125,3136100
2022-03-31,25822.0,25822.0,25955.0,25718.349609375,25822.05078125,1301600
2022-04-01,26454.5,26454.5,26540.849609375,25893.900390625,25921.099609375,1557100
2022-04-04,26841.0,26841.0,26895.900390625,26432.05078125,26493.099609375,1141200
2022-04-05,27150.650390625,27150.650390625,27237.30078125,26871.30078125,26966.599609375,1837600
2022-04-06,27472.05078125,27472.05078125,27571.650390625,27023.80078125,27035.650390625,3422300
2022-04-07,27005.150390625,27005.150390625,27813.349609375,26926.69921875,27403.849609375,2643800
2022-04-08,27512.69921875,27512.69921875,27594.75,27150.69921875,27229.150390625,1322500
2022-04-11,28235.25,28235.25,28440.19921875,27624.5,27672.80078125,1192000
2022-04-12,28059.05078125,28059.05078125,28706.349609375,27910.599609375,28384.650390625,1359000
2022-04-13,28193.69921875,28193.69921875,28543.349609375,28056.25,28388.05078125,1163900
2022-04-18,28423.19921875,28423.19921875,28524.849609375,27850.25,28109.30078125,2484500
2022-04-19,28440.849609375,28440.849609375,29080.75,28046.400390625,28710.75,1904900
2022-04-20,28690.69921875,28690.69921875,28957.5,28537.900390625,28737.19921875,1377400
2022-04-21,29026.0,29026.0,29086.19921875,28774.0,28965.099609375,1348700
2022-04-22,28877.650390625,28877.650390625,29172.30078125,28814.150390625,28891.349609375,954600
2022-04-25,28155.099609375,28155.099609375,28651.75,28015.599609375,28562.30078125,1053300
2022-04-26,28902.599609375,28902.599609375,29015.150390625,28353.80078125,28468.44921875,972600
2022-04-27,28527.599609375,28527.599609375,28987.05078125,28471.150390625,28840.69921875,1112600
2022-04-28,29046.099609375,29046.099609375,29168.30078125,28651.849609375,28939.30078125,1154500
2022-04-29,28594.150390625,28594.150390625,29304.05078125,28424.400390625,29302.69921875,1127500
2022-05-02,28573.650390625,28573.650390625,28612.25,28271.75,28342.69921875,930000
2022-05-04,28201.400390625,28201.400390625,28743.30078125,28016.0,28634.349609375,1246700
2022-05-05,28284.900390625,28284.900390625,28655.900390625,28114.25,28538.349609375,1260100
2022-05-06,28339.0,28339.0,28442.349609375,27783.80078125,27901.599609375,1104100
2022-05-09,27570.25,27570.25,28097.19921875,27480.05078125,27968.849609375,1614800
2022-05-10,26581.349609375,26581.349609375,27700.349609375,26482.05078125,27425.349609375,1338200
2022-05-11,26464.69921875,26464.69921875,27229.44921875,26102.900390625,26596.05078125,1100400
2022-05-12,25719.150390625,25719.150390625,26581.94921875,25590.849609375,26427.400390625,1271700
2022-05-13,25347.650390625,25347.650390625,26239.099609375,25155.44921875,26048.69921875,1162000
2022-05-16,25657.400390625,25657.400390625,25825.150390625,25218.19921875,25482.25,796000
2022-05-17,26455.849609375,26455.849609375,26523.44921875,25730.900390625,25885.5,1163500
2022-05-18,26314.900390625,26314.900390625,26686.94921875,26261.30078125,26540.25,1379500
2022-05-19,25839.75,25839.75,25938.599609375,25669.599609375,25754.349609375,899900
2022-05-20,26433.5,26433.5,26517.94921875,26110.69921875,26285.80078125,915300
2022-05-23,26052.0,26052.0,26767.599609375,26006.25,26619.55078125,991600
2022-05-24,25824.19921875,25824.19921875,26288.75,25696.80078125,26143.30078125,950100
2022-05-25,25778.0,25778.0,26105.80078125,25587.94921875,26044.0,950900
2022-05-26,25760.44921875,25760.44921875,25973.349609375,25120.849609375,25914.44921875,1231700
2022-05-27,25511.849609375,25511.849609375,26047.849609375,25362.099609375,26032.599609375,1177100
2022-05-30,25921.099609375,25921.099609375,25994.650390625,25671.150390625,25753.5,1087300
2022-05-31,25641.099609375,25641.099609375,26009.150390625,25491.599609375,25839.69921875,3255300
2022-06-01,25456.44921875,25456.44921875,25691.400390625,25317.599609375,25520.900390625,1004800
2022-06-02,25968.650390625,25968.650390625,26012.599609375,25312.30078125,25383.55078125,1046800
2022-06-03,25882.400390625,25882.400390625,26288.80078125,25835.849609375,26153.150390625,888000
2022-06-06,25830.349609375,25830.349609375,26045.0,25717.849609375,25964.400390625,953200
2022-06-07,26101.900390625,26101.900390625,26198.25,25734.349609375,25831.94921875,1340400
2022-06-08,25976.25,25976.25,26284.5,25863.099609375,26140.650390625,1133000
2022-06-09,26287.69921875,26287.69921875,26329.55078125,25897.099609375,25928.849609375,1076900
2022-06-10,25808.5,25808.5,26227.30078125,25684.05078125,26036.69921875,727700
2022-06-13,25317.400390625,25317.400390625,25524.599609375,25138.400390625,25359.94921875,914100
2022-06-14,25177.69921875,25177.69921875,25481.0,25132.44921875,25215.900390625,933700
2022-06-15,24877.0,24877.0,25352.19921875,24835.349609375,25287.75,805500
2022-06-16,24370.0,24370.0,25231.650390625,24220.400390625,25125.55078125,1097700
2022-06-17,24155.150390625,24155.150390625,24560.5,24062.0,24234.80078125,1334000
2022-06-20,23701.30078125,23701.30078125,24230.19921875,23376.849609375,24170.900390625,1321700
2022-06-21,24355.94921875,24355.94921875,24455.55078125,23708.599609375,23884.849609375,1481800
2022-06-22,23792.05078125,23792.05078125,24166.75,23689.69921875,24164.099609375,1055600
2022-06-23,23692.55078125,23692.55078125,24003.25,23458.5,23862.150390625,1078600
2022-06-24,24021.30078125,24021.30078125,24062.650390625,23810.599609375,23904.400390625,992000
2022-06-27,24238.150390625,24238.150390625,24374.44921875,24173.44921875,24356.94921875,988200
2022-06-28,24477.94921875,24477.94921875,24517.900390625,24144.69921875,24165.30078125,1193700
2022-06-29,24972.650390625,24972.650390625,25039.0,24243.55078125,24270.05078125,2985700
2022-06-30,25108.5,25108.5,25309.30078125,24975.400390625,24993.599609375,1525100
2022-07-01,24122.849609375,24122.849609375,25228.0,23901.75,25009.55078125,2358500
2022-07-04,24078.19921875,24078.19921875,24281.55078125,23973.349609375,24030.099609375,1734200
2022-07-05,24229.0,24229.0,24457.55078125,24132.25,24238.69921875,1228000
2022-07-06,24079.19921875,24079.19921875,24267.25,23825.55078125,24162.599609375,1488900
2022-07-07,24109.150390625,24109.150390625,24304.900390625,24026.44921875,24257.0,1188700
2022-07-08,24347.650390625,24347.650390625,24385.30078125,24132.5,24378.349609375,1192600
2022-07-11,25005.5,25005.5,25069.150390625,24300.650390625,24313.30078125,1127400
2022-07-12,25098.44921875,25098.44921875,25363.5,24877.94921875,24885.150390625,1072500
2022-07-13,24727.19921875,24727.19921875,25306.400390625,24610.75,25209.099609375,1010000
2022-07-14,24975.349609375,24975.349609375,25094.80078125,24520.25,24938.30078125,1061200
2022-07-15,24964.5,24964.5,25256.05078125,24834.94921875,25200.349609375,998600
2022-07-18,25279.150390625,25279.150390625,25334.5,25128.099609375,25174.849609375,781200
2022-07-19,25372.69921875,25372.69921875,25489.19921875,25161.69921875,25161.69921875,878100
2022-07-20,25608.19921875,25608.19921875,25970.30078125,25513.5,25954.75,1301700
2022-07-21,25719.599609375,25719.599609375,25775.0,25546.5,25595.099609375,776200
2022-07-22,25621.650390625,25621.650390625,25870.5,25550.55078125,25839.44921875,649100
2022-07-25,25360.849609375,25360.849609375,25559.19921875,25234.80078125,25549.400390625,839100
2022-07-26,25273.349609375,25273.349609375,25476.599609375,25225.05078125,25403.900390625,737600
2022-07-27,25278.650390625,25278.650390625,25328.650390625,25170.0,25255.900390625,902700
2022-07-28,25555.55078125,25555.55078125,25595.650390625,25302.5,25422.099609375,924500
2022-07-29,26018.400390625,26018.400390625,26052.599609375,25658.5,25715.30078125,975000
2022-08-01,26746.44921875,26746.44921875,26825.099609375,26045.150390625,26101.30078125,1161200
2022-08-02,27038.5,27038.5,27088.099609375,26683.849609375,26770.25,1131100
2022-08-03,27052.25,27052.25,27283.599609375,26780.099609375,27121.599609375,1041400
2022-08-04,26803.75,26803.75,27173.25,26512.05078125,27115.599609375,1167700
2022-08-05,26418.650390625,26418.650390625,26902.55078125,26272.900390625,26842.099609375,2481800
2022-08-08,26728.849609375,26728.849609375,26762.94921875,26334.400390625,26407.599609375,933200
2022-08-10,26664.75,26664.75,26825.599609375,26526.94921875,26772.05078125,1080800
2022-08-11,26661.75,26661.75,26861.75,26583.349609375,26807.25,972300
2022-08-12,27163.94921875,27163.94921875,27197.94921875,26627.099609375,26688.849609375,1331500
2022-08-16,27462.30078125,27462.30078125,27489.55078125,27165.69921875,27288.0,0
2022-08-17,27609.25,27609.25,27746.19921875,27538.44921875,27550.80078125,1100900
2022-08-18,27630.80078125,27630.80078125,27706.75,27415.349609375,27563.19921875,1157100
2022-08-19,27468.05078125,27468.05078125,27874.349609375,27341.400390625,27605.69921875,1152400
2022-08-22,27234.5,27234.5,27642.0,27152.349609375,27497.69921875,1122100
2022-08-23,27492.25,27492.25,27596.25,26819.150390625,27112.75,992900
2022-08-24,27561.5,27561.5,27730.75,27236.30078125,27474.05078125,1110500
2022-08-25,27514.900390625,27514.900390625,27867.44921875,27432.349609375,27609.75,826600
2022-08-26,27724.650390625,27724.650390625,27780.69921875,27603.349609375,27613.349609375,988900
2022-08-29,27557.44921875,27557.44921875,27782.5,27068.400390625,27086.599609375,764500
2022-08-30,28104.5,28104.5,28210.75,27761.25,27792.94921875,1092900
2022-09-01,27565.80078125,27565.80078125,27877.75,27451.80078125,27761.400390625,1042300
2022-09-02,27358.849609375,27358.849609375,27877.25,27257.849609375,27748.55078125,977400
2022-09-05,27531.69921875,27531.69921875,27595.849609375,27361.55078125,27417.400390625,875800
2022-09-06,27885.5,27885.5,27924.0,27642.30078125,27658.900390625,1589400
2022-09-07,27718.80078125,27718.80078125,27827.30078125,27677.44921875,27756.349609375,1057700
2022-09-08,27783.599609375,27783.599609375,27975.30078125,27696.05078125,27870.75,913600
2022-09-09,27692.94921875,27692.94921875,27993.349609375,27658.150390625,27993.349609375,723900
2022-09-12,27946.599609375,27946.599609375,27983.650390625,27714.80078125,27752.25,814300
2022-09-13,28047.69921875,28047.69921875,28143.80078125,27953.349609375,28089.19921875,779700
2022-09-14,27954.75,27954.75,28080.599609375,27447.55078125,27447.849609375,1153100
2022-09-15,28172.099609375,28172.099609375,28257.150390625,27932.849609375,28056.400390625,1061100
2022-09-16,27728.80078125,27728.80078125,28178.349609375,27455.75,28074.44921875,1897100
2022-09-19,27586.75,27586.75,27935.400390625,27534.94921875,27862.25,879900
2022-09-20,27724.349609375,27724.349609375,27975.150390625,27630.75,27840.0,916200
2022-09-21,27310.099609375,27310.099609375,27849.650390625,27261.94921875,27714.900390625,917100
2022-09-22,27223.349609375,27223.349609375,27298.650390625,26918.099609375,27159.099609375,967600
2022-09-23,26500.099609375,26500.099609375,27277.099609375,26431.150390625,27178.75,1354800
2022-09-26,25684.19921875,25684.19921875,26251.099609375,25501.05078125,26208.80078125,2309200
2022-09-27,25682.30078125,25682.30078125,26059.05078125,25616.650390625,25909.349609375,1142600
2022-09-28,25281.25,25281.25,25545.25,25205.900390625,25454.25,1208800
2022-09-29,25070.400390625,25070.400390625,25760.400390625,24975.099609375,25555.69921875,1346000
2022-09-30,25581.30078125,25581.30078125,25893.0,24922.05078125,24939.150390625,1548200
2022-10-03,25192.599609375,25192.599609375,26023.849609375,24916.30078125,25770.55078125,1223400
2022-10-04,25717.650390625,25717.650390625,25762.599609375,25316.099609375,25646.44921875,812100
2022-10-06,25865.25,25865.25,26060.400390625,25833.150390625,25953.19921875,836100
2022-10-07,25884.0,25884.0,25920.5,25696.80078125,25782.099609375,799400
2022-10-10,25621.599609375,25621.599609375,25802.25,25062.849609375,25606.650390625,694700
2022-10-11,25209.75,25209.75,25777.55078125,25152.599609375,25777.55078125,861300
2022-10-12,25455.400390625,25455.400390625,25521.599609375,25226.849609375,25279.0,957700
2022-10-13,25319.900390625,25319.900390625,25515.94921875,25256.25,25459.19921875,683600
2022-10-14,25066.94921875,25066.94921875,25768.0,24994.30078125,25766.599609375,743300
2022-10-17,25449.150390625,25449.150390625,25532.94921875,24851.75,25015.80078125,732000
2022-10-18,25779.55078125,25779.55078125,25881.599609375,25619.75,25629.650390625,755900
2022-10-19,25721.44921875,25721.44921875,26123.44921875,25672.25,25843.44921875,591300
2022-10-20,26080.349609375,26080.349609375,26143.150390625,25576.900390625,25635.75,984800
2022-10-21,25907.55078125,25907.55078125,26213.099609375,25822.19921875,26129.25,663700
2022-10-24,26056.25,26056.25,26234.150390625,26008.599609375,26044.150390625,133500
2022-10-25,25793.150390625,25793.150390625,26177.400390625,25729.349609375,26175.30078125,725600
2022-10-27,26130.19921875,26130.19921875,26215.599609375,25897.44921875,25930.75,947300
2022-10-28,26493.25,26493.25,26536.80078125,26151.599609375,26221.150390625,1026300
2022-10-31,26672.650390625,26672.650390625,26712.099609375,26453.099609375,26558.25,989200
2022-11-01,26899.650390625,26899.650390625,26938.150390625,26649.69921875,26919.599609375,1082400
2022-11-02,26917.900390625,26917.900390625,26988.150390625,26796.80078125,26934.650390625,846900
2022-11-03,26769.44921875,26769.44921875,26863.400390625,26654.19921875,26729.5,663100
2022-11-04,26896.05078125,26896.05078125,26933.44921875,26735.80078125,26794.150390625,703000
2022-11-07,27102.349609375,27102.349609375,27133.80078125,26912.400390625,26973.75,810300
2022-11-09,26941.599609375,26941.599609375,27233.349609375,26857.25,27226.150390625,937700
2022-11-10,26712.25,26712.25,26921.75,26646.55078125,26834.349609375,664400
2022-11-11,26955.650390625,26955.650390625,27035.849609375,26787.19921875,26951.55078125,785700
2022-11-14,26866.30078125,26866.30078125,27025.55078125,26820.80078125,27001.150390625,693800
2022-11-15,26994.94921875,26994.94921875,27022.25,26843.599609375,26904.150390625,779600
2022-11-16,26760.099609375,26760.099609375,27032.900390625,26695.80078125,27016.44921875,630400
2022-11-17,26584.19921875,26584.19921875,26872.55078125,26502.650390625,26731.349609375,603900
2022-11-18,26489.30078125,26489.30078125,26693.849609375,26295.849609375,26655.599609375,702900
2022-11-21,26141.900390625,26141.900390625,26439.69921875,26099.44921875,26409.30078125,700500
2022-11-22,26050.150390625,26050.150390625,26195.5,25979.69921875,26138.94921875,767900
2022-11-23,26080.19921875,26080.19921875,26177.349609375,25987.650390625,26148.94921875,610400
2022-11-24,26312.94921875,26312.94921875,26356.80078125,26107.19921875,26164.849609375,921400
2022-11-25,26452.599609375,26452.599609375,26486.599609375,26150.69921875,26370.849609375,820300
2022-11-28,26804.80078125,26804.80078125,26899.599609375,26052.05078125,26424.650390625,1063800
2022-11-29,26884.44921875,26884.44921875,26985.75,26774.0,26830.900390625,795500
2022-11-30,27354.0,27354.0,27494.44921875,26828.94921875,26913.900390625,1165200
2022-12-01,27183.150390625,27183.150390625,27545.150390625,27130.599609375,27514.94921875,873700
2022-12-02,27028.05078125,27028.05078125,27270.80078125,26957.599609375,27219.5,850500
2022-12-05,26931.650390625,26931.650390625,27073.650390625,26764.400390625,27043.75,877600
2022-12-06,27021.05078125,27021.05078125,27059.30078125,26813.94921875,26877.150390625,760900
2022-12-07,26714.5,26714.5,27033.19921875,26631.80078125,26978.900390625,731600
2022-12-08,26643.19921875,26643.19921875,26812.150390625,26596.5,26811.650390625,597500
2022-12-09,26370.44921875,26370.44921875,26744.25,26248.150390625,26712.25,855500
2022-12-12,26450.30078125,26450.30078125,26488.0,26118.150390625,26242.75,796400
2022-12-13,26482.349609375,26482.349609375,26548.849609375,26419.69921875,26511.30078125,672600
2022-12-14,26648.0,26648.0,26739.69921875,26536.94921875,26561.25,906600
2022-12-15,26489.19921875,26489.19921875,26698.05078125,26446.75,26606.099609375,791200
2022-12-16,26302.0,26302.0,26713.849609375,26232.94921875,26429.349609375,1161900
2022-12-19,26578.69921875,26578.69921875,26617.94921875,26291.25,26400.349609375,664600
2022-12-20,26619.5,26619.5,26660.80078125,26220.599609375,26510.150390625,526100
2022-12-21,26125.30078125,26125.30078125,26747.349609375,26059.30078125,26647.650390625,638600
2022-12-22,25879.19921875,25879.19921875,26306.5,25747.94921875,26230.099609375,701900
2022-12-23,24879.94921875,24879.94921875,25779.5,24783.650390625,25678.94921875,848600
2022-12-27,25641.69921875,25641.69921875,25803.94921875,25425.849609375,25539.849609375,579900
2022-12-28,25725.349609375,25725.349609375,25774.19921875,25542.05078125,25583.05078125,673500
2022-12-29,25863.599609375,25863.599609375,25974.599609375,25493.5,25566.05078125,1175800
2022-12-30,25869.849609375,25869.849609375,26180.05078125,25797.150390625,25984.5,601400
2023-01-02,26031.0,26031.0,26127.5,25879.55078125,25948.19921875,615170800
2023-01-03,26005.30078125,26005.30078125,26070.94921875,25878.94921875,26018.94921875,590000
2023-01-04,25605.55078125,25605.55078125,26029.0,25571.94921875,26018.80078125,768800
2023-01-05,25717.849609375,25717.849609375,25772.849609375,25453.44921875,25702.55078125,996500
2023-01-06,25728.849609375,25728.849609375,25857.69921875,25641.94921875,25766.0,888300
2023-01-09,26163.94921875,26163.94921875,26208.849609375,25876.55078125,25886.150390625,1077200
2023-01-10,26092.900390625,26092.900390625,26227.349609375,25831.25,26223.30078125,757000
2023-01-11,25876.599609375,25876.599609375,26152.900390625,25830.94921875,26115.400390625,1024000
2023-01-12,25699.599609375,25699.599609375,25941.55078125,25584.75,25941.55078125,795300
2023-01-13,25862.55078125,25862.55078125,25883.19921875,25578.900390625,25668.75,555300
2023-01-16,26026.900390625,26026.900390625,26055.599609375,25788.400390625,25943.05078125,595400
2023-01-17,26331.099609375,26331.099609375,26369.349609375,26080.5,26116.599609375,763500
2023-01-18,26272.55078125,26272.55078125,26340.650390625,26174.650390625,26307.55078125,586000
2023-01-19,26163.0,26163.0,26230.55078125,26013.150390625,26216.150390625,651700
2023-01-20,26135.05078125,26135.05078125,26252.5,26087.55078125,26189.099609375,752200
2023-01-23,26137.44921875,26137.44921875,26294.75,26077.099609375,26232.30078125,837400
2023-01-24,25962.25,25962.25,26230.0,25896.400390625,26230.0,533600
2023-01-25,25450.30078125,25450.30078125,25908.30078125,25374.099609375,25864.19921875,628400
2023-01-27,24169.94921875,24169.94921875,25336.19921875,23948.849609375,25262.0,949900
2023-01-30,23434.69921875,23434.69921875,24181.5,23144.849609375,23711.44921875,1434200
2023-01-31,23713.5,23713.5,23770.849609375,23305.05078125,23497.94921875,1577600
2023-02-01,23402.75,23402.75,24064.150390625,23001.80078125,24060.44921875,1198700
2023-02-02,22874.0,22874.0,23123.599609375,22785.25,22994.05078125,918700
2023-02-03,22638.400390625,22638.400390625,22707.80078125,22350.349609375,22707.80078125,837200
2023-02-06,22478.05078125,22478.05078125,22501.150390625,22304.099609375,22328.69921875,721400
2023-02-07,22386.5,22386.5,22646.75,22314.099609375,22391.69921875,743600
2023-02-08,22559.80078125,22559.80078125,22607.75,22414.099609375,22440.599609375,726700
2023-02-09,22499.75,22499.75,22559.69921875,22329.05078125,22506.80078125,535900
2023-02-10,22325.849609375,22325.849609375,22391.44921875,22242.099609375,22365.400390625,537800
2023-02-13,22258.94921875,22258.94921875,22322.150390625,22160.19921875,22248.05078125,476600
2023-02-14,22273.849609375,22273.849609375,22295.69921875,22106.05078125,22203.69921875,501200
2023-02-15,22349.150390625,22349.150390625,22380.75,22132.05078125,22140.19921875,650800
2023-02-16,22427.650390625,22427.650390625,22631.400390625,22380.69921875,22448.650390625,900700
2023-02-17,22469.19921875,22469.19921875,22544.69921875,22324.099609375,22367.94921875,840300
2023-02-20,22249.05078125,22249.05078125,22506.80078125,22217.44921875,22461.55078125,565500
2023-02-21,22339.0,22339.0,22425.75,22220.69921875,22296.150390625,768400
2023-02-22,21916.44921875,21916.44921875,22226.19921875,21862.099609375,22204.849609375,734200
2023-02-23,21801.80078125,21801.80078125,21975.5,21750.849609375,21880.94921875,1006600
2023-02-24,21946.650390625,21946.650390625,21979.849609375,21770.19921875,21774.900390625,946200
2023-02-27,21900.599609375,21900.599609375,21937.19921875,21724.650390625,21890.05078125,983200
2023-02-28,21682.25,21682.25,21844.650390625,21631.099609375,21801.30078125,1257800
2023-03-01,21874.599609375,21874.599609375,21899.349609375,21725.650390625,21768.94921875,587500
2023-03-02,21900.05078125,21900.05078125,21961.349609375,21831.900390625,21894.55078125,1060800
2023-03-03,22268.75,22268.75,22339.19921875,22066.900390625,22098.900390625,805900
2023-03-06,22698.5,22698.5,22785.349609375,22436.099609375,22446.099609375,1028100
2023-03-08,22887.75,22887.75,22898.599609375,22646.80078125,22717.599609375,905700
2023-03-09,22682.150390625,22682.150390625,22989.25,22654.599609375,22988.30078125,756900
2023-03-10,22696.75,22696.75,22718.05078125,22509.44921875,22570.44921875,726500
2023-03-13,22561.650390625,22561.650390625,22918.900390625,22513.19921875,22836.650390625,806400
2023-03-14,22403.30078125,22403.30078125,22678.349609375,22319.44921875,22564.900390625,853300
2023-03-15,22393.69921875,22393.69921875,22550.0,22351.69921875,22505.849609375,750100
2023-03-16,22621.349609375,22621.349609375,22735.599609375,22295.30078125,22480.5,1363300
2023-03-17,22659.0,22659.0,22870.75,22598.44921875,22850.19921875,1729300
2023-03-20,22585.69921875,22585.69921875,22655.44921875,22405.55078125,22529.900390625,964200
2023-03-21,22792.900390625,22792.900390625,22826.5,22589.150390625,22715.25,895600
2023-03-22,22835.75,22835.75,22940.349609375,22785.94921875,22930.25,0
2023-03-23,22821.75,22821.75,22918.55078125,22739.44921875,22841.849609375,648700
2023-03-24,22613.400390625,22613.400390625,22947.75,22580.44921875,22905.099609375,837100
2023-03-27,22514.55078125,22514.55078125,22811.5,22466.5,22718.05078125,893200
2023-03-28,22388.849609375,22388.849609375,22473.44921875,22300.0,22452.55078125,620700
2023-03-29,22373.05078125,22373.05078125,22494.80078125,22205.44921875,22260.599609375,1211500
2023-03-31,22814.44921875,22814.44921875,22948.849609375,22550.349609375,22552.650390625,856800
2023-04-03,22805.900390625,22805.900390625,22952.900390625,22734.30078125,22937.650390625,867400
2023-04-05,22707.900390625,22707.900390625,22942.55078125,22622.400390625,22907.349609375,734600
2023-04-06,22816.05078125,22816.05078125,22887.400390625,22683.05078125,22763.150390625,542900
2023-04-10,23060.05078125,23060.05078125,23122.150390625,22904.599609375,22930.0,598500
2023-04-11,23297.19921875,23297.19921875,23321.30078125,23162.849609375,23181.5,461000
2023-04-12,23233.099609375,23233.099609375,23435.400390625,23181.400390625,23396.69921875,604200
2023-04-13,23215.650390625,23215.650390625,23350.69921875,23117.75,23266.849609375,597100
2023-04-17,23363.75,23363.75,23494.599609375,23272.05078125,23494.599609375,745100
2023-04-18,23211.849609375,23211.849609375,23431.94921875,23124.599609375,23426.80078125,611300
2023-04-19,23159.400390625,23159.400390625,23236.30078125,23076.55078125,23160.19921875,680900
2023-04-20,23185.25,23185.25,23225.150390625,23116.05078125,23182.5,503200
2023-04-21,23185.44921875,23185.44921875,23250.150390625,23095.599609375,23227.44921875,332200
2023-04-24,23207.400390625,23207.400390625,23279.94921875,23133.0,23248.55078125,439100
2023-04-25,23385.75,23385.75,23431.599609375,23195.650390625,23206.75,476500
2023-04-26,23365.80078125,23365.80078125,23419.25,23230.44921875,23397.849609375,492900
2023-04-27,23443.650390625,23443.650390625,23470.349609375,23323.400390625,23401.94921875,572600
2023-04-28,23734.55078125,23734.55078125,23764.19921875,23376.349609375,23528.400390625,811000
2023-05-02,24046.94921875,24046.94921875,24104.05078125,23862.44921875,23876.30078125,668400
2023-05-03,23901.150390625,23901.150390625,24067.650390625,23877.5,24049.0,582300
2023-05-04,24042.400390625,24042.400390625,24072.25,23855.400390625,23910.55078125,645300
2023-05-05,23946.75,23946.75,24091.150390625,23901.5,24036.80078125,488700
2023-05-08,24129.650390625,24129.650390625,24166.30078125,23863.5,23896.349609375,554500
2023-05-09,24099.099609375,24099.099609375,24254.150390625,24028.94921875,24107.599609375,561000
2023-05-10,24268.94921875,24268.94921875,24281.80078125,24088.75,24156.349609375,527300
2023-05-11,24316.5,24316.5,24458.349609375,24253.25,24284.400390625,539900
2023-05-12,24040.19921875,24040.19921875,24263.900390625,23963.849609375,24254.0,608200
2023-05-15,24040.19921875,24040.19921875,24132.80078125,23932.80078125,24092.400390625,518400
2023-05-16,24027.80078125,24027.80078125,24193.44921875,23994.900390625,24128.400390625,1074500
2023-05-17,23901.150390625,23901.150390625,24118.0,23835.900390625,24118.0,682600
2023-05-18,23692.150390625,23692.150390625,24014.05078125,23663.349609375,24011.55078125,626900
2023-05-19,23723.349609375,23723.349609375,23754.849609375,23458.349609375,23653.150390625,566400
2023-05-22,23898.19921875,23898.19921875,24019.80078125,23775.900390625,23782.650390625,538700
2023-05-23,24028.44921875,24028.44921875,24124.80078125,24009.349609375,24046.19921875,726400
2023-05-24,24085.25,24085.25,24220.349609375,24043.94921875,24117.94921875,669800
2023-05-25,24071.69921875,24071.69921875,24144.400390625,23899.55078125,24113.55078125,601300
2023-05-26,24238.900390625,24238.900390625,24270.44921875,24098.30078125,24164.05078125,586300
2023-05-29,24261.30078125,24261.30078125,24314.0,24150.599609375,24258.400390625,1027600
2023-05-30,24218.150390625,24218.150390625,24384.44921875,24189.5,24319.69921875,716800
2023-05-31,23875.55078125,23875.55078125,24181.44921875,23734.150390625,24154.44921875,2623100
2023-06-01,23825.30078125,23825.30078125,23915.599609375,23755.849609375,23880.94921875,1029800
2023-06-02,23785.69921875,23785.69921875,23927.69921875,23746.099609375,23916.05078125,879100
2023-06-05,23901.69921875,23901.69921875,23927.150390625,23845.0,23902.400390625,1001400
2023-06-06,23867.30078125,23867.30078125,23984.349609375,23745.25,23968.69921875,572900
2023-06-07,24125.150390625,24125.150390625,24167.19921875,23915.75,23961.5,869700
2023-06-08,24215.0,24215.0,24415.599609375,24159.400390625,24195.05078125,1172600
2023-06-09,24169.5,24169.5,24341.0,24139.80078125,24338.349609375,619100
2023-06-12,24269.05078125,24269.05078125,24299.30078125,24091.80078125,24192.0,648400
2023-06-13,24399.19921875,24399.19921875,24420.349609375,24301.650390625,24356.05078125,650300
2023-06-14,24638.599609375,24638.599609375,24666.19921875,24406.900390625,24421.80078125,798900
2023-06-15,24633.349609375,24633.349609375,24688.400390625,24557.099609375,24647.30078125,614100
2023-06-16,24733.150390625,24733.150390625,24794.849609375,24655.25,24680.19921875,797200
2023-06-19,24539.099609375,24539.099609375,24799.19921875,24499.349609375,24788.849609375,469200
2023-06-20,24659.0,24659.0,24712.69921875,24450.05078125,24550.650390625,531000
2023-06-21,24865.44921875,24865.44921875,24879.349609375,24634.650390625,24664.19921875,681700
2023-06-22,24607.900390625,24607.900390625,24868.55078125,24582.849609375,24839.849609375,567500
2023-06-23,24332.19921875,24332.19921875,24595.5,24301.19921875,24585.150390625,779400
2023-06-26,24226.650390625,24226.650390625,24342.44921875,24172.69921875,24299.30078125,550900
2023-06-27,24284.849609375,24284.849609375,24366.5,24238.25,24298.0,553200
2023-06-28,24554.44921875,24554.44921875,24600.650390625,24216.349609375,24373.75,1944100
2023-06-30,24696.5,24696.5,24796.69921875,24557.349609375,24743.099609375,1178100
2023-07-03,25020.900390625,25020.900390625,25058.900390625,24712.599609375,24773.5,867500
2023-07-04,24940.19921875,24940.19921875,25098.55078125,24785.80078125,25096.55078125,533500
2023-07-05,25034.80078125,25034.80078125,25099.30078125,24909.349609375,25026.30078125,567900
2023-07-06,25575.25,25575.25,25592.900390625,25070.400390625,25121.650390625,1263500
2023-07-07,25331.400390625,25331.400390625,25720.099609375,25293.650390625,25552.30078125,1013700
2023-07-10,25496.900390625,25496.900390625,25619.849609375,25417.44921875,25561.80078125,854400
2023-07-11,25720.150390625,25720.150390625,25748.25,25559.69921875,25616.0,704400
2023-07-12,25700.650390625,25700.650390625,25937.0,25671.44921875,25785.94921875,769800
2023-07-13,25334.400390625,25334.400390625,25811.30078125,25294.849609375,25810.599609375,961000
2023-07-14,25332.5,25332.5,25432.400390625,25164.25,25400.80078125,1288900
2023-07-17,25521.400390625,25521.400390625,25586.650390625,25351.05078125,25408.0,683200
2023-07-18,25612.75,25612.75,25789.849609375,25524.94921875,25620.400390625,641900
2023-07-19,25820.69921875,25820.69921875,25945.099609375,25697.849609375,25745.400390625,1121300
2023-07-20,26003.0,26003.0,26017.69921875,25809.5,25853.849609375,648400
2023-07-21,25843.099609375,25843.099609375,25985.400390625,25777.599609375,25955.80078125,795600
2023-07-24,25749.900390625,25749.900390625,25841.900390625,25623.75,25699.69921875,706900
2023-07-25,26078.75,26078.75,26108.5,25774.80078125,25830.44921875,838200
2023-07-26,26293.75,26293.75,26428.5,26140.69921875,26203.69921875,861800
2023-07-27,26097.69921875,26097.69921875,26407.75,26029.75,26388.849609375,838100
2023-07-28,26433.69921875,26433.69921875,26527.650390625,26032.80078125,26170.55078125,1723300
2023-07-31,26853.650390625,26853.650390625,26883.599609375,26525.099609375,26601.0,1485900
2023-08-01,26783.44921875,26783.44921875,26892.25,26701.400390625,26858.849609375,1713500
2023-08-02,26352.349609375,26352.349609375,26807.349609375,26185.150390625,26802.94921875,1251200
2023-08-03,26221.849609375,26221.849609375,26420.400390625,26091.650390625,26313.400390625,930000
2023-08-04,26252.05078125,26252.05078125,26392.30078125,26174.25,26376.099609375,693200
2023-08-07,26266.30078125,26266.30078125,26386.400390625,26176.94921875,26385.69921875,636500
2023-08-08,26174.650390625,26174.650390625,26434.099609375,26102.099609375,26365.19921875,874800
2023-08-09,26328.150390625,26328.150390625,26352.650390625,26058.94921875,26258.94921875,1039300
2023-08-10,26418.94921875,26418.94921875,26506.55078125,26325.25,26375.19921875,908600
2023-08-11,26367.75,26367.75,26458.650390625,26283.19921875,26408.900390625,760600
2023-08-14,26375.599609375,26375.599609375,26406.400390625,26083.69921875,26356.44921875,693000
2023-08-16,26541.75,26541.75,26571.25,26212.55078125,26254.599609375,0
2023-08-17,26266.94921875,26266.94921875,26571.75,26219.19921875,26565.650390625,619200
2023-08-18,26302.19921875,26302.19921875,26439.400390625,26114.05078125,26222.75,764100
2023-08-21,26462.349609375,26462.349609375,26483.400390625,26282.599609375,26324.94921875,1441300
2023-08-22,26522.099609375,26522.099609375,26648.25,26454.150390625,26489.30078125,910800
2023-08-23,26370.19921875,26370.19921875,26592.650390625,26344.44921875,26591.75,765900
2023-08-24,26171.30078125,26171.30078125,26568.5,26132.44921875,26468.599609375,1196100
2023-08-25,25981.599609375,25981.599609375,26265.44921875,25927.5,26071.900390625,3440800
2023-08-28,26015.80078125,26015.80078125,26199.599609375,25977.69921875,26087.05078125,1367100
2023-08-29,26056.650390625,26056.650390625,26111.80078125,25965.0,26088.150390625,1465000
2023-08-30,25959.05078125,25959.05078125,26129.349609375,25937.69921875,26121.0,736400
2023-08-31,25722.94921875,25722.94921875,26014.150390625,25648.349609375,25972.69921875,2356600
2023-09-01,26332.900390625,26332.900390625,26356.75,25678.05078125,25728.19921875,1391700
2023-09-04,26633.05078125,26633.05078125,26708.900390625,26332.900390625,26511.25,1110329400
2023-09-05,26743.0,26743.0,26793.099609375,26590.400390625,26737.80078125,974300
2023-09-06,26819.900390625,26819.900390625,26860.0,26571.05078125,26803.25,890700
2023-09-07,27062.849609375,27062.849609375,27128.900390625,26723.0,26856.44921875,1711000
2023-09-08,27438.05078125,27438.05078125,27527.69921875,27062.849609375,27175.349609375,1982700
2023-09-11,27716.599609375,27716.599609375,27734.900390625,27467.19921875,27660.19921875,1273200
2023-09-12,27025.099609375,27025.099609375,27938.599609375,26992.05078125,27927.849609375,1601800
2023-09-13,27275.349609375,27275.349609375,27358.44921875,26975.650390625,27116.0,844700
2023-09-14,27420.55078125,27420.55078125,27471.900390625,27311.099609375,27401.19921875,873000
2023-09-15,27338.150390625,27338.150390625,27553.19921875,27287.44921875,27522.650390625,1381000
2023-09-18,27536.19921875,27536.19921875,27592.05078125,27228.400390625,27364.05078125,966800
2023-09-20,27440.30078125,27440.30078125,27577.25,27313.900390625,27431.349609375,1608100
2023-09-21,27226.599609375,27226.599609375,27484.44921875,27149.400390625,27411.30078125,925500
2023-09-22,27102.400390625,27102.400390625,27317.25,27032.400390625,27248.94921875,816900
2023-09-25,27105.5,27105.5,27202.400390625,26958.0,27163.25,655700
2023-09-26,27134.400390625,27134.400390625,27274.19921875,27101.599609375,27117.5,728600
2023-09-27,27231.44921875,27231.44921875,27255.599609375,27009.900390625,27172.55078125,727500
2023-09-28,27062.75,27062.75,27374.150390625,26995.349609375,27334.650390625,1556700
2023-09-29,27321.75,27321.75,27478.349609375,27150.25,27180.80078125,971400
2023-10-03,26973.05078125,26973.05078125,27252.400390625,26950.19921875,27238.0,875100
2023-10-04,26738.44921875,26738.44921875,26911.099609375,26562.19921875,26909.55078125,879600
2023-10-05,26688.25,26688.25,26859.150390625,26615.55078125,26843.44921875,825700
2023-10-06,26731.650390625,26731.650390625,26805.44921875,26664.30078125,26768.80078125,487100
2023-10-09,26472.94921875,26472.94921875,26605.599609375,26340.599609375,26597.69921875,686300
2023-10-10,26751.900390625,26751.900390625,26787.400390625,26523.75,26524.349609375,772400
2023-10-11,27002.5,27002.5,27052.25,26829.099609375,26835.30078125,722700
2023-10-12,27176.05078125,27176.05078125,27266.80078125,27003.19921875,27013.650390625,851100
2023-10-13,27201.349609375,27201.349609375,27262.849609375,27055.599609375,27092.099609375,667500
2023-10-16,27258.05078125,27258.05078125,27357.75,27136.05078125,27210.80078125,688200
2023-10-17,27510.25,27510.25,27530.150390625,27327.05078125,27385.30078125,712000
2023-10-18,27246.400390625,27246.400390625,27585.150390625,27220.69921875,27565.44921875,688900
2023-10-19,27089.05078125,27089.05078125,27185.30078125,26975.150390625,27087.69921875,638500
2023-10-20,26955.69921875,26955.69921875,27105.0,26895.900390625,27032.25,692900
2023-10-23,26449.650390625,26449.650390625,26949.5,26373.69921875,26918.75,550100
2023-10-25,26328.5,26328.5,26612.30078125,26111.80078125,26396.900390625,828900
2023-10-26,26045.0,26045.0,26230.349609375,25833.44921875,26220.0,784200
2023-10-27,26522.650390625,26522.650390625,26601.900390625,26144.599609375,26144.849609375,599500
2023-10-30,26840.900390625,26840.900390625,26890.599609375,26486.0,26604.900390625,677100
2023-10-31,26785.05078125,26785.05078125,26992.099609375,26692.5,26971.80078125,789800
2023-11-01,26679.19921875,26679.19921875,26908.650390625,26644.75,26841.19921875,1022100
2023-11-02,26960.80078125,26960.80078125,27002.0,26824.75,26866.599609375,1224400
2023-11-03,27085.80078125,27085.80078125,27161.75,27009.94921875,27019.44921875,750300
2023-11-06,27448.900390625,27448.900390625,27466.30078125,27203.30078125,27226.94921875,1181100
2023-11-07,27508.349609375,27508.349609375,27580.19921875,27395.099609375,27481.0,1353500
2023-11-08,27622.849609375,27622.849609375,27677.5,27586.599609375,27638.099609375,1331500
2023-11-09,27541.80078125,27541.80078125,27688.400390625,27510.5,27682.599609375,1103200
2023-11-10,27738.0,27738.0,27753.75,27456.150390625,27535.849609375,784300
2023-11-13,28066.25,28066.25,28119.25,27848.55078125,27919.75,1221300
2023-11-15,28352.5,28352.5,28430.30078125,28193.44921875,28430.30078125,1416000
2023-11-16,28447.80078125,28447.80078125,28577.349609375,28306.94921875,28369.19921875,1579100
2023-11-17,28312.650390625,28312.650390625,28514.94921875,28284.849609375,28459.849609375,1190500
2023-11-20,28287.19921875,28287.19921875,28407.900390625,28211.150390625,28340.400390625,701200
2023-11-21,28356.25,28356.25,28488.150390625,28269.44921875,28450.44921875,768000
2023-11-22,28504.650390625,28504.650390625,28549.69921875,28313.150390625,28371.650390625,722600
2023-11-23,28594.849609375,28594.849609375,28636.55078125,28410.94921875,28545.400390625,692800
2023-11-24,28558.75,28558.75,28714.150390625,28534.25,28625.80078125,704500
2023-11-28,29252.94921875,29252.94921875,29307.94921875,28670.69921875,28736.44921875,1675700
2023-11-29,29311.849609375,29311.849609375,29526.80078125,29262.650390625,29493.349609375,1440100
2023-11-30,29294.900390625,29294.900390625,29344.69921875,29056.05078125,29314.849609375,2138900
2023-12-01,29559.75,29559.75,29800.69921875,29421.44921875,29431.5,1512500
2023-12-04,30330.5,30330.5,30437.25,30084.099609375,30407.44921875,2180500
2023-12-05,31311.900390625,31311.900390625,31344.099609375,30305.099609375,30526.0,2257800
2023-12-06,31797.25,31797.25,32024.099609375,31525.349609375,31750.80078125,2189100
2023-12-07,32188.80078125,32188.80078125,32299.75,31833.599609375,31867.75,3059400
2023-12-08,31896.25,31896.25,32409.5,31542.55078125,32391.849609375,1940700
2023-12-11,32023.05078125,32023.05078125,32159.5,31910.849609375,31971.900390625,1411700
2023-12-12,31603.19921875,31603.19921875,32074.400390625,31481.650390625,32027.80078125,1005500
2023-12-13,31812.099609375,31812.099609375,31853.400390625,31495.150390625,31653.349609375,1507200
2023-12-14,32075.80078125,32075.80078125,32151.099609375,31924.650390625,32085.80078125,1420100
2023-12-15,32580.650390625,32580.650390625,32675.650390625,32095.75,32313.19921875,1921900
2023-12-18,32521.25,32521.25,32640.05078125,32393.849609375,32640.05078125,1129100
2023-12-19,33036.1484375,33036.1484375,33126.19921875,32496.44921875,32754.25,1267800
2023-12-20,32151.599609375,32151.599609375,33574.1015625,32077.349609375,33236.3984375,2170600
2023-12-21,32720.099609375,32720.099609375,32781.5,31787.05078125,31925.25,1354200
2023-12-22,32810.1484375,32810.1484375,33042.5,32573.400390625,32863.25,944700
2023-12-26,33246.25,33246.25,33308.25,32918.3984375,32955.05078125,1081600
2023-12-27,33212.6015625,33212.6015625,33537.30078125,33091.3984375,33473.3984375,936400
2023-12-28,33721.3984375,33721.3984375,33784.80078125,33262.94921875,33345.6015625,2304500
2023-12-29,33468.05078125,33468.05078125,33679.5,33287.3515625,33678.8984375,1148300
2024-01-02,33703.69921875,33703.69921875,33791.3984375,33238.1484375,33632.1015625,1173000
2024-01-03,33791.6015625,33791.6015625,34074.6484375,33657.1015625,33902.55078125,1148800
2024-01-04,34189.25,34189.25,34328.05078125,33863.19921875,33974.8984375,1706100
2024-01-05,34216.1484375,34216.1484375,34503.80078125,34067.25,34387.69921875,1426700
2024-01-08,34142.6015625,34142.6015625,34472.8984375,34046.6484375,34374.6015625,1082200
2024-01-09,34226.69921875,34226.69921875,34460.94921875,34184.6015625,34379.1015625,830400
2024-01-10,34330.6484375,34330.6484375,34374.30078125,33791.6484375,34188.75,1153800
2024-01-11,34776.69921875,34776.69921875,34831.3515625,34493.6484375,34529.0,1274500
2024-01-12,34969.94921875,34969.94921875,35016.44921875,34571.0,34910.19921875,1305900
2024-01-15,35449.8515625,35449.8515625,35480.1015625,34807.6484375,35190.8515625,1369700
2024-01-16,35185.05078125,35185.05078125,35495.55078125,35062.19921875,35456.19921875,1613200
2024-01-17,34853.25,34853.25,35319.8984375,34718.25,34945.0,1391700
2024-01-18,34580.5,34580.5,34846.1015625,34066.5,34532.6015625,1507600
2024-01-19,34985.30078125,34985.30078125,35034.19921875,34679.3984375,34881.05078125,1433000
2024-01-23,34324.30078125,34324.30078125,35846.44921875,34124.55078125,35845.0,1729600
2024-01-24,34895.1015625,34895.1015625,34982.8515625,34104.5,34440.25,1827500
2024-01-25,35203.8515625,35203.8515625,35330.0,34876.80078125,34979.8515625,1622800
2024-01-29,37024.75,37024.75,37106.5,35468.3984375,35542.25,2276400
2024-01-30,36398.80078125,36398.80078125,37221.94921875,36346.25,37221.94921875,1994100
2024-01-31,36748.0,36748.0,36827.8515625,36460.30078125,36470.75,1748000
2024-02-01,36910.6015625,36910.6015625,37237.6484375,36714.05078125,36978.30078125,1625800
2024-02-02,38077.69921875,38077.69921875,38226.6015625,37122.75,37139.05078125,2808700
2024-02-05,38481.30078125,38481.30078125,39045.30078125,38028.8515625,38395.44921875,2649300
2024-02-06,38721.3984375,38721.3984375,38796.0,37968.5,38646.6015625,2314200
2024-02-07,38945.5,38945.5,39425.75,38768.1484375,39025.8984375,2019400
2024-02-08,39354.3515625,39354.3515625,39600.1015625,38901.94921875,39218.44921875,2664100
2024-02-09,39037.6484375,39037.6484375,39612.94921875,38386.1015625,39571.5,2363900
2024-02-12,38097.1015625,38097.1015625,38990.0,37946.1484375,38937.3984375,1975500
2024-02-13,38394.30078125,38394.30078125,38635.0,37820.3984375,38271.44921875,1675700
2024-02-14,39253.5,39253.5,39324.44921875,38087.44921875,38230.6015625,1838000
2024-02-15,39942.1484375,39942.1484375,40064.3515625,39344.75,39444.94921875,2226100
2024-02-16,39682.3984375,39682.3984375,40194.8984375,39627.05078125,40140.30078125,1888900
2024-02-20,39955.1484375,39955.1484375,40027.8515625,39609.6484375,39859.1015625,1694300
2024-02-21,39283.1484375,39283.1484375,40113.30078125,39133.44921875,40067.6484375,1296300
2024-02-22,39589.55078125,39589.55078125,39651.19921875,38723.30078125,39388.6015625,1557500
2024-02-23,39561.44921875,39561.44921875,39704.25,39375.3515625,39696.3984375,972600
2024-02-26,39758.8984375,39758.8984375,39901.69921875,39414.8984375,39590.69921875,1237900
2024-02-27,39659.5,39659.5,39837.80078125,39461.55078125,39617.75,1243400
2024-02-28,38748.05078125,38748.05078125,39698.80078125,38652.3515625,39624.8984375,1080200
2024-02-29,38838.0,38838.0,39047.30078125,38567.6484375,38911.44921875,1638600
2024-03-01,39707.1015625,39707.1015625,39757.3984375,39050.1015625,39059.05078125,1070100
2024-03-04,40466.6015625,40466.6015625,40635.6484375,39895.55078125,39927.05078125,1636100
2024-03-05,40646.1015625,40646.1015625,40702.3984375,40264.19921875,40468.94921875,1086200
2024-03-06,40451.5,40451.5,40749.19921875,39747.3984375,40558.69921875,1298800
2024-03-07,40301.80078125,40301.80078125,40681.8515625,40182.80078125,40475.69921875,1752600
2024-03-11,39853.1015625,39853.1015625,40415.05078125,39761.8984375,40251.3984375,1271300
2024-03-12,39599.25,39599.25,39990.69921875,39539.1015625,39863.25,1120400
2024-03-13,37439.3984375,37439.3984375,39649.6484375,37209.94921875,39628.6015625,1833300
2024-03-14,38159.94921875,38159.94921875,38272.8984375,37261.8515625,37417.8984375,1686800
2024-03-15,37583.1015625,37583.1015625,38280.6484375,36854.94921875,38042.80078125,3209500
2024-03-18,37825.3984375,37825.3984375,37935.6015625,37284.5,37497.25,1164700
2024-03-19,37232.1015625,37232.1015625,37742.19921875,37053.8515625,37592.3984375,1352000
2024-03-20,37630.69921875,37630.69921875,37670.30078125,37058.8984375,37391.5,978500
2024-03-21,38328.3515625,38328.3515625,38381.6015625,37961.3984375,37984.05078125,1284600
2024-03-22,38411.55078125,38411.55078125,38618.05078125,38107.94921875,38314.05078125,1195200
2024-03-26,38428.5,38428.5,38557.25,38058.8984375,38096.44921875,1077700
2024-03-27,38690.1484375,38690.1484375,39050.75,38599.80078125,38629.8984375,1690000
2024-03-28,39020.6015625,39020.6015625,39401.0,38803.30078125,38803.30078125,1295600
2024-04-01,39489.69921875,39489.69921875,39557.30078125,39227.8515625,39322.55078125,737400
2024-04-02,39693.75,39693.75,39807.25,39405.69921875,39503.5,1047400
2024-04-03,39704.55078125,39704.55078125,39826.05078125,39562.3515625,39679.80078125,1081800
2024-04-04,39530.3515625,39530.3515625,40099.25,39270.69921875,40023.80078125,1439900
2024-04-05,39451.55078125,39451.55078125,39581.3515625,39157.3984375,39534.55078125,874100
2024-04-08,39951.25,39951.25,40025.30078125,39637.44921875,39649.19921875,767200
2024-04-09,39693.44921875,39693.44921875,40092.6484375,39602.6484375,40065.80078125,932300
2024-04-10,40120.1015625,40120.1015625,40248.30078125,39785.69921875,39785.69921875,1099700
2024-04-12,39756.0,39756.0,40437.75,39714.30078125,40058.6015625,1470400
2024-04-15,39629.25,39629.25,40017.0,38876.8984375,39232.8984375,1937600
2024-04-16,39712.75,39712.75,39900.19921875,39298.25,39426.69921875,1546900
2024-04-18,39359.55078125,39359.55078125,40275.55078125,39244.5,40094.94921875,1934300
2024-04-19,39357.8515625,39357.8515625,39501.8984375,38726.8515625,38987.55078125,1383400
2024-04-22,39570.05078125,39570.05078125,39727.8984375,39458.6015625,39712.25,1190300
2024-04-23,39446.6015625,39446.6015625,39853.0,39392.05078125,39721.55078125,837900
2024-04-24,39561.8515625,39561.8515625,39770.3515625,39498.0,39585.25,810300
2024-04-25,39989.25,39989.25,40059.19921875,39459.05078125,39520.3515625,1083200
2024-04-26,39968.30078125,39968.30078125,40208.3515625,39902.8515625,40111.19921875,885000
2024-04-29,40352.1015625,40352.1015625,40387.30078125,40059.6015625,40116.3515625,1164800
2024-04-30,40366.69921875,40366.69921875,40771.3515625,40311.3515625,40537.19921875,1705700
2024-05-02,40801.1015625,40801.1015625,40971.1015625,40383.8515625,40490.75,2058700
2024-05-03,40571.05078125,40571.05078125,41244.55078125,40122.1484375,40973.75,1983800
2024-05-06,39882.1015625,39882.1015625,40736.80078125,39702.6484375,40689.8984375,1411400
2024-05-07,39035.25,39035.25,40021.3515625,38916.8515625,39976.1015625,1260400
2024-05-08,39635.1015625,39635.1015625,39918.5,38911.3984375,38911.3984375,1146800
2024-05-09,38458.0,38458.0,39742.8984375,38367.6484375,39622.1015625,1228300
2024-05-10,39089.44921875,39089.44921875,39137.6015625,38504.3984375,38687.25,1165100
2024-05-13,38868.1484375,38868.1484375,39148.80078125,38132.75,39092.8984375,1143800
2024-05-14,39494.19921875,39494.19921875,39543.94921875,38924.19921875,38939.5,875600
2024-05-15,39949.55078125,39949.55078125,40075.30078125,39563.94921875,39617.19921875,1023800
2024-05-16,40076.6015625,40076.6015625,40146.55078125,39422.8515625,40122.6015625,1302500
2024-05-17,40302.5,40302.5,40368.19921875,39976.05078125,40118.8515625,746300
2024-05-21,40971.05078125,40971.05078125,41190.55078125,40305.3984375,40307.69921875,1346400
2024-05-22,41331.55078125,41331.55078125,41397.8984375,40946.8984375,41204.3984375,1210400
2024-05-23,41559.25,41559.25,41625.8984375,41088.5,41318.44921875,1300500
2024-05-24,41634.6484375,41634.6484375,41876.94921875,41413.25,41536.6015625,960900
2024-05-27,41292.6484375,41292.6484375,41854.30078125,41114.19921875,41842.6484375,975500
2024-05-28,40794.8515625,40794.8515625,41508.3515625,40705.44921875,41445.75,701600
2024-05-29,40572.19921875,40572.19921875,40834.0,40410.6015625,40471.1484375,812400
2024-05-30,39986.8515625,39986.8515625,40558.0,39801.8984375,40471.19921875,994700
2024-05-31,40255.5,40255.5,40476.69921875,39922.25,40210.25,1910500
2024-06-03,42981.8984375,42981.8984375,43084.75,41894.55078125,42628.30078125,2807100
2024-06-04,37624.1015625,37624.1015625,42881.6015625,36244.0,42881.6015625,4837400
2024-06-05,38712.3515625,38712.3515625,38799.8984375,36522.05078125,38514.0,2619500
2024-06-06,39339.6484375,39339.6484375,40061.6484375,39048.6015625,39407.25,2100500
2024-06-07,40283.30078125,40283.30078125,40350.75,39106.0,39298.19921875,1689900
2024-06-10,40510.05078125,40510.05078125,41019.94921875,40388.05078125,40671.1015625,1221600
2024-06-11,40620.80078125,40620.80078125,40877.3515625,40394.3984375,40737.3515625,1414600
2024-06-12,40995.6484375,40995.6484375,41266.05078125,40705.5,40892.8984375,1216600
2024-06-13,40943.25,40943.25,41357.69921875,40803.44921875,41357.69921875,880000
2024-06-14,41040.0,41040.0,41097.8515625,40727.1484375,41085.94921875,841900
2024-06-18,41307.25,41307.25,41355.6015625,41091.6015625,41353.5,931900
2024-06-19,40600.8984375,40600.8984375,41458.25,40556.80078125,41432.1484375,881600
2024-06-20,40753.94921875,40753.94921875,40915.8515625,40282.75,40686.19921875,892400
2024-06-21,40457.55078125,40457.55078125,40876.05078125,40361.55078125,40856.05078125,1453300
2024-06-24,40464.1484375,40464.1484375,40590.80078125,40089.69921875,40297.94921875,804700
2024-06-25,40255.19921875,40255.19921875,40606.05078125,40135.75,40562.80078125,954200
2024-06-26,40822.6015625,40822.6015625,40883.6015625,40145.55078125,40225.75,888300
2024-06-27,41342.3515625,41342.3515625,41479.0,40729.1484375,40861.3515625,1945200
2024-06-28,41789.19921875,41789.19921875,42029.94921875,41437.80078125,41438.3515625,1261700
2024-07-01,41569.80078125,41569.80078125,41921.1484375,41480.8984375,41854.30078125,0
2024-07-02,41714.55078125,41714.55078125,41934.8984375,41422.6015625,41747.30078125,0
2024-07-03,41784.5,41784.5,41854.44921875,41555.55078125,41803.1015625,0
2024-07-04,41847.69921875,41847.69921875,42128.8984375,41755.8515625,41922.75,970800
2024-07-05,42523.8984375,42523.8984375,42622.8515625,41714.6015625,41877.94921875,1224000
2024-07-08,42644.94921875,42644.94921875,42747.80078125,42354.94921875,42606.30078125,1343000
2024-07-09,42609.19921875,42609.19921875,42837.5,42434.8984375,42761.1015625,1005300
2024-07-10,42675.44921875,42675.44921875,42801.1015625,41763.19921875,42767.1484375,1138400
2024-07-11,42756.8515625,42756.8515625,43035.8984375,42574.94921875,42822.55078125,1783300
2024-07-12,42846.3515625,42846.3515625,43136.94921875,42570.44921875,42928.44921875,1274300
2024-07-15,43303.0,43303.0,43362.1015625,42796.94921875,43093.94921875,1389000
2024-07-16,43204.30078125,43204.30078125,43656.55078125,43144.8515625,43320.05078125,1636600
2024-07-18,43236.6484375,43236.6484375,43365.44921875,42734.8515625,43328.55078125,1522200
2024-07-19,42062.80078125,42062.80078125,43256.6015625,41971.1484375,43238.1484375,1334200
2024-07-22,41945.5,41945.5,42226.3984375,41467.55078125,41876.69921875,1235300
2024-07-23,41719.5,41719.5,42198.30078125,40325.69921875,42118.69921875,1916400
2024-07-24,42234.3515625,42234.3515625,42509.8515625,41592.1015625,41690.0,1344100
2024-07-25,42770.30078125,42770.30078125,42878.8515625,41729.55078125,41863.80078125,2239100
2024-07-26,43238.30078125,43238.30078125,43389.1484375,42924.80078125,43040.30078125,1763300
2024-07-29,43438.69921875,43438.69921875,43732.80078125,43308.0,43475.1484375,1879400
2024-07-30,43908.3515625,43908.3515625,44341.80078125,43499.75,43510.25,2482900
2024-07-31,44086.80078125,44086.80078125,44134.6015625,43685.1484375,43962.8984375,1718600
2024-08-01,44954.44921875,44954.44921875,45022.1484375,44293.55078125,44398.05078125,2507900
2024-08-02,44334.25,44334.25,44703.3984375,44092.6484375,44481.75,1582500
2024-08-05,42640.8984375,42640.8984375,43594.44921875,42284.6015625,43364.94921875,2127800
2024-08-06,42474.94921875,42474.94921875,43640.5,42377.69921875,42873.44921875,1352800
2024-08-07,43400.3984375,43400.3984375,43446.5,42909.6015625,43107.44921875,1799800
2024-08-08,42687.1484375,42687.1484375,43439.25,42601.75,43418.75,1339900
2024-08-09,43216.05078125,43216.05078125,43426.30078125,43018.1484375,43286.69921875,1002700
2024-08-12,42916.05078125,42916.05078125,43150.19921875,42555.44921875,42991.80078125,1315300
2024-08-13,42570.3515625,42570.3515625,43132.69921875,42455.6015625,42973.55078125,1062100
2024-08-14,42298.94921875,42298.94921875,42716.80078125,42240.80078125,42621.25,966900
2024-08-16,42762.69921875,42762.69921875,42807.6015625,42244.55078125,42516.8984375,866500
2024-08-19,43332.3515625,43332.3515625,43445.3984375,43037.1015625,43076.6015625,948900
2024-08-20,43527.6484375,43527.6484375,43592.0,43369.80078125,43532.69921875,924500
2024-08-21,43591.44921875,43591.44921875,43764.6015625,43448.80078125,43573.6484375,891900
2024-08-22,43321.1484375,43321.1484375,43742.44921875,43249.05078125,43703.94921875,852300
2024-08-23,43338.1484375,43338.1484375,43546.0,43308.19921875,43385.19921875,870100
2024-08-26,43792.05078125,43792.05078125,43864.44921875,43415.6015625,43555.80078125,792000
2024-08-27,43523.69921875,43523.69921875,43870.55078125,43483.6484375,43794.19921875,835300
2024-08-28,43398.1015625,43398.1015625,43652.5,43358.6015625,43591.30078125,902700
2024-08-29,43661.1015625,43661.1015625,43751.6015625,43170.05078125,43401.3984375,1302100
2024-08-30,43757.3984375,43757.3984375,44059.75,43668.25,43938.80078125,1753400
2024-09-02,43782.94921875,43782.94921875,44004.6484375,43602.6484375,43882.75,982500
2024-09-03,43477.6484375,43477.6484375,43925.69921875,43436.80078125,43875.80078125,704500
2024-09-04,43249.8515625,43249.8515625,43326.19921875,42997.55078125,43081.94921875,1282300
2024-09-05,42911.6015625,42911.6015625,43411.8515625,42856.94921875,43391.6484375,1346900
2024-09-06,42212.44921875,42212.44921875,43035.1015625,42030.3984375,42974.1015625,1560400
2024-09-09,41926.75,41926.75,42146.75,41570.5,42122.5,1103100
2024-09-10,42243.3984375,42243.3984375,42386.75,41942.05078125,41961.94921875,1266600
2024-09-11,41626.25,41626.25,42374.6015625,41498.3515625,42354.75,1427300
2024-09-12,42497.8515625,42497.8515625,42608.3515625,41706.0,41854.25,1318500
2024-09-13,42229.3984375,42229.3984375,42693.8984375,42174.1484375,42540.6015625,900600
2024-09-16,42569.30078125,42569.30078125,42655.8984375,42372.3515625,42466.69921875,675100
2024-09-17,42648.80078125,42648.80078125,42714.6484375,42390.25,42592.1484375,759000
2024-09-18,42350.69921875,42350.69921875,42797.8984375,42263.8515625,42722.44921875,687400
2024-09-19,42326.8984375,42326.8984375,42716.05078125,42093.1015625,42567.19921875,1582600
2024-09-20,42850.0,42850.0,43049.1484375,42378.30078125,42550.19921875,1699200
2024-09-23,43370.5,43370.5,43408.30078125,42999.05078125,43089.1015625,941300
2024-09-24,43707.8515625,43707.8515625,43860.3984375,43368.3984375,43484.05078125,1352800
2024-09-25,44064.69921875,44064.69921875,44108.5,43646.30078125,43747.30078125,1124100
2024-09-26,44145.05078125,44145.05078125,44188.94921875,43695.1015625,44085.5,1252600
2024-09-27,44545.0,44545.0,44665.8515625,43936.69921875,44148.6484375,2773000
2024-09-30,44016.69921875,44016.69921875,44721.1015625,43872.05078125,44452.44921875,1514700
2024-10-01,43688.75,43688.75,44314.1484375,43646.0,44110.94921875,937600
2024-10-03,42550.5,42550.5,43382.19921875,42447.94921875,42901.75,1566400
2024-10-04,42080.6484375,42080.6484375,42783.44921875,41966.75,42438.80078125,1470800
2024-10-07,41039.3515625,41039.3515625,42289.3984375,40736.05078125,42223.0,1293300
2024-10-08,41712.75,41712.75,41797.0,40704.6484375,40972.19921875,1132600
2024-10-09,41377.80078125,41377.80078125,41947.80078125,41331.69921875,41869.3984375,1022100
2024-10-10,41509.19921875,41509.19921875,41968.1484375,41395.75,41548.55078125,984800
2024-10-11,41515.80078125,41515.80078125,41683.94921875,41398.19921875,41546.25,524900
2024-10-14,41534.94921875,41534.94921875,41760.8515625,41346.44921875,41675.8984375,716400
2024-10-15,41283.6015625,41283.6015625,41606.3515625,41135.05078125,41542.30078125,1110200
2024-10-16,41304.6484375,41304.6484375,41550.19921875,41053.05078125,41259.1015625,1136900
2024-10-17,40983.0,40983.0,41508.8515625,40944.3984375,41410.5,912800
2024-10-18,41205.55078125,41205.55078125,41294.1015625,40538.75,40925.5,768100
2024-10-21,40984.69921875,40984.69921875,41416.80078125,40804.19921875,41307.30078125,842000
2024-10-22,40009.3515625,40009.3515625,41153.55078125,39908.25,41017.55078125,897800
2024-10-23,39812.3984375,39812.3984375,40056.25,39345.8515625,39859.05078125,1149400
2024-10-24,39942.5,39942.5,40125.6484375,39742.5,39768.1015625,677800
2024-10-25,39063.75,39063.75,39950.3515625,38880.05078125,39915.1484375,1172000
2024-10-28,39123.5,39123.5,39481.80078125,38515.69921875,39051.8515625,1153400
2024-10-29,39359.80078125,39359.80078125,39419.55078125,38739.69921875,39025.3984375,1213800
2024-10-30,39296.1484375,39296.1484375,39633.0,39000.5,39297.0,935900
2024-10-31,39301.94921875,39301.94921875,39506.6015625,39052.0,39381.75,1189600
2024-11-01,39635.6484375,39635.6484375,39702.8515625,39524.8515625,39535.44921875,208800
2024-11-04,38604.75,38604.75,39773.3515625,38142.94921875,39744.69921875,1488300
2024-11-05,38924.8984375,38924.8984375,38967.6484375,38338.3515625,38427.25,918100
2024-11-06,39562.8515625,39562.8515625,39634.80078125,38853.5,39128.3515625,1163700
2024-11-07,38990.55078125,38990.55078125,39632.0,38958.0,39632.0,788300
2024-11-08,38403.6484375,38403.6484375,38952.8515625,38260.3984375,38897.6015625,965500
2024-11-11,38247.44921875,38247.44921875,38622.1015625,38049.94921875,38258.19921875,926900
2024-11-12,37705.6484375,37705.6484375,38551.55078125,37613.30078125,38371.5,940600
2024-11-13,37114.6484375,37114.6484375,37909.05078125,37049.55078125,37678.44921875,1189800
2024-11-14,37047.55078125,37047.55078125,37378.6015625,36965.05078125,37127.6484375,1046500
2024-11-18,36757.19921875,36757.19921875,37382.30078125,36523.8515625,37285.25,970300
2024-11-19,36584.19921875,36584.19921875,37396.55078125,36467.3515625,36916.3984375,1045600
2024-11-21,35789.30078125,35789.30078125,36104.94921875,35440.8515625,36059.0,1841500
2024-11-22,36523.5,36523.5,36608.3984375,35648.94921875,35826.6484375,1710400
2024-11-25,37006.0,37006.0,37574.80078125,36837.3984375,37230.8515625,2418700
2024-11-26,36722.19921875,36722.19921875,37161.8515625,36580.30078125,37129.80078125,932300
2024-11-27,37256.0,37256.0,37343.69921875,36608.30078125,36809.0,1580800
2024-11-28,36979.19921875,36979.19921875,37628.25,36903.5,37338.19921875,1797100
2024-11-29,37481.94921875,37481.94921875,37666.80078125,37047.1015625,37144.55078125,1602600
2024-12-02,37594.3984375,37594.3984375,37654.3984375,37262.6484375,37462.8515625,1217700
2024-12-03,38014.05078125,38014.05078125,38073.25,37634.25,37751.3984375,1307400
2024-12-04,37736.05078125,37736.05078125,38136.8515625,37629.6484375,38087.55078125,1160300
2024-12-05,37884.69921875,37884.69921875,38086.5,37376.19921875,37831.0,1226100
2024-12-06,37842.80078125,37842.80078125,38093.5,37818.6015625,37944.44921875,960700
2024-12-09,37689.3984375,37689.3984375,37987.19921875,37623.94921875,37798.8515625,968000
2024-12-10,37451.55078125,37451.55078125,37714.94921875,37263.75,37662.44921875,950300
2024-12-11,37308.8515625,37308.8515625,37611.69921875,37270.05078125,37461.8515625,694600
2024-12-12,37024.94921875,37024.94921875,37340.94921875,36990.6484375,37239.19921875,1351500
2024-12-13,37194.19921875,37194.19921875,37267.25,36380.44921875,37037.6015625,1440100
2024-12-16,36969.94921875,36969.94921875,37306.19921875,36904.0,37216.80078125,777800
2024-12-17,36375.3984375,36375.3984375,36897.05078125,36324.30078125,36855.94921875,995900
2024-12-18,35981.80078125,35981.80078125,36382.1015625,35893.3515625,36300.5,884800
2024-12-19,35628.19921875,35628.19921875,35807.1015625,35417.25,35479.8515625,987200
2024-12-20,34910.6015625,34910.6015625,35966.69921875,34818.0,35573.8515625,1402900
2024-12-23,35147.75,35147.75,35424.5,34930.30078125,35205.1015625,729400
2024-12-24,35084.94921875,35084.94921875,35464.69921875,35046.80078125,35185.6484375,554200
2024-12-26,35159.55078125,35159.55078125,35321.5,35096.3515625,35156.75,742100
2024-12-27,35039.3984375,35039.3984375,35365.0,34996.0,35234.3515625,558500
2024-12-30,34832.19921875,34832.19921875,35144.05078125,34689.05078125,34991.25,1879700
2024-12-31,35188.25,35188.25,35242.1015625,34703.44921875,34797.55078125,722300
2025-01-02,35715.8984375,35715.8984375,35744.8984375,35268.19921875,35446.75,3091000
2025-01-03,35894.05078125,35894.05078125,36202.05078125,35770.55078125,35807.44921875,3053300
2025-01-06,34731.1484375,34731.1484375,35937.6484375,34647.6015625,35928.1484375,3657700
2025-01-07,35164.75,35164.75,35388.19921875,34856.05078125,34877.6015625,3270000
2025-01-08,35157.3984375,35157.3984375,35358.44921875,34884.5,35306.19921875,2967900
2025-01-09,34444.94921875,34444.94921875,35205.30078125,34408.75,35196.0,2518800
2025-01-10,33743.0,33743.0,34536.8984375,33657.1015625,34484.1015625,3083100
2025-01-13,32623.099609375,32623.099609375,33602.75,32490.849609375,33379.6015625,4529200
2025-01-14,33567.75,33567.75,33665.8515625,32802.80078125,32807.5,3966400
2025-01-15,33821.19921875,33821.19921875,34131.8515625,33666.1484375,33793.80078125,3487100
2025-01-16,34275.1015625,34275.1015625,34380.44921875,34135.75,34279.3984375,2647300
2025-01-17,34686.1015625,34686.1015625,34784.3984375,34234.44921875,34415.75,2798800
2025-01-20,34970.55078125,34970.55078125,35041.3984375,34552.8984375,34833.44921875,2287600
2025-01-21,34308.5,34308.5,35043.3984375,34262.30078125,35014.8515625,2581100
2025-01-22,33805.19921875,33805.19921875,34452.5,33434.25,34400.5,2451500
2025-01-23,33866.6015625,33866.6015625,34095.25,33574.69921875,33707.30078125,2166500
2025-01-24,33263.55078125,33263.55078125,34203.94921875,33171.80078125,33946.8984375,2690500
2025-01-27,32417.55078125,32417.55078125,33079.1015625,32304.400390625,33074.6015625,3048500
2025-01-28,31966.099609375,31966.099609375,32582.900390625,31511.69921875,32499.099609375,3911100
2025-01-29,32607.849609375,32607.849609375,32663.0,32073.69921875,32086.349609375,3243200
2025-01-30,33026.05078125,33026.05078125,33210.80078125,32760.30078125,32824.3515625,2768100
2025-01-31,33895.6015625,33895.6015625,33954.05078125,32958.80078125,33139.19921875,3693100
2025-02-03,32177.400390625,32177.400390625,32917.6015625,31884.150390625,32882.05078125,4384900
2025-02-04,32896.69921875,32896.69921875,32923.0,32393.19921875,32479.849609375,3673100
2025-02-05,33345.44921875,33345.44921875,33492.3984375,33097.69921875,33115.1484375,3011900
2025-02-06,33059.75,33059.75,33571.8984375,32893.05078125,33492.3984375,2808200
2025-02-07,32817.30078125,32817.30078125,33141.05078125,32613.900390625,32978.75,2191300
2025-02-10,32109.900390625,32109.900390625,32834.25,32023.25,32778.44921875,2317400
2025-02-11,31436.75,31436.75,32157.75,31217.69921875,32156.650390625,2772800
2025-02-12,31317.30078125,31317.30078125,31411.900390625,30485.80078125,31369.44921875,3518600
2025-02-13,31286.80078125,31286.80078125,31734.150390625,31213.55078125,31378.0,2339300
2025-02-14,30572.30078125,30572.30078125,31466.400390625,30265.55078125,31389.099609375,2623900
2025-02-17,30737.55078125,30737.55078125,30785.05078125,29892.349609375,30401.349609375,2639100
2025-02-18,30849.05078125,30849.05078125,30909.19921875,30300.5,30763.25,2507700
2025-02-19,31198.5,31198.5,31279.5,30487.349609375,30620.19921875,2841800
2025-02-20,31769.650390625,31769.650390625,31816.94921875,30992.05078125,31072.75,3044600
2025-02-21,31592.0,31592.0,32022.69921875,31441.5,31721.650390625,3024300
2025-02-24,31240.80078125,31240.80078125,31405.80078125,31049.05078125,31251.94921875,2147600
2025-02-25,31018.30078125,31018.30078125,31369.849609375,30921.900390625,31222.80078125,2372500
2025-02-27,30659.25,30659.25,31095.849609375,30478.05078125,31017.19921875,2592300
2025-02-28,30018.150390625,30018.150390625,30540.400390625,29863.25,30511.5,4875900
2025-03-03,30007.05078125,30007.05078125,30219.80078125,29313.19921875,30091.900390625,4012800
2025-03-04,30239.150390625,30239.150390625,30334.25,29406.599609375,29623.30078125,3041900
2025-03-05,31099.44921875,31099.44921875,31126.349609375,30246.75,30248.349609375,3391500
2025-03-06,31729.849609375,31729.849609375,31782.55078125,31249.900390625,31431.80078125,3945300
2025-03-07,31788.44921875,31788.44921875,32075.599609375,31599.0,31723.349609375,4088700
2025-03-10,31302.19921875,31302.19921875,32154.150390625,31214.0,31788.44921875,3558400
2025-03-11,31462.650390625,31462.650390625,31528.900390625,30847.80078125,31023.900390625,2688000
2025-03-12,31535.30078125,31535.30078125,31827.44921875,31158.349609375,31638.099609375,3226600
2025-03-13,31483.0,31483.0,31889.5,31448.099609375,31738.80078125,2473900
2025-03-17,31660.150390625,31660.150390625,31827.349609375,31503.599609375,31560.599609375,2435600
2025-03-18,32165.5,32165.5,32195.30078125,31727.099609375,31857.849609375,2596100
2025-03-19,32735.05078125,32735.05078125,32786.25,32216.099609375,32277.44921875,3798400
2025-03-20,33001.05078125,33001.05078125,33042.94921875,32580.349609375,33013.1484375,2928300
2025-03-21,33475.05078125,33475.05078125,33722.94921875,33011.05078125,33047.0,5607300
2025-03-24,33955.0,33955.0,34149.1015625,33760.19921875,33849.25,3408100
2025-03-25,33502.3984375,33502.3984375,34144.3515625,33418.94921875,34123.80078125,3124300
2025-03-26,33205.3984375,33205.3984375,33791.55078125,33165.30078125,33600.05078125,3231400
2025-03-27,33682.94921875,33682.94921875,33778.8984375,33060.1015625,33130.75,5810300
2025-03-28,33571.6015625,33571.6015625,34075.0,33481.44921875,33771.44921875,4023200
2025-04-01,33289.1484375,33289.1484375,33790.3515625,33190.6015625,33381.19921875,2687600
2025-04-02,33463.69921875,33463.69921875,33503.8984375,32924.55078125,33321.80078125,2904100
2025-04-03,33559.80078125,33559.80078125,33596.6015625,33143.05078125,33151.8984375,3263600
2025-04-04,32308.900390625,32308.900390625,33514.44921875,32109.69921875,33502.19921875,4113300
2025-04-07,31414.55078125,31414.55078125,31554.75,29802.19921875,29810.900390625,4876900
2025-04-08,31866.75,31866.75,32204.19921875,31426.44921875,32031.150390625,3080600
2025-04-09,31558.94921875,31558.94921875,31824.150390625,31422.650390625,31788.900390625,2883600
2025-04-11,32411.099609375,32411.099609375,32454.599609375,31981.19921875,32250.0,2971600
2025-04-15,33106.55078125,33106.55078125,33182.3984375,32811.3984375,33033.25,3634700
2025-04-16,33456.8984375,33456.8984375,33482.30078125,33004.25,33081.05078125,2893500
2025-04-17,33797.5,33797.5,33877.30078125,33178.94921875,33432.6015625,3041700
2025-04-21,34640.75,34640.75,34711.3515625,33840.1015625,33968.5,5082600
2025-04-22,34516.3515625,34516.3515625,34812.8984375,34453.6484375,34770.05078125,3964100
2025-04-23,34755.05078125,34755.05078125,34785.1015625,34185.80078125,34685.44921875,3537000
2025-04-24,34726.75,34726.75,34842.6484375,34637.94921875,34684.05078125,4083800
2025-04-25,33956.5,33956.5,34874.05078125,33599.6015625,34751.1484375,4497400
2025-04-28,34538.8515625,34538.8515625,34622.94921875,33928.3984375,33944.69921875,2981000
2025-04-29,34438.75,34438.75,34889.55078125,34352.25,34656.8984375,3107000
2025-04-30,34241.6015625,34241.6015625,34624.1484375,33991.0,34476.80078125,3719100
2025-05-02,34138.75,34138.75,34600.6484375,33990.6015625,34206.05078125,3171400
2025-05-05,34583.6015625,34583.6015625,34639.3984375,34106.6015625,34252.5,3883700
2025-05-06,33771.1015625,33771.1015625,34727.0,33670.1484375,34663.6484375,3069900
2025-05-07,34048.05078125,34048.05078125,34141.55078125,33229.3515625,33231.69921875,3709900
2025-05-08,33534.75,33534.75,34354.8515625,33305.55078125,34175.6015625,3188100
2025-05-09,33337.55078125,33337.55078125,33413.05078125,32791.8515625,32800.5,3363300
2025-05-12,34734.30078125,34734.30078125,34758.44921875,34196.1484375,34260.05078125,4802300
2025-05-13,34549.25,34549.25,34894.55078125,34501.94921875,34750.8515625,3443800
2025-05-14,35040.75,35040.75,35091.3515625,34604.44921875,34679.0,3709200
2025-05-15,35362.55078125,35362.55078125,35394.8984375,34800.5,35130.80078125,4173500
2025-05-16,35664.80078125,35664.80078125,35748.3984375,35332.1015625,35458.6015625,4596100
2025-05-19,35690.8515625,35690.8515625,35959.80078125,35623.55078125,35790.30078125,3189800
2025-05-20,35435.1484375,35435.1484375,35967.6015625,35382.19921875,35847.94921875,3918700
2025-05-21,35647.1015625,35647.1015625,35737.44921875,35296.30078125,35531.0,2784000
2025-05-22,35357.1015625,35357.1015625,35645.30078125,35072.69921875,35577.94921875,2894400
2025-05-23,35637.8984375,35637.8984375,35707.3984375,35318.8984375,35431.25,7007000
2025-05-26,35882.6015625,35882.6015625,36127.6484375,35853.0,35873.3984375,5469800
2025-05-27,35880.8984375,35880.8984375,36013.6015625,35634.0,35906.69921875,4787500
2025-05-28,35888.55078125,35888.55078125,36094.1015625,35855.55078125,35941.44921875,4276800
2025-05-29,35988.69921875,35988.69921875,36082.3515625,35858.0,36020.44921875,4617400
2025-05-30,35879.05078125,35879.05078125,36421.3515625,35821.0,36236.80078125,14721300
2025-06-02,35933.80078125,35933.80078125,36040.30078125,35818.55078125,35931.30078125,8806200
2025-06-03,35549.6015625,35549.6015625,36156.25,35511.80078125,36036.1484375,5277600
2025-06-04,35734.19921875,35734.19921875,35773.3515625,35368.8515625,35650.1015625,5601700
2025-06-05,35824.8515625,35824.8515625,36068.8515625,35767.25,35835.19921875,4966500
2025-06-06,35924.05078125,35924.05078125,35962.44921875,35790.6484375,35885.05078125,4494400
2025-06-09,36352.80078125,36352.80078125,36371.1015625,36079.3515625,36143.25,6779300
2025-06-10,36515.25,36515.25,36582.6015625,36329.1015625,36536.55078125,10482700
2025-06-11,36624.69921875,36624.69921875,36938.8984375,36495.3984375,36649.94921875,10710400
2025-06-12,35918.3515625,35918.3515625,36771.3515625,35851.94921875,36753.1484375,6813600
2025-06-13,35740.55078125,35740.55078125,35819.0,35304.94921875,35408.0,5645700
2025-06-16,36010.44921875,36010.44921875,36029.19921875,35429.6484375,35796.75,4997800
2025-06-17,35836.0,35836.0,36107.75,35736.0,36067.19921875,2685400
2025-06-18,35667.55078125,35667.55078125,35941.94921875,35544.1484375,35831.25,2842700
2025-06-19,35273.8515625,35273.8515625,35848.3515625,35180.6484375,35671.3984375,3238400
2025-06-20,35600.19921875,35600.19921875,35760.3984375,35181.1015625,35248.55078125,5391700
2025-06-23,35608.94921875,35608.94921875,35711.0,35280.1015625,35361.0,2700300
2025-06-24,35727.05078125,35727.05078125,35952.80078125,35627.44921875,35836.69921875,4761200
2025-06-25,35820.55078125,35820.55078125,35974.3984375,35765.3515625,35923.1484375,3418600
2025-06-26,36179.1015625,36179.1015625,36208.8984375,35873.6015625,35885.6015625,3384600
2025-06-27,36542.6015625,36542.6015625,36707.6484375,36289.6015625,36300.69921875,5545800
2025-06-30,36568.6484375,36568.6484375,36743.55078125,36415.94921875,36672.1484375,3773100
2025-07-01,36480.1015625,36480.1015625,36702.6484375,36423.6015625,36661.55078125,3494300
2025-07-02,36331.25,36331.25,36611.0,36164.44921875,36543.30078125,3321700
2025-07-03,36362.80078125,36362.80078125,36555.25,36276.0,36442.25,2944800
2025-07-04,36509.6015625,36509.6015625,36523.8984375,36291.94921875,36445.3515625,2881700
2025-07-07,36532.3984375,36532.3984375,36650.6484375,36421.8984375,36553.75,11333000
2025-07-08,36605.8515625,36605.8515625,36755.25,36415.6484375,36553.8515625,9373200
2025-07-09,36517.5,36517.5,36737.69921875,36452.55078125,36648.8515625,6247800
2025-07-10,36447.6484375,36447.6484375,36630.1484375,36335.8984375,36591.55078125,5356400
2025-07-11,36097.8515625,36097.8515625,36488.6484375,36039.69921875,36432.1015625,6815700
2025-07-14,36201.05078125,36201.05078125,36289.69921875,36035.1484375,36159.75,12508800
2025-07-15,36308.5,36308.5,36431.6015625,36180.5,36237.94921875,6831700
2025-07-16,36350.8984375,36350.8984375,36388.6484375,36199.75,36297.94921875,5302400
2025-07-17,36438.25,36438.25,36537.8515625,36330.05078125,36426.8984375,3188300
2025-07-18,36231.6484375,36231.6484375,36590.0,36144.0,36502.1484375,3760500
2025-07-21,36248.55078125,36248.55078125,36282.30078125,35966.44921875,36210.6484375,2764000
2025-07-22,36198.5,36198.5,36338.6484375,36090.69921875,36296.55078125,2596600
2025-07-23,36302.94921875,36302.94921875,36340.5,36171.3984375,36276.94921875,2510300
2025-07-24,36048.3515625,36048.3515625,36359.19921875,35950.3984375,36319.6015625,2056500
2025-07-25,35250.5,35250.5,36009.69921875,35214.80078125,35967.80078125,2564800
2025-07-28,35021.55078125,35021.55078125,35515.55078125,34986.25,35244.1015625,2698300
2025-07-29,35410.69921875,35410.69921875,35447.6015625,34901.75,34940.3515625,2499200
2025-07-30,35422.05078125,35422.05078125,35619.8984375,35333.3984375,35541.75,2333000
2025-07-31,35116.1484375,35116.1484375,35321.19921875,35010.69921875,35062.8515625,2663900
2025-08-01,34889.0,34889.0,35283.19921875,34826.30078125,35183.30078125,4934500
2025-08-04,34923.44921875,34923.44921875,35025.6015625,34685.0,34932.30078125,2791100
2025-08-05,34914.3984375,34914.3984375,35062.30078125,34739.80078125,34957.30078125,2608100
2025-08-06,34683.3515625,34683.3515625,34947.19921875,34617.69921875,34932.94921875,2947400
2025-08-07,34613.80078125,34613.80078125,34660.6484375,34114.3515625,34504.5,3093000
2025-08-08,34391.94921875,34391.94921875,34714.8515625,34340.05078125,34635.55078125,2620800
2025-08-11,34610.3515625,34610.3515625,34640.19921875,34329.8515625,34426.19921875,2274100
2025-08-12,34741.44921875,34741.44921875,34881.6015625,34635.69921875,34661.05078125,2889200
2025-08-13,34739.3515625,34739.3515625,34944.6015625,34636.1015625,34872.55078125,3238100
2025-08-14,34469.05078125,34469.05078125,34804.5,34419.0,34780.94921875,2219900
2025-08-18,34483.19921875,34483.19921875,34822.5,34364.55078125,34812.69921875,3652300
2025-08-19,34768.1015625,34768.1015625,34789.69921875,34499.25,34561.5,2905200
2025-08-20,34847.8515625,34847.8515625,34939.75,34766.19921875,34766.6015625,2353200
2025-08-21,34681.6015625,34681.6015625,34987.05078125,34658.69921875,34906.75,2273700
2025-08-22,34507.6015625,34507.6015625,34729.8515625,34477.8984375,34687.25,2056300
2025-08-25,34494.3515625,34494.3515625,34611.75,34441.19921875,34576.94921875,1883000
2025-08-26,33955.94921875,33955.94921875,34471.69921875,33909.30078125,34395.25,3052900
2025-08-28,33682.8515625,33682.8515625,34006.1015625,33616.0,33994.6015625,2615600
2025-08-29,33638.6484375,33638.6484375,33862.80078125,33481.8515625,33689.94921875,3047000
2025-09-01,34155.30078125,34155.30078125,34200.25,33727.19921875,33785.25,2142800
2025-09-02,34490.5,34490.5,34720.3984375,34248.5,34287.44921875,2359900
2025-09-03,34626.6015625,34626.6015625,34715.3984375,34562.55078125,34571.05078125,2164200
2025-09-04,34284.69921875,34284.69921875,34803.1484375,34246.8515625,34788.3984375,2030300
2025-09-05,34297.8984375,34297.8984375,34441.75,34104.25,34357.8515625,2008500
2025-09-08,34290.6484375,34290.6484375,34552.25,34272.75,34429.55078125,1556200
2025-09-09,34249.6484375,34249.6484375,34402.44921875,34201.19921875,34369.75,2261300
2025-09-10,34522.1015625,34522.1015625,34598.55078125,34384.1484375,34401.3515625,2214700
2025-09-11,34826.69921875,34826.69921875,34992.6484375,34525.0,34595.44921875,3281900
2025-09-12,34940.30078125,34940.30078125,35021.8515625,34830.3984375,34918.19921875,2002700
2025-09-15,35129.0,35129.0,35201.69921875,34973.05078125,34976.19921875,2130400
2025-09-16,35441.1015625,35441.1015625,35474.94921875,35159.6484375,35218.55078125,3035700
2025-09-17,35568.05078125,35568.05078125,35648.19921875,35457.8515625,35620.6015625,2350300
2025-09-18,35442.1015625,35442.1015625,35669.05078125,35278.30078125,35657.69921875,1881200
2025-09-19,35745.75,35745.75,35814.6484375,35583.05078125,35596.1484375,4527000
2025-09-22,35992.6484375,35992.6484375,36182.1015625,35789.1484375,35804.30078125,4385600
2025-09-23,35826.19921875,35826.19921875,36142.3984375,35761.69921875,36107.6484375,4382800
2025-09-24,35506.69921875,35506.69921875,35844.3984375,35482.3984375,35822.6015625,3523300
2025-09-25,35255.55078125,35255.55078125,35736.1484375,35217.25,35528.05078125,3747300
2025-09-26,34830.0,34830.0,35285.55078125,34775.1484375,35272.1484375,2730800
2025-09-29,35069.1484375,35069.1484375,35265.80078125,34952.75,34994.3984375,3249400
2025-09-30,34999.6484375,34999.6484375,35203.30078125,34861.1015625,35144.55078125,2512300
2025-10-01,35180.3515625,35180.3515625,35315.8984375,34980.05078125,35020.6015625,2706700
2025-10-03,35375.8984375,35375.8984375,35400.3515625,35036.8515625,35236.25,4013300
2025-10-06,35369.44921875,35369.44921875,35446.8984375,35212.75,35359.6484375,2687000
2025-10-07,35470.0,35470.0,35708.5,35421.75,35438.75,3300500
2025-10-08,35085.75,35085.75,35558.44921875,35054.8515625,35544.0,2872900
2025-10-09,35244.1484375,35244.1484375,35285.1484375,35021.05078125,35138.5,2507900
2025-10-10,35393.94921875,35393.94921875,35573.94921875,35268.0,35280.94921875,3898000
2025-10-13,35288.0,35288.0,35313.69921875,35026.5,35236.05078125,3436300
2025-10-14,35067.69921875,35067.69921875,35511.80078125,35003.05078125,35383.6484375,2753000
2025-10-15,35321.6484375,35321.6484375,35395.44921875,35097.80078125,35120.3984375,3246300
2025-10-16,35468.80078125,35468.80078125,35490.1484375,35318.0,35407.05078125,3047700
2025-10-17,35395.69921875,35395.69921875,35527.94921875,35192.6015625,35485.3515625,5461200
2025-10-20,35563.94921875,35563.94921875,35677.75,35512.5,35557.05078125,3093100
2025-10-21,35644.1484375,35644.1484375,35748.8515625,35588.6484375,35698.6015625,752700
2025-10-23,35619.1484375,35619.1484375,35876.1015625,35567.30078125,35768.69921875,3665900
2025-10-24,35626.8984375,35626.8984375,35815.30078125,35528.6484375,35664.05078125,2767000
2025-10-27,35780.0,35780.0,35854.6015625,35686.5,35740.8515625,2409900
2025-10-28,35658.1484375,35658.1484375,35890.6484375,35498.6015625,35812.44921875,3552400
2025-10-29,36347.94921875,36347.94921875,36484.19921875,35701.69921875,35749.0,6636800
2025-10-30,36392.6015625,36392.6015625,36475.6015625,36202.3984375,36468.8515625,4538300
2025-10-31,36275.94921875,36275.94921875,36462.05078125,36246.3984375,36433.75,3936500
2025-11-03,36445.1484375,36445.1484375,36518.0,36161.44921875,36313.8515625,346800
2025-11-04,36278.3984375,36278.3984375,36517.94921875,36244.0,36496.0,6432900
2025-11-06,35839.5,35839.5,36396.0,35803.69921875,36396.0,4755000
2025-11-07,35790.30078125,35790.30078125,35897.6015625,35488.94921875,35718.8515625,3626400
2025-11-10,35921.6015625,35921.6015625,36084.69921875,35786.1015625,35798.6484375,3445300
2025-11-11,36069.8515625,36069.8515625,36097.55078125,35681.0,36030.8515625,3353000
2025-11-12,36287.8984375,36287.8984375,36377.0,36166.6015625,36219.1484375,3139800
2025-11-13,36187.8515625,36187.8515625,36371.8984375,36134.25,36310.94921875,2734600
2025-11-14,36261.1015625,36261.1015625,36406.44921875,36112.69921875,36167.05078125,2373400
2025-11-17,36441.8515625,36441.8515625,36526.69921875,36319.44921875,36331.8984375,2523500
2025-11-18,36223.75,36223.75,36487.05078125,36159.1484375,36474.80078125,2333900
2025-11-19,36132.30078125,36132.30078125,36248.5,36040.0,36222.80078125,8630100
2025-11-20,36232.69921875,36232.69921875,36383.0,36192.1015625,36244.6015625,9521100
2025-11-21,35852.3984375,35852.3984375,36195.1015625,35827.69921875,36150.55078125,4782600
2025-11-24,35427.8515625,35427.8515625,35914.8984375,35363.1484375,35888.5,5436900
2025-11-25,35350.3515625,35350.3515625,35557.25,35307.80078125,35447.94921875,3664300
2025-11-26,35964.80078125,35964.80078125,35986.8515625,35409.3984375,35411.8515625,3462900
2025-11-27,35756.1484375,35756.1484375,36064.3515625,35677.6484375,36049.55078125,3164000
2025-11-28,35548.30078125,35548.30078125,35721.69921875,35518.05078125,35700.55078125,4401200
2025-12-01,35539.25,35539.25,35736.30078125,35465.3984375,35676.19921875,2224500
2025-12-02,35459.3984375,35459.3984375,35642.75,35380.44921875,35482.1015625,3589900
2025-12-03,35105.0,35105.0,35503.3984375,35008.0,35480.69921875,2770500
2025-12-04,34986.1015625,34986.1015625,35217.1015625,34927.0,35112.05078125,2682300
2025-12-05,34971.80078125,34971.80078125,35018.1015625,34768.30078125,34989.75,2146700
2025-12-08,34447.8515625,34447.8515625,35032.25,34325.6484375,34987.05078125,3288400
2025-12-09,34666.80078125,34666.80078125,34725.19921875,34040.6015625,34334.0,3399700
2025-12-10,34635.25,34635.25,34945.80078125,34560.6484375,34708.30078125,2637900
2025-12-11,34751.94921875,34751.94921875,34799.69921875,34427.3515625,34649.75,2525000
2025-12-12,35039.8515625,35039.8515625,35071.19921875,34868.8984375,34868.8984375,2341500
2025-12-15,35028.1484375,35028.1484375,35049.30078125,34713.1015625,35016.55078125,2177900
2025-12-16,34769.25,34769.25,34954.80078125,34678.3984375,34944.05078125,2233400
2025-12-17,34737.0,34737.0,34942.6015625,34655.05078125,34807.8515625,3364600
2025-12-18,34464.30078125,34464.30078125,34741.75,34349.80078125,34701.5,3268900
2025-12-19,34796.3984375,34796.3984375,34823.1484375,34516.8515625,34522.94921875,2672400
2025-12-22,35025.44921875,35025.44921875,35060.6484375,34897.19921875,34910.30078125,2630700
2025-12-23,35214.25,35214.25,35318.69921875,35029.0,35077.80078125,2511200
2025-12-24,35095.1015625,35095.1015625,35474.25,35072.0,35285.30078125,3022000
2025-12-26,35058.80078125,35058.80078125,35296.25,35007.8984375,35101.3515625,2220500
2025-12-29,34868.75,34868.75,35129.19921875,34808.8515625,35096.6015625,2171500
2025-12-30,34813.8984375,34813.8984375,34911.30078125,34702.0,34872.80078125,3644800
2025-12-31,35325.6484375,35325.6484375,35409.3984375,34827.1015625,34833.25,2834600
2026-01-02,36275.6484375,36275.6484375,36306.80078125,35540.8984375,35559.5,4452500
2026-01-05,36050.05078125,36050.05078125,36464.5,35923.55078125,36392.94921875,3890900
2026-01-06,35849.1484375,35849.1484375,36039.5,35668.19921875,35992.69921875,2536900
2026-01-07,35763.5,35763.5,35872.94921875,35630.3984375,35801.1484375,2318000
2026-01-08,34729.6484375,34729.6484375,35785.8515625,34662.8984375,35720.25,3207500
2026-01-09,34409.30078125,34409.30078125,34951.75,34284.19921875,34736.3984375,3882000
2026-01-12,34473.55078125,34473.55078125,34517.94921875,33899.3515625,34404.75,3407500
2026-01-13,34416.69921875,34416.69921875,34705.8984375,34177.8984375,34630.0,3178000
2026-01-14,34622.25,34622.25,34811.75,34328.6484375,34364.0,3078700
2026-01-16,34346.3515625,34346.3515625,34745.30078125,34246.8515625,34614.3515625,4120700
2026-01-19,34116.80078125,34116.80078125,34550.19921875,34007.1015625,34294.6484375,2905700
2026-01-20,33360.0,33360.0,34156.80078125,33284.69921875,34097.6015625,3422200
2026-01-21,33370.05078125,33370.05078125,33623.8984375,32983.3984375,33290.19921875,3932300
2026-01-22,33747.0,33747.0,33861.44921875,33539.6015625,33623.55078125,2682900
2026-01-23,33098.30078125,33098.30078125,33867.30078125,33055.30078125,33867.30078125,3613100
2026-01-27,33293.1015625,33293.1015625,33410.0,32890.30078125,33252.44921875,4559400
2026-01-28,34685.44921875,34685.44921875,34745.94921875,33424.1484375,33434.30078125,4788500
2026-01-29,35335.19921875,35335.19921875,35427.3515625,34757.75,34890.1015625,4598500
2026-01-30,35138.05078125,35138.05078125,35233.8984375,34827.8515625,35220.1015625,4013300
2026-02-02,34613.30078125,34613.30078125,34690.6484375,33708.19921875,34042.0,3480600
2026-02-03,35657.55078125,35657.55078125,36087.1015625,35256.1484375,35939.55078125,5105400
2026-02-04,36370.3515625,36370.3515625,36422.30078125,35669.44921875,35787.80078125,6930500
2026-02-05,36230.3515625,36230.3515625,36478.25,36078.19921875,36435.80078125,4535800
2026-02-06,36451.69921875,36451.69921875,36496.19921875,36077.8984375,36215.25,3115800
2026-02-09,36578.8515625,36578.8515625,36646.69921875,36415.05078125,36597.55078125,2835600
2026-02-10,36671.0,36671.0,36767.3515625,36534.05078125,36672.0,2762600
2026-02-11,36657.25,36657.25,36669.94921875,36305.1015625,36634.6015625,3809700
2026-02-12,36452.6484375,36452.6484375,36767.3515625,36276.5,36693.8515625,3763400
2026-02-13,35709.8984375,35709.8984375,36168.55078125,35678.1015625,36154.0,3090100
2026-02-16,36386.75,36386.75,36430.5,35589.44921875,35699.3984375,3088800
2026-02-17,36388.44921875,36388.44921875,36412.75,36172.3515625,36370.8515625,2406100
2026-02-18,36517.1015625,36517.1015625,36576.44921875,36203.6484375,36377.69921875,2021400
2026-02-19,36088.0,36088.0,36670.75,35990.1015625,36598.69921875,2776000
2026-02-20,36581.1484375,36581.1484375,36670.8515625,36089.3515625,36092.0,2971500
2026-02-23,36741.55078125,36741.55078125,36782.05078125,36505.6015625,36782.05078125,2571500
2026-02-24,37028.1015625,37028.1015625,37120.3984375,36583.6015625,36649.55078125,3102800
2026-02-25,37118.6015625,37118.6015625,37306.5,36927.94921875,37122.3984375,2976300
2026-02-26,37181.80078125,37181.80078125,37265.55078125,36969.1484375,37154.30078125,2707300
2026-02-27,37045.19921875,37045.19921875,37303.8515625,36917.8984375,37116.6015625,4571500
2026-03-02,36453.3984375,36453.3984375,36756.75,35972.69921875,36014.3515625,5567200
2026-03-04,35589.6015625,35589.6015625,36044.25,35492.44921875,36010.3515625,5514400
2026-03-05,36273.8515625,36273.8515625,36409.8984375,35755.75,35765.3515625,4843100
2026-03-06,36319.6015625,36319.6015625,36606.55078125,36160.0,36320.8515625,3740000
2026-03-09,35657.75,35657.75,35942.6484375,35289.0,35854.3984375,5185500
2026-03-10,36038.94921875,36038.94921875,36118.44921875,35719.25,36099.6015625,3759800
2026-03-11,36138.5,36138.5,36536.6015625,36070.1484375,36167.19921875,4115700
2026-03-12,36834.3515625,36834.3515625,37007.1015625,35838.80078125,36077.05078125,7703200
2026-03-13,36071.8515625,36071.8515625,37116.6484375,35996.1015625,36922.3984375,5231800
2026-03-16,35682.05078125,35682.05078125,36317.25,35258.5,36101.8984375,5563800
2026-03-17,35980.80078125,35980.80078125,36087.0,35617.69921875,35846.6015625,4504900
2026-03-18,36141.94921875,36141.94921875,36277.75,35969.05078125,36065.8515625,5740400
2026-03-19,35639.3515625,35639.3515625,36137.3984375,35527.1015625,35752.8515625,11257100
2026-03-20,35908.30078125,35908.30078125,36500.30078125,35851.1015625,35914.55078125,8521600
2026-03-23,34839.44921875,34839.44921875,35713.80078125,34648.5,35681.1484375,5801500
2026-03-24,35082.44921875,35082.44921875,35531.8984375,34721.05078125,35531.8984375,4927600
2026-03-25,35556.44921875,35556.44921875,35741.75,35291.8515625,35327.05078125,5219500
2026-03-27,35214.80078125,35214.80078125,35508.94921875,35134.69921875,35498.5,6449800
2026-03-30,34849.69921875,34849.69921875,35524.1015625,34799.8515625,34893.6484375,6130600
2026-04-01,35402.8515625,35402.8515625,35868.5,35224.75,35868.5,5170100
2026-04-02,35299.3984375,35299.3984375,35384.75,34424.75,35106.6484375,4708600
2026-04-06,35388.75,35388.75,35445.8984375,34992.8515625,35383.6484375,6102700
2026-04-07,35578.25,35578.25,35617.30078125,35046.25,35244.1015625,4131300
2026-04-08,36469.19921875,36469.19921875,36506.3984375,36030.8515625,36381.80078125,7610200
2026-04-09,36768.25,36768.25,36872.80078125,36309.0,36491.30078125,6279900
2026-04-10,37174.6015625,37174.6015625,37366.55078125,36951.6484375,36959.44921875,5249400
2026-04-13,37195.05078125,37195.05078125,37337.6015625,36532.3984375,36575.55078125,8937100
2026-04-15,37993.5,37993.5,38031.8515625,37557.75,37672.6015625,11212000
2026-04-16,38184.75,38184.75,38262.8515625,37794.19921875,38262.8515625,10003900
2026-04-17,38881.75,38881.75,38951.0,38244.5,38354.5,10888500
2026-04-20,39184.69921875,39184.69921875,39478.69921875,38643.75,38938.3984375,6655600
2026-04-21,39337.19921875,39337.19921875,39579.1015625,39259.6015625,39280.30078125,5417400
2026-04-22,39896.69921875,39896.69921875,39938.69921875,39279.94921875,39337.05078125,8364300
2026-04-23,39996.75,39996.75,40208.25,39772.3515625,39871.05078125,6675600
2026-04-24,39903.75,39903.75,40206.80078125,39592.3984375,40110.94921875,5972400
2026-04-27,40496.69921875,40496.69921875,40564.25,40045.80078125,40058.8515625,7351100
2026-04-28,40990.69921875,40990.69921875,41097.94921875,40570.3515625,40594.80078125,6666600
2026-04-29,40961.3984375,40961.3984375,41423.3515625,40904.05078125,41228.30078125,6412900
2026-04-30,40771.8984375,40771.8984375,40898.8984375,40385.44921875,40883.3515625,5538100
2026-05-04,40970.05078125,40970.05078125,41302.5,40795.44921875,40936.69921875,7375000
2026-05-05,40990.0,40990.0,41224.05078125,40687.8984375,41014.0,6287900
2026-05-06,40806.6484375,40806.6484375,41219.1015625,40652.8515625,41187.25,5253700
2026-05-07,41141.94921875,41141.94921875,41241.1015625,40840.75,40952.3515625,5497900
2026-05-08,40795.80078125,40795.80078125,41133.1015625,40695.5,41091.5,3421900
2026-05-11,40043.30078125,40043.30078125,40584.3515625,40005.55078125,40581.1015625,3687700
2026-05-12,39542.3515625,39542.3515625,40333.55078125,39487.8515625,40060.55078125,5387400
2026-05-13,39819.69921875,39819.69921875,40009.55078125,39337.25,39465.94921875,5148100
2026-05-14,40080.1484375,40080.1484375,40343.3984375,39795.30078125,40159.8515625,5396800
2026-05-15,39816.8515625,39816.8515625,40338.6015625,39741.6015625,40324.6015625,11490600
2026-05-18,39519.5,39519.5,39607.6484375,39144.05078125,39607.6484375,5154900
2026-05-19,39569.1015625,39569.1015625,39782.30078125,39479.05078125,39591.30078125,4153400
2026-05-20,40154.94921875,40154.94921875,40227.6484375,39249.05078125,39402.0,3569700
2026-05-21,40277.80078125,40277.80078125,40622.75,40202.69921875,40362.75,5095100
2026-05-22,40237.6015625,40237.6015625,40360.3984375,40182.3515625,40292.30078125,3507100
2026-05-25,40578.80078125,40578.80078125,40689.3984375,40387.44921875,40609.1484375,5754600
2026-05-26,40814.6015625,40814.6015625,41031.94921875,40506.05078125,40574.6015625,6947900
2026-05-27,41535.75,41535.75,41638.30078125,40509.5,40562.5,20676100
2026-05-29,40878.0,40878.0,41828.55078125,40698.1484375,41784.30078125,16599800
2026-06-01,40253.6484375,40253.6484375,41041.5,40188.80078125,40983.8984375,10292400
2026-06-02,40189.6484375,40189.6484375,40248.19921875,39667.05078125,39988.69921875,8973700
2026-06-03,40196.8515625,40196.8515625,40322.69921875,39853.05078125,40233.69921875,7166600
2026-06-04,40445.75,40445.75,40600.30078125,40150.69921875,40150.8984375,6061900
2026-06-05,40346.1015625,40346.1015625,40641.19921875,40141.19921875,40561.30078125,4826100
2026-06-08,39685.44921875,39685.44921875,40187.80078125,39524.8984375,39847.6015625,4214300
2026-06-09,39752.94921875,39752.94921875,39909.0,39573.6015625,39877.3984375,4061300
2026-06-10,38949.30078125,38949.30078125,39829.19921875,38890.69921875,39770.1015625,4167400
2026-06-11,38655.8984375,38655.8984375,39050.80078125,38572.44921875,38890.80078125,4284800
2026-06-12,39244.44921875,39244.44921875,39311.8984375,38684.3984375,39122.1484375,4488200
2026-06-15,39493.94921875,39493.94921875,39870.44921875,39430.0,39862.6015625,4843800
2026-06-16,39915.3984375,39915.3984375,39980.94921875,39520.19921875,39669.44921875,6472600
2026-06-17,40238.44921875,40238.44921875,40259.1015625,39873.55078125,39985.6015625,4959500
2026-06-18,40457.30078125,40457.30078125,40518.44921875,40013.30078125,40309.8984375,4239100
2026-06-19,40548.1015625,40548.1015625,40614.94921875,40293.94921875,40450.94921875,4785200
2026-06-22,40773.80078125,40773.80078125,40810.1015625,40533.94921875,40651.1484375,4588400
2026-06-23,40268.69921875,40268.69921875,40879.05078125,40203.69921875,40850.05078125,3536800
2026-06-24,39908.3984375,39908.3984375,40298.05078125,39828.8984375,40215.94921875,3384300
2026-06-25,39637.0,39637.0,40165.1484375,39569.25,40080.19921875,3729100
2026-06-29,39718.0,39718.0,39796.6015625,39273.05078125,39666.3515625,6232500
2026-06-30,39740.5,39740.5,39848.05078125,39521.19921875,39784.75,4364100
2026-07-01,39764.8515625,39764.8515625,39936.69921875,39674.55078125,39827.3515625,6792700
2026-07-02,39707.0,39707.0,39835.30078125,39473.5,39816.05078125,3558800
2026-07-03,39178.6015625,39178.6015625,39642.19921875,39146.5,39642.19921875,3540400
2026-07-06,39481.44921875,39481.44921875,39600.3515625,39167.5,39255.30078125,3261300
2026-07-07,39188.44921875,39188.44921875,39617.1015625,39116.8515625,39545.6484375,3194200
2026-07-08,38695.6484375,38695.6484375,39100.80078125,38554.3515625,39012.6484375,4418900
2026-07-09,38838.1015625,38838.1015625,39048.0,38773.75,38838.19921875,2890800
2026-07-10,39242.05078125,39242.05078125,39359.19921875,39021.80078125,39073.19921875,2688300
2026-07-13,39220.3515625,39220.3515625,39249.25,38903.1484375,39079.44921875,2688500
2026-07-14,39203.1484375,39203.1484375,39337.05078125,39035.6015625,39119.55078125,3249100
2026-07-15,39381.25,39381.25,39465.25,39191.6015625,39277.05078125,3090700
2026-07-16,39345.80078125,39345.80078125,39716.6484375,39238.69921875,39483.19921875,3875800
2026-07-17,39277.0,39277.0,39467.8515625,39180.6015625,39418.6015625,3725300
2026-09-18,37773.55078125,37773.55078125,37833.80078125,37449.80078125,37453.1015625,0
