Date,Adj Close,Close,High,Low,Open,Volume
2011-01-31,4689.7998046875,4689.7998046875,4700.60009765625,4593.89990234375,4633.2998046875,0
2011-02-01,4629.25,4629.25,4723.9501953125,4598.10009765625,4705.7998046875,0
2011-02-02,4630.2001953125,4630.2001953125,4672.2998046875,4603.25,4643.64990234375,0
2011-02-03,4640.89990234375,4640.89990234375,4662.35009765625,4605.39990234375,4618.9501953125,0
2011-02-04,4573.25,4573.25,4679.5498046875,4557.10009765625,4637.85009765625,0
2011-02-07,4500.2001953125,4500.2001953125,4558.60009765625,4490.0,4550.39990234375,0
2011-02-08,4427.60009765625,4427.60009765625,4541.7001953125,4411.4501953125,4541.7001953125,0
2011-02-09,4373.25,4373.25,4466.60009765625,4354.7001953125,4422.89990234375,0
2011-02-10,4393.39990234375,4393.39990234375,4419.5,4356.7998046875,4358.4501953125,0
2011-02-11,4428.7001953125,4428.7001953125,4437.4501953125,4367.85009765625,4387.7998046875,0
2011-02-14,4515.2001953125,4515.2001953125,4525.25,4432.35009765625,4436.64990234375,0
2011-02-15,4498.35009765625,4498.35009765625,4553.25,4449.5498046875,4520.9501953125,0
2011-02-16,4451.35009765625,4451.35009765625,4552.2001953125,4433.25,4485.7001953125,0
2011-02-17,4477.4501953125,4477.4501953125,4500.85009765625,4437.60009765625,4458.75,0
2011-02-18,4463.25,4463.25,4518.10009765625,4456.9501953125,4479.85009765625,0
2011-02-21,4497.2998046875,4497.2998046875,4507.39990234375,4427.0,4460.60009765625,0
2011-02-22,4458.9501953125,4458.9501953125,4489.4501953125,4432.64990234375,4489.4501953125,0
2011-02-23,4426.39990234375,4426.39990234375,4472.7001953125,4418.9501953125,4459.85009765625,0
2011-02-24,4300.25,4300.25,4422.89990234375,4274.25,4412.89990234375,0
2011-02-25,4328.10009765625,4328.10009765625,4368.7998046875,4300.7998046875,4337.2998046875,0
2011-02-28,4331.0498046875,4331.0498046875,4404.75,4317.7998046875,4338.4501953125,0
2011-03-01,4473.64990234375,4473.64990234375,4481.5498046875,4334.60009765625,4334.60009765625,0
2011-03-03,4456.39990234375,4456.39990234375,4485.5498046875,4425.0,4458.89990234375,0
2011-03-04,4446.75,4446.75,4499.7001953125,4438.10009765625,4481.85009765625,0
2011-03-07,4427.35009765625,4427.35009765625,4438.39990234375,4375.35009765625,4433.64990234375,0
2011-03-08,4447.2001953125,4447.2001953125,4472.25,4432.4501953125,4440.9501953125,0
2011-03-09,4425.0498046875,4425.0498046875,4466.85009765625,4394.2998046875,4451.75,0
2011-03-10,4395.64990234375,4395.64990234375,4424.2001953125,4386.25,4424.2001953125,0
2011-03-11,4386.85009765625,4386.85009765625,4429.35009765625,4345.2001953125,4384.89990234375,0
2011-03-14,4419.85009765625,4419.85009765625,4428.75,4364.7001953125,4381.0,3765000
2011-03-15,4346.2001953125,4346.2001953125,4401.10009765625,4307.2998046875,4379.9501953125,6075000
2011-03-16,4408.9501953125,4408.9501953125,4426.0,4359.4501953125,4359.4501953125,4313000
2011-03-17,4385.5,4385.5,4417.9501953125,4363.64990234375,4377.85009765625,4368000
2011-03-18,4340.0,4340.0,4417.0498046875,4331.14990234375,4405.7998046875,4930000
2011-03-21,4344.7998046875,4344.7998046875,4368.0498046875,4336.35009765625,4352.39990234375,6084000
2011-03-22,4389.75,4389.75,4397.64990234375,4347.2001953125,4347.2001953125,6560000
2011-03-23,4462.2998046875,4462.2998046875,4473.85009765625,4393.5498046875,4396.89990234375,4686000
2011-03-24,4463.0498046875,4463.0498046875,4495.5,4454.4501953125,4469.25,3923000
2011-03-25,4480.39990234375,4480.39990234375,4501.5498046875,4468.5498046875,4501.5498046875,5661000
2011-03-28,4441.4501953125,4441.4501953125,4500.2998046875,4426.85009765625,4477.60009765625,7870000
2011-03-29,4469.2998046875,4469.2998046875,4481.4501953125,4422.35009765625,4433.39990234375,6425000
2011-03-30,4561.0,4561.0,4568.0,4490.75,4491.2998046875,6990000
2011-03-31,4535.85009765625,4535.85009765625,4591.85009765625,4503.64990234375,4569.25,12172000
2011-04-01,4550.9501953125,4550.9501953125,4564.35009765625,4524.9501953125,4541.5,5868000
2011-04-04,4570.4501953125,4570.4501953125,4580.5498046875,4552.14990234375,4573.4501953125,5086000
2011-04-05,4590.7998046875,4590.7998046875,4602.64990234375,4558.0,4583.5,4311000
2011-04-06,4577.10009765625,4577.10009765625,4606.60009765625,4567.39990234375,4588.75,5392000
2011-04-07,4583.60009765625,4583.60009765625,4600.0498046875,4575.7998046875,4581.7998046875,6075000
2011-04-08,4587.9501953125,4587.9501953125,4611.7001953125,4571.2001953125,4592.2001953125,5238000
2011-04-11,4588.2001953125,4588.2001953125,4618.25,4575.35009765625,4608.25,5284000
2011-04-13,4619.0,4619.0,4626.5498046875,4555.25,4589.75,5041000
2011-04-15,4593.7998046875,4593.7998046875,4623.0,4577.7001953125,4621.14990234375,2723000
2011-04-18,4563.9501953125,4563.9501953125,4628.7998046875,4540.75,4597.85009765625,4328000
2011-04-19,4546.5,4546.5,4567.25,4526.60009765625,4555.25,3166000
2011-04-20,4619.0,4619.0,4624.89990234375,4548.2001953125,4560.64990234375,3515000
2011-04-21,4610.2998046875,4610.2998046875,4643.10009765625,4598.89990234375,4622.9501953125,3111000
2011-04-25,4619.5498046875,4619.5498046875,4632.7998046875,4603.89990234375,4613.2001953125,2944000
2011-04-26,4640.9501953125,4640.9501953125,4654.2998046875,4567.2998046875,4622.60009765625,3491000
2011-04-27,4654.89990234375,4654.89990234375,4663.4501953125,4631.0498046875,4640.2001953125,3436000
2011-04-28,4647.5498046875,4647.5498046875,4674.0,4624.35009765625,4649.60009765625,7940000
2011-04-29,4685.5498046875,4685.5498046875,4701.4501953125,4656.75,4662.7001953125,6370000
2011-05-02,4712.7001953125,4712.7001953125,4750.4501953125,4699.9501953125,4711.5498046875,4044000
2011-05-03,4642.5498046875,4642.5498046875,4732.60009765625,4629.85009765625,4701.35009765625,4086000
2011-05-04,4590.9501953125,4590.9501953125,4642.10009765625,4558.89990234375,4642.10009765625,5768000
2011-05-05,4506.25,4506.25,4579.7998046875,4488.7998046875,4560.14990234375,7312000
2011-05-06,4539.25,4539.25,4553.2998046875,4492.89990234375,4498.35009765625,6892000
2011-05-09,4532.0,4532.0,4551.10009765625,4500.85009765625,4551.10009765625,5780000
2011-05-10,4522.85009765625,4522.85009765625,4549.64990234375,4501.2001953125,4532.60009765625,5709000
2011-05-11,4542.2001953125,4542.2001953125,4550.4501953125,4506.7998046875,4520.25,10969000
2011-05-12,4544.85009765625,4544.85009765625,4579.7998046875,4502.75,4517.7001953125,7519000
2011-05-13,4607.5498046875,4607.5498046875,4645.14990234375,4519.89990234375,4545.9501953125,9497000
2011-05-16,4660.0498046875,4660.0498046875,4682.89990234375,4608.35009765625,4608.35009765625,16581000
2011-05-17,4648.0498046875,4648.0498046875,4682.60009765625,4633.35009765625,4663.2001953125,6864000
2011-05-18,4584.89990234375,4584.89990234375,4667.5,4572.64990234375,4654.85009765625,6283000
2011-05-19,4563.7998046875,4563.7998046875,4598.60009765625,4551.0498046875,4593.64990234375,4202000
2011-05-20,4619.7998046875,4619.7998046875,4646.35009765625,4557.2001953125,4571.60009765625,6227000
2011-05-23,4541.5,4541.5,4616.7001953125,4520.7001953125,4610.4501953125,6356000
2011-05-24,4561.85009765625,4561.85009765625,4572.10009765625,4541.7998046875,4552.14990234375,3858000
2011-05-25,4567.0,4567.0,4584.2001953125,4539.0,4557.7998046875,4501000
2011-05-26,4604.85009765625,4604.85009765625,4625.64990234375,4557.10009765625,4573.9501953125,10465000
2011-05-27,4632.10009765625,4632.10009765625,4646.7001953125,4600.9501953125,4600.9501953125,5405000
2011-05-30,4736.7001953125,4736.7001953125,4747.2998046875,4647.2001953125,4647.2001953125,8839000
2011-05-31,4822.75,4822.75,4828.25,4755.14990234375,4755.14990234375,9797000
2011-06-01,4805.64990234375,4805.64990234375,4827.39990234375,4781.9501953125,4810.7998046875,4441000
2011-06-02,4806.9501953125,4806.9501953125,4853.5,4765.0498046875,4783.64990234375,6030000
2011-06-03,4759.39990234375,4759.39990234375,4831.7001953125,4749.35009765625,4807.7998046875,3622000
2011-06-06,4807.2998046875,4807.2998046875,4810.5498046875,4754.85009765625,4757.0,4508000
2011-06-07,4850.2998046875,4850.2998046875,4857.64990234375,4797.35009765625,4797.35009765625,6047000
2011-06-08,4795.10009765625,4795.10009765625,4853.85009765625,4787.5498046875,4848.4501953125,3609000
2011-06-09,4773.75,4773.75,4806.4501953125,4757.7998046875,4804.0498046875,2483000
2011-06-10,4772.64990234375,4772.64990234375,4805.85009765625,4755.0,4783.25,3581000
2011-06-13,4790.4501953125,4790.4501953125,4796.85009765625,4746.14990234375,4756.60009765625,4953000
2011-06-14,4822.5498046875,4822.5498046875,4845.0498046875,4794.4501953125,4794.4501953125,5768000
2011-06-15,4820.60009765625,4820.60009765625,4847.39990234375,4808.39990234375,4810.85009765625,5970000
2011-06-16,4819.7001953125,4819.7001953125,4840.2001953125,4792.25,4792.25,5058000
2011-06-17,4754.5,4754.5,4840.5,4741.14990234375,4803.60009765625,3957000
2011-06-20,4654.39990234375,4654.39990234375,4793.0498046875,4598.39990234375,4758.9501953125,6672000
2011-06-21,4686.89990234375,4686.89990234375,4713.10009765625,4653.7998046875,4661.10009765625,5001000
2011-06-22,4691.64990234375,4691.64990234375,4725.5,4669.35009765625,4709.0498046875,4699000
2011-06-23,4660.64990234375,4660.64990234375,4680.85009765625,4623.10009765625,4675.9501953125,4187000
2011-06-24,4720.5,4720.5,4729.25,4657.7001953125,4671.0,5355000
2011-06-27,4765.7001953125,4765.7001953125,4784.10009765625,4697.60009765625,4712.7998046875,4361000
2011-06-28,4795.14990234375,4795.14990234375,4820.0,4768.2001953125,4783.0498046875,4868000
2011-06-29,4828.2001953125,4828.2001953125,4836.75,4801.89990234375,4801.89990234375,5210000
2011-06-30,4817.0,4817.0,4855.4501953125,4776.2998046875,4826.2001953125,9877000
2011-07-01,4796.25,4796.25,4868.7998046875,4781.35009765625,4838.10009765625,4473000
2011-07-04,4828.2001953125,4828.2001953125,4837.25,4810.2001953125,4816.0498046875,3360000
2011-07-05,4821.9501953125,4821.9501953125,4837.35009765625,4808.5498046875,4831.75,3446000
2011-07-06,4795.60009765625,4795.60009765625,4838.75,4787.2001953125,4826.2001953125,4239000
2011-07-07,4885.5,4885.5,4894.2001953125,4798.39990234375,4798.4501953125,5174000
2011-07-08,4850.2998046875,4850.2998046875,4910.35009765625,4840.14990234375,4897.39990234375,3162000
2011-07-11,4841.14990234375,4841.14990234375,4873.0,4829.64990234375,4853.7001953125,3435000
2011-07-12,4818.7998046875,4818.7998046875,4854.39990234375,4778.5,4818.25,3440000
2011-07-13,4889.60009765625,4889.60009765625,4901.35009765625,4846.75,4846.75,5004000
2011-07-14,4934.75,4934.75,4960.39990234375,4870.85009765625,4884.25,4980000
2011-07-15,4922.2998046875,4922.2998046875,4951.10009765625,4899.39990234375,4932.64990234375,4091000
2011-07-18,4868.4501953125,4868.4501953125,4924.5498046875,4860.5,4914.85009765625,8639000
2011-07-19,4907.4501953125,4907.4501953125,4912.4501953125,4871.5,4878.5,5038000
2011-07-20,4826.89990234375,4826.89990234375,4938.9501953125,4814.75,4926.64990234375,5863000
2011-07-21,4786.35009765625,4786.35009765625,4819.5498046875,4773.2001953125,4804.0,6994000
2011-07-22,4850.0,4850.0,4867.14990234375,4811.4501953125,4812.4501953125,3643000
2011-07-25,4905.4501953125,4905.4501953125,4914.14990234375,4823.5,4843.35009765625,4863000
2011-07-26,4869.39990234375,4869.39990234375,4949.2001953125,4852.14990234375,4915.60009765625,7739000
2011-07-27,4861.64990234375,4861.64990234375,4904.10009765625,4844.7001953125,4868.0498046875,6357000
2011-07-28,4877.10009765625,4877.10009765625,4889.35009765625,4811.2001953125,4843.5,9631000
2011-07-29,4848.4501953125,4848.4501953125,4893.2001953125,4844.10009765625,4873.64990234375,4370000
2011-08-01,4881.7001953125,4881.7001953125,4900.2998046875,4859.5,4859.5,3818000
2011-08-02,4892.2001953125,4892.2001953125,4906.75,4860.10009765625,4872.75,6137000
2011-08-03,4841.5,4841.5,4868.7001953125,4830.85009765625,4868.7001953125,3340000
2011-08-04,4764.75,4764.75,4848.9501953125,4757.60009765625,4836.7001953125,5077000
2011-08-05,4710.75,4710.75,4723.0498046875,4633.0,4694.14990234375,9853000
2011-08-08,4684.2001953125,4684.2001953125,4713.4501953125,4603.7998046875,4653.89990234375,6312000
2011-08-09,4543.64990234375,4543.64990234375,4600.39990234375,4521.2001953125,4570.85009765625,9575000
2011-08-10,4597.60009765625,4597.60009765625,4605.7001953125,4556.64990234375,4591.10009765625,6641000
2011-08-11,4581.0,4581.0,4653.39990234375,4570.39990234375,4576.5,5770000
2011-08-12,4555.0498046875,4555.0498046875,4617.5498046875,4550.0498046875,4606.7998046875,4402000
2011-08-16,4523.2001953125,4523.2001953125,4601.64990234375,4494.7998046875,4575.75,4274000
2011-08-17,4545.60009765625,4545.60009765625,4580.7001953125,4510.9501953125,4527.85009765625,3836000
2011-08-18,4476.25,4476.25,4562.64990234375,4463.89990234375,4552.7998046875,3693000
2011-08-19,4418.9501953125,4418.9501953125,4469.7001953125,4366.9501953125,4429.85009765625,5126000
2011-08-22,4469.9501953125,4469.9501953125,4476.2998046875,4377.2998046875,4416.10009765625,4015000
2011-08-23,4448.9501953125,4448.9501953125,4504.0,4425.75,4485.39990234375,4005000
2011-08-24,4441.2998046875,4441.2998046875,4500.10009765625,4429.60009765625,4447.89990234375,4947000
2011-08-25,4452.60009765625,4452.60009765625,4487.9501953125,4439.9501953125,4476.39990234375,6871000
2011-08-26,4412.2001953125,4412.2001953125,4501.4501953125,4374.14990234375,4458.0,5178000
2011-08-29,4445.7998046875,4445.7998046875,4490.2001953125,4420.35009765625,4420.35009765625,3864000
2011-08-30,4524.2998046875,4524.2998046875,4532.85009765625,4441.7998046875,4457.10009765625,5677000
2011-09-02,4587.9501953125,4587.9501953125,4615.85009765625,4569.85009765625,4596.60009765625,8543000
2011-09-05,4556.9501953125,4556.9501953125,4584.10009765625,4536.35009765625,4577.89990234375,6665000
2011-09-06,4545.9501953125,4545.9501953125,4562.25,4521.5,4551.89990234375,5211000
2011-09-07,4558.14990234375,4558.14990234375,4571.35009765625,4540.35009765625,4557.4501953125,6617000
2011-09-08,4592.89990234375,4592.89990234375,4618.0498046875,4560.5498046875,4560.5498046875,5791000
2011-09-09,4551.25,4551.25,4625.2998046875,4540.5,4601.5,4768000
2011-09-12,4530.35009765625,4530.35009765625,4538.14990234375,4466.10009765625,4531.10009765625,4152000
2011-09-13,4504.2998046875,4504.2998046875,4602.60009765625,4492.35009765625,4539.0498046875,4513000
2011-09-14,4528.7998046875,4528.7998046875,4556.5,4493.7998046875,4526.35009765625,7951000
2011-09-15,4543.85009765625,4543.85009765625,4558.9501953125,4503.0,4553.4501953125,3561000
2011-09-16,4567.25,4567.25,4580.2001953125,4533.10009765625,4545.35009765625,6603000
2011-09-19,4522.89990234375,4522.89990234375,4583.85009765625,4499.7998046875,4583.85009765625,4454000
2011-09-20,4582.14990234375,4582.14990234375,4592.85009765625,4514.39990234375,4535.0498046875,4151000
2011-09-21,4595.4501953125,4595.4501953125,4617.9501953125,4578.7001953125,4579.85009765625,5230000
2011-09-22,4503.2001953125,4503.2001953125,4571.5498046875,4489.64990234375,4571.5498046875,3749000
2011-09-23,4487.39990234375,4487.39990234375,4512.7001953125,4452.10009765625,4480.0,4759000
2011-09-26,4486.5498046875,4486.5498046875,4503.14990234375,4422.64990234375,4503.14990234375,4252000
2011-09-27,4511.75,4511.75,4534.14990234375,4500.39990234375,4502.64990234375,3971000
2011-09-28,4544.60009765625,4544.60009765625,4552.75,4487.2001953125,4539.2001953125,4452000
2011-09-29,4539.7001953125,4539.7001953125,4549.35009765625,4506.39990234375,4539.0498046875,6175000
2011-09-30,4520.9501953125,4520.9501953125,4557.75,4494.85009765625,4541.25,5796000
2011-10-03,4499.7001953125,4499.7001953125,4522.60009765625,4447.0498046875,4498.0498046875,3439000
2011-10-04,4449.89990234375,4449.89990234375,4517.5,4440.25,4498.39990234375,5118000
2011-10-05,4494.25,4494.25,4520.85009765625,4454.85009765625,4454.85009765625,4312000
2011-10-07,4518.39990234375,4518.39990234375,4586.60009765625,4491.75,4537.64990234375,5077000
2011-10-10,4503.7001953125,4503.7001953125,4537.60009765625,4484.2001953125,4520.2001953125,4638000
2011-10-11,4529.2998046875,4529.2998046875,4561.2998046875,4506.25,4526.5,5204000
2011-10-12,4567.2001953125,4567.2001953125,4578.10009765625,4542.25,4542.25,4280000
2011-10-13,4519.4501953125,4519.4501953125,4580.25,4509.0,4568.85009765625,3514000
2011-10-14,4537.89990234375,4537.89990234375,4555.5,4504.39990234375,4508.75,5813000
2011-10-17,4529.39990234375,4529.39990234375,4558.60009765625,4496.9501953125,4540.9501953125,4313000
2011-10-18,4504.39990234375,4504.39990234375,4518.7998046875,4493.60009765625,4500.39990234375,5293000
2011-10-19,4575.14990234375,4575.14990234375,4584.75,4519.85009765625,4523.35009765625,5671000
2011-10-20,4573.7998046875,4573.7998046875,4582.0,4550.9501953125,4559.25,4852000
2011-10-21,4568.10009765625,4568.10009765625,4622.9501953125,4557.60009765625,4586.25,5153000
2011-10-24,4588.9501953125,4588.9501953125,4633.75,4581.4501953125,4601.35009765625,3130000
2011-10-25,4655.75,4655.75,4676.25,4593.89990234375,4614.25,7241000
2011-10-28,4772.4501953125,4772.4501953125,4816.35009765625,4748.4501953125,4748.4501953125,6204000
2011-10-31,4735.60009765625,4735.60009765625,4765.85009765625,4698.2001953125,4765.85009765625,4029000
2011-11-01,4699.0498046875,4699.0498046875,4757.0,4687.9501953125,4702.60009765625,5340000
2011-11-02,4733.0,4733.0,4750.75,4688.4501953125,4690.9501953125,5023000
2011-11-03,4723.7998046875,4723.7998046875,4734.2001953125,4707.10009765625,4733.75,2998000
2011-11-04,4748.9501953125,4748.9501953125,4771.75,4698.10009765625,4737.2001953125,4106000
2011-11-08,4699.4501953125,4699.4501953125,4745.7001953125,4683.64990234375,4733.85009765625,2831000
2011-11-09,4631.35009765625,4631.35009765625,4713.75,4621.25,4702.5498046875,5362000
2011-11-11,4661.2001953125,4661.2001953125,4673.14990234375,4629.75,4634.7998046875,7925000
2011-11-14,4697.64990234375,4697.64990234375,4729.0498046875,4685.7998046875,4685.7998046875,6390000
2011-11-15,4679.4501953125,4679.4501953125,4729.7998046875,4674.64990234375,4710.5498046875,10874000
2011-11-16,4646.2998046875,4646.2998046875,4678.9501953125,4638.0498046875,4678.9501953125,5906000
2011-11-17,4579.0,4579.0,4655.2001953125,4570.5,4653.85009765625,6997000
2011-11-18,4601.75,4601.75,4620.85009765625,4552.9501953125,4570.85009765625,6768000
2011-11-21,4549.14990234375,4549.14990234375,4611.9501953125,4526.7998046875,4602.10009765625,5171000
2011-11-22,4585.85009765625,4585.85009765625,4596.25,4547.0,4547.0,5034000
2011-11-23,4545.5498046875,4545.5498046875,4588.7998046875,4509.2998046875,4578.2001953125,4986000
2011-11-24,4613.10009765625,4613.10009765625,4637.39990234375,4492.7998046875,4549.5498046875,5992000
2011-11-25,4594.75,4594.75,4639.0498046875,4581.75,4597.2001953125,4602000
2011-11-28,4665.0,4665.0,4671.7998046875,4625.0498046875,4625.0498046875,3850000
2011-11-29,4690.75,4690.75,4721.75,4673.89990234375,4688.25,4128000
2011-11-30,4710.85009765625,4710.85009765625,4721.2001953125,4664.25,4668.2998046875,5793000
2011-12-01,4685.75,4685.75,4798.7001953125,4671.7001953125,4772.0498046875,11642000
2011-12-02,4744.60009765625,4744.60009765625,4757.0498046875,4661.0,4685.10009765625,5609000
2011-12-05,4715.89990234375,4715.89990234375,4755.7001953125,4701.2998046875,4740.89990234375,3450000
2011-12-07,4639.39990234375,4639.39990234375,4744.2001953125,4625.7998046875,4712.0,6339000
2011-12-08,4633.75,4633.75,4653.75,4589.7998046875,4624.7001953125,5786000
2011-12-09,4606.25,4606.25,4658.89990234375,4577.25,4596.25,5317000
2011-12-12,4571.5498046875,4571.5498046875,4635.7001953125,4548.2998046875,4621.64990234375,4214000
2011-12-13,4595.9501953125,4595.9501953125,4611.5498046875,4547.7998046875,4564.60009765625,6088000
2011-12-14,4579.7001953125,4579.7001953125,4630.5498046875,4566.5,4593.14990234375,8516000
2011-12-15,4602.4501953125,4602.4501953125,4613.2998046875,4537.5498046875,4549.9501953125,9385000
2011-12-16,4588.5498046875,4588.5498046875,4655.7001953125,4564.5498046875,4596.25,8202000
2011-12-19,4553.9501953125,4553.9501953125,4584.10009765625,4519.5,4584.10009765625,8010000
2011-12-20,4512.9501953125,4512.9501953125,4574.0498046875,4504.89990234375,4564.7001953125,6301000
2011-12-21,4559.0,4559.0,4567.9501953125,4510.5498046875,4534.0,7586000
2011-12-22,4581.39990234375,4581.39990234375,4591.9501953125,4542.35009765625,4544.9501953125,5844000
2011-12-23,4561.2001953125,4561.2001953125,4605.7001953125,4545.5,4599.0,4051000
2011-12-26,4552.75,4552.75,4581.4501953125,4543.4501953125,4546.89990234375,2652000
2011-12-27,4540.25,4540.25,4567.64990234375,4522.5,4561.35009765625,4582000
2011-12-28,4551.14990234375,4551.14990234375,4557.7001953125,4507.5498046875,4539.85009765625,3787000
2011-12-29,4549.5498046875,4549.5498046875,4561.9501953125,4534.7998046875,4550.2998046875,5743000
2011-12-30,4576.25,4576.25,4594.9501953125,4530.5498046875,4551.39990234375,4487000
2012-01-02,4567.60009765625,4567.60009765625,4592.7001953125,4542.7001953125,4586.64990234375,2974000
2012-01-03,4634.5,4634.5,4638.0498046875,4584.4501953125,4586.9501953125,3791000
2012-01-04,4655.75,4655.75,4663.60009765625,4617.75,4631.7998046875,4608000
2012-01-05,4648.5498046875,4648.5498046875,4690.85009765625,4641.75,4665.25,6223000
2012-01-06,4658.60009765625,4658.60009765625,4676.75,4620.89990234375,4641.89990234375,5048000
2012-01-09,4699.39990234375,4699.39990234375,4712.10009765625,4639.7001953125,4672.7998046875,6463000
2012-01-10,4747.2998046875,4747.2998046875,4758.0498046875,4708.35009765625,4708.35009765625,4970000
2012-01-11,4756.75,4756.75,4765.39990234375,4720.2001953125,4755.64990234375,4469000
2012-01-12,4755.0498046875,4755.0498046875,4794.5,4742.0,4748.0498046875,4549000
2012-01-13,4752.0498046875,4752.0498046875,4771.4501953125,4723.0498046875,4759.0,5569000
2012-01-16,4708.14990234375,4708.14990234375,4738.60009765625,4688.60009765625,4738.60009765625,3578000
2012-01-17,4745.2001953125,4745.2001953125,4763.64990234375,4712.75,4712.75,5776000
2012-01-18,4742.35009765625,4742.35009765625,4778.9501953125,4723.64990234375,4751.14990234375,4510000
2012-01-19,4813.5498046875,4813.5498046875,4826.35009765625,4756.75,4761.85009765625,4904000
2012-01-20,4790.9501953125,4790.9501953125,4830.89990234375,4747.14990234375,4821.5,5731000
2012-01-23,4782.25,4782.25,4823.64990234375,4768.25,4799.0,3687000
2012-01-24,4791.60009765625,4791.60009765625,4820.64990234375,4778.2998046875,4793.9501953125,5054000
2012-01-25,4806.75,4806.75,4813.60009765625,4787.5498046875,4803.2998046875,6519000
2012-01-27,4824.14990234375,4824.14990234375,4838.25,4765.64990234375,4825.2998046875,8535000
2012-01-30,4823.5498046875,4823.5498046875,4846.2998046875,4798.0498046875,4804.4501953125,5582000
2012-01-31,4890.35009765625,4890.35009765625,4915.2998046875,4806.5,4844.9501953125,7569000
2012-02-01,4888.2001953125,4888.2001953125,4912.39990234375,4866.0498046875,4902.60009765625,5054000
2012-02-02,4832.0,4832.0,4914.5498046875,4799.2998046875,4894.2998046875,7288000
2012-02-03,4906.35009765625,4906.35009765625,4909.60009765625,4842.5,4843.35009765625,8994000
2012-02-06,4904.5498046875,4904.5498046875,4976.39990234375,4889.7001953125,4942.5498046875,8310000
2012-02-07,4902.14990234375,4902.14990234375,4957.2998046875,4876.35009765625,4957.2998046875,5722000
2012-02-08,4892.85009765625,4892.85009765625,4919.35009765625,4866.35009765625,4906.10009765625,4920000
2012-02-09,4882.14990234375,4882.14990234375,4905.60009765625,4866.2998046875,4880.89990234375,5394000
2012-02-10,4837.9501953125,4837.9501953125,4904.9501953125,4822.2001953125,4888.4501953125,7164000
2012-02-13,4847.2001953125,4847.2001953125,4881.4501953125,4828.5,4856.35009765625,6013000
2012-02-14,4795.9501953125,4795.9501953125,4838.5498046875,4790.7001953125,4834.2998046875,8960000
2012-02-15,4835.4501953125,4835.4501953125,4871.5498046875,4813.89990234375,4814.35009765625,8897000
2012-02-16,4832.75,4832.75,4860.35009765625,4801.39990234375,4804.14990234375,6936000
2012-02-17,4833.9501953125,4833.9501953125,4875.14990234375,4817.75,4853.0498046875,7230000
2012-02-21,4841.89990234375,4841.89990234375,4884.5498046875,4831.10009765625,4844.5498046875,5896000
2012-02-22,4804.0498046875,4804.0498046875,4874.25,4793.5498046875,4854.85009765625,4650000
2012-02-23,4794.7001953125,4794.7001953125,4837.10009765625,4777.9501953125,4805.60009765625,7337000
2012-02-24,4781.10009765625,4781.10009765625,4832.14990234375,4764.60009765625,4803.64990234375,3783000
2012-02-27,4771.2998046875,4771.2998046875,4798.35009765625,4763.9501953125,4792.39990234375,4807000
2012-02-28,4815.35009765625,4815.35009765625,4828.85009765625,4772.25,4772.25,3739000
2012-02-29,4811.7001953125,4811.7001953125,4884.60009765625,4789.2001953125,4828.60009765625,4810000
2012-03-01,4827.25,4827.25,4848.60009765625,4803.0498046875,4817.4501953125,3721000
2012-03-02,4873.4501953125,4873.4501953125,4938.0,4829.64990234375,4849.25,6904000
2012-03-05,4835.75,4835.75,4879.64990234375,4829.89990234375,4868.89990234375,2912000
2012-03-06,4823.0,4823.0,4900.0498046875,4808.7998046875,4838.9501953125,5140000
2012-03-07,4846.39990234375,4846.39990234375,4851.89990234375,4809.85009765625,4817.60009765625,4561000
2012-03-09,4889.35009765625,4889.35009765625,4922.2998046875,4873.35009765625,4876.39990234375,5252000
2012-03-12,4872.64990234375,4872.64990234375,4922.64990234375,4867.35009765625,4921.35009765625,6286000
2012-03-13,4902.35009765625,4902.35009765625,4913.5498046875,4876.5,4876.5,10214000
2012-03-14,4911.39990234375,4911.39990234375,4959.4501953125,4902.0,4926.4501953125,9221000
2012-03-15,4893.7001953125,4893.7001953125,4920.2001953125,4881.10009765625,4918.25,4855000
2012-03-16,4805.10009765625,4805.10009765625,4944.14990234375,4786.64990234375,4901.35009765625,6907000
2012-03-19,4810.35009765625,4810.35009765625,4827.64990234375,4773.89990234375,4810.7998046875,4346000
2012-03-20,4865.7998046875,4865.7998046875,4874.39990234375,4814.5,4822.5,4193000
2012-03-21,4909.4501953125,4909.4501953125,4915.89990234375,4858.4501953125,4865.5,5843000
2012-03-22,4845.5,4845.5,4929.85009765625,4825.2998046875,4922.9501953125,4905000
2012-03-23,4878.7001953125,4878.7001953125,4895.2001953125,4829.60009765625,4851.85009765625,3844000
2012-03-26,4836.5,4836.5,4890.25,4827.0,4883.5,7925000
2012-03-27,4883.64990234375,4883.64990234375,4898.89990234375,4855.75,4858.14990234375,13236000
2012-03-28,4898.25,4898.25,4920.0,4866.14990234375,4892.9501953125,4942000
2012-03-29,4923.64990234375,4923.64990234375,4937.39990234375,4866.2998046875,4883.5,7619000
2012-03-30,5036.60009765625,5036.60009765625,5055.10009765625,4939.75,4939.75,6233000
2012-04-02,5028.2001953125,5028.2001953125,5051.39990234375,5000.75,5033.60009765625,3613000
2012-04-03,5002.4501953125,5002.4501953125,5072.10009765625,4993.89990234375,5048.75,4710000
2012-04-04,4991.85009765625,4991.85009765625,5012.89990234375,4980.25,5000.85009765625,3410000
2012-04-09,5024.5,5024.5,5037.39990234375,4942.25,4970.7001953125,4775000
2012-04-10,5020.4501953125,5020.4501953125,5044.7998046875,5008.14990234375,5038.85009765625,3409000
2012-04-11,5053.4501953125,5053.4501953125,5067.64990234375,4993.5,5000.7998046875,5662000
2012-04-12,5047.85009765625,5047.85009765625,5064.10009765625,5009.35009765625,5053.75,6586000
2012-04-13,5116.85009765625,5116.85009765625,5157.35009765625,5064.0498046875,5064.0498046875,8251000
2012-04-16,5115.7998046875,5115.7998046875,5153.85009765625,5099.0498046875,5114.35009765625,3085000
2012-04-17,5127.25,5127.25,5158.75,5093.5498046875,5158.75,4164000
2012-04-18,5166.35009765625,5166.35009765625,5210.85009765625,5135.5498046875,5135.5498046875,3207000
2012-04-19,5216.35009765625,5216.35009765625,5232.10009765625,5189.39990234375,5190.2998046875,4766000
2012-04-20,5195.2998046875,5195.2998046875,5237.85009765625,5164.7001953125,5215.85009765625,4841000
2012-04-23,5177.7001953125,5177.7001953125,5231.0498046875,5151.39990234375,5210.4501953125,2427000
2012-04-24,5149.0498046875,5149.0498046875,5191.75,5141.10009765625,5188.5498046875,3730000
2012-04-25,5160.85009765625,5160.85009765625,5187.89990234375,5114.5,5166.64990234375,4535000
2012-04-26,5130.89990234375,5130.89990234375,5173.75,5110.10009765625,5171.89990234375,6062000
2012-04-27,5137.60009765625,5137.60009765625,5152.7001953125,5085.39990234375,5124.10009765625,5263000
2012-04-30,5155.39990234375,5155.39990234375,5177.7001953125,5106.10009765625,5139.75,5024000
2012-05-02,5163.4501953125,5163.4501953125,5192.10009765625,5154.14990234375,5156.7998046875,4314000
2012-05-03,5151.89990234375,5151.89990234375,5186.85009765625,5141.60009765625,5168.89990234375,4189000
2012-05-04,5184.5,5184.5,5219.64990234375,5149.85009765625,5149.85009765625,9476000
2012-05-07,5161.25,5161.25,5181.2001953125,5138.7998046875,5178.0498046875,5682000
2012-05-08,5112.0,5112.0,5201.7998046875,5096.7001953125,5172.5498046875,5168000
2012-05-09,5113.75,5113.75,5143.7998046875,5081.0498046875,5111.0,7366000
2012-05-10,5090.0,5090.0,5161.60009765625,5083.0498046875,5139.4501953125,9781000
2012-05-11,4970.64990234375,4970.64990234375,5093.25,4961.5,5093.25,7427000
2012-05-14,5047.25,5047.25,5062.60009765625,4979.5,4981.14990234375,5989000
2012-05-15,5087.5498046875,5087.5498046875,5094.75,5018.7001953125,5029.25,6070000
2012-05-16,5048.75,5048.75,5082.9501953125,5031.0,5065.5498046875,6188000
2012-05-17,5033.60009765625,5033.60009765625,5099.85009765625,5013.25,5063.39990234375,6249000
2012-05-18,5022.0498046875,5022.0498046875,5039.9501953125,4973.2001953125,4990.39990234375,4448000
2012-05-21,5052.7001953125,5052.7001953125,5060.9501953125,4998.64990234375,5011.0,4293000
2012-05-22,5017.2001953125,5017.2001953125,5068.9501953125,5009.7998046875,5068.9501953125,5633000
2012-05-23,5016.89990234375,5016.89990234375,5024.10009765625,4960.14990234375,5008.7001953125,5489000
2012-05-24,5049.25,5049.25,5062.0498046875,4984.10009765625,5030.39990234375,5129000
2012-05-25,5041.2001953125,5041.2001953125,5069.0,5025.60009765625,5057.39990234375,4585000
2012-05-28,5064.25,5064.25,5069.4501953125,5028.7001953125,5037.39990234375,3189000
2012-05-29,5051.89990234375,5051.89990234375,5104.5498046875,5046.0498046875,5075.60009765625,5864000
2012-05-30,5047.5498046875,5047.5498046875,5076.39990234375,5032.2001953125,5073.64990234375,4696000
2012-05-31,5047.64990234375,5047.64990234375,5055.5,5017.64990234375,5029.5,7884000
2012-06-01,4978.2001953125,4978.2001953125,5045.75,4964.39990234375,5040.0,4201000
2012-06-04,4942.75,4942.75,4961.0498046875,4901.4501953125,4961.0498046875,2782000
2012-06-05,4954.25,4954.25,4972.89990234375,4937.2998046875,4939.9501953125,3702000
2012-06-06,5007.2998046875,5007.2998046875,5036.89990234375,4949.89990234375,4949.89990234375,5851000
2012-06-07,5017.14990234375,5017.14990234375,5041.4501953125,5000.5498046875,5027.10009765625,4452000
2012-06-08,5024.14990234375,5024.14990234375,5033.64990234375,4971.14990234375,4978.25,4255000
2012-06-11,4947.85009765625,4947.85009765625,5055.0498046875,4936.5,5034.2998046875,4482000
2012-06-12,4936.4501953125,4936.4501953125,4945.64990234375,4903.7001953125,4944.0498046875,4656000
2012-06-13,4960.35009765625,4960.35009765625,4981.5,4939.75,4939.75,5390000
2012-06-14,4937.5,4937.5,4975.89990234375,4919.7998046875,4949.64990234375,3366000
2012-06-15,4985.9501953125,4985.9501953125,4995.25,4931.60009765625,4935.14990234375,6058000
2012-06-18,4947.0,4947.0,5030.2998046875,4932.2998046875,5000.5498046875,3485000
2012-06-19,5004.4501953125,5004.4501953125,5010.75,4938.35009765625,4938.35009765625,5098000
2012-06-20,5065.7998046875,5065.7998046875,5075.35009765625,5012.35009765625,5013.75,4335000
2012-06-21,5081.14990234375,5081.14990234375,5090.2998046875,5048.7001953125,5052.39990234375,4138000
2012-06-22,5075.2998046875,5075.2998046875,5103.2001953125,5057.7998046875,5058.39990234375,4907000
2012-06-25,5049.9501953125,5049.9501953125,5106.0498046875,5043.7998046875,5078.60009765625,4031000
2012-06-26,5095.9501953125,5095.9501953125,5102.14990234375,5044.89990234375,5044.89990234375,3422000
2012-06-27,5113.5498046875,5113.5498046875,5125.14990234375,5108.2001953125,5108.2001953125,3744000
2012-06-28,5111.5498046875,5111.5498046875,5133.60009765625,5091.10009765625,5109.0,5592000
2012-06-29,5216.0,5216.0,5221.2001953125,5127.4501953125,5127.4501953125,6388000
2012-07-02,5233.75,5233.75,5247.5498046875,5209.9501953125,5209.9501953125,4155000
2012-07-03,5237.14990234375,5237.14990234375,5279.35009765625,5229.5,5236.9501953125,5079000
2012-07-04,5235.5498046875,5235.5498046875,5267.7001953125,5218.7998046875,5255.0,4449000
2012-07-05,5253.39990234375,5253.39990234375,5263.60009765625,5217.7001953125,5221.85009765625,3759000
2012-07-06,5259.60009765625,5259.60009765625,5264.89990234375,5222.7998046875,5248.9501953125,3569000
2012-07-09,5219.25,5219.25,5250.7001953125,5211.85009765625,5244.60009765625,3140000
2012-07-10,5271.25,5271.25,5277.0,5223.14990234375,5224.35009765625,5491000
2012-07-11,5255.64990234375,5255.64990234375,5275.25,5246.14990234375,5264.14990234375,4303000
2012-07-12,5251.10009765625,5251.10009765625,5268.0498046875,5211.60009765625,5240.64990234375,4009000
2012-07-13,5247.4501953125,5247.4501953125,5268.0,5242.14990234375,5260.5498046875,3868000
2012-07-16,5312.5,5312.5,5344.75,5248.5498046875,5248.5498046875,4091000
2012-07-17,5345.2001953125,5345.2001953125,5395.35009765625,5332.9501953125,5332.9501953125,5802000
2012-07-18,5312.5498046875,5312.5498046875,5365.14990234375,5300.39990234375,5365.14990234375,3640000
2012-07-19,5318.85009765625,5318.85009765625,5351.85009765625,5312.39990234375,5333.7998046875,3905000
2012-07-20,5264.60009765625,5264.60009765625,5312.25,5260.64990234375,5306.2001953125,3696000
2012-07-23,5257.5,5257.5,5265.25,5228.9501953125,5248.14990234375,3673000
2012-07-24,5276.85009765625,5276.85009765625,5284.75,5222.2001953125,5269.5498046875,5494000
2012-07-25,5289.25,5289.25,5305.64990234375,5243.9501953125,5290.39990234375,4799000
2012-07-26,5273.85009765625,5273.85009765625,5324.5,5244.35009765625,5306.2998046875,6569000
2012-07-27,5287.0,5287.0,5316.35009765625,5257.10009765625,5303.75,4276000
2012-07-30,5379.35009765625,5379.35009765625,5386.2001953125,5298.2998046875,5307.75,5109000
2012-07-31,5413.7998046875,5413.7998046875,5425.60009765625,5377.39990234375,5399.0,6451000
2012-08-01,5476.4501953125,5476.4501953125,5492.25,5437.39990234375,5468.60009765625,9895000
2012-08-02,5468.39990234375,5468.39990234375,5488.25,5447.10009765625,5477.0,4337000
2012-08-03,5506.14990234375,5506.14990234375,5520.64990234375,5446.0498046875,5462.9501953125,7464000
2012-08-06,5532.4501953125,5532.4501953125,5567.10009765625,5525.5498046875,5530.85009765625,5102000
2012-08-07,5529.5498046875,5529.5498046875,5578.2001953125,5520.60009765625,5557.7001953125,3344000
2012-08-08,5530.75,5530.75,5551.4501953125,5515.60009765625,5521.75,4162000
2012-08-09,5524.89990234375,5524.89990234375,5571.7998046875,5518.7001953125,5544.5,4633000
2012-08-10,5502.85009765625,5502.85009765625,5538.2001953125,5482.25,5519.64990234375,6047000
2012-08-13,5516.14990234375,5516.14990234375,5537.4501953125,5503.7998046875,5503.7998046875,3912000
2012-08-14,5496.0498046875,5496.0498046875,5511.5498046875,5477.89990234375,5507.75,4123000
2012-08-16,5500.7001953125,5500.7001953125,5537.2001953125,5486.64990234375,5503.5,7356000
2012-08-17,5524.9501953125,5524.9501953125,5536.39990234375,5498.9501953125,5506.14990234375,7052000
2012-08-21,5528.4501953125,5528.4501953125,5541.7001953125,5504.0,5524.14990234375,5795000
2012-08-22,5551.5,5551.5,5581.0498046875,5522.0,5528.14990234375,5471000
2012-08-23,5603.2998046875,5603.2998046875,5640.0498046875,5576.5,5576.5,8484000
2012-08-24,5601.2998046875,5601.2998046875,5610.85009765625,5577.10009765625,5602.7998046875,5132000
2012-08-27,5600.5,5600.5,5626.85009765625,5589.35009765625,5608.85009765625,3883000
2012-08-28,5613.14990234375,5613.14990234375,5624.7998046875,5556.39990234375,5608.39990234375,6302000
2012-08-29,5618.0,5618.0,5651.39990234375,5614.5498046875,5626.39990234375,4829000
2012-08-30,5650.2998046875,5650.2998046875,5669.75,5613.7001953125,5623.0498046875,7523000
2012-08-31,5648.9501953125,5648.9501953125,5692.2001953125,5619.0,5641.25,9220000
2012-09-03,5644.5498046875,5644.5498046875,5675.4501953125,5630.35009765625,5652.75,7004000
2012-09-04,5645.0,5645.0,5662.5,5633.39990234375,5649.7001953125,4797000
2012-09-05,5578.14990234375,5578.14990234375,5644.89990234375,5559.39990234375,5627.2998046875,4168000
2012-09-06,5606.2001953125,5606.2001953125,5616.0,5547.5,5561.5498046875,4871000
2012-09-07,5680.85009765625,5680.85009765625,5686.25,5634.7998046875,5634.7998046875,6244000
2012-09-10,5799.25,5799.25,5809.60009765625,5760.5,5760.5,7371000
2012-09-11,5801.89990234375,5801.89990234375,5844.39990234375,5785.75,5806.9501953125,4482000
2012-09-12,5789.85009765625,5789.85009765625,5840.4501953125,5780.89990234375,5831.39990234375,6034000
2012-09-13,5708.10009765625,5708.10009765625,5793.39990234375,5700.2998046875,5793.39990234375,8047000
2012-09-14,5632.5498046875,5632.5498046875,5766.60009765625,5622.25,5766.60009765625,9129000
2012-09-17,5530.39990234375,5530.39990234375,5673.75,5494.5498046875,5645.9501953125,13050000
2012-09-18,5527.14990234375,5527.14990234375,5581.10009765625,5517.39990234375,5531.10009765625,6695000
2012-09-20,5514.89990234375,5514.89990234375,5547.10009765625,5482.7998046875,5506.85009765625,7367000
2012-09-21,5506.14990234375,5506.14990234375,5592.14990234375,5497.0,5533.5498046875,10755000
2012-09-24,5507.0498046875,5507.0498046875,5533.75,5481.39990234375,5503.39990234375,8143000
2012-09-25,5526.60009765625,5526.60009765625,5555.5,5501.64990234375,5505.0,8327000
2012-09-26,5541.85009765625,5541.85009765625,5565.4501953125,5511.2001953125,5511.2001953125,7146000
2012-09-27,5538.7001953125,5538.7001953125,5575.39990234375,5524.75,5547.9501953125,8556000
2012-09-28,5623.0,5623.0,5634.89990234375,5530.9501953125,5551.2998046875,11160000
2012-10-01,5635.39990234375,5635.39990234375,5659.25,5620.60009765625,5642.7998046875,5296000
2012-10-03,5673.39990234375,5673.39990234375,5695.89990234375,5608.4501953125,5644.2001953125,6848000
2012-10-04,5617.60009765625,5617.60009765625,5702.39990234375,5605.35009765625,5690.75,10526000
2012-10-05,5532.10009765625,5532.10009765625,5637.9501953125,5274.5,5636.7998046875,9731000
2012-10-08,5595.5498046875,5595.5498046875,5624.75,5536.14990234375,5550.39990234375,5362000
2012-10-09,5679.2001953125,5679.2001953125,5698.89990234375,5610.39990234375,5610.39990234375,5393000
2012-10-10,5637.0,5637.0,5703.9501953125,5628.60009765625,5676.60009765625,5539000
2012-10-11,5598.60009765625,5598.60009765625,5651.4501953125,5564.10009765625,5640.5,9197000
2012-10-12,5622.2001953125,5622.2001953125,5640.75,5603.7001953125,5621.7001953125,4343000
2012-10-15,5643.75,5643.75,5664.2001953125,5617.14990234375,5639.39990234375,4091000
2012-10-16,5606.2998046875,5606.2998046875,5666.9501953125,5589.7998046875,5666.4501953125,3997000
2012-10-17,5626.4501953125,5626.4501953125,5649.10009765625,5612.35009765625,5631.85009765625,4153000
2012-10-18,5613.0498046875,5613.0498046875,5641.35009765625,5600.9501953125,5631.85009765625,3970000
2012-10-19,5590.0498046875,5590.0498046875,5623.4501953125,5556.85009765625,5616.39990234375,5367000
2012-10-22,5642.5498046875,5642.5498046875,5646.89990234375,5577.60009765625,5584.5,3535000
2012-10-23,5631.4501953125,5631.4501953125,5678.0,5625.0498046875,5648.7998046875,3984000
2012-10-25,5603.85009765625,5603.85009765625,5635.60009765625,5593.0,5632.10009765625,6478000
2012-10-29,5570.0498046875,5570.0498046875,5583.0,5544.9501953125,5547.10009765625,2395000
2012-10-30,5566.4501953125,5566.4501953125,5588.75,5548.7998046875,5563.25,2555000
2012-10-31,5667.0498046875,5667.0498046875,5676.35009765625,5561.64990234375,5561.64990234375,7091000
2012-11-01,5713.2998046875,5713.2998046875,5722.5,5672.25,5677.10009765625,4625000
2012-11-02,5736.7998046875,5736.7998046875,5751.2001953125,5722.35009765625,5739.5,5936000
2012-11-05,5756.5,5756.5,5796.89990234375,5736.5,5736.5,7240000
2012-11-06,5798.64990234375,5798.64990234375,5807.85009765625,5762.10009765625,5783.60009765625,13493000
2012-11-07,5805.0,5805.0,5833.75,5785.0,5802.9501953125,6047000
2012-11-08,5766.64990234375,5766.64990234375,5837.9501953125,5739.89990234375,5794.5498046875,8174000
2012-11-09,5751.5498046875,5751.5498046875,5791.4501953125,5743.0498046875,5764.2001953125,3688000
2012-11-12,5750.89990234375,5750.89990234375,5770.64990234375,5724.7998046875,5759.4501953125,3191000
2012-11-15,5683.85009765625,5683.85009765625,5737.89990234375,5659.0498046875,5737.89990234375,5568000
2012-11-16,5658.85009765625,5658.85009765625,5711.7998046875,5643.85009765625,5661.39990234375,4260000
2012-11-19,5624.5498046875,5624.5498046875,5684.60009765625,5611.9501953125,5661.60009765625,3888000
2012-11-20,5631.0498046875,5631.0498046875,5653.9501953125,5591.39990234375,5642.35009765625,3316000
2012-11-21,5689.2998046875,5689.2998046875,5706.7001953125,5629.9501953125,5644.0498046875,6625000
2012-11-22,5694.4501953125,5694.4501953125,5714.14990234375,5672.2998046875,5714.14990234375,5106000
2012-11-23,5680.85009765625,5680.85009765625,5708.14990234375,5646.85009765625,5681.10009765625,4239000
2012-11-26,5698.39990234375,5698.39990234375,5728.5498046875,5682.9501953125,5689.14990234375,3430000
2012-11-27,5748.0498046875,5748.0498046875,5758.10009765625,5707.10009765625,5707.10009765625,5185000
2012-11-29,5833.85009765625,5833.85009765625,5845.85009765625,5764.4501953125,5764.4501953125,10308000
2012-11-30,5869.75,5869.75,5881.39990234375,5822.4501953125,5843.14990234375,10809000
2012-12-03,5854.85009765625,5854.85009765625,5887.7001953125,5842.7998046875,5873.14990234375,4440000
2012-12-04,5870.0,5870.0,5902.2998046875,5842.14990234375,5847.14990234375,5069000
2012-12-05,5870.7998046875,5870.7998046875,5906.4501953125,5860.25,5894.5,4537000
2012-12-06,5875.5,5875.5,5901.0,5812.9501953125,5883.5,4979000
2012-12-07,5887.14990234375,5887.14990234375,5892.64990234375,5852.35009765625,5878.7998046875,5065000
2012-12-10,5955.0498046875,5955.0498046875,5975.10009765625,5879.9501953125,5891.85009765625,5331000
2012-12-11,5973.2998046875,5973.2998046875,6061.60009765625,5945.89990234375,5977.0498046875,8435000
2012-12-12,5984.9501953125,5984.9501953125,5994.0498046875,5961.10009765625,5990.7998046875,5816000
2012-12-13,5950.2001953125,5950.2001953125,6015.85009765625,5942.10009765625,5995.7998046875,5817000
2012-12-14,5918.89990234375,5918.89990234375,5987.14990234375,5909.4501953125,5957.7001953125,4708000
2012-12-17,5945.25,5945.25,5955.10009765625,5922.4501953125,5922.85009765625,4944000
2012-12-18,5985.0,5985.0,6012.10009765625,5952.5,5965.0,5247000
2012-12-19,6084.64990234375,6084.64990234375,6099.0498046875,5994.7001953125,5995.60009765625,6081000
2012-12-20,6072.39990234375,6072.39990234375,6145.14990234375,6058.0498046875,6091.75,6729000
2012-12-21,5972.14990234375,5972.14990234375,6073.2001953125,5963.64990234375,6067.9501953125,4823000
2012-12-24,6010.85009765625,6010.85009765625,6023.60009765625,5974.5498046875,5986.89990234375,4481000
2012-12-26,6061.10009765625,6061.10009765625,6088.25,6022.64990234375,6022.64990234375,4411000
2012-12-27,6044.64990234375,6044.64990234375,6107.60009765625,6031.39990234375,6089.4501953125,7052000
2012-12-28,6035.5,6035.5,6091.5,6006.0,6061.25,2910000
2012-12-31,6035.0,6035.0,6051.7001953125,6009.7001953125,6042.14990234375,2100000
2013-01-01,6056.60009765625,6056.60009765625,6077.35009765625,6044.2001953125,6049.89990234375,2389000
2013-01-02,6070.25,6070.25,6099.9501953125,6064.2001953125,6071.0,4714000
2013-01-03,6075.7998046875,6075.7998046875,6099.0,6063.0,6099.0,4156000
2013-01-04,6080.39990234375,6080.39990234375,6090.0498046875,6047.64990234375,6085.85009765625,4753000
2013-01-07,6104.4501953125,6104.4501953125,6130.7998046875,6093.0,6110.75,5860000
2013-01-08,6156.5498046875,6156.5498046875,6172.7998046875,6109.0,6109.0,7406000
2013-01-09,6169.25,6169.25,6205.89990234375,6151.14990234375,6165.0498046875,6370000
2013-01-10,6117.10009765625,6117.10009765625,6191.7998046875,6098.0498046875,6189.2001953125,4798000
2013-01-11,6056.10009765625,6056.10009765625,6130.75,6046.2998046875,6129.64990234375,3906000
2013-01-14,6031.35009765625,6031.35009765625,6060.64990234375,6016.85009765625,6060.5498046875,5729000
2013-01-15,6032.2001953125,6032.2001953125,6044.7001953125,6012.75,6033.10009765625,4458000
2013-01-16,6018.2001953125,6018.2001953125,6093.2998046875,6012.7998046875,6027.14990234375,4593000
2013-01-17,6001.89990234375,6001.89990234375,6037.75,5985.75,6021.75,4830000
2013-01-18,5960.75,5960.75,6024.9501953125,5942.5,6011.0498046875,4727000
2013-01-21,5940.89990234375,5940.89990234375,5973.35009765625,5928.5,5960.4501953125,4710000
2013-01-22,5926.25,5926.25,5973.5498046875,5920.2998046875,5946.35009765625,5481000
2013-01-23,5910.7998046875,5910.7998046875,5952.2998046875,5902.5,5938.2001953125,4683000
2013-01-24,5857.64990234375,5857.64990234375,5913.0,5847.7998046875,5905.7001953125,5667000
2013-01-25,5949.4501953125,5949.4501953125,5961.4501953125,5846.2998046875,5866.4501953125,10523000
2013-01-28,5936.39990234375,5936.39990234375,5973.25,5926.7998046875,5958.89990234375,3433000
2013-01-29,5914.9501953125,5914.9501953125,5982.5,5902.25,5926.35009765625,4821000
2013-01-30,5929.2998046875,5929.2998046875,5948.2998046875,5905.64990234375,5929.0498046875,7496000
2013-01-31,5935.25,5935.25,5965.14990234375,5917.0498046875,5921.60009765625,9017000
2013-02-01,5989.64990234375,5989.64990234375,6003.64990234375,5944.4501953125,5944.4501953125,6602000
2013-02-04,5907.5,5907.5,6005.7998046875,5895.25,5996.25,6808000
2013-02-05,5963.75,5963.75,5970.75,5907.85009765625,5930.60009765625,6832000
2013-02-06,5951.9501953125,5951.9501953125,6000.60009765625,5942.10009765625,5983.7998046875,7567000
2013-02-07,5909.64990234375,5909.64990234375,5955.75,5896.75,5924.2001953125,9812000
2013-02-08,5837.35009765625,5837.35009765625,5920.5,5816.14990234375,5902.5,8882000
2013-02-11,5886.5498046875,5886.5498046875,5897.64990234375,5836.25,5861.60009765625,5702000
2013-02-12,5957.75,5957.75,5964.25,5893.39990234375,5902.0,4267000
2013-02-13,5948.25,5948.25,5989.0,5941.5498046875,5962.14990234375,4884000
2013-02-14,5893.7998046875,5893.7998046875,5953.75,5881.10009765625,5944.4501953125,5678000
2013-02-15,5865.35009765625,5865.35009765625,5885.60009765625,5835.2998046875,5873.5,5310000
2013-02-18,5864.7001953125,5864.7001953125,5902.64990234375,5857.2001953125,5864.5,3785000
2013-02-19,5938.25,5938.25,5944.9501953125,5860.75,5863.0498046875,4079000
2013-02-20,5924.39990234375,5924.39990234375,5955.14990234375,5914.7001953125,5955.14990234375,4843000
2013-02-21,5907.35009765625,5907.35009765625,5923.5,5884.10009765625,5914.10009765625,4744000
2013-02-22,5944.14990234375,5944.14990234375,5947.85009765625,5898.25,5898.25,6878000
2013-02-25,5954.5498046875,5954.5498046875,5962.5,5914.64990234375,5949.7998046875,6611000
2013-02-26,5833.7998046875,5833.7998046875,5963.4501953125,5823.85009765625,5963.4501953125,5467000
2013-02-27,5813.7998046875,5813.7998046875,5852.5,5771.0498046875,5836.60009765625,6119000
2013-02-28,5778.2001953125,5778.2001953125,5862.2001953125,5755.14990234375,5837.85009765625,9807000
2013-03-01,5807.0,5807.0,5817.2998046875,5715.2998046875,5770.7001953125,5680000
2013-03-04,5817.89990234375,5817.89990234375,5826.35009765625,5769.5498046875,5798.7001953125,5442000
2013-03-05,5885.35009765625,5885.35009765625,5897.85009765625,5800.89990234375,5825.10009765625,5819000
2013-03-06,5891.0,5891.0,5903.64990234375,5864.14990234375,5897.7998046875,4298000
2013-03-07,5919.2998046875,5919.2998046875,5927.14990234375,5877.7998046875,5877.7998046875,4828000
2013-03-08,5973.5,5973.5,5980.2001953125,5921.75,5929.2001953125,4219000
2013-03-11,6001.64990234375,6001.64990234375,6018.0,5979.35009765625,5987.10009765625,6071000
2013-03-12,5974.85009765625,5974.85009765625,6014.64990234375,5963.9501953125,5993.5,3809000
2013-03-13,5985.89990234375,5985.89990234375,5994.2001953125,5963.7998046875,5978.25,4485000
2013-03-14,5989.64990234375,5989.64990234375,6009.25,5960.35009765625,5994.5498046875,5159000
2013-03-15,6003.85009765625,6003.85009765625,6042.39990234375,5994.85009765625,6009.75,5281000
2013-03-18,6029.5498046875,6029.5498046875,6040.5,5960.5498046875,5968.7001953125,4317000
2013-03-19,6020.25,6020.25,6070.2001953125,6008.5498046875,6043.2001953125,8229000
2013-03-20,6026.7998046875,6026.7998046875,6055.7998046875,6007.89990234375,6007.89990234375,6422000
2013-03-21,5980.2998046875,5980.2998046875,6053.35009765625,5966.25,6031.14990234375,5850000
2013-03-22,5949.75,5949.75,5996.64990234375,5942.89990234375,5987.60009765625,4282000
2013-03-25,5939.75,5939.75,5997.39990234375,5926.4501953125,5997.0498046875,5434000
2013-03-26,5953.75,5953.75,5965.25,5908.9501953125,5931.2998046875,4606000
2013-03-28,5953.0,5953.0,5983.64990234375,5932.9501953125,5966.35009765625,7743000
2013-04-01,6007.2998046875,6007.2998046875,6041.25,5965.4501953125,5976.0498046875,3195000
2013-04-02,6135.7998046875,6135.7998046875,6141.2001953125,6013.14990234375,6015.4501953125,4560000
2013-04-03,6148.9501953125,6148.9501953125,6203.0,6140.64990234375,6149.10009765625,4768000
2013-04-04,6119.60009765625,6119.60009765625,6181.9501953125,6111.2001953125,6123.0,5143000
2013-04-05,6132.0,6132.0,6172.0,6107.35009765625,6117.0498046875,3922000
2013-04-08,6185.35009765625,6185.35009765625,6219.14990234375,6108.5,6120.2998046875,4172000
2013-04-09,6147.0,6147.0,6223.14990234375,6137.0,6178.2998046875,5328000
2013-04-10,6167.9501953125,6167.9501953125,6194.35009765625,6103.2998046875,6194.35009765625,4560000
2013-04-11,6231.25,6231.25,6243.89990234375,6175.60009765625,6196.2001953125,5544000
2013-04-12,6242.10009765625,6242.10009765625,6284.75,6221.0498046875,6232.2998046875,4288000
2013-04-15,6190.25,6190.25,6273.4501953125,6181.64990234375,6236.14990234375,3949000
2013-04-16,6287.10009765625,6287.10009765625,6300.2998046875,6173.5498046875,6180.10009765625,2954000
2013-04-17,6344.0498046875,6344.0498046875,6370.7001953125,6272.2998046875,6276.0498046875,5416000
2013-04-18,6355.39990234375,6355.39990234375,6392.5498046875,6327.25,6352.0,4564000
2013-04-22,6364.0,6364.0,6423.5,6337.39990234375,6355.9501953125,4204000
2013-04-23,6403.0,6403.0,6412.0,6355.7998046875,6364.0498046875,2905000
2013-04-25,6556.85009765625,6556.85009765625,6573.7998046875,6407.9501953125,6417.2998046875,7671000
2013-04-26,6505.60009765625,6505.60009765625,6549.0498046875,6499.0498046875,6545.2998046875,3543000
2013-04-29,6492.9501953125,6492.9501953125,6561.75,6476.10009765625,6532.5498046875,3655000
2013-04-30,6550.14990234375,6550.14990234375,6577.14990234375,6492.0,6506.10009765625,3848000
2013-05-02,6574.5498046875,6574.5498046875,6609.25,6542.0,6542.0,3820000
2013-05-03,6586.75,6586.75,6601.9501953125,6558.85009765625,6586.35009765625,4241000
2013-05-06,6610.0498046875,6610.0498046875,6623.2998046875,6582.39990234375,6594.0498046875,3050000
2013-05-07,6678.64990234375,6678.64990234375,6709.5498046875,6623.7998046875,6636.14990234375,4864000
2013-05-08,6676.60009765625,6676.60009765625,6726.9501953125,6650.89990234375,6725.0,8699000
2013-05-09,6560.2998046875,6560.2998046875,6676.5,6547.2998046875,6671.64990234375,4485000
2013-05-10,6596.4501953125,6596.4501953125,6616.14990234375,6557.7998046875,6559.0498046875,5718000
2013-05-13,6654.0,6654.0,6773.10009765625,6644.14990234375,6725.4501953125,5144000
2013-05-14,6703.39990234375,6703.39990234375,6727.2001953125,6660.60009765625,6660.60009765625,8473000
2013-05-15,6827.2998046875,6827.2998046875,6836.9501953125,6708.60009765625,6708.60009765625,8436000
2013-05-16,6912.35009765625,6912.35009765625,6926.4501953125,6816.7998046875,6816.7998046875,9001000
2013-05-17,6885.14990234375,6885.14990234375,6914.14990234375,6838.0498046875,6914.0,6279000
2013-05-20,6759.25,6759.25,6905.2001953125,6750.35009765625,6905.2001953125,9392000
2013-05-21,6726.2001953125,6726.2001953125,6794.75,6708.7998046875,6739.2998046875,5940000
2013-05-22,6778.7998046875,6778.7998046875,6807.75,6737.9501953125,6737.9501953125,6328000
2013-05-23,6725.60009765625,6725.60009765625,6777.75,6678.9501953125,6749.14990234375,8411000
2013-05-24,6664.14990234375,6664.14990234375,6727.7001953125,6640.7998046875,6708.85009765625,6370000
2013-05-27,6745.10009765625,6745.10009765625,6775.0,6638.0,6659.64990234375,6458000
2013-05-28,6698.35009765625,6698.35009765625,6788.14990234375,6687.25,6753.0498046875,6995000
2013-05-29,6856.0498046875,6856.0498046875,6890.75,6713.10009765625,6760.5498046875,9677000
2013-05-30,6814.85009765625,6814.85009765625,6903.4501953125,6794.35009765625,6810.0498046875,13512000
2013-05-31,6729.25,6729.25,6828.25,6710.2001953125,6794.85009765625,13503000
2013-06-03,6715.25,6715.25,6815.5498046875,6655.5498046875,6732.75,6092000
2013-06-04,6839.10009765625,6839.10009765625,6867.4501953125,6716.5498046875,6724.5498046875,11816000
2013-06-05,6858.35009765625,6858.35009765625,6878.4501953125,6792.10009765625,6858.2998046875,6970000
2013-06-06,6774.75,6774.75,6841.0,6752.64990234375,6835.2998046875,5405000
2013-06-07,6782.7001953125,6782.7001953125,6838.14990234375,6728.0,6728.0,5686000
2013-06-10,6705.9501953125,6705.9501953125,6812.25,6679.14990234375,6798.2998046875,5085000
2013-06-11,6686.2001953125,6686.2001953125,6726.0498046875,6655.9501953125,6679.14990234375,5819000
2013-06-12,6731.5,6731.5,6759.39990234375,6669.5498046875,6678.85009765625,5899000
2013-06-13,6607.2998046875,6607.2998046875,6700.5,6586.85009765625,6637.10009765625,7432000
2013-06-14,6656.89990234375,6656.89990234375,6672.10009765625,6626.7001953125,6626.7001953125,5794000
2013-06-17,6674.4501953125,6674.4501953125,6718.35009765625,6648.4501953125,6667.39990234375,4027000
2013-06-18,6671.25,6671.25,6690.75,6638.0498046875,6665.39990234375,7351000
2013-06-19,6647.5,6647.5,6705.85009765625,6631.0498046875,6652.0,5553000
2013-06-20,6617.10009765625,6617.10009765625,6654.2001953125,6538.2998046875,6582.2998046875,7841000
2013-06-21,6597.85009765625,6597.85009765625,6622.2001953125,6536.60009765625,6608.9501953125,6789000
2013-06-24,6552.7998046875,6552.7998046875,6632.0,6531.75,6566.60009765625,6411000
2013-06-25,6515.75,6515.75,6579.0,6498.5,6559.75,10366000
2013-06-26,6442.5498046875,6442.5498046875,6534.35009765625,6432.9501953125,6529.7998046875,6699000
2013-06-27,6597.7001953125,6597.7001953125,6645.0498046875,6484.35009765625,6484.35009765625,8419000
2013-06-28,6756.2998046875,6756.2998046875,6767.0,6648.5498046875,6648.5498046875,7953000
2013-07-01,6838.85009765625,6838.85009765625,6856.25,6752.2001953125,6752.2001953125,5043000
2013-07-02,6880.9501953125,6880.9501953125,6916.14990234375,6829.39990234375,6837.89990234375,8149000
2013-07-03,6918.85009765625,6918.85009765625,6943.5498046875,6852.35009765625,6855.0498046875,7788000
2013-07-04,6968.14990234375,6968.14990234375,7012.35009765625,6930.9501953125,6971.14990234375,5080000
2013-07-05,6983.9501953125,6983.9501953125,7029.9501953125,6976.0,7015.75,4893000
2013-07-08,6979.35009765625,6979.35009765625,7017.5,6944.85009765625,6968.60009765625,4697000
2013-07-09,7097.4501953125,7097.4501953125,7129.14990234375,7001.60009765625,7001.60009765625,4458000
2013-07-10,7117.0498046875,7117.0498046875,7171.75,7095.25,7110.10009765625,4471000
2013-07-11,7174.2998046875,7174.2998046875,7209.10009765625,7150.5498046875,7150.5498046875,4010000
2013-07-12,7251.4501953125,7251.4501953125,7266.64990234375,7138.10009765625,7204.39990234375,5569000
2013-07-15,7272.10009765625,7272.10009765625,7345.9501953125,7225.5,7225.5,3961000
2013-07-16,7235.89990234375,7235.89990234375,7313.0,7208.7001953125,7213.85009765625,3546000
2013-07-17,7234.2998046875,7234.2998046875,7297.7998046875,7205.0498046875,7257.64990234375,4929000
2013-07-18,7301.60009765625,7301.60009765625,7335.5,7249.85009765625,7266.89990234375,5669000
2013-07-19,7241.2998046875,7241.2998046875,7302.85009765625,7230.2001953125,7297.85009765625,5443000
2013-07-22,7235.85009765625,7235.85009765625,7279.5498046875,7203.4501953125,7233.85009765625,3947000
2013-07-23,7240.60009765625,7240.60009765625,7302.14990234375,7198.0,7260.7998046875,4326000
2013-07-24,7257.0,7257.0,7314.14990234375,7212.0,7242.7998046875,3848000
2013-07-25,7129.9501953125,7129.9501953125,7279.75,7101.7001953125,7279.75,6292000
2013-07-26,7158.35009765625,7158.35009765625,7202.35009765625,7119.9501953125,7192.89990234375,4828000
2013-07-29,7132.75,7132.75,7214.25,7122.2998046875,7162.85009765625,3929000
2013-07-30,7056.10009765625,7056.10009765625,7186.9501953125,7024.2998046875,7157.10009765625,6094000
2013-07-31,7107.85009765625,7107.85009765625,7125.89990234375,7013.75,7030.39990234375,8605000
2013-08-01,7102.4501953125,7102.4501953125,7193.0,7070.60009765625,7166.2001953125,6341000
2013-08-02,7036.10009765625,7036.10009765625,7146.5,7006.35009765625,7146.5,6744000
2013-08-05,6995.9501953125,6995.9501953125,7087.9501953125,6987.5,7087.9501953125,5153000
2013-08-06,6927.9501953125,6927.9501953125,6987.9501953125,6894.10009765625,6959.5,7061000
2013-08-07,6877.5498046875,6877.5498046875,6957.25,6823.60009765625,6947.2001953125,8592000
2013-08-08,6856.10009765625,6856.10009765625,6887.60009765625,6729.35009765625,6782.14990234375,27136000
2013-08-12,6986.0,6986.0,7059.5,6952.14990234375,6979.89990234375,14018000
2013-08-13,7101.85009765625,7101.85009765625,7113.14990234375,6957.7001953125,6994.10009765625,13569000
2013-08-14,7085.14990234375,7085.14990234375,7159.75,7052.5498046875,7088.7001953125,9057000
2013-08-16,6960.75,6960.75,7078.89990234375,6937.5498046875,7050.60009765625,10612000
2013-08-19,6778.0498046875,6778.0498046875,7002.5,6720.75,6969.0498046875,8696000
2013-08-20,6694.75,6694.75,6744.14990234375,6593.64990234375,6705.5498046875,8886000
2013-08-21,6497.2001953125,6497.2001953125,6758.60009765625,6464.85009765625,6727.89990234375,11872000
2013-08-22,6676.5,6676.5,6703.25,6449.64990234375,6468.5498046875,18877000
2013-08-23,6710.2001953125,6710.2001953125,6723.35009765625,6580.14990234375,6691.4501953125,12669000
2013-08-26,6785.5,6785.5,6825.75,6740.10009765625,6753.89990234375,11460000
2013-08-27,6649.0498046875,6649.0498046875,6774.2001953125,6615.0498046875,6744.14990234375,13182000
2013-08-28,6727.25,6727.25,6757.5,6508.25,6602.0498046875,16879000
2013-08-29,6849.2001953125,6849.2001953125,6870.7998046875,6698.7998046875,6760.4501953125,13180000
2013-08-30,6980.5498046875,6980.5498046875,7052.75,6794.60009765625,6857.14990234375,14718000
2013-09-02,7046.60009765625,7046.60009765625,7093.25,6978.14990234375,6978.14990234375,9683000
2013-09-03,6871.4501953125,6871.4501953125,7088.7001953125,6836.14990234375,7088.7001953125,10473000
2013-09-04,7046.2998046875,7046.2998046875,7074.5498046875,6847.64990234375,6874.60009765625,13304000
2013-09-05,7023.5,7023.5,7165.39990234375,6979.39990234375,7102.25,7667000
2013-09-06,7103.7998046875,7103.7998046875,7139.7998046875,7039.2001953125,7039.75,8365000
2013-09-10,7192.7001953125,7192.7001953125,7211.5498046875,7128.5498046875,7148.25,9438000
2013-09-11,7266.64990234375,7266.64990234375,7300.7998046875,7184.89990234375,7194.7998046875,7285000
2013-09-12,7275.64990234375,7275.64990234375,7361.10009765625,7212.25,7325.25,8093000
2013-09-13,7287.89990234375,7287.89990234375,7363.9501953125,7262.9501953125,7269.39990234375,5573000
2013-09-16,7107.0,7107.0,7369.5,7082.2998046875,7339.60009765625,38370000
2013-09-17,7096.4501953125,7096.4501953125,7148.14990234375,7073.89990234375,7094.2001953125,17377000
2013-09-18,7152.60009765625,7152.60009765625,7175.89990234375,7096.10009765625,7133.9501953125,10417000
2013-09-19,7245.9501953125,7245.9501953125,7273.89990234375,7187.0,7254.7998046875,13391000
2013-09-20,7260.7001953125,7260.7001953125,7321.75,7215.64990234375,7237.4501953125,17552000
2013-09-23,7185.60009765625,7185.60009765625,7285.85009765625,7143.5498046875,7231.60009765625,9136000
2013-09-24,7205.0498046875,7205.0498046875,7253.14990234375,7143.75,7154.5,9593000
2013-09-25,7299.85009765625,7299.85009765625,7311.10009765625,7187.2001953125,7194.25,7203000
2013-09-26,7362.85009765625,7362.85009765625,7399.4501953125,7307.7001953125,7307.7001953125,9690000
2013-09-27,7364.60009765625,7364.60009765625,7445.2001953125,7356.5,7395.35009765625,7523000
2013-09-30,7361.0498046875,7361.0498046875,7434.39990234375,7328.14990234375,7359.5498046875,6611000
2013-10-01,7382.5,7382.5,7407.14990234375,7348.35009765625,7367.5498046875,8723000
2013-10-03,7467.2998046875,7467.2998046875,7519.39990234375,7422.7001953125,7422.7001953125,10355000
2013-10-04,7472.4501953125,7472.4501953125,7533.85009765625,7461.35009765625,7467.0498046875,7907000
2013-10-07,7552.64990234375,7552.64990234375,7562.60009765625,7471.0498046875,7471.0498046875,10795000
2013-10-08,7565.85009765625,7565.85009765625,7601.4501953125,7541.10009765625,7564.85009765625,8313000
2013-10-09,7710.60009765625,7710.60009765625,7746.64990234375,7543.7998046875,7548.5498046875,9973000
2013-10-10,7731.5498046875,7731.5498046875,7753.75,7707.85009765625,7726.7001953125,11610000
2013-10-11,7642.0498046875,7642.0498046875,7807.89990234375,7634.2998046875,7807.89990234375,11898000
2013-10-14,7612.85009765625,7612.85009765625,7693.7998046875,7602.64990234375,7666.7001953125,5940000
2013-10-15,7589.0,7589.0,7668.10009765625,7573.64990234375,7645.7001953125,5931000
2013-10-17,7546.9501953125,7546.9501953125,7648.7998046875,7536.89990234375,7598.2001953125,6150000
2013-10-18,7632.2001953125,7632.2001953125,7644.35009765625,7571.5498046875,7571.5498046875,6389000
2013-10-21,7634.2998046875,7634.2998046875,7700.35009765625,7609.5,7656.0,6853000
2013-10-22,7648.14990234375,7648.14990234375,7676.2001953125,7602.85009765625,7602.85009765625,6245000
2013-10-23,7582.64990234375,7582.64990234375,7699.9501953125,7527.2001953125,7686.75,7607000
2013-10-24,7542.89990234375,7542.89990234375,7611.35009765625,7522.89990234375,7591.7998046875,6571000
2013-10-25,7473.2001953125,7473.2001953125,7539.64990234375,7424.39990234375,7520.60009765625,6512000
2013-10-28,7397.5498046875,7397.5498046875,7489.89990234375,7387.5498046875,7474.5,4310400
2013-10-29,7508.2998046875,7508.2998046875,7521.25,7390.75,7391.2001953125,7634000
2013-10-30,7605.75,7605.75,7616.25,7505.2001953125,7512.85009765625,13540000
2013-10-31,7495.9501953125,7495.9501953125,7626.85009765625,7471.89990234375,7617.14990234375,11714000
2013-11-01,7502.7998046875,7502.7998046875,7529.10009765625,7474.0498046875,7481.5498046875,8591000
2013-11-05,7413.2998046875,7413.2998046875,7543.7001953125,7399.0,7533.0,8282000
2013-11-06,7476.89990234375,7476.89990234375,7508.60009765625,7394.7001953125,7419.89990234375,9083000
2013-11-07,7481.75,7481.75,7540.35009765625,7452.89990234375,7512.0,6309000
2013-11-08,7491.5498046875,7491.5498046875,7544.85009765625,7427.4501953125,7429.7998046875,8443000
2013-11-11,7519.35009765625,7519.35009765625,7571.14990234375,7491.7998046875,7505.89990234375,7971000
2013-11-12,7523.64990234375,7523.64990234375,7580.5,7517.9501953125,7537.7998046875,7592000
2013-11-13,7518.75,7518.75,7625.64990234375,7502.89990234375,7575.5498046875,8522000
2013-11-14,7461.5,7461.5,7565.2001953125,7443.10009765625,7553.25,7358000
2013-11-18,7517.7998046875,7517.7998046875,7528.7998046875,7458.5498046875,7516.89990234375,7691000
2013-11-19,7497.10009765625,7497.10009765625,7557.5498046875,7478.10009765625,7516.89990234375,4617000
2013-11-20,7400.64990234375,7400.64990234375,7519.85009765625,7388.2001953125,7480.14990234375,6952000
2013-11-21,7283.5498046875,7283.5498046875,7398.10009765625,7272.4501953125,7397.85009765625,6761000
2013-11-22,7293.2001953125,7293.2001953125,7328.5498046875,7262.0,7323.75,7093000
2013-11-25,7337.2001953125,7337.2001953125,7360.60009765625,7302.0498046875,7341.7001953125,5108000
2013-11-26,7272.64990234375,7272.64990234375,7392.35009765625,7255.0498046875,7337.25,7074000
2013-11-27,7245.89990234375,7245.89990234375,7290.85009765625,7205.25,7282.14990234375,7266000
2013-11-28,7268.10009765625,7268.10009765625,7310.5498046875,7251.85009765625,7275.39990234375,7909000
2013-11-29,7351.7998046875,7351.7998046875,7361.64990234375,7264.35009765625,7264.35009765625,5852000
2013-12-02,7502.10009765625,7502.10009765625,7516.14990234375,7363.4501953125,7363.4501953125,10657000
2013-12-03,7478.0498046875,7478.0498046875,7543.2001953125,7455.35009765625,7513.5,7572000
2013-12-04,7441.39990234375,7441.39990234375,7484.7001953125,7431.85009765625,7478.75,5952000
2013-12-05,7344.14990234375,7344.14990234375,7522.85009765625,7322.14990234375,7516.2001953125,7314000
2013-12-06,7365.75,7365.75,7404.14990234375,7356.14990234375,7356.14990234375,5480000
2013-12-09,7384.75,7384.75,7507.5498046875,7363.35009765625,7507.5498046875,6430000
2013-12-10,7406.60009765625,7406.60009765625,7419.0,7370.5498046875,7374.5,6537000
2013-12-11,7386.9501953125,7386.9501953125,7428.75,7361.4501953125,7405.0498046875,5152000
2013-12-12,7319.25,7319.25,7374.75,7305.35009765625,7340.2998046875,6338000
2013-12-13,7276.89990234375,7276.89990234375,7336.89990234375,7266.89990234375,7290.0,6462000
2013-12-16,7313.75,7313.75,7383.0498046875,7301.85009765625,7378.25,5707000
2013-12-17,7442.5498046875,7442.5498046875,7459.4501953125,7350.89990234375,7357.39990234375,11607000
2013-12-18,7517.2998046875,7517.2998046875,7540.75,7456.25,7476.2001953125,9842000
2013-12-19,7597.64990234375,7597.64990234375,7642.14990234375,7471.2001953125,7519.0498046875,10172000
2013-12-20,7646.60009765625,7646.60009765625,7655.10009765625,7566.5,7627.25,7523000
2013-12-23,7644.0498046875,7644.0498046875,7704.60009765625,7626.10009765625,7638.14990234375,5778000
2013-12-24,7641.0498046875,7641.0498046875,7726.2001953125,7631.89990234375,7669.14990234375,8280000
2013-12-26,7601.35009765625,7601.35009765625,7689.25,7578.39990234375,7659.5498046875,8121000
2013-12-27,7661.2001953125,7661.2001953125,7671.2998046875,7615.10009765625,7632.39990234375,4583000
2013-12-30,7620.9501953125,7620.9501953125,7686.5498046875,7602.9501953125,7677.7998046875,4044000
2013-12-31,7634.9501953125,7634.9501953125,7674.39990234375,7623.5498046875,7648.9501953125,3794000
2014-01-01,7667.2998046875,7667.2998046875,7686.89990234375,7651.60009765625,7663.35009765625,3299000
2014-01-02,7625.10009765625,7625.10009765625,7744.2001953125,7611.14990234375,7662.2998046875,6707000
2014-01-03,7663.10009765625,7663.10009765625,7674.0,7569.5498046875,7616.25,6343000
2014-01-06,7697.25,7697.25,7716.64990234375,7666.4501953125,7703.89990234375,6568000
2014-01-07,7714.14990234375,7714.14990234375,7763.2001953125,7678.7001953125,7728.5,7821000
2014-01-08,7806.60009765625,7806.60009765625,7835.10009765625,7724.2998046875,7745.85009765625,7848000
2014-01-09,7861.85009765625,7861.85009765625,7871.2998046875,7807.60009765625,7819.25,8686000
2014-01-10,7880.35009765625,7880.35009765625,7928.0,7857.5,7868.64990234375,7596000
2014-01-13,7828.35009765625,7828.35009765625,7910.64990234375,7747.85009765625,7880.10009765625,15118000
2014-01-14,7884.7998046875,7884.7998046875,7901.5,7803.0,7818.0498046875,9054000
2014-01-15,7889.0,7889.0,7947.35009765625,7877.89990234375,7901.64990234375,10228000
2014-01-16,7816.7998046875,7816.7998046875,7911.0,7806.60009765625,7906.2998046875,7492000
2014-01-17,7816.10009765625,7816.10009765625,7877.4501953125,7788.35009765625,7812.60009765625,8207000
2014-01-20,7812.60009765625,7812.60009765625,7848.2001953125,7781.39990234375,7809.39990234375,5563000
2014-01-21,7772.5498046875,7772.5498046875,7837.5,7760.7001953125,7833.5,6496000
2014-01-22,7895.2001953125,7895.2001953125,7916.25,7753.39990234375,7779.75,9209000
2014-01-23,7921.4501953125,7921.4501953125,7957.35009765625,7899.10009765625,7902.7998046875,7335000
2014-01-24,7811.9501953125,7811.9501953125,7911.5,7797.75,7874.89990234375,28698000
2014-01-27,7742.9501953125,7742.9501953125,7830.64990234375,7718.7998046875,7748.14990234375,23133000
2014-01-28,7665.89990234375,7665.89990234375,7800.10009765625,7656.10009765625,7752.5498046875,11138000
2014-01-29,7716.2001953125,7716.2001953125,7815.0,7694.5498046875,7708.5,11576000
2014-01-30,7683.4501953125,7683.4501953125,7705.2998046875,7619.25,7703.0498046875,11886000
2014-01-31,7701.2001953125,7701.2001953125,7726.60009765625,7661.35009765625,7707.85009765625,6673000
2014-02-03,7788.0,7788.0,7817.35009765625,7693.0,7693.0,8526000
2014-02-04,7737.0498046875,7737.0498046875,7803.5498046875,7723.2001953125,7797.39990234375,10373000
2014-02-05,7741.0498046875,7741.0498046875,7767.25,7727.9501953125,7752.60009765625,19730000
2014-02-06,7739.89990234375,7739.89990234375,7801.60009765625,7717.89990234375,7769.25,9209000
2014-02-07,7872.0,7872.0,7882.0,7777.2998046875,7793.4501953125,10500000
2014-02-10,7932.5,7932.5,7972.2001953125,7903.9501953125,7908.14990234375,6519000
2014-02-11,7895.60009765625,7895.60009765625,7974.9501953125,7882.5498046875,7974.9501953125,10328000
2014-02-12,7878.0,7878.0,7943.4501953125,7869.25,7943.4501953125,8832000
2014-02-13,7737.10009765625,7737.10009765625,7895.75,7722.0498046875,7840.60009765625,18688000
2014-02-14,7725.7001953125,7725.7001953125,7810.25,7681.2998046875,7790.4501953125,9623000
2014-02-17,7773.4501953125,7773.4501953125,7785.7998046875,7731.64990234375,7731.64990234375,4338000
2014-02-18,7797.39990234375,7797.39990234375,7832.39990234375,7774.25,7784.0498046875,5777000
2014-02-19,7888.14990234375,7888.14990234375,7899.14990234375,7817.7998046875,7817.7998046875,10096000
2014-02-20,7901.39990234375,7901.39990234375,7933.5498046875,7864.2998046875,7867.7001953125,6154000
2014-02-21,7903.2998046875,7903.2998046875,7952.35009765625,7890.85009765625,7939.35009765625,6959000
2014-02-24,8004.64990234375,8004.64990234375,8011.5,7885.85009765625,7891.5,6584000
2014-02-25,8001.75,8001.75,8042.0,7992.14990234375,8020.0,9021000
2014-02-26,8085.2998046875,8085.2998046875,8125.85009765625,8031.5,8034.25,8616000
2014-02-28,8276.5,8276.5,8305.400390625,8100.25,8100.25,11521000
2014-03-03,8122.9501953125,8122.9501953125,8305.099609375,8106.0498046875,8287.0,6704000
2014-03-04,8081.25,8081.25,8143.2998046875,8048.10009765625,8112.75,7047000
2014-03-05,8065.85009765625,8065.85009765625,8169.35009765625,8058.89990234375,8119.5,5571000
2014-03-06,8046.10009765625,8046.10009765625,8119.60009765625,8034.39990234375,8077.14990234375,6499000
2014-03-07,7897.85009765625,7897.85009765625,8080.39990234375,7844.14990234375,8079.2001953125,8408000
2014-03-10,7751.7001953125,7751.7001953125,7880.89990234375,7727.75,7880.89990234375,11257000
2014-03-11,7686.64990234375,7686.64990234375,7782.5498046875,7676.14990234375,7761.14990234375,9096000
2014-03-12,7786.60009765625,7786.60009765625,7819.7001953125,7704.35009765625,7704.35009765625,6599000
2014-03-13,7690.25,7690.25,7822.60009765625,7674.0,7816.85009765625,13256000
2014-03-14,7767.2001953125,7767.2001953125,7778.7998046875,7607.89990234375,7668.0498046875,16047000
2014-03-18,7772.0,7772.0,7813.7001953125,7733.9501953125,7805.35009765625,6658000
2014-03-19,7807.85009765625,7807.85009765625,7852.10009765625,7792.5498046875,7814.60009765625,6324000
2014-03-20,7820.9501953125,7820.9501953125,7874.64990234375,7779.0,7782.2998046875,6643000
2014-03-21,7787.10009765625,7787.10009765625,7842.5498046875,7781.0498046875,7840.89990234375,7201000
2014-03-24,7788.9501953125,7788.9501953125,7868.7001953125,7781.85009765625,7830.75,5917000
2014-03-25,7789.85009765625,7789.85009765625,7830.5498046875,7776.5,7797.7998046875,6157000
2014-03-26,7628.60009765625,7628.60009765625,7824.2001953125,7617.5498046875,7824.2001953125,8108000
2014-03-27,7556.85009765625,7556.85009765625,7680.10009765625,7523.14990234375,7659.0498046875,12997000
2014-03-28,7632.2998046875,7632.2998046875,7639.10009765625,7581.85009765625,7618.75,9644000
2014-03-31,7630.39990234375,7630.39990234375,7690.4501953125,7588.60009765625,7677.14990234375,7631000
2014-04-01,7661.5,7661.5,7681.2001953125,7625.7998046875,7659.7998046875,6046000
2014-04-02,7761.2001953125,7761.2001953125,7809.85009765625,7676.64990234375,7682.0,19527000
2014-04-03,7840.60009765625,7840.60009765625,7847.75,7773.14990234375,7773.14990234375,16411000
2014-04-04,7843.25,7843.25,7903.2001953125,7822.35009765625,7859.10009765625,18722000
2014-04-07,7825.4501953125,7825.4501953125,7915.39990234375,7763.0498046875,7886.0498046875,25398000
2014-04-09,8029.25,8029.25,8051.10009765625,7854.7998046875,7876.89990234375,29458000
2014-04-10,7877.5498046875,7877.5498046875,8101.2001953125,7861.89990234375,8045.5,15938000
2014-04-11,7964.7998046875,7964.7998046875,8000.60009765625,7899.25,7908.35009765625,10999000
2014-04-15,7900.7998046875,7900.7998046875,7997.7001953125,7892.7001953125,7997.7001953125,7266000
2014-04-16,7877.14990234375,7877.14990234375,7960.35009765625,7856.0498046875,7926.2998046875,5346000
2014-04-17,7941.60009765625,7941.60009765625,7958.0,7891.5498046875,7892.10009765625,5952000
2014-04-21,7920.25,7920.25,7975.60009765625,7913.14990234375,7975.60009765625,3873000
2014-04-22,7941.75,7941.75,7949.5498046875,7909.10009765625,7913.5,5332000
2014-04-23,7974.35009765625,7974.35009765625,8043.0,7930.0,7930.0,10431000
2014-04-25,7989.2998046875,7989.2998046875,8043.4501953125,7966.9501953125,8002.0,4779000
2014-04-28,8122.25,8122.25,8134.2998046875,7993.9501953125,7993.9501953125,8121000
2014-04-29,8106.5,8106.5,8169.0,8065.85009765625,8147.7001953125,7087000
2014-04-30,8100.0,8100.0,8170.75,8036.7001953125,8067.9501953125,7237000
2014-05-02,8157.0498046875,8157.0498046875,8195.900390625,8098.5,8098.5,6050000
2014-05-05,8078.5,8078.5,8186.0498046875,8065.10009765625,8139.2001953125,5643000
2014-05-06,8087.4501953125,8087.4501953125,8125.35009765625,8056.7001953125,8113.2001953125,5050000
2014-05-07,8070.4501953125,8070.4501953125,8161.7998046875,8052.5,8090.2998046875,7678000
2014-05-08,8047.9501953125,8047.9501953125,8115.35009765625,8027.7001953125,8091.4501953125,6418000
2014-05-09,8009.0,8009.0,8058.14990234375,7993.14990234375,8034.2998046875,8225000
2014-05-12,7937.7001953125,7937.7001953125,8039.85009765625,7910.60009765625,8020.2001953125,6713000
2014-05-13,7870.35009765625,7870.35009765625,7996.64990234375,7847.75,7989.5498046875,8413000
2014-05-14,7836.5,7836.5,7931.5,7827.89990234375,7871.75,6559000
2014-05-15,7817.0,7817.0,7928.4501953125,7800.85009765625,7857.75,8433000
2014-05-16,7699.4501953125,7699.4501953125,7916.7001953125,7682.35009765625,7817.5,9882000
2014-05-19,7411.60009765625,7411.60009765625,7731.39990234375,7357.4501953125,7714.85009765625,11840000
2014-05-20,7515.60009765625,7515.60009765625,7549.14990234375,7385.4501953125,7401.64990234375,9137000
2014-05-21,7466.7001953125,7466.7001953125,7509.7998046875,7451.7998046875,7509.7998046875,8184000
2014-05-22,7470.4501953125,7470.4501953125,7525.85009765625,7431.7001953125,7480.5,6127000
2014-05-23,7489.2998046875,7489.2998046875,7521.9501953125,7455.2001953125,7455.2001953125,5726000
2014-05-26,7447.60009765625,7447.60009765625,7592.0,7411.39990234375,7588.5498046875,9248000
2014-05-27,7453.60009765625,7453.60009765625,7526.7998046875,7433.5498046875,7433.5498046875,6771000
2014-05-28,7466.5,7466.5,7501.64990234375,7447.10009765625,7499.5498046875,7613000
2014-05-29,7484.4501953125,7484.4501953125,7521.4501953125,7458.7998046875,7462.10009765625,9742000
2014-05-30,7712.89990234375,7712.89990234375,7750.7001953125,7500.60009765625,7500.60009765625,17349000
2014-06-02,7615.2001953125,7615.2001953125,7746.35009765625,7599.7001953125,7745.39990234375,4822000
2014-06-03,7579.0498046875,7579.0498046875,7637.4501953125,7571.85009765625,7610.75,4530000
2014-06-04,7554.85009765625,7554.85009765625,7614.0,7537.75,7561.9501953125,4375000
2014-06-05,7563.35009765625,7563.35009765625,7584.4501953125,7534.60009765625,7550.39990234375,5769000
2014-06-06,7672.7001953125,7672.7001953125,7682.7001953125,7602.5,7637.0498046875,9082000
2014-06-09,7706.89990234375,7706.89990234375,7734.9501953125,7671.89990234375,7681.10009765625,5430000
2014-06-10,7834.2998046875,7834.2998046875,7865.35009765625,7738.7998046875,7743.4501953125,9985000
2014-06-11,7903.0498046875,7903.0498046875,7923.2998046875,7840.9501953125,7890.60009765625,9994000
2014-06-12,8002.64990234375,8002.64990234375,8015.89990234375,7922.7998046875,7926.2998046875,8079000
2014-06-13,7986.35009765625,7986.35009765625,8037.9501953125,7957.7998046875,7987.64990234375,8329000
2014-06-16,8023.4501953125,8023.4501953125,8043.89990234375,7961.9501953125,7969.9501953125,7521000
2014-06-17,8037.10009765625,8037.10009765625,8065.25,7965.7998046875,8038.7001953125,5915000
2014-06-18,8046.60009765625,8046.60009765625,8156.4501953125,8009.14990234375,8037.35009765625,12858000
2014-06-19,8119.0,8119.0,8132.25,8031.5,8074.85009765625,5353000
2014-06-20,8043.7001953125,8043.7001953125,8148.60009765625,7997.25,8113.4501953125,6076000
2014-06-23,8082.14990234375,8082.14990234375,8105.0498046875,8027.4501953125,8065.0,4529000
2014-06-24,8058.7998046875,8058.7998046875,8116.5,8040.14990234375,8089.75,4778000
2014-06-25,8104.75,8104.75,8125.0498046875,8042.2001953125,8049.85009765625,4365000
2014-06-26,8135.89990234375,8135.89990234375,8168.2001953125,8059.35009765625,8106.7998046875,9483000
2014-06-27,8361.0,8361.0,8377.5,8210.7001953125,8210.7001953125,13389000
2014-06-30,8535.7001953125,8535.7001953125,8547.650390625,8403.7998046875,8416.400390625,8826000
2014-07-01,8496.849609375,8496.849609375,8555.400390625,8488.150390625,8541.5498046875,4453000
2014-07-02,8656.650390625,8656.650390625,8670.9501953125,8510.2001953125,8510.2001953125,6347000
2014-07-03,8749.599609375,8749.599609375,8814.349609375,8644.400390625,8668.599609375,11361000
2014-07-04,8796.4501953125,8796.4501953125,8847.7001953125,8765.2998046875,8769.599609375,6352000
2014-07-07,8883.2998046875,8883.2998046875,8962.099609375,8778.25,8831.599609375,6734000
2014-07-08,8799.25,8799.25,9001.849609375,8758.150390625,8901.75,10281000
2014-07-09,8717.150390625,8717.150390625,8836.7998046875,8639.650390625,8819.4501953125,5510000
2014-07-10,8714.849609375,8714.849609375,8837.7001953125,8578.849609375,8677.9501953125,5205000
2014-07-11,8819.0498046875,8819.0498046875,8916.599609375,8641.900390625,8668.849609375,7610000
2014-07-14,8770.5,8770.5,8835.25,8693.0,8817.9501953125,5224000
2014-07-15,8725.849609375,8725.849609375,8788.7998046875,8686.599609375,8756.4501953125,5995000
2014-07-16,8786.75,8786.75,8813.400390625,8729.7998046875,8749.400390625,5029000
2014-07-17,8821.849609375,8821.849609375,8847.9501953125,8755.099609375,8755.099609375,3093000
2014-07-18,8829.400390625,8829.400390625,8845.150390625,8770.25,8829.7001953125,4298000
2014-07-21,8831.900390625,8831.900390625,8887.2001953125,8811.849609375,8864.0498046875,3632000
2014-07-22,8920.2998046875,8920.2998046875,8933.4501953125,8852.650390625,8856.0,3647000
2014-07-23,8925.650390625,8925.650390625,8968.0,8871.0498046875,8961.5,4217000
2014-07-24,8917.400390625,8917.400390625,8949.400390625,8851.7001953125,8930.2998046875,4348000
2014-07-25,9168.150390625,9168.150390625,9182.75,8935.0,8935.0,8423000
2014-07-28,9204.150390625,9204.150390625,9217.7998046875,9108.349609375,9180.4501953125,5733000
2014-07-30,9339.5498046875,9339.5498046875,9357.2998046875,9166.75,9193.5,9698000
2014-07-31,9342.900390625,9342.900390625,9364.0498046875,9284.900390625,9313.0498046875,12937000
2014-08-01,9179.7001953125,9179.7001953125,9347.099609375,9151.0,9265.849609375,7221000
2014-08-04,9160.25,9160.25,9255.7998046875,9138.9501953125,9204.5,5147000
2014-08-05,9217.7001953125,9217.7001953125,9262.599609375,9178.849609375,9198.0,4537000
2014-08-06,9129.349609375,9129.349609375,9210.0498046875,9115.349609375,9198.599609375,4490000
2014-08-07,9115.4501953125,9115.4501953125,9174.400390625,9056.0,9123.75,4496000
2014-08-08,9130.599609375,9130.599609375,9162.5498046875,8997.150390625,9044.849609375,3927000
2014-08-11,9113.5,9113.5,9184.9501953125,9090.650390625,9174.0,4291000
2014-08-12,9236.2998046875,9236.2998046875,9242.2001953125,9129.650390625,9132.7998046875,6300000
2014-08-13,9324.0498046875,9324.0498046875,9356.150390625,9213.0498046875,9213.0498046875,9240000
2014-08-14,9433.599609375,9433.599609375,9439.2001953125,9334.0498046875,9337.849609375,7294000
2014-08-18,9564.5498046875,9564.5498046875,9579.150390625,9395.7998046875,9395.7998046875,6679000
2014-08-19,9616.099609375,9616.099609375,9629.400390625,9556.7001953125,9556.7001953125,5176000
2014-08-20,9909.650390625,9909.650390625,9933.7998046875,9605.2001953125,9605.2001953125,10332000
2014-08-21,9934.150390625,9934.150390625,9988.0498046875,9835.150390625,9891.849609375,6621000
2014-08-22,9956.099609375,9956.099609375,9967.5498046875,9873.2998046875,9930.5498046875,8817000
2014-08-25,10000.0,10000.0,10058.7998046875,9971.900390625,9972.9501953125,5866000
2014-08-26,10115.25,10115.25,10168.650390625,9990.650390625,9991.5,6171000
2014-08-27,10104.349609375,10104.349609375,10203.5498046875,10068.2001953125,10136.2001953125,5617000
2014-08-28,10082.2998046875,10082.2998046875,10149.349609375,10041.849609375,10115.2001953125,8433000
2014-09-01,10099.0498046875,10099.0498046875,10155.099609375,10059.4501953125,10121.849609375,6268000
2014-09-02,10306.599609375,10306.599609375,10352.150390625,10099.599609375,10099.599609375,10938000
2014-09-03,10333.099609375,10333.099609375,10382.849609375,10284.2998046875,10338.5,8025000
2014-09-04,10381.0498046875,10381.0498046875,10420.400390625,10308.7001953125,10339.650390625,7533000
2014-09-05,10384.4501953125,10384.4501953125,10415.0,10301.349609375,10392.7001953125,5530000
2014-09-08,10485.0,10485.0,10496.4501953125,10426.900390625,10426.900390625,5403000
2014-09-09,10503.349609375,10503.349609375,10526.0498046875,10451.75,10506.2001953125,4892000
2014-09-10,10482.2998046875,10482.2998046875,10555.5498046875,10460.599609375,10513.25,4780000
2014-09-11,10283.5498046875,10283.5498046875,10454.400390625,10227.4501953125,10454.400390625,8976000
2014-09-12,10353.099609375,10353.099609375,10375.7998046875,10125.099609375,10261.2998046875,16009000
2014-09-15,10428.099609375,10428.099609375,10459.0,10357.150390625,10358.7001953125,9975000
2014-09-16,10319.849609375,10319.849609375,10569.599609375,10291.5,10456.5,9083000
2014-09-17,10343.400390625,10343.400390625,10446.7001953125,10270.2998046875,10397.400390625,7695000
2014-09-18,10535.5498046875,10535.5498046875,10553.5498046875,10374.349609375,10409.099609375,7123000
2014-09-19,10587.25,10587.25,10678.7998046875,10555.5498046875,10571.75,10698000
2014-09-22,10484.9501953125,10484.9501953125,10573.25,10415.650390625,10540.75,7294000
2014-09-23,10266.4501953125,10266.4501953125,10552.25,10241.5,10552.25,12115000
2014-09-24,10367.099609375,10367.099609375,10382.2001953125,10227.349609375,10238.9501953125,8469000
2014-09-25,10382.900390625,10382.900390625,10505.900390625,10344.0498046875,10375.9501953125,11232000
2014-09-26,10501.650390625,10501.650390625,10621.9501953125,10265.349609375,10357.849609375,17387000
2014-09-29,10710.5,10710.5,10742.4501953125,10532.099609375,10532.099609375,9672000
2014-09-30,10847.150390625,10847.150390625,10882.7001953125,10735.599609375,10740.0498046875,9741000
2014-10-01,10796.7001953125,10796.7001953125,10917.2001953125,10742.25,10860.2001953125,6316000
2014-10-07,10564.9501953125,10564.9501953125,10849.7998046875,10541.2998046875,10791.5498046875,7723000
2014-10-08,10202.349609375,10202.349609375,10557.5498046875,10171.9501953125,10557.5498046875,9051000
2014-10-09,10325.0,10325.0,10376.2998046875,10230.2998046875,10230.2998046875,6627000
2014-10-10,10330.099609375,10330.099609375,10405.2001953125,10212.7998046875,10283.5,6125000
2014-10-13,10186.150390625,10186.150390625,10322.7998046875,10154.349609375,10293.0498046875,5637000
2014-10-14,10206.2998046875,10206.2998046875,10295.5,10160.0498046875,10160.0498046875,5138000
2014-10-16,10095.150390625,10095.150390625,10274.400390625,10070.4501953125,10175.349609375,5900000
2014-10-17,10178.400390625,10178.400390625,10241.099609375,10053.7001953125,10053.7001953125,6007000
2014-10-20,10313.2998046875,10313.2998046875,10361.150390625,10247.5498046875,10254.0498046875,4840000
2014-10-21,10284.599609375,10284.599609375,10359.5,10217.9501953125,10321.25,4420000
2014-10-22,10452.4501953125,10452.4501953125,10474.849609375,10330.4501953125,10361.75,5745000
2014-10-27,10533.849609375,10533.849609375,10584.150390625,10491.2001953125,10584.0498046875,5268000
2014-10-28,10676.2998046875,10676.2998046875,10730.599609375,10507.4501953125,10553.099609375,14206000
2014-10-29,10652.0498046875,10652.0498046875,10755.0498046875,10600.5498046875,10746.849609375,9922000
2014-10-30,10668.349609375,10668.349609375,10750.599609375,10627.150390625,10648.75,9217000
2014-10-31,10874.75,10874.75,10919.849609375,10693.650390625,10698.9501953125,6670000
2014-11-03,10877.7001953125,10877.7001953125,10942.900390625,10809.849609375,10903.0,4582000
2014-11-05,11021.599609375,11021.599609375,11063.75,10923.599609375,10923.599609375,8226000
2014-11-07,11289.7001953125,11289.7001953125,11325.400390625,10940.900390625,10969.2001953125,13247000
2014-11-10,11366.150390625,11366.150390625,11461.599609375,11324.650390625,11329.2001953125,8703000
2014-11-11,11387.9501953125,11387.9501953125,11452.9501953125,11339.650390625,11400.4501953125,7357000
2014-11-12,11301.099609375,11301.099609375,11426.7998046875,11255.25,11422.7001953125,6406000
2014-11-13,11354.2001953125,11354.2001953125,11487.7001953125,11288.150390625,11298.5498046875,7445000
2014-11-14,11195.2998046875,11195.2998046875,11386.0,11146.5,11384.099609375,8613000
2014-11-17,11187.7001953125,11187.7001953125,11223.7001953125,11113.2998046875,11185.849609375,5966000
2014-11-18,11109.7998046875,11109.7998046875,11295.650390625,11095.5,11183.7998046875,7021000
2014-11-19,11101.25,11101.25,11173.099609375,11046.150390625,11134.7001953125,10422000
2014-11-20,11216.400390625,11216.400390625,11242.0498046875,11068.650390625,11153.25,12185000
2014-11-21,11189.5498046875,11189.5498046875,11289.0498046875,11178.099609375,11222.75,7656000
2014-11-24,11138.099609375,11138.099609375,11244.0,11127.099609375,11214.349609375,8550000
2014-11-25,11179.599609375,11179.599609375,11201.150390625,11032.349609375,11131.7998046875,10259000
2014-11-26,11154.4501953125,11154.4501953125,11225.599609375,11131.849609375,11209.099609375,6407000
2014-11-27,11225.400390625,11225.400390625,11253.0,11147.2998046875,11156.0,9082000
2014-11-28,11254.75,11254.75,11316.650390625,11241.099609375,11252.5,7341000
2014-12-01,11253.5498046875,11253.5498046875,11383.5498046875,11234.599609375,11306.5,7662000
2014-12-02,11325.5,11325.5,11368.650390625,11242.400390625,11243.349609375,6517000
2014-12-03,11324.349609375,11324.349609375,11353.849609375,11272.900390625,11330.900390625,8885000
2014-12-04,11309.349609375,11309.349609375,11379.849609375,11294.599609375,11358.7998046875,4948000
2014-12-05,11146.2001953125,11146.2001953125,11333.5498046875,11129.099609375,11303.9501953125,5708000
2014-12-08,11112.5498046875,11112.5498046875,11211.0498046875,11050.150390625,11161.2001953125,6137000
2014-12-09,11084.400390625,11084.400390625,11207.9501953125,11049.849609375,11207.9501953125,7513000
2014-12-10,11114.5498046875,11114.5498046875,11153.849609375,11014.5498046875,11075.849609375,6275000
2014-12-11,11130.650390625,11130.650390625,11176.0498046875,11039.5498046875,11075.7998046875,5949000
2014-12-12,11155.9501953125,11155.9501953125,11273.599609375,11128.25,11173.0498046875,6807000
2014-12-15,11097.5498046875,11097.5498046875,11151.150390625,11042.150390625,11111.099609375,4400000
2014-12-16,10784.75,10784.75,11086.0498046875,10764.5,11024.349609375,6975000
2014-12-17,10573.400390625,10573.400390625,10754.5,10355.7998046875,10723.400390625,10126000
2014-12-18,10701.7001953125,10701.7001953125,10724.75,10629.400390625,10650.099609375,6872000
2014-12-19,10731.599609375,10731.599609375,10825.400390625,10714.599609375,10760.4501953125,5930000
2014-12-22,10826.150390625,10826.150390625,10841.150390625,10730.5,10759.0498046875,4110000
2014-12-23,10839.0498046875,10839.0498046875,10876.4501953125,10779.25,10824.400390625,5672000
2014-12-24,10705.7998046875,10705.7998046875,10850.400390625,10674.9501953125,10835.849609375,12449000
2014-12-26,10738.0498046875,10738.0498046875,10778.400390625,10696.849609375,10725.099609375,2476000
2014-12-29,10826.650390625,10826.650390625,10852.900390625,10790.900390625,10793.0,3099000
2014-12-30,10865.349609375,10865.349609375,10901.2001953125,10806.4501953125,10839.150390625,2949000
2014-12-31,10949.7998046875,10949.7998046875,10963.400390625,10884.349609375,10885.25,3912000
2015-01-01,10923.25,10923.25,10983.75,10911.4501953125,10957.099609375,2363000
2015-01-02,10955.599609375,10955.599609375,11005.099609375,10948.7998046875,10952.9501953125,2938000
2015-01-05,10920.599609375,10920.599609375,10982.0,10902.75,10955.900390625,4063000
2015-01-06,10637.7998046875,10637.7998046875,10876.099609375,10614.650390625,10873.900390625,6106000
2015-01-07,10604.9501953125,10604.9501953125,10672.9501953125,10525.650390625,10655.75,4858000
2015-01-08,10737.599609375,10737.599609375,10748.099609375,10666.2998046875,10666.2998046875,4555000
2015-01-09,10934.5498046875,10934.5498046875,10965.2998046875,10791.0498046875,10791.0498046875,6792000
2015-01-12,10976.2001953125,10976.2001953125,11002.2001953125,10907.099609375,10948.349609375,4237000
2015-01-13,10984.2998046875,10984.2998046875,11065.9501953125,10934.5498046875,10987.2998046875,5461000
2015-01-14,10881.5498046875,10881.5498046875,11011.2998046875,10866.7001953125,10974.0,4282000
2015-01-15,10936.2998046875,10936.2998046875,10986.0498046875,10903.849609375,10966.900390625,6426000
2015-01-16,11101.150390625,11101.150390625,11127.5498046875,10959.849609375,10959.849609375,5271000
2015-01-19,11249.2998046875,11249.2998046875,11258.2998046875,11144.099609375,11145.650390625,5298000
2015-01-20,11290.650390625,11290.650390625,11303.7998046875,11236.25,11298.599609375,5363000
2015-01-21,11320.849609375,11320.849609375,11329.4501953125,11223.400390625,11284.7998046875,5936000
2015-01-22,11509.5,11509.5,11541.349609375,11321.849609375,11321.849609375,9725000
2015-01-23,11581.099609375,11581.099609375,11645.7001953125,11501.75,11584.4501953125,8145000
2015-01-27,11583.25,11583.25,11644.599609375,11472.349609375,11644.599609375,7554000
2015-01-28,11577.75,11577.75,11661.650390625,11472.2001953125,11586.599609375,5890000
2015-01-29,11752.0498046875,11752.0498046875,11805.7001953125,11512.2001953125,11566.5,10251000
2015-01-30,11693.5498046875,11693.5498046875,11792.099609375,11647.0498046875,11784.0498046875,5989000
2015-02-02,11627.650390625,11627.650390625,11779.7998046875,11609.0,11686.150390625,5289000
2015-02-03,11520.0,11520.0,11662.0498046875,11476.9501953125,11647.75,6366000
2015-02-04,11625.7001953125,11625.7001953125,11710.400390625,11551.2001953125,11580.099609375,6914000
2015-02-05,11522.099609375,11522.099609375,11616.7998046875,11493.75,11595.599609375,9123000
2015-02-06,11322.9501953125,11322.9501953125,11583.900390625,11292.2001953125,11542.25,8875000
2015-02-09,11289.400390625,11289.400390625,11338.650390625,11233.150390625,11276.900390625,5684000
2015-02-10,11283.5,11283.5,11356.349609375,11197.650390625,11295.0,7845000
2015-02-11,11391.7001953125,11391.7001953125,11443.5498046875,11323.0,11326.25,7081000
2015-02-12,11598.25,11598.25,11623.9501953125,11414.9501953125,11469.5,8596000
2015-02-13,11789.900390625,11789.900390625,11861.099609375,11714.2001953125,11714.2001953125,13878000
2015-02-16,11680.25,11680.25,11818.0498046875,11663.75,11745.75,6645000
2015-02-18,11741.25,11741.25,11763.4501953125,11672.849609375,11719.2001953125,4521000
2015-02-19,11734.5,11734.5,11801.75,11666.5498046875,11769.7001953125,6861000
2015-02-20,11746.5,11746.5,11819.650390625,11721.7001953125,11765.400390625,5610000
2015-02-23,11640.7998046875,11640.7998046875,11797.650390625,11609.849609375,11749.099609375,9263000
2015-02-24,11663.849609375,11663.849609375,11703.9501953125,11618.099609375,11645.2998046875,5580000
2015-02-25,11533.5,11533.5,11725.9501953125,11516.7001953125,11706.2998046875,6686000
2015-02-26,11412.2998046875,11412.2998046875,11545.349609375,11362.099609375,11534.400390625,13509000
2015-02-27,11554.7998046875,11554.7998046875,11581.7998046875,11443.599609375,11444.900390625,7917000
2015-03-02,12024.0498046875,12024.0498046875,12060.0,11787.5498046875,11826.25,7613000
2015-03-03,12166.2001953125,12166.2001953125,12279.7998046875,12082.599609375,12089.7998046875,8168000
2015-03-04,12326.7998046875,12326.7998046875,12562.900390625,12131.849609375,12219.7001953125,13221000
2015-03-05,12632.5,12632.5,12654.25,12372.849609375,12373.2998046875,10311000
2015-03-09,12676.900390625,12676.900390625,12746.75,12524.7998046875,12584.5498046875,8254000
2015-03-10,12631.9501953125,12631.9501953125,12824.5498046875,12587.650390625,12746.5498046875,8953000
2015-03-11,12515.75,12515.75,12695.5,12469.25,12689.5,7030000
2015-03-12,12663.7001953125,12663.7001953125,12678.2998046875,12504.099609375,12542.2998046875,7680000
2015-03-13,12487.0498046875,12487.0498046875,12749.9501953125,12467.0,12749.9501953125,7763000
2015-03-16,12480.7001953125,12480.7001953125,12551.25,12426.599609375,12523.150390625,8588000
2015-03-17,12716.7998046875,12716.7998046875,12746.849609375,12538.650390625,12545.900390625,8544000
2015-03-18,12732.400390625,12732.400390625,12783.0,12671.0498046875,12771.25,6081000
2015-03-19,12799.7998046875,12799.7998046875,13019.150390625,12724.849609375,12841.650390625,9856000
2015-03-20,12622.25,12622.25,13007.900390625,12555.2998046875,12845.9501953125,11563000
2015-03-23,12622.9501953125,12622.9501953125,12759.900390625,12514.349609375,12666.650390625,6571000
2015-03-24,12853.4501953125,12853.4501953125,12893.0498046875,12682.7001953125,12708.099609375,7908000
2015-03-25,12919.4501953125,12919.4501953125,13051.849609375,12869.400390625,12994.599609375,10014000
2015-03-26,12676.849609375,12676.849609375,12887.900390625,12623.2001953125,12870.2998046875,11017000
2015-03-27,12588.5498046875,12588.5498046875,12746.5,12480.2998046875,12746.5,9205000
2015-03-30,12703.7998046875,12703.7998046875,12751.25,12623.599609375,12704.0498046875,6354000
2015-03-31,12844.7998046875,12844.7998046875,12886.7998046875,12729.2998046875,12761.099609375,8173000
2015-04-01,13136.2001953125,13136.2001953125,13190.0,12868.2001953125,12881.2998046875,9359000
2015-04-06,13807.099609375,13807.099609375,13865.400390625,13234.7998046875,13244.5498046875,13054000
2015-04-07,13778.25,13778.25,14020.7001953125,13645.0498046875,13889.2001953125,10964000
2015-04-08,13831.150390625,13831.150390625,13910.150390625,13700.2001953125,13882.900390625,13539000
2015-04-09,13545.900390625,13545.900390625,13911.7998046875,13453.4501953125,13911.7998046875,9682000
2015-04-10,13505.900390625,13505.900390625,13598.2001953125,13370.900390625,13542.400390625,10415000
2015-04-13,13722.849609375,13722.849609375,13745.400390625,13444.0,13521.7001953125,8331000
2015-04-15,13480.9501953125,13480.9501953125,13782.599609375,13428.349609375,13782.599609375,10190000
2015-04-16,13248.650390625,13248.650390625,13494.5498046875,13135.2998046875,13489.650390625,11604000
2015-04-17,12809.150390625,12809.150390625,13275.0498046875,12765.25,13251.7001953125,14689000
2015-04-20,12753.849609375,12753.849609375,12967.9501953125,12699.900390625,12882.9501953125,12629000
2015-04-21,12284.0,12284.0,12468.7998046875,12182.5498046875,12419.2001953125,272526000
2015-04-22,12431.349609375,12431.349609375,12490.9501953125,12258.849609375,12365.2001953125,18252000
2015-04-23,12293.0498046875,12293.0498046875,12532.150390625,12271.150390625,12529.25,16611000
2015-04-24,12210.0,12210.0,12327.7001953125,12186.349609375,12311.25,16376000
2015-04-27,11908.2001953125,11908.2001953125,12261.2001953125,11863.599609375,12255.7001953125,13693000
2015-04-28,11984.599609375,11984.599609375,12016.75,11772.7001953125,11866.150390625,11773000
2015-04-29,12042.900390625,12042.900390625,12116.099609375,11981.900390625,11988.4501953125,12028000
2015-04-30,12057.7998046875,12057.7998046875,12109.2998046875,11874.150390625,11985.4501953125,25336000
2015-05-04,12333.599609375,12333.599609375,12389.2998046875,12146.0498046875,12149.2998046875,14845000
2015-05-05,12391.7001953125,12391.7001953125,12405.75,12288.0498046875,12354.2001953125,10212000
2015-05-06,12037.650390625,12037.650390625,12363.7998046875,11997.25,12363.7998046875,13875000
2015-05-07,11873.5498046875,11873.5498046875,11998.0,11777.650390625,11998.0,11088000
2015-05-08,12104.7001953125,12104.7001953125,12151.400390625,11953.849609375,11981.0,12075000
2015-05-11,12317.5,12317.5,12358.75,12165.0,12207.849609375,12691000
2015-05-12,12250.7001953125,12250.7001953125,12343.4501953125,12172.5498046875,12333.099609375,11735000
2015-05-13,12261.400390625,12261.400390625,12450.0498046875,12202.5498046875,12326.7998046875,12514000
2015-05-14,12238.7998046875,12238.7998046875,12270.7001953125,12156.75,12234.099609375,11869000
2015-05-15,12294.650390625,12294.650390625,12315.150390625,12149.9501953125,12182.2998046875,9296000
2015-05-18,12486.0,12486.0,12512.5,12325.5498046875,12327.150390625,6812000
2015-05-19,12502.349609375,12502.349609375,12566.75,12390.150390625,12479.25,7396000
2015-05-20,12537.0498046875,12537.0498046875,12603.349609375,12506.2001953125,12562.25,8721000
2015-05-21,12554.75,12554.75,12576.849609375,12444.75,12560.75,10281000
2015-05-22,12690.099609375,12690.099609375,12710.2998046875,12502.5,12565.650390625,9527000
2015-05-25,12617.5498046875,12617.5498046875,12729.650390625,12594.849609375,12708.25,6898000
2015-05-26,12559.0498046875,12559.0498046875,12637.0,12493.7001953125,12636.400390625,8562000
2015-05-27,12506.0498046875,12506.0498046875,12596.9501953125,12467.099609375,12522.5498046875,9169000
2015-05-28,12311.900390625,12311.900390625,12525.7001953125,12282.0,12521.2001953125,16023000
2015-05-29,12511.75,12511.75,12563.849609375,12336.599609375,12405.900390625,40553000
2015-06-01,12079.7998046875,12079.7998046875,12195.400390625,12040.400390625,12184.7001953125,21062000
2015-06-02,11902.849609375,11902.849609375,12155.5,11885.75,12149.25,13881000
2015-06-03,11746.599609375,11746.599609375,11930.7998046875,11660.0498046875,11920.25,11038000
2015-06-04,11633.150390625,11633.150390625,11795.5498046875,11513.2001953125,11736.4501953125,11092000
2015-06-05,11715.849609375,11715.849609375,11834.150390625,11641.349609375,11641.349609375,8830000
2015-06-08,11585.099609375,11585.099609375,11771.9501953125,11554.2001953125,11735.5,6801000
2015-06-09,11379.900390625,11379.900390625,11531.9501953125,11358.599609375,11523.099609375,8866000
2015-06-10,11477.400390625,11477.400390625,11556.2998046875,11386.900390625,11386.900390625,7958000
2015-06-11,11308.150390625,11308.150390625,11599.150390625,11280.2998046875,11539.75,9697000
2015-06-12,11328.4501953125,11328.4501953125,11347.650390625,11233.9501953125,11346.0498046875,6709000
2015-06-15,11451.099609375,11451.099609375,11537.5,11291.400390625,11372.9501953125,7665000
2015-06-16,11473.7001953125,11473.7001953125,11505.400390625,11383.75,11490.349609375,7637000
2015-06-17,11678.9501953125,11678.9501953125,11731.2998046875,11532.0,11548.400390625,12801000
2015-06-18,11836.150390625,11836.150390625,11889.75,11711.599609375,11726.849609375,10618000
2015-06-19,11810.0,11810.0,11905.4501953125,11789.900390625,11887.099609375,8836000
2015-06-22,11879.349609375,11879.349609375,11924.5,11858.400390625,11875.5,6620000
2015-06-23,11910.25,11910.25,11972.400390625,11883.2998046875,11927.2001953125,6924000
2015-06-24,11997.5498046875,11997.5498046875,12081.650390625,11940.2001953125,11940.2001953125,11345000
2015-06-25,12007.25,12007.25,12054.7998046875,11973.650390625,11990.0,16190000
2015-06-26,12066.849609375,12066.849609375,12090.900390625,12002.900390625,12021.2001953125,7336000
2015-06-29,11926.400390625,11926.400390625,11938.599609375,11776.0,11887.650390625,5810000
2015-06-30,12202.5498046875,12202.5498046875,12226.75,11936.0,11949.25,11240000
2015-07-01,12257.099609375,12257.099609375,12367.650390625,12229.849609375,12263.349609375,7539000
2015-07-02,12193.7998046875,12193.7998046875,12334.2001953125,12171.5498046875,12334.2001953125,6492000
2015-07-03,12264.849609375,12264.849609375,12355.849609375,12236.0,12245.75,4848000
2015-07-06,12463.900390625,12463.900390625,12475.2998046875,12042.5498046875,12042.5498046875,6727000
2015-07-07,12490.5,12490.5,12543.349609375,12406.849609375,12482.900390625,6811000
2015-07-08,12390.5,12390.5,12497.2001953125,12311.2001953125,12422.599609375,7684000
2015-07-09,12399.349609375,12399.349609375,12520.2998046875,12380.400390625,12401.5,6137000
2015-07-10,12537.25,12537.25,12570.400390625,12393.2998046875,12470.7998046875,8086000
2015-07-13,12697.7998046875,12697.7998046875,12757.7998046875,12620.099609375,12622.4501953125,7508000
2015-07-14,12786.599609375,12786.599609375,12805.0498046875,12691.9501953125,12735.25,6313000
2015-07-15,12912.349609375,12912.349609375,12928.7001953125,12792.099609375,12815.0498046875,6225000
2015-07-16,13060.349609375,13060.349609375,13084.0,12932.9501953125,12955.5498046875,5680000
2015-07-17,13139.0,13139.0,13179.900390625,13098.5,13120.650390625,6551000
2015-07-20,13175.650390625,13175.650390625,13201.25,13130.2001953125,13184.75,4770000
2015-07-21,12255.2998046875,12255.2998046875,12731.7998046875,12231.349609375,12731.7998046875,37599000
2015-07-22,12377.7001953125,12377.7001953125,12406.9501953125,12244.849609375,12244.849609375,17703000
2015-07-23,12275.400390625,12275.400390625,12435.599609375,12233.5498046875,12435.4501953125,12236000
2015-07-24,12226.0498046875,12226.0498046875,12360.900390625,12180.7998046875,12298.400390625,10576000
2015-07-27,12056.900390625,12056.900390625,12247.099609375,12048.25,12219.25,9843000
2015-07-28,11917.150390625,11917.150390625,12142.150390625,11896.5498046875,12104.150390625,9429000
2015-07-29,11978.400390625,11978.400390625,11992.099609375,11872.599609375,11945.0498046875,10052000
2015-07-30,12073.099609375,12073.099609375,12095.150390625,11954.0498046875,12049.099609375,14243000
2015-07-31,12353.25,12353.25,12381.5498046875,12170.75,12170.75,11775000
2015-08-03,12379.5,12379.5,12409.150390625,12321.900390625,12371.400390625,6550000
2015-08-04,12361.9501953125,12361.9501953125,12441.0,12278.599609375,12441.0,8168000
2015-08-05,12572.5498046875,12572.5498046875,12594.4501953125,12399.7001953125,12419.4501953125,7335000
2015-08-06,12697.5,12697.5,12788.849609375,12621.9501953125,12621.9501953125,9691000
2015-08-07,12641.0498046875,12641.0498046875,12749.5498046875,12627.0498046875,12745.7001953125,6695000
2015-08-10,12638.599609375,12638.599609375,12784.349609375,12588.150390625,12718.5498046875,6966000
2015-08-11,12636.900390625,12636.900390625,12691.400390625,12570.400390625,12691.400390625,8055000
2015-08-12,12771.75,12771.75,12908.2001953125,12661.5,12661.5,12430000
2015-08-13,12913.7001953125,12913.7001953125,12983.5498046875,12832.849609375,12832.849609375,11346000
2015-08-14,13137.25,13137.25,13238.9501953125,13028.25,13044.150390625,16175000
2015-08-17,13089.5498046875,13089.5498046875,13200.4501953125,12959.7001953125,13200.4501953125,15563000
2015-08-18,12980.099609375,12980.099609375,13168.349609375,12958.2001953125,13139.599609375,12929000
2015-08-19,13335.849609375,13335.849609375,13355.349609375,13042.349609375,13042.349609375,14830000
2015-08-20,13463.75,13463.75,13753.5,13422.900390625,13455.400390625,18813000
2015-08-21,13470.0,13470.0,13534.2998046875,13155.7001953125,13405.2998046875,12938000
2015-08-24,12653.2998046875,12653.2998046875,13311.900390625,12605.4501953125,13068.400390625,18493000
2015-08-25,12772.400390625,12772.400390625,12978.7998046875,12149.900390625,12889.349609375,19233000
2015-08-26,12623.0498046875,12623.0498046875,12949.4501953125,12566.75,12819.900390625,13516000
2015-08-27,12995.75,12995.75,13024.2001953125,12786.400390625,12902.2998046875,16854000
2015-08-28,12940.75,12940.75,13230.849609375,12793.75,13175.7001953125,15787000
2015-08-31,13213.2001953125,13213.2001953125,13251.5,12893.650390625,12970.7998046875,36356000
2015-09-01,13007.0498046875,13007.0498046875,13252.0,12922.0498046875,13094.4501953125,12670000
2015-09-02,12840.349609375,12840.349609375,13149.650390625,12810.599609375,13121.150390625,13045000
2015-09-03,12817.400390625,12817.400390625,12971.9501953125,12790.150390625,12953.9501953125,9920000
2015-09-04,12521.5498046875,12521.5498046875,12911.099609375,12453.2001953125,12909.650390625,14141000
2015-09-07,12240.0,12240.0,12622.349609375,12209.9501953125,12592.4501953125,8200000
2015-09-08,12329.5,12329.5,12366.400390625,11933.5498046875,12271.2001953125,11617000
2015-09-09,12360.0498046875,12360.0498046875,12551.4501953125,12280.25,12520.0498046875,8109000
2015-09-10,12315.0,12315.0,12360.0,12129.75,12253.150390625,8679000
2015-09-11,12341.849609375,12341.849609375,12457.650390625,12282.7998046875,12391.0498046875,7372000
2015-09-14,12495.2001953125,12495.2001953125,12509.150390625,12324.7001953125,12423.0498046875,6595000
2015-09-15,12478.7998046875,12478.7998046875,12562.9501953125,12432.099609375,12519.7998046875,8288000
2015-09-16,12623.7998046875,12623.7998046875,12663.7998046875,12557.5,12583.0498046875,10726000
2015-09-18,12751.2001953125,12751.2001953125,12810.2001953125,12650.400390625,12759.9501953125,13394000
2015-09-21,12706.2998046875,12706.2998046875,12759.7998046875,12660.2001953125,12726.349609375,7633000
2015-09-22,12662.7998046875,12662.7998046875,12815.0,12590.75,12811.400390625,10656000
2015-09-23,12731.5498046875,12731.5498046875,12774.900390625,12482.2998046875,12588.25,7749000
2015-09-24,12826.4501953125,12826.4501953125,12887.849609375,12789.099609375,12789.099609375,14091000
2015-09-28,12844.2001953125,12844.2001953125,12959.150390625,12714.75,12894.849609375,12229000
2015-09-29,12700.099609375,12700.099609375,12801.0498046875,12582.75,12741.0,9869000
2015-09-30,12918.75,12918.75,12937.75,12794.25,12820.7998046875,11619000
2015-10-01,13140.849609375,13140.849609375,13183.0498046875,13042.099609375,13050.150390625,11535000
2015-10-05,13149.0,13149.0,13233.849609375,13058.0498046875,13212.5,9346000
2015-10-06,13275.75,13275.75,13394.4501953125,13228.25,13247.400390625,10193000
2015-10-07,13332.400390625,13332.400390625,13345.5498046875,13205.7001953125,13315.650390625,9994000
2015-10-08,13212.849609375,13212.849609375,13398.349609375,13176.7001953125,13398.349609375,9860000
2015-10-09,13277.7001953125,13277.7001953125,13333.599609375,13197.400390625,13299.5,9982000
2015-10-12,13111.650390625,13111.650390625,13335.0,13058.4501953125,13309.849609375,7373000
2015-10-13,13115.400390625,13115.400390625,13169.900390625,13026.900390625,13128.2001953125,7288000
2015-10-14,13160.650390625,13160.650390625,13185.900390625,13096.75,13115.900390625,7409000
2015-10-15,13168.599609375,13168.599609375,13261.099609375,13138.7001953125,13215.400390625,8261000
2015-10-16,13203.5498046875,13203.5498046875,13217.25,13078.7001953125,13182.599609375,6930000
2015-10-19,13413.650390625,13413.650390625,13425.150390625,13190.849609375,13221.7001953125,8277000
2015-10-20,13340.9501953125,13340.9501953125,13490.599609375,13288.099609375,13490.599609375,12584000
2015-10-21,13189.7998046875,13189.7998046875,13334.5498046875,13172.900390625,13314.349609375,8432000
2015-10-23,13258.5,13258.5,13331.099609375,13236.0498046875,13331.099609375,11854000
2015-10-26,13234.650390625,13234.650390625,13335.099609375,13183.2998046875,13335.099609375,8910000
2015-10-27,13223.0,13223.0,13270.0498046875,13136.849609375,13163.0,11459000
2015-10-28,13149.150390625,13149.150390625,13186.599609375,13049.0,13185.400390625,10198000
2015-10-29,13052.0,13052.0,13185.5498046875,13031.400390625,13170.9501953125,15978000
2015-10-30,13170.150390625,13170.150390625,13241.7998046875,13085.4501953125,13124.2998046875,11339000
2015-11-02,13029.7001953125,13029.7001953125,13098.599609375,12927.2001953125,13094.400390625,6927000
2015-11-03,13054.5498046875,13054.5498046875,13155.2001953125,13004.7998046875,13099.099609375,7424000
2015-11-04,12923.900390625,12923.900390625,13116.2998046875,12901.5498046875,13094.7001953125,8879000
2015-11-05,12632.5,12632.5,12904.2001953125,12582.150390625,12901.0498046875,9849000
2015-11-06,12226.650390625,12226.650390625,12755.400390625,12205.2998046875,12644.4501953125,14416000
2015-11-09,11989.0498046875,11989.0498046875,12031.650390625,11753.2998046875,11877.2001953125,16691000
2015-11-10,11618.2998046875,11618.2998046875,12010.2001953125,11605.9501953125,11949.849609375,14534000
2015-11-13,11640.5498046875,11640.5498046875,11723.099609375,11595.7998046875,11651.849609375,15296000
2015-11-16,11711.0,11711.0,11768.849609375,11601.75,11688.4501953125,11892000
2015-11-17,11801.2001953125,11801.2001953125,11828.849609375,11720.25,11754.9501953125,11383000
2015-11-18,11717.7998046875,11717.7998046875,11837.349609375,11692.849609375,11785.5498046875,9040000
2015-11-19,11674.9501953125,11674.9501953125,11811.75,11576.75,11790.75,12247000
2015-11-20,11685.349609375,11685.349609375,11723.900390625,11599.400390625,11690.4501953125,10902000
2015-11-23,11717.150390625,11717.150390625,11749.5,11652.0498046875,11709.2998046875,12058000
2015-11-24,11637.849609375,11637.849609375,11738.650390625,11603.900390625,11711.900390625,14518000
2015-11-26,11553.2998046875,11553.2998046875,11669.099609375,11536.2001953125,11567.2001953125,20478000
2015-11-27,11567.5498046875,11567.5498046875,11630.7998046875,11497.2001953125,11620.9501953125,12917000
2015-11-30,11492.900390625,11492.900390625,11561.150390625,11483.099609375,11535.5,36112000
2015-12-01,11608.7001953125,11608.7001953125,11620.25,11536.2998046875,11542.7998046875,10459000
2015-12-02,11723.349609375,11723.349609375,11743.4501953125,11617.599609375,11681.5,11825000
2015-12-03,11587.2998046875,11587.2998046875,11697.900390625,11567.5498046875,11697.900390625,8922000
2015-12-04,11645.0498046875,11645.0498046875,11812.7001953125,11489.75,11524.7001953125,31237000
2015-12-07,11762.599609375,11762.599609375,11785.349609375,11693.0,11728.2001953125,11490000
2015-12-08,11610.349609375,11610.349609375,11732.650390625,11585.4501953125,11725.599609375,8911000
2015-12-09,11372.0498046875,11372.0498046875,11592.400390625,11351.4501953125,11560.4501953125,12859000
2015-12-10,11368.150390625,11368.150390625,11449.5498046875,11202.150390625,11449.5498046875,12690000
2015-12-11,11383.5,11383.5,11503.099609375,11311.2001953125,11391.5,9674000
2015-12-14,11488.0,11488.0,11511.0,11349.150390625,11376.4501953125,8634000
2015-12-15,11554.7998046875,11554.7998046875,11574.849609375,11512.0498046875,11515.599609375,7917000
2015-12-16,11637.650390625,11637.650390625,11674.5498046875,11608.2001953125,11625.7001953125,8394000
2015-12-17,11771.7998046875,11771.7998046875,11785.7998046875,11679.9501953125,11713.349609375,10466000
2015-12-18,11663.7998046875,11663.7998046875,11823.5,11646.5498046875,11734.5,10305000
2015-12-21,11556.9501953125,11556.9501953125,11581.849609375,11416.349609375,11449.650390625,16764000
2015-12-22,11595.900390625,11595.900390625,11654.150390625,11569.2001953125,11578.2998046875,7640000
2015-12-23,11805.849609375,11805.849609375,11823.650390625,11677.150390625,11677.150390625,11106000
2015-12-24,11795.75,11795.75,11883.599609375,11776.75,11880.900390625,5883000
2015-12-28,12009.0,12009.0,12036.400390625,11816.349609375,11816.349609375,9558000
2015-12-29,12022.349609375,12022.349609375,12091.5,11984.0,12050.849609375,7420000
2015-12-30,11987.25,11987.25,12060.849609375,11976.099609375,12051.0498046875,6727000
2015-12-31,11963.5,11963.5,12031.849609375,11887.0498046875,12005.2998046875,33009000
2016-01-01,11979.849609375,11979.849609375,12010.900390625,11911.75,11934.599609375,10092000
2016-01-04,11733.7001953125,11733.7001953125,11983.849609375,11709.2001953125,11945.2998046875,11809000
2016-01-05,11741.5,11741.5,11812.0,11689.900390625,11803.25,11091000
2016-01-06,11673.7998046875,11673.7998046875,11786.4501953125,11650.4501953125,11753.650390625,15871000
2016-01-07,11451.650390625,11451.650390625,11622.599609375,11431.349609375,11585.5,10150000
2016-01-08,11486.599609375,11486.599609375,11629.7998046875,11461.2998046875,11523.0,10042000
2016-01-11,11301.0,11301.0,11430.75,11280.9501953125,11420.599609375,12359000
2016-01-12,11341.599609375,11341.599609375,11385.400390625,11311.2001953125,11311.2001953125,10101000
2016-01-13,11321.400390625,11321.400390625,11471.849609375,11121.599609375,11420.0,12122000
2016-01-14,11369.400390625,11369.400390625,11390.349609375,11182.599609375,11217.599609375,10928000
2016-01-15,11259.75,11259.75,11436.650390625,11234.2998046875,11430.0,8659000
2016-01-18,11095.9501953125,11095.9501953125,11309.5,11051.9501953125,11246.9501953125,12029000
2016-01-19,11225.2001953125,11225.2001953125,11263.7998046875,11095.2001953125,11124.150390625,8205000
2016-01-20,11133.650390625,11133.650390625,11213.099609375,11007.599609375,11120.7001953125,11181000
2016-01-21,10876.599609375,10876.599609375,11243.9501953125,10825.5,11241.0,13168000
2016-01-22,11141.2998046875,11141.2998046875,11183.25,10928.2001953125,10963.349609375,8013000
2016-01-25,11239.400390625,11239.400390625,11349.7998046875,11212.400390625,11244.7001953125,7878000
2016-01-27,11348.7998046875,11348.7998046875,11364.400390625,11276.25,11319.150390625,9420000
2016-01-28,11440.7001953125,11440.7001953125,11477.099609375,11313.349609375,11313.349609375,12406000
2016-01-29,11755.849609375,11755.849609375,11809.7001953125,11472.2998046875,11489.9501953125,13260000
2016-02-01,11742.75,11742.75,11856.599609375,11715.5498046875,11837.25,12558000
2016-02-02,11425.75,11425.75,11811.0,11398.75,11793.7001953125,16027000
2016-02-03,11343.900390625,11343.900390625,11487.9501953125,11318.849609375,11399.2001953125,9342000
2016-02-04,11215.5,11215.5,11465.650390625,11065.150390625,11424.0,12436000
2016-02-05,11652.400390625,11652.400390625,11686.400390625,11145.900390625,11250.2001953125,16222000
2016-02-08,11498.7998046875,11498.7998046875,11657.099609375,11470.400390625,11657.099609375,9129000
2016-02-09,11557.0,11557.0,11604.25,11401.400390625,11401.400390625,12094000
2016-02-10,11352.75,11352.75,11477.2001953125,11266.099609375,11477.2001953125,21267000
2016-02-11,11100.099609375,11100.099609375,11381.2998046875,11074.349609375,11304.0498046875,18521000
2016-02-12,11081.0498046875,11081.0498046875,11283.349609375,10810.150390625,11226.7001953125,20714000
2016-02-15,11191.7001953125,11191.7001953125,11331.25,11152.349609375,11198.349609375,12197000
2016-02-16,10936.349609375,10936.349609375,11250.0,10917.900390625,11207.849609375,10381000
2016-02-17,11148.099609375,11148.099609375,11179.0,10875.7001953125,10983.150390625,10838000
2016-02-18,11371.349609375,11371.349609375,11446.7998046875,11252.4501953125,11315.75,10766000
2016-02-19,11341.650390625,11341.650390625,11381.0,11250.5498046875,11367.900390625,8246000
2016-02-22,11487.7001953125,11487.7001953125,11515.150390625,11378.900390625,11412.349609375,8233000
2016-02-23,11351.2998046875,11351.2998046875,11570.0498046875,11320.7998046875,11539.75,8739000
2016-02-24,11130.2001953125,11130.2001953125,11326.25,11098.400390625,11320.400390625,10364000
2016-02-25,11177.099609375,11177.099609375,11215.400390625,11114.0,11150.099609375,16609000
2016-02-26,11164.25,11164.25,11317.349609375,11144.5,11283.0498046875,11339000
2016-02-29,11167.7001953125,11167.7001953125,11320.599609375,10900.400390625,11234.5,18031000
2016-03-01,11294.400390625,11294.400390625,11331.599609375,11106.349609375,11224.75,11803000
2016-03-02,11278.4501953125,11278.4501953125,11447.900390625,11262.599609375,11402.400390625,14337000
2016-03-03,11502.2998046875,11502.2998046875,11516.849609375,11348.2998046875,11379.5,12624000
2016-03-04,11537.650390625,11537.650390625,11602.9501953125,11460.599609375,11555.150390625,10101000
2016-03-08,11570.349609375,11570.349609375,11706.7998046875,11496.0,11558.25,9180000
2016-03-09,11601.0,11601.0,11614.2001953125,11416.5498046875,11580.349609375,12823000
2016-03-10,11623.0,11623.0,11641.400390625,11529.650390625,11640.25,10362000
2016-03-11,11695.599609375,11695.599609375,11710.75,11517.2998046875,11587.849609375,10296000
2016-03-14,11719.2001953125,11719.2001953125,11781.400390625,11685.5,11716.349609375,10057000
2016-03-15,11325.599609375,11325.599609375,11656.2998046875,11304.7998046875,11656.2998046875,13842000
2016-03-16,11381.75,11381.75,11407.349609375,11148.2998046875,11331.849609375,11009000
2016-03-17,11227.400390625,11227.400390625,11454.75,11184.7001953125,11451.7001953125,12169000
2016-03-18,11092.25,11092.25,11213.599609375,10922.150390625,11211.7998046875,23881000
2016-03-21,11235.7001953125,11235.7001953125,11254.849609375,11078.75,11141.2998046875,14647000
2016-03-22,11217.5,11217.5,11300.5,11140.4501953125,11244.7998046875,12069000
2016-03-23,11198.2998046875,11198.2998046875,11237.400390625,11134.849609375,11213.75,12811000
2016-03-28,10960.0498046875,10960.0498046875,11243.4501953125,10919.5,11243.4501953125,13126000
2016-03-29,10665.25,10665.25,10940.2998046875,10353.900390625,10940.2998046875,39464000
2016-03-30,10910.2001953125,10910.2001953125,10926.4501953125,10725.2998046875,10825.25,19601000
2016-03-31,10989.150390625,10989.150390625,11047.599609375,10938.0498046875,10948.5,20668000
2016-04-01,10928.2998046875,10928.2998046875,10974.2998046875,10861.7001953125,10966.2001953125,9874000
2016-04-04,10978.0,10978.0,10995.400390625,10910.25,10983.25,7107000
2016-04-05,10876.900390625,10876.900390625,10986.25,10865.2998046875,10977.7998046875,10520000
2016-04-06,10905.5498046875,10905.5498046875,10928.4501953125,10814.650390625,10905.0,9719000
2016-04-07,10984.349609375,10984.349609375,11084.400390625,10891.2001953125,10918.5498046875,11275000
2016-04-08,11012.5,11012.5,11064.7001953125,10970.7998046875,10970.7998046875,7586000
2016-04-11,11024.75,11024.75,11070.7001953125,10920.2998046875,11064.0498046875,9528000
2016-04-12,11132.650390625,11132.650390625,11161.900390625,11062.849609375,11062.849609375,11649000
2016-04-13,11225.75,11225.75,11253.5498046875,11151.5498046875,11185.599609375,11187000
2016-04-18,11317.900390625,11317.900390625,11335.2998046875,11191.650390625,11228.5498046875,11760000
2016-04-20,11267.5,11267.5,11362.849609375,11234.599609375,11347.5498046875,11501000
2016-04-21,11320.650390625,11320.650390625,11341.5498046875,11243.2001953125,11319.0498046875,10190000
2016-04-22,11286.75,11286.75,11344.849609375,11235.650390625,11278.0,9892000
2016-04-25,11185.25,11185.25,11302.2001953125,11154.0498046875,11296.0498046875,8408000
2016-04-26,11295.599609375,11295.599609375,11307.5498046875,11114.5,11156.400390625,9767000
2016-04-27,11270.5498046875,11270.5498046875,11285.7998046875,11212.150390625,11270.150390625,6227000
2016-04-28,11179.400390625,11179.400390625,11326.2998046875,11167.9501953125,11285.849609375,13366000
2016-04-29,11293.25,11293.25,11321.400390625,11201.099609375,11222.25,8755000
2016-05-02,11271.900390625,11271.900390625,11317.0498046875,11246.900390625,11313.0498046875,5384000
2016-05-03,11148.150390625,11148.150390625,11341.650390625,11119.0498046875,11277.099609375,14385000
2016-05-04,11182.0,11182.0,11204.7001953125,11080.9501953125,11132.7001953125,7297000
2016-05-05,11233.400390625,11233.400390625,11334.2001953125,11204.2001953125,11324.099609375,7508000
2016-05-06,11121.400390625,11121.400390625,11232.5,11110.599609375,11230.400390625,5050000
2016-05-09,11183.25,11183.25,11232.150390625,11091.9501953125,11133.599609375,6412000
2016-05-10,11266.849609375,11266.849609375,11320.0,11181.5498046875,11216.849609375,7662000
2016-05-11,11186.400390625,11186.400390625,11274.5498046875,11126.2001953125,11198.25,7397000
2016-05-12,11264.599609375,11264.599609375,11273.25,11175.5498046875,11203.7001953125,7623000
2016-05-13,11157.650390625,11157.650390625,11274.900390625,11143.849609375,11227.400390625,9899000
2016-05-16,11205.400390625,11205.400390625,11258.5498046875,11186.75,11211.099609375,8318000
2016-05-17,11251.650390625,11251.650390625,11295.7001953125,11226.0498046875,11252.7001953125,9088000
2016-05-18,11271.2998046875,11271.2998046875,11294.0498046875,11178.099609375,11238.099609375,6820000
2016-05-19,11246.0,11246.0,11334.0498046875,11230.349609375,11315.599609375,11441000
2016-05-20,11070.650390625,11070.650390625,11255.5498046875,11057.7998046875,11255.5498046875,12224000
2016-05-23,10958.5,10958.5,11113.349609375,10933.099609375,11109.5498046875,9865000
2016-05-24,10851.150390625,10851.150390625,10986.400390625,10819.900390625,10961.650390625,11056000
2016-05-25,10908.5498046875,10908.5498046875,10933.5498046875,10822.599609375,10880.650390625,20672000
2016-05-26,10882.2001953125,10882.2001953125,10948.75,10841.0498046875,10928.099609375,11069000
2016-05-27,11206.7998046875,11206.7998046875,11247.5,10973.25,10981.099609375,12929000
2016-05-30,11175.0,11175.0,11318.150390625,11140.650390625,11284.0,10666000
2016-05-31,10995.4501953125,10995.4501953125,11123.7001953125,10946.5498046875,11123.7001953125,28233000
2016-06-01,10957.2001953125,10957.2001953125,11088.7001953125,10945.75,11031.099609375,11763000
2016-06-02,10902.099609375,10902.099609375,10963.0,10863.099609375,10937.150390625,11195000
2016-06-03,10808.2001953125,10808.2001953125,10954.7998046875,10791.7001953125,10945.2998046875,12677000
2016-06-06,10678.849609375,10678.849609375,10886.5498046875,10663.900390625,10886.5498046875,13732000
2016-06-07,10739.349609375,10739.349609375,10791.5,10580.7001953125,10681.849609375,16172000
2016-06-08,10716.5498046875,10716.5498046875,10790.400390625,10703.150390625,10774.2001953125,8088000
2016-06-09,10665.400390625,10665.400390625,10714.7001953125,10622.0498046875,10694.349609375,10824000
2016-06-10,10657.599609375,10657.599609375,10756.7998046875,10620.400390625,10657.2998046875,9391000
2016-06-13,10706.599609375,10706.599609375,10721.849609375,10603.400390625,10632.150390625,8526000
2016-06-14,10781.400390625,10781.400390625,10789.849609375,10716.2998046875,10734.75,8580000
2016-06-15,10790.2998046875,10790.2998046875,10820.650390625,10776.650390625,10819.599609375,6810000
2016-06-16,10762.2001953125,10762.2001953125,10799.099609375,10664.9501953125,10799.099609375,9132000
2016-06-17,10653.4501953125,10653.4501953125,10820.7001953125,10629.9501953125,10814.400390625,8997000
2016-06-20,10685.849609375,10685.849609375,10723.5,10569.650390625,10636.7001953125,8308000
2016-06-21,10627.349609375,10627.349609375,10738.150390625,10613.5498046875,10731.599609375,8191000
2016-06-22,10696.5,10696.5,10731.599609375,10632.0,10672.150390625,8125000
2016-06-23,10793.099609375,10793.099609375,10821.099609375,10726.7998046875,10726.7998046875,9965000
2016-06-24,10747.7998046875,10747.7998046875,10763.900390625,10499.0,10632.0,16360000
2016-06-27,10964.0498046875,10964.0498046875,10976.0,10747.2001953125,10750.0498046875,11777000
2016-06-28,11035.349609375,11035.349609375,11068.75,10968.2001953125,10968.2001953125,9768000
2016-06-29,11084.7001953125,11084.7001953125,11149.099609375,11067.5498046875,11101.2001953125,7593000
2016-06-30,11142.0,11142.0,11203.099609375,11115.5,11173.7001953125,13629000
2016-07-01,11250.900390625,11250.900390625,11281.599609375,11213.0498046875,11215.849609375,7931000
2016-07-04,11319.849609375,11319.849609375,11380.75,11305.75,11346.150390625,6546000
2016-07-05,11361.599609375,11361.599609375,11370.4501953125,11256.7998046875,11337.0498046875,8213000
2016-07-07,11527.0498046875,11527.0498046875,11592.900390625,11370.9501953125,11386.2001953125,11352000
2016-07-08,11569.7001953125,11569.7001953125,11639.650390625,11503.349609375,11623.7001953125,14628000
2016-07-11,11745.7001953125,11745.7001953125,11762.7001953125,11646.7998046875,11679.7001953125,11911000
2016-07-12,11680.650390625,11680.650390625,11754.900390625,11631.7998046875,11754.7001953125,8066000
2016-07-13,11639.7998046875,11639.7998046875,11741.900390625,11612.5498046875,11711.599609375,9202000
2016-07-14,11590.650390625,11590.650390625,11626.75,11535.900390625,11626.75,8456000
2016-07-15,11607.7001953125,11607.7001953125,11673.849609375,11572.75,11609.650390625,10256000
2016-07-18,11556.849609375,11556.849609375,11651.7001953125,11542.0,11634.4501953125,7717000
2016-07-19,11647.0,11647.0,11676.75,11561.7001953125,11574.400390625,7021000
2016-07-20,11925.349609375,11925.349609375,11937.7998046875,11706.0,11706.0,15756000
2016-07-21,11820.650390625,11820.650390625,12011.7998046875,11788.599609375,11982.2001953125,11679000
2016-07-22,11815.75,11815.75,11844.7998046875,11774.5498046875,11844.7998046875,7462000
2016-07-25,11869.599609375,11869.599609375,11876.5,11785.75,11815.150390625,9089000
2016-07-26,11691.150390625,11691.150390625,11902.5498046875,11663.349609375,11888.900390625,10856000
2016-07-27,11569.900390625,11569.900390625,11593.2998046875,11452.5498046875,11524.099609375,13971000
2016-07-28,11615.75,11615.75,11673.75,11570.9501953125,11609.2001953125,12447000
2016-07-29,11697.25,11697.25,11764.650390625,11611.7998046875,11631.4501953125,9816000
2016-08-01,11685.400390625,11685.400390625,11785.5,11592.7001953125,11772.349609375,8951000
2016-08-02,11567.7998046875,11567.7998046875,11800.7998046875,11552.900390625,11740.349609375,7903000
2016-08-03,11553.2001953125,11553.2001953125,11652.099609375,11478.0498046875,11603.75,9261000
2016-08-04,11591.0,11591.0,11691.75,11538.25,11593.599609375,12978000
2016-08-05,11678.900390625,11678.900390625,11695.0,11617.900390625,11653.4501953125,6652000
2016-08-08,11692.650390625,11692.650390625,11742.25,11650.099609375,11718.4501953125,7833000
2016-08-09,11595.150390625,11595.150390625,11766.25,11554.400390625,11731.150390625,13841000
2016-08-10,11361.900390625,11361.900390625,11602.2998046875,11337.7001953125,11602.2998046875,9537000
2016-08-11,11376.900390625,11376.900390625,11407.0,11200.7001953125,11363.7998046875,13005000
2016-08-12,11362.400390625,11362.400390625,11484.0,11299.2998046875,11435.349609375,16506000
2016-08-16,11420.0,11420.0,11433.2001953125,11320.2998046875,11418.349609375,20425000
2016-08-17,11496.7998046875,11496.7998046875,11511.400390625,11383.650390625,11402.75,11531000
2016-08-18,11565.2998046875,11565.2998046875,11583.9501953125,11501.900390625,11557.75,6719000
2016-08-19,11587.400390625,11587.400390625,11626.099609375,11562.0,11599.25,8884000
2016-08-22,11473.7998046875,11473.7998046875,11590.900390625,11444.2001953125,11590.900390625,11133000
2016-08-23,11409.0498046875,11409.0498046875,11474.0498046875,11361.0,11474.0498046875,9904000
2016-08-24,11536.5498046875,11536.5498046875,11557.2998046875,11435.650390625,11462.599609375,17026000
2016-08-25,11490.849609375,11490.849609375,11657.2001953125,11463.650390625,11588.4501953125,16150000
2016-08-26,11395.4501953125,11395.4501953125,11534.900390625,11377.7001953125,11526.650390625,8884000
2016-08-29,11382.349609375,11382.349609375,11421.099609375,11268.2998046875,11421.099609375,8413000
2016-08-30,11552.75,11552.75,11582.75,11435.349609375,11443.099609375,6851000
2016-08-31,11489.150390625,11489.150390625,11654.4501953125,11456.7001953125,11590.900390625,13241000
2016-09-01,11463.349609375,11463.349609375,11512.400390625,11414.25,11486.75,5980000
2016-09-02,11555.150390625,11555.150390625,11592.2998046875,11446.2001953125,11508.400390625,7231000
2016-09-06,11612.7001953125,11612.7001953125,11634.7001953125,11556.0498046875,11617.150390625,6529000
2016-09-07,11633.0498046875,11633.0498046875,11683.9501953125,11588.5498046875,11640.900390625,7025000
2016-09-08,11936.650390625,11936.650390625,11946.5498046875,11643.400390625,11658.9501953125,11582000
2016-09-09,11818.7998046875,11818.7998046875,12042.7001953125,11781.099609375,11958.25,11660000
2016-09-12,11622.599609375,11622.599609375,11749.349609375,11592.7998046875,11688.2998046875,7479000
2016-09-14,11640.599609375,11640.599609375,11706.7998046875,11600.650390625,11688.4501953125,8578000
2016-09-15,11715.650390625,11715.650390625,11794.0498046875,11666.5498046875,11678.900390625,6606000
2016-09-16,11725.5,11725.5,11842.25,11672.599609375,11751.599609375,10087000
2016-09-19,11766.650390625,11766.650390625,11802.349609375,11711.5,11737.099609375,7473000
2016-09-20,11746.400390625,11746.400390625,11851.25,11730.900390625,11791.900390625,9631000
2016-09-21,11730.9501953125,11730.9501953125,11805.650390625,11703.75,11787.349609375,6921000
2016-09-22,11844.4501953125,11844.4501953125,11854.5498046875,11776.900390625,11818.5498046875,15036000
2016-09-23,11798.650390625,11798.650390625,11895.9501953125,11770.7001953125,11884.9501953125,10915000
2016-09-26,11708.7001953125,11708.7001953125,11831.75,11688.849609375,11802.7998046875,9338000
2016-09-27,11782.599609375,11782.599609375,11830.849609375,11722.400390625,11729.349609375,9809000
2016-09-28,11777.75,11777.75,11867.099609375,11760.7998046875,11790.5498046875,10693000
2016-09-29,11432.2001953125,11432.2001953125,11849.5498046875,11268.7001953125,11835.599609375,17374000
2016-09-30,11461.0,11461.0,11489.0,11341.0498046875,11438.5,13966000
2016-10-03,11638.25,11638.25,11668.349609375,11528.9501953125,11528.9501953125,6854000
2016-10-04,11681.400390625,11681.400390625,11748.2001953125,11645.900390625,11685.4501953125,7291000
2016-10-05,11615.900390625,11615.900390625,11723.650390625,11599.150390625,11715.0,5970000
2016-10-06,11494.4501953125,11494.4501953125,11689.599609375,11474.7998046875,11663.349609375,8514000
2016-10-07,11480.099609375,11480.099609375,11544.7998046875,11444.599609375,11494.75,24950000
2016-10-10,11547.2998046875,11547.2998046875,11577.25,11489.9501953125,11512.7001953125,6001000
2016-10-13,11338.849609375,11338.849609375,11557.0,11300.849609375,11536.0498046875,11978000
2016-10-14,11380.099609375,11380.099609375,11394.4501953125,11320.2998046875,11384.5,7309000
2016-10-17,11279.400390625,11279.400390625,11404.2998046875,11261.900390625,11401.9501953125,5775000
2016-10-18,11469.4501953125,11469.4501953125,11490.0,11297.7998046875,11299.9501953125,7555000
2016-10-19,11527.75,11527.75,11585.849609375,11502.099609375,11504.650390625,6598000
2016-10-20,11483.349609375,11483.349609375,11578.849609375,11471.900390625,11570.5498046875,4317000
2016-10-21,11494.5498046875,11494.5498046875,11515.2001953125,11416.400390625,11508.7001953125,5796000
2016-10-24,11487.599609375,11487.599609375,11540.75,11450.9501953125,11535.0498046875,5051000
2016-10-25,11585.9501953125,11585.9501953125,11611.650390625,11514.900390625,11527.150390625,7364000
2016-10-26,11454.900390625,11454.900390625,11598.25,11413.4501953125,11588.2001953125,8692000
2016-10-27,11534.5498046875,11534.5498046875,11563.849609375,11438.2998046875,11487.150390625,9102000
2016-10-28,11571.849609375,11571.849609375,11633.75,11535.0,11545.5,9835000
2016-11-01,11530.150390625,11530.150390625,11705.2001953125,11510.2998046875,11666.400390625,8668000
2016-11-02,11268.900390625,11268.900390625,11489.5498046875,11255.2001953125,11489.150390625,7852000
2016-11-03,11124.2998046875,11124.2998046875,11329.25,11087.75,11263.0498046875,9570000
2016-11-04,10606.0,10606.0,10923.5,10540.75,10923.5,31460000
2016-11-07,10818.75,10818.75,10951.9501953125,10784.25,10923.0,17026000
2016-11-08,10665.7998046875,10665.7998046875,10889.900390625,10638.75,10874.349609375,15578000
2016-11-09,10871.099609375,10871.099609375,10922.900390625,9777.25,10106.75,29975000
2016-11-10,10990.5498046875,10990.5498046875,11171.7998046875,10964.150390625,11080.75,21380000
2016-11-11,10901.25,10901.25,11172.150390625,10862.849609375,11046.349609375,19545000
2016-11-15,10747.900390625,10747.900390625,10991.599609375,10686.25,10955.75,14480000
2016-11-16,10559.25,10559.25,10907.25,10522.2001953125,10882.9501953125,14558000
2016-11-17,10595.650390625,10595.650390625,10681.5498046875,10483.7998046875,10549.849609375,9710000
2016-11-18,10751.4501953125,10751.4501953125,10794.25,10530.150390625,10609.5498046875,11564000
2016-11-21,10642.099609375,10642.099609375,10795.5498046875,10586.150390625,10785.900390625,10595000
2016-11-22,10693.849609375,10693.849609375,10736.7001953125,10624.0,10725.7001953125,9466000
2016-11-23,10934.2001953125,10934.2001953125,10962.599609375,10706.0,10752.7998046875,11999000
2016-11-24,10762.4501953125,10762.4501953125,10898.099609375,10732.099609375,10894.9501953125,12597000
2016-11-25,11085.0,11085.0,11116.599609375,10754.2998046875,10835.599609375,10879000
2016-11-28,11110.25,11110.25,11168.599609375,11054.150390625,11100.900390625,7768000
2016-11-29,11061.2998046875,11061.2998046875,11160.0498046875,11030.349609375,11139.4501953125,8570000
2016-11-30,11080.0498046875,11080.0498046875,11169.0,11054.25,11117.150390625,12134000
2016-12-01,11132.0498046875,11132.0498046875,11215.4501953125,11076.0498046875,11103.25,7658000
2016-12-02,11038.0498046875,11038.0498046875,11129.2001953125,11003.7001953125,11082.400390625,7772000
2016-12-05,11073.5,11073.5,11129.5498046875,11018.0498046875,11082.349609375,8180000
2016-12-06,11069.849609375,11069.849609375,11164.25,11052.2998046875,11127.0,6222000
2016-12-07,10832.650390625,10832.650390625,11068.5498046875,10804.900390625,11065.25,16806000
2016-12-08,10972.650390625,10972.650390625,10990.5498046875,10770.25,10824.2998046875,12773000
2016-12-09,10929.4501953125,10929.4501953125,11018.5,10908.150390625,11003.849609375,6665000
2016-12-12,10895.900390625,10895.900390625,10960.75,10872.650390625,10928.599609375,5435000
2016-12-13,10947.900390625,10947.900390625,10956.849609375,10833.650390625,10909.650390625,8015000
2016-12-14,10859.25,10859.25,10988.7998046875,10842.150390625,10957.349609375,8435000
2016-12-15,10655.5,10655.5,10865.9501953125,10630.75,10810.2998046875,14017000
2016-12-16,10646.5,10646.5,10680.0,10538.849609375,10657.7001953125,18960000
2016-12-19,10555.7001953125,10555.7001953125,10656.0,10525.9501953125,10637.25,10387000
2016-12-20,10436.75,10436.75,10585.650390625,10428.349609375,10577.25,11850000
2016-12-21,10361.599609375,10361.599609375,10509.849609375,10350.75,10483.9501953125,13245000
2016-12-22,10226.150390625,10226.150390625,10397.650390625,10212.75,10362.0498046875,11057000
2016-12-23,10156.650390625,10156.650390625,10318.099609375,10075.2001953125,10252.099609375,26613000
2016-12-26,9889.2998046875,9889.2998046875,10144.5498046875,9870.0498046875,10144.5498046875,28275000
2016-12-27,10083.0,10083.0,10098.0498046875,9920.5498046875,9926.150390625,13320000
2016-12-28,10149.349609375,10149.349609375,10247.0,10101.099609375,10121.099609375,13617000
2016-12-29,10132.349609375,10132.349609375,10196.5,10100.0,10162.2001953125,15383000
2016-12-30,10267.0,10267.0,10285.0498046875,10162.400390625,10174.0,12108000
2017-01-02,10310.2001953125,10310.2001953125,10364.599609375,10245.400390625,10301.849609375,7598000
2017-01-03,10317.4501953125,10317.4501953125,10382.5498046875,10280.0,10350.150390625,7820000
2017-01-04,10303.7998046875,10303.7998046875,10392.599609375,10291.4501953125,10355.7001953125,10188000
2017-01-05,10457.75,10457.75,10464.7001953125,10342.599609375,10369.7998046875,10316000
2017-01-06,10472.7001953125,10472.7001953125,10559.5498046875,10455.2998046875,10503.400390625,9956000
2017-01-09,10323.4501953125,10323.4501953125,10525.7001953125,10307.4501953125,10507.150390625,14037000
2017-01-10,10366.7001953125,10366.7001953125,10380.2998046875,10321.5498046875,10355.4501953125,9907000
2017-01-11,10464.650390625,10464.650390625,10475.2001953125,10397.2998046875,10406.4501953125,8251000
2017-01-12,10401.75,10401.75,10419.150390625,10230.099609375,10277.349609375,14032000
2017-01-13,10445.099609375,10445.099609375,10488.7001953125,10363.0498046875,10421.0,10396000
2017-01-16,10418.2001953125,10418.2001953125,10480.2001953125,10403.849609375,10432.099609375,5816000
2017-01-17,10426.650390625,10426.650390625,10475.75,10408.900390625,10420.5498046875,7739000
2017-01-18,10452.4501953125,10452.4501953125,10502.900390625,10413.7998046875,10426.9501953125,10114000
2017-01-19,10389.75,10389.75,10497.25,10368.599609375,10452.9501953125,11065000
2017-01-20,10307.849609375,10307.849609375,10434.0498046875,10281.7998046875,10385.75,10180000
2017-01-23,10214.150390625,10214.150390625,10307.650390625,10195.4501953125,10268.900390625,10467000
2017-01-24,10339.4501953125,10339.4501953125,10359.900390625,10227.9501953125,10229.0498046875,8849000
2017-01-25,10332.599609375,10332.599609375,10383.25,10315.7998046875,10373.0,10634000
2017-01-27,10367.2001953125,10367.2001953125,10402.75,10327.349609375,10331.400390625,9536000
2017-01-30,10412.150390625,10412.150390625,10469.4501953125,10356.650390625,10367.0498046875,8493000
2017-01-31,10236.349609375,10236.349609375,10446.2001953125,10218.0498046875,10439.2001953125,10742000
2017-02-01,10189.5,10189.5,10274.5498046875,10065.650390625,10222.849609375,10663000
2017-02-02,10402.0,10402.0,10434.5,10128.2998046875,10209.349609375,16703000
2017-02-03,10555.0,10555.0,10576.150390625,10417.849609375,10473.9501953125,14926000
2017-02-06,10710.7998046875,10710.7998046875,10774.650390625,10510.7998046875,10630.0498046875,23477000
2017-02-07,10604.0,10604.0,10806.7998046875,10570.900390625,10722.400390625,10741000
2017-02-08,10583.400390625,10583.400390625,10663.599609375,10523.5498046875,10623.400390625,9681000
2017-02-09,10542.599609375,10542.599609375,10659.0,10521.7001953125,10638.75,17383000
2017-02-10,10438.099609375,10438.099609375,10595.599609375,10417.599609375,10572.9501953125,11562000
2017-02-13,10403.599609375,10403.599609375,10485.4501953125,10341.650390625,10465.900390625,8651000
2017-02-14,10322.25,10322.25,10440.099609375,10269.099609375,10435.5498046875,9605000
2017-02-15,10137.650390625,10137.650390625,10341.2001953125,10124.75,10334.2001953125,17813000
2017-02-16,10407.75,10407.75,10436.849609375,10105.5,10157.5,24395000
2017-02-17,10624.400390625,10624.400390625,10646.099609375,10431.7998046875,10485.5498046875,27187000
2017-02-20,10641.599609375,10641.599609375,10685.099609375,10574.2001953125,10646.9501953125,13570000
2017-02-21,10644.599609375,10644.599609375,10684.849609375,10607.2001953125,10645.849609375,14140000
2017-02-22,10582.2998046875,10582.2998046875,10671.0498046875,10529.9501953125,10657.849609375,9871000
2017-02-23,10561.599609375,10561.599609375,10644.75,10535.4501953125,10605.0498046875,16742000
2017-02-27,10571.7001953125,10571.7001953125,10646.650390625,10534.900390625,10576.650390625,12949000
2017-02-28,10585.150390625,10585.150390625,10641.7998046875,10573.0498046875,10595.349609375,9532000
2017-03-01,10700.7998046875,10700.7998046875,10759.0,10609.75,10619.849609375,12973000
2017-03-02,10541.099609375,10541.099609375,10754.7998046875,10512.5498046875,10743.75,14201000
2017-03-03,10614.0498046875,10614.0498046875,10634.9501953125,10513.0,10530.150390625,6882000
2017-03-06,10612.849609375,10612.849609375,10633.650390625,10568.25,10623.650390625,7685000
2017-03-07,10560.900390625,10560.900390625,10634.5,10530.2001953125,10632.75,7833000
2017-03-08,10584.349609375,10584.349609375,10656.5,10520.9501953125,10558.75,12913000
2017-03-09,10499.0498046875,10499.0498046875,10567.2998046875,10481.2001953125,10538.2998046875,10106000
2017-03-10,10468.349609375,10468.349609375,10549.400390625,10444.349609375,10490.4501953125,7862000
2017-03-14,10648.0498046875,10648.0498046875,10752.599609375,10468.849609375,10602.9501953125,17619000
2017-03-15,10671.0498046875,10671.0498046875,10729.5498046875,10656.349609375,10694.150390625,9806000
2017-03-16,10731.2001953125,10731.2001953125,10775.2001953125,10698.4501953125,10724.25,10229000
2017-03-17,10674.9501953125,10674.9501953125,10783.900390625,10643.7998046875,10776.650390625,11679000
2017-03-20,10710.599609375,10710.599609375,10724.150390625,10673.2998046875,10704.900390625,9188000
2017-03-21,10493.75,10493.75,10669.650390625,10425.150390625,10669.650390625,31516000
2017-03-22,10510.5498046875,10510.5498046875,10525.400390625,10373.2998046875,10417.75,17254000
2017-03-23,10575.2001953125,10575.2001953125,10586.0498046875,10499.75,10541.5498046875,11555000
2017-03-24,10556.349609375,10556.349609375,10620.2001953125,10516.7001953125,10581.400390625,8300000
2017-03-27,10441.900390625,10441.900390625,10543.7001953125,10427.5498046875,10526.5,12444000
2017-03-28,10497.7001953125,10497.7001953125,10525.0498046875,10455.2998046875,10484.099609375,9443000
2017-03-29,10419.5,10419.5,10522.650390625,10401.75,10522.650390625,11085000
2017-03-30,10407.2998046875,10407.2998046875,10469.2001953125,10389.5,10444.400390625,14037000
2017-03-31,10411.150390625,10411.150390625,10461.5498046875,10389.9501953125,10420.7998046875,10044000
2017-04-03,10503.650390625,10503.650390625,10512.7001953125,10398.650390625,10439.599609375,7799000
2017-04-05,10541.150390625,10541.150390625,10556.900390625,10499.5,10551.7001953125,10365000
2017-04-06,10469.7001953125,10469.7001953125,10544.2998046875,10434.900390625,10542.0,7609000
2017-04-07,10285.7998046875,10285.7998046875,10455.7998046875,10260.650390625,10455.7998046875,15697000
2017-04-10,10315.7998046875,10315.7998046875,10335.599609375,10275.150390625,10317.0498046875,13095000
2017-04-11,10355.5498046875,10355.5498046875,10368.5498046875,10321.400390625,10340.849609375,9300000
2017-04-12,10445.2001953125,10445.2001953125,10481.099609375,10257.2998046875,10356.0,8778000
2017-04-13,10531.9501953125,10531.9501953125,10577.400390625,10448.0498046875,10494.849609375,8069000
2017-04-17,10448.5498046875,10448.5498046875,10542.849609375,10432.7998046875,10533.0,6587000
2017-04-18,10355.7998046875,10355.7998046875,10484.0,10343.5,10474.7001953125,9370000
2017-04-19,10321.0498046875,10321.0498046875,10411.9501953125,10307.349609375,10387.349609375,8777000
2017-04-20,10303.9501953125,10303.9501953125,10371.150390625,10282.4501953125,10350.150390625,7058000
2017-04-21,10208.5,10208.5,10340.9501953125,10192.5,10340.9501953125,10331000
2017-04-24,10177.75,10177.75,10212.9501953125,10103.25,10175.7001953125,12693000
2017-04-25,10241.4501953125,10241.4501953125,10252.349609375,10197.25,10217.4501953125,9550000
2017-04-26,10197.2001953125,10197.2001953125,10247.25,10137.25,10230.5,7722000
2017-04-27,10100.0,10100.0,10226.0498046875,10079.5498046875,10225.0,12420000
2017-04-28,10120.900390625,10120.900390625,10162.2001953125,10075.0498046875,10119.4501953125,10205000
2017-05-02,10036.349609375,10036.349609375,10150.599609375,9979.650390625,10132.0498046875,11134000
2017-05-03,9981.7998046875,9981.7998046875,10092.599609375,9959.099609375,10058.650390625,10934000
2017-05-04,9979.0,9979.0,10060.150390625,9942.650390625,9996.7998046875,10052000
2017-05-05,9935.150390625,9935.150390625,10048.7998046875,9908.7001953125,9969.849609375,9553000
2017-05-08,10021.0498046875,10021.0498046875,10033.75,9924.5,9951.0498046875,6320000
2017-05-09,9997.7001953125,9997.7001953125,10040.0,9940.099609375,10037.099609375,10506000
2017-05-10,10106.2001953125,10106.2001953125,10150.150390625,10023.7001953125,10029.0,12018000
2017-05-11,10178.849609375,10178.849609375,10197.099609375,10113.099609375,10152.0,9153000
2017-05-12,10121.400390625,10121.400390625,10148.7001953125,10014.349609375,10133.7998046875,24390000
2017-05-15,10252.849609375,10252.849609375,10278.349609375,10114.0498046875,10159.25,17490000
2017-05-16,10247.150390625,10247.150390625,10301.25,10212.5498046875,10268.150390625,10603000
2017-05-17,10222.599609375,10222.599609375,10263.9501953125,10183.7001953125,10254.2998046875,12109000
2017-05-18,10160.2998046875,10160.2998046875,10229.9501953125,10126.4501953125,10155.650390625,12552000
2017-05-19,10156.099609375,10156.099609375,10223.599609375,10114.0498046875,10209.599609375,10930000
2017-05-22,9959.2001953125,9959.2001953125,10203.25,9936.599609375,10202.900390625,12250000
2017-05-23,9648.2998046875,9648.2998046875,9913.650390625,9528.9501953125,9904.5,24850000
2017-05-24,9446.9501953125,9446.9501953125,9649.0498046875,9385.5498046875,9633.5498046875,20831000
2017-05-25,9199.150390625,9199.150390625,9434.099609375,9082.849609375,9421.7998046875,32749000
2017-05-26,9060.4501953125,9060.4501953125,9303.2998046875,9033.75,9173.599609375,30322000
2017-05-29,8757.7998046875,8757.7998046875,8913.0498046875,8634.900390625,8913.0498046875,65776000
2017-05-30,8990.2998046875,8990.2998046875,9013.2998046875,8725.2998046875,8742.0498046875,39476000
2017-05-31,9025.25,9025.25,9088.650390625,8958.400390625,9063.650390625,36794000
2017-06-01,9104.9501953125,9104.9501953125,9279.5498046875,9039.0498046875,9044.4501953125,31362000
2017-06-02,9254.7001953125,9254.7001953125,9292.75,9169.650390625,9182.400390625,24317000
2017-06-05,9229.75,9229.75,9307.400390625,9218.849609375,9267.5,12872000
2017-06-06,9174.599609375,9174.599609375,9280.2001953125,9149.900390625,9280.0,13253000
2017-06-07,9300.5498046875,9300.5498046875,9337.2998046875,9156.849609375,9200.0,22384000
2017-06-08,9486.650390625,9486.650390625,9551.400390625,9304.0498046875,9319.400390625,25342000
2017-06-09,9507.349609375,9507.349609375,9531.900390625,9406.0498046875,9520.7998046875,12970000
2017-06-12,9583.849609375,9583.849609375,9614.2998046875,9494.5498046875,9510.400390625,16236000
2017-06-13,9592.150390625,9592.150390625,9707.5,9580.75,9682.0,18851000
2017-06-14,9576.0,9576.0,9658.650390625,9540.849609375,9639.7001953125,11188000
2017-06-15,9695.849609375,9695.849609375,9740.099609375,9554.650390625,9578.2998046875,24283000
2017-06-16,9525.5,9525.5,9764.599609375,9506.150390625,9734.2001953125,23742000
2017-06-19,9489.2001953125,9489.2001953125,9564.9501953125,9422.650390625,9560.349609375,13620000
2017-06-20,9481.900390625,9481.900390625,9546.5498046875,9449.599609375,9509.0,12417000
2017-06-21,9456.7998046875,9456.7998046875,9532.150390625,9402.5,9499.25,12069000
2017-06-22,9471.599609375,9471.599609375,9536.75,9448.25,9470.25,15073000
2017-06-23,9478.150390625,9478.150390625,9541.2001953125,9409.150390625,9476.0498046875,12032000
2017-06-27,9467.900390625,9467.900390625,9575.5,9399.5498046875,9510.4501953125,15462000
2017-06-28,9482.349609375,9482.349609375,9498.400390625,9402.599609375,9458.7001953125,11668000
2017-06-29,9428.2001953125,9428.2001953125,9513.7998046875,9408.400390625,9502.5498046875,18111000
2017-06-30,9606.400390625,9606.400390625,9632.2001953125,9420.75,9436.849609375,13927000
2017-07-03,9616.2998046875,9616.2998046875,9648.150390625,9563.4501953125,9637.599609375,7015000
2017-07-04,9517.9501953125,9517.9501953125,9659.2001953125,9497.599609375,9656.2001953125,7013000
2017-07-05,9589.150390625,9589.150390625,9612.150390625,9498.9501953125,9518.9501953125,13809000
2017-07-06,9598.4501953125,9598.4501953125,9661.7001953125,9580.099609375,9627.0,11528000
2017-07-07,9723.849609375,9723.849609375,9778.099609375,9611.7998046875,9614.7998046875,17732000
2017-07-10,9884.4501953125,9884.4501953125,9919.5,9705.2998046875,9782.75,4028000
2017-07-11,9801.650390625,9801.650390625,9948.75,9782.5,9911.150390625,12499000
2017-07-12,9817.7998046875,9817.7998046875,9859.5498046875,9775.900390625,9825.650390625,7806000
2017-07-13,9875.25,9875.25,9910.349609375,9820.099609375,9827.0498046875,10333000
2017-07-14,9958.25,9958.25,9994.650390625,9875.400390625,9897.9501953125,16567000
2017-07-17,9994.75,9994.75,10020.349609375,9933.0,9993.849609375,12191000
2017-07-18,10024.2998046875,10024.2998046875,10096.7998046875,9968.9501953125,9983.0498046875,9455000
2017-07-19,10234.599609375,10234.599609375,10245.4501953125,10118.599609375,10128.5,19344000
2017-07-20,10140.75,10140.75,10259.650390625,10125.150390625,10256.0498046875,7281000
2017-07-21,10052.400390625,10052.400390625,10130.650390625,9992.349609375,10130.650390625,9525000
2017-07-24,9980.5,9980.5,10092.0,9964.7001953125,10079.849609375,9552000
2017-07-25,9930.5498046875,9930.5498046875,10003.0,9907.7998046875,9987.099609375,10771000
2017-07-26,10036.7998046875,10036.7998046875,10044.349609375,9920.0,9963.650390625,7996000
2017-07-27,9880.25,9880.25,10059.7001953125,9845.9501953125,10051.599609375,17772000
2017-07-28,9672.599609375,9672.599609375,9821.25,9641.150390625,9821.25,17150000
2017-07-31,9476.400390625,9476.400390625,9707.9501953125,9456.7001953125,9707.9501953125,17258000
2017-08-01,9517.2998046875,9517.2998046875,9602.25,9482.349609375,9488.900390625,14167000
2017-08-02,9453.9501953125,9453.9501953125,9557.4501953125,9434.2998046875,9555.099609375,15022000
2017-08-03,9336.900390625,9336.900390625,9566.4501953125,9308.400390625,9481.7001953125,20164000
2017-08-04,9256.849609375,9256.849609375,9287.900390625,9104.2001953125,9285.7998046875,18649000
2017-08-07,9229.0498046875,9229.0498046875,9323.0498046875,9210.4501953125,9280.5498046875,8102000
2017-08-08,9125.849609375,9125.849609375,9264.7001953125,9109.349609375,9240.0498046875,10151000
2017-08-09,8766.25,8766.25,9076.2001953125,8714.900390625,9070.150390625,25646000
2017-08-10,8513.2001953125,8513.2001953125,8917.5498046875,8390.599609375,8757.2998046875,28283000
2017-08-11,8521.349609375,8521.349609375,8604.7998046875,8314.5,8445.25,28479000
2017-08-14,8758.099609375,8758.099609375,8786.349609375,8483.650390625,8494.0498046875,31831000
2017-08-16,8859.400390625,8859.400390625,8870.0498046875,8679.2001953125,8807.9501953125,16687000
2017-08-17,8797.099609375,8797.099609375,8909.7001953125,8779.5,8881.5498046875,11665000
2017-08-18,8639.400390625,8639.400390625,8758.9501953125,8576.849609375,8758.9501953125,11988000
2017-08-21,8490.2001953125,8490.2001953125,8696.849609375,8468.7001953125,8691.7998046875,10729000
2017-08-22,8566.650390625,8566.650390625,8630.5,8494.5498046875,8555.150390625,12168000
2017-08-23,8615.849609375,8615.849609375,8641.7001953125,8580.849609375,8619.150390625,10757000
2017-08-24,8902.0498046875,8902.0498046875,8921.400390625,8615.7998046875,8637.099609375,23178000
2017-08-28,8975.0498046875,8975.0498046875,9031.349609375,8896.7998046875,8949.2998046875,17137000
2017-08-29,8865.0498046875,8865.0498046875,8956.0,8845.650390625,8948.2998046875,9273000
2017-08-30,8908.0498046875,8908.0498046875,8987.150390625,8894.599609375,8937.9501953125,9043000
2017-08-31,8859.650390625,8859.650390625,8939.5,8841.150390625,8928.2001953125,13220000
2017-09-01,9071.7001953125,9071.7001953125,9088.900390625,8925.400390625,8936.849609375,16245000
2017-09-04,9070.349609375,9070.349609375,9120.349609375,8929.400390625,9093.9501953125,13845000
2017-09-05,9037.599609375,9037.599609375,9127.650390625,9003.9501953125,9126.75,10831000
2017-09-06,8897.2998046875,8897.2998046875,8980.0,8883.75,8978.5498046875,14524000
2017-09-07,8948.7998046875,8948.7998046875,8985.25,8873.0,8937.75,13853000
2017-09-08,8840.2998046875,8840.2998046875,8998.5498046875,8793.25,8956.2001953125,12226000
2017-09-11,8804.4501953125,8804.4501953125,8917.650390625,8787.650390625,8888.25,11496000
2017-09-12,8996.099609375,8996.099609375,9009.5498046875,8795.849609375,8856.7998046875,23874000
2017-09-13,9140.599609375,9140.599609375,9211.75,8967.25,9008.099609375,36033000
2017-09-14,9380.849609375,9380.849609375,9396.400390625,9246.7998046875,9257.650390625,28726000
2017-09-15,9338.0,9338.0,9378.5,9237.849609375,9321.7998046875,23953000
2017-09-18,9339.5498046875,9339.5498046875,9403.5498046875,9217.5498046875,9378.9501953125,17701000
2017-09-19,9293.9501953125,9293.9501953125,9417.2998046875,9269.599609375,9357.400390625,21498000
2017-09-20,9319.849609375,9319.849609375,9372.150390625,9231.7998046875,9327.400390625,31410000
2017-09-21,9629.75,9629.75,9663.099609375,9363.2998046875,9364.9501953125,46698000
2017-09-22,9465.4501953125,9465.4501953125,9709.2001953125,9428.7998046875,9629.150390625,31605000
2017-09-25,9297.0498046875,9297.0498046875,9474.150390625,9239.400390625,9468.0,21015000
2017-09-26,9297.900390625,9297.900390625,9377.2001953125,9234.9501953125,9294.2998046875,15754000
2017-09-27,9036.4501953125,9036.4501953125,9257.900390625,8997.25,9254.75,28248000
2017-09-28,9111.5498046875,9111.5498046875,9182.400390625,8977.25,9037.650390625,36153000
2017-09-29,9172.599609375,9172.599609375,9245.2998046875,9112.0,9131.099609375,18972000
2017-10-03,9214.9501953125,9214.9501953125,9314.900390625,9196.150390625,9308.9501953125,11102000
2017-10-04,9372.2998046875,9372.2998046875,9407.150390625,9208.150390625,9245.2001953125,17046000
2017-10-05,9394.150390625,9394.150390625,9508.650390625,9377.349609375,9404.900390625,16483000
2017-10-06,9477.75,9477.75,9497.599609375,9402.5,9444.2001953125,13756000
2017-10-09,9505.7001953125,9505.7001953125,9568.5498046875,9463.7998046875,9497.150390625,13269000
2017-10-10,9530.2998046875,9530.2998046875,9608.900390625,9506.75,9556.75,10087000
2017-10-11,9441.150390625,9441.150390625,9586.849609375,9385.150390625,9563.349609375,12004000
2017-10-12,9577.099609375,9577.099609375,9592.599609375,9483.5,9561.5,16410000
2017-10-13,9545.599609375,9545.599609375,9613.7998046875,9526.349609375,9593.7998046875,9108000
2017-10-16,9692.5498046875,9692.5498046875,9705.349609375,9579.4501953125,9588.099609375,12639000
2017-10-17,9740.5498046875,9740.5498046875,9752.599609375,9638.849609375,9683.349609375,12261000
2017-10-18,9622.599609375,9622.599609375,9760.7998046875,9611.599609375,9760.7998046875,8819000
2017-10-19,9593.5,9593.5,9655.650390625,9561.099609375,9646.400390625,1416000
2017-10-23,9542.2001953125,9542.2001953125,9654.849609375,9495.75,9637.900390625,8711000
2017-10-24,9490.0,9490.0,9561.849609375,9479.5498046875,9554.5498046875,6930000
2017-10-25,9346.75,9346.75,9539.849609375,9332.650390625,9527.7001953125,7758000
2017-10-26,9428.349609375,9428.349609375,9474.849609375,9302.2001953125,9385.349609375,12466000
2017-10-27,9650.099609375,9650.099609375,9722.849609375,9488.0498046875,9497.2001953125,18349000
2017-10-30,9754.849609375,9754.849609375,9852.599609375,9599.099609375,9686.0498046875,19098000
2017-10-31,9756.0,9756.0,9829.2001953125,9697.9501953125,9753.75,14011000
2017-11-01,9711.5498046875,9711.5498046875,9827.400390625,9694.2001953125,9750.0498046875,13851000
2017-11-02,10004.5,10004.5,10060.349609375,9782.599609375,9782.599609375,35808000
2017-11-03,9897.2001953125,9897.2001953125,10062.5,9845.349609375,10052.25,16413000
2017-11-06,9894.099609375,9894.099609375,9962.099609375,9854.2001953125,9886.7001953125,12907000
2017-11-07,9469.75,9469.75,9986.599609375,9364.25,9953.5,49481000
2017-11-08,9494.9501953125,9494.9501953125,9659.25,9483.400390625,9553.0498046875,27445000
2017-11-09,9435.849609375,9435.849609375,9623.2001953125,9289.0498046875,9616.650390625,19437000
2017-11-10,9311.5,9311.5,9484.099609375,9262.5,9460.400390625,21351000
2017-11-13,9238.849609375,9238.849609375,9345.4501953125,9168.7001953125,9334.650390625,18026000
2017-11-14,9208.4501953125,9208.4501953125,9284.0,9174.2998046875,9240.900390625,20513000
2017-11-15,9025.2001953125,9025.2001953125,9193.7998046875,8990.150390625,9170.650390625,17782000
2017-11-16,9082.650390625,9082.650390625,9102.849609375,9003.599609375,9045.25,12715000
2017-11-17,9161.7998046875,9161.7998046875,9221.2998046875,9137.4501953125,9159.5,11396000
2017-11-20,9143.349609375,9143.349609375,9200.400390625,9119.900390625,9184.2001953125,10961000
2017-11-21,9346.5498046875,9346.5498046875,9419.349609375,9155.2001953125,9173.7001953125,19878000
2017-11-22,9278.0,9278.0,9365.5,9255.900390625,9353.5498046875,12741000
2017-11-23,9293.2001953125,9293.2001953125,9321.599609375,9244.75,9290.650390625,11672000
2017-11-24,9364.2998046875,9364.2998046875,9371.0498046875,9292.9501953125,9320.25,11046000
2017-11-27,9368.7001953125,9368.7001953125,9392.849609375,9294.349609375,9324.9501953125,9800000
2017-11-28,9318.5,9318.5,9396.650390625,9285.400390625,9368.4501953125,10916000
2017-11-29,9351.849609375,9351.849609375,9401.4501953125,9327.7998046875,9336.849609375,9127000
2017-11-30,9238.75,9238.75,9364.5,9219.400390625,9328.2998046875,20391000
2017-12-01,9083.849609375,9083.849609375,9301.2001953125,9055.9501953125,9280.5498046875,11714000
2017-12-04,9052.0,9052.0,9152.900390625,9010.7001953125,9137.25,9896000
2017-12-05,9043.150390625,9043.150390625,9074.650390625,8981.9501953125,9040.2001953125,9562000
2017-12-06,8938.2001953125,8938.2001953125,9063.25,8923.5498046875,9047.849609375,9627000
2017-12-07,8960.400390625,8960.400390625,9016.150390625,8923.5498046875,8944.9501953125,11108000
2017-12-08,9098.4501953125,9098.4501953125,9121.650390625,8977.849609375,8986.599609375,11023000
2017-12-11,9186.099609375,9186.099609375,9206.099609375,9129.9501953125,9162.400390625,10434000
2017-12-12,9119.099609375,9119.099609375,9273.150390625,9099.2001953125,9271.650390625,12479000
2017-12-13,9002.7998046875,9002.7998046875,9160.400390625,8982.150390625,9135.7998046875,10989000
2017-12-14,9070.849609375,9070.849609375,9087.9501953125,8975.4501953125,9032.599609375,10662000
2017-12-15,9100.2998046875,9100.2998046875,9162.25,9081.099609375,9152.400390625,15012000
2017-12-18,9230.4501953125,9230.4501953125,9286.400390625,8921.2998046875,9102.2001953125,11878000
2017-12-19,9299.650390625,9299.650390625,9313.650390625,9233.4501953125,9284.900390625,10342000
2017-12-20,9285.4501953125,9285.4501953125,9365.7998046875,9260.349609375,9314.650390625,10686000
2017-12-21,9321.599609375,9321.599609375,9418.150390625,9303.099609375,9335.25,14243000
2017-12-22,9326.599609375,9326.599609375,9361.0,9309.2001953125,9346.9501953125,9578000
2017-12-26,9416.0,9416.0,9436.099609375,9307.4501953125,9336.650390625,10633000
2017-12-27,9639.849609375,9639.849609375,9699.650390625,9438.5,9447.75,38497000
2017-12-28,9584.2001953125,9584.2001953125,9732.900390625,9559.650390625,9683.099609375,22514000
2017-12-29,9620.099609375,9620.099609375,9675.099609375,9590.75,9635.150390625,13064000
2018-01-01,9618.150390625,9618.150390625,9740.599609375,9588.9501953125,9627.400390625,10894000
2018-01-02,9565.7998046875,9565.7998046875,9708.4501953125,9531.0,9662.2001953125,9653000
2018-01-03,9519.5498046875,9519.5498046875,9605.150390625,9505.5498046875,9585.650390625,11199000
2018-01-04,9633.599609375,9633.599609375,9649.0498046875,9476.4501953125,9535.900390625,13215000
2018-01-05,9701.0498046875,9701.0498046875,9717.150390625,9614.2001953125,9666.25,13419000
2018-01-08,9838.25,9838.25,9939.0498046875,9750.650390625,9759.7998046875,22590000
2018-01-09,9770.2001953125,9770.2001953125,9875.7001953125,9747.0,9866.5498046875,10164000
2018-01-10,9748.599609375,9748.599609375,9863.5,9716.099609375,9789.75,13185000
2018-01-11,9772.849609375,9772.849609375,9849.7998046875,9708.599609375,9752.599609375,12681000
2018-01-12,9741.849609375,9741.849609375,9825.2001953125,9656.0,9795.849609375,8858000
2018-01-15,9659.75,9659.75,9776.5498046875,9650.0,9764.0,8582000
2018-01-16,9623.4501953125,9623.4501953125,9722.0498046875,9589.400390625,9675.599609375,11977000
2018-01-17,9744.2998046875,9744.2998046875,9757.9501953125,9565.9501953125,9648.400390625,12954000
2018-01-18,9626.4501953125,9626.4501953125,9819.400390625,9581.5498046875,9779.650390625,12085000
2018-01-19,9637.7998046875,9637.7998046875,9668.5498046875,9566.7001953125,9648.599609375,12639000
2018-01-22,9654.7998046875,9654.7998046875,9680.9501953125,9587.099609375,9621.349609375,8926000
2018-01-23,9767.2998046875,9767.2998046875,9827.349609375,9670.849609375,9688.0,14086000
2018-01-24,9826.400390625,9826.400390625,9903.400390625,9717.099609375,9752.25,17428000
2018-01-25,9729.150390625,9729.150390625,9920.5498046875,9715.7998046875,9857.650390625,18845000
2018-01-29,9622.349609375,9622.349609375,9752.0498046875,9592.400390625,9716.2001953125,13711000
2018-01-30,9563.5498046875,9563.5498046875,9605.150390625,9500.2001953125,9602.9501953125,10125000
2018-01-31,9384.75,9384.75,9565.2998046875,9329.2001953125,9550.75,13771000
2018-02-01,9158.7001953125,9158.7001953125,9391.7001953125,9075.75,9391.5,18427000
2018-02-02,9042.75,9042.75,9305.599609375,9014.0,9113.9501953125,21784000
2018-02-05,9069.5,9069.5,9095.900390625,8859.650390625,8910.900390625,11035000
2018-02-06,8871.25,8871.25,8962.75,8729.099609375,8773.099609375,18342000
2018-02-07,8935.7998046875,8935.7998046875,8975.900390625,8879.400390625,8967.5498046875,18893000
2018-02-08,9262.4501953125,9262.4501953125,9282.2001953125,8927.849609375,8949.0,35209000
2018-02-09,9222.5498046875,9222.5498046875,9245.900390625,9044.2998046875,9052.7998046875,23246000
2018-02-12,9339.9501953125,9339.9501953125,9453.75,9271.0,9298.0498046875,22125000
2018-02-14,9249.2001953125,9249.2001953125,9374.0,9212.25,9367.5,13662000
2018-02-15,9207.5,9207.5,9327.7001953125,9186.5498046875,9215.7001953125,17518000
2018-02-16,9180.900390625,9180.900390625,9262.150390625,9141.0498046875,9231.849609375,12431000
2018-02-19,9027.900390625,9027.900390625,9198.650390625,8941.900390625,9188.2998046875,10481000
2018-02-20,9020.75,9020.75,9086.5,8982.099609375,9054.4501953125,9167000
2018-02-21,8843.400390625,8843.400390625,9073.5,8753.5498046875,9054.5,31144000
2018-02-22,8861.75,8861.75,8901.4501953125,8787.0498046875,8832.7001953125,31118000
2018-02-23,9095.400390625,9095.400390625,9124.7001953125,8909.7998046875,8924.2998046875,43213000
2018-02-26,9065.099609375,9065.099609375,9097.849609375,9016.7001953125,9091.75,16517000
2018-02-27,9023.4501953125,9023.4501953125,9146.599609375,9002.5498046875,9081.5,13168000
2018-02-28,8960.25,8960.25,9093.0498046875,8938.9501953125,8995.0,16221000
2018-03-01,8917.75,8917.75,9003.900390625,8905.2001953125,8966.400390625,12978000
2018-03-05,8855.7998046875,8855.7998046875,8905.5498046875,8770.7998046875,8888.849609375,22780000
2018-03-06,8749.5498046875,8749.5498046875,8955.599609375,8723.7998046875,8945.849609375,22185000
2018-03-07,8615.0,8615.0,8756.2998046875,8600.9501953125,8753.599609375,15401000
2018-03-08,8586.349609375,8586.349609375,8696.5498046875,8499.849609375,8672.650390625,16837000
2018-03-09,8515.7001953125,8515.7001953125,8688.0,8491.5,8611.5498046875,12322000
2018-03-12,8600.7001953125,8600.7001953125,8618.150390625,8492.7001953125,8582.900390625,11621000
2018-03-13,8712.099609375,8712.099609375,8739.7998046875,8593.2001953125,8594.400390625,11753000
2018-03-14,8701.5498046875,8701.5498046875,8726.7998046875,8656.7001953125,8709.7001953125,7529000
2018-03-15,8670.5498046875,8670.5498046875,8796.099609375,8644.849609375,8708.25,8843000
2018-03-16,8546.7998046875,8546.7998046875,8738.2998046875,8528.7001953125,8639.7998046875,19432000
2018-03-19,8512.900390625,8512.900390625,8618.150390625,8490.400390625,8606.25,11977000
2018-03-20,8578.7001953125,8578.7001953125,8601.2001953125,8395.2998046875,8471.849609375,19206000
2018-03-21,8525.4501953125,8525.4501953125,8674.099609375,8505.5,8639.2001953125,11606000
2018-03-22,8474.0,8474.0,8625.7001953125,8459.0,8590.150390625,14897000
2018-03-23,8327.400390625,8327.400390625,8406.0498046875,8280.4501953125,8378.2001953125,13138000
2018-03-26,8390.5,8390.5,8406.25,8282.0498046875,8323.25,15534000
2018-03-27,8452.5,8452.5,8491.7001953125,8417.7001953125,8422.2998046875,13668000
2018-03-28,8358.0498046875,8358.0498046875,8456.7001953125,8332.150390625,8445.2998046875,24460000
2018-04-02,8620.849609375,8620.849609375,8637.400390625,8385.2998046875,8424.400390625,15415000
2018-04-03,8664.7001953125,8664.7001953125,8701.5498046875,8568.5498046875,8583.099609375,16472000
2018-04-04,8569.5,8569.5,8732.0498046875,8545.650390625,8716.349609375,13687000
2018-04-05,8655.650390625,8655.650390625,8732.9501953125,8621.150390625,8637.5498046875,11206000
2018-04-06,8772.400390625,8772.400390625,8808.5498046875,8643.900390625,8657.9501953125,17634000
2018-04-09,8738.150390625,8738.150390625,8841.5498046875,8721.0498046875,8785.849609375,12355000
2018-04-10,8719.599609375,8719.599609375,8816.7998046875,8698.75,8763.2001953125,11657000
2018-04-11,8761.7998046875,8761.7998046875,8789.25,8691.650390625,8752.9501953125,13136000
2018-04-12,8685.0498046875,8685.0498046875,8752.599609375,8669.2001953125,8752.599609375,13901000
2018-04-13,8730.599609375,8730.599609375,8787.099609375,8678.0498046875,8694.7001953125,11271000
2018-04-16,8867.2001953125,8867.2001953125,8877.099609375,8696.25,8707.900390625,18148000
2018-04-17,8827.75,8827.75,8893.9501953125,8803.4501953125,8890.599609375,12894000
2018-04-18,8790.0,8790.0,8904.099609375,8772.7998046875,8858.75,11764000
2018-04-19,8829.75,8829.75,8848.150390625,8768.900390625,8833.150390625,11082000
2018-04-20,8819.7998046875,8819.7998046875,8846.349609375,8769.349609375,8813.400390625,12866000
2018-04-23,8949.900390625,8949.900390625,8976.7998046875,8781.099609375,8781.099609375,15842000
2018-04-24,8984.150390625,8984.150390625,9092.7001953125,8950.2001953125,8988.7001953125,22448000
2018-04-25,8901.150390625,8901.150390625,8973.4501953125,8859.7998046875,8964.2001953125,8894000
2018-04-26,8896.599609375,8896.599609375,8996.5498046875,8883.099609375,8914.400390625,16707000
2018-04-27,8987.400390625,8987.400390625,9022.0498046875,8914.650390625,8955.75,13448000
2018-04-30,9060.7001953125,9060.7001953125,9090.849609375,9017.9501953125,9030.4501953125,8239000
2018-05-02,8961.0498046875,8961.0498046875,9110.5498046875,8921.75,9086.9501953125,12638000
2018-05-03,8966.2998046875,8966.2998046875,8977.7001953125,8796.849609375,8968.7001953125,15587000
2018-05-04,8817.4501953125,8817.4501953125,8963.849609375,8801.599609375,8962.0,11786000
2018-05-07,8774.400390625,8774.400390625,8848.349609375,8674.2001953125,8828.75,11997000
2018-05-08,8753.25,8753.25,8882.349609375,8734.9501953125,8812.9501953125,9015000
2018-05-09,8704.099609375,8704.099609375,8766.0498046875,8693.5,8754.0498046875,8414000
2018-05-10,8544.9501953125,8544.9501953125,8734.349609375,8518.7001953125,8724.099609375,13754000
2018-05-11,8445.7001953125,8445.7001953125,8565.4501953125,8403.349609375,8555.400390625,18015000
2018-05-14,8462.0498046875,8462.0498046875,8598.0498046875,8438.0,8458.349609375,14937000
2018-05-15,8401.150390625,8401.150390625,8520.5498046875,8313.0,8449.5,18460000
2018-05-16,8399.099609375,8399.099609375,8425.099609375,8287.099609375,8383.2001953125,16480000
2018-05-17,8403.0,8403.0,8461.25,8328.849609375,8417.0,15794000
2018-05-18,8211.849609375,8211.849609375,8443.75,8195.349609375,8441.7001953125,20313000
2018-05-21,7983.2001953125,7983.2001953125,8218.150390625,7956.0498046875,8211.349609375,14653000
2018-05-22,8118.89990234375,8118.89990234375,8152.10009765625,7900.35009765625,7993.25,16552000
2018-05-23,8069.7001953125,8069.7001953125,8239.349609375,8050.0,8100.85009765625,17858000
2018-05-24,8207.0,8207.0,8231.650390625,8063.2998046875,8115.0498046875,13602000
2018-05-25,8297.25,8297.25,8320.099609375,8156.35009765625,8247.650390625,17971000
2018-05-28,8498.2001953125,8498.2001953125,8553.599609375,8381.2998046875,8404.25,32190000
2018-05-29,8410.4501953125,8410.4501953125,8556.2998046875,8381.5,8464.7998046875,25875000
2018-05-30,8321.099609375,8321.099609375,8411.150390625,8297.75,8341.349609375,18014000
2018-05-31,8220.25,8220.25,8355.349609375,8181.2998046875,8351.0,42891000
2018-06-01,8213.2001953125,8213.2001953125,8297.7998046875,8181.60009765625,8248.7001953125,14588000
2018-06-04,8205.7998046875,8205.7998046875,8323.5,8176.7998046875,8263.7001953125,15474000
2018-06-05,8117.75,8117.75,8232.0498046875,8019.2998046875,8226.650390625,29802000
2018-06-06,8233.650390625,8233.650390625,8245.099609375,8078.2998046875,8126.89990234375,21620000
2018-06-07,8252.150390625,8252.150390625,8294.0,8210.900390625,8259.2001953125,9836000
2018-06-08,8603.9501953125,8603.9501953125,8647.150390625,8220.9501953125,8234.349609375,51771000
2018-06-11,8647.150390625,8647.150390625,8780.75,8610.9501953125,8624.7001953125,31871000
2018-06-12,8870.4501953125,8870.4501953125,8902.599609375,8665.4501953125,8669.2998046875,36059000
2018-06-13,8948.9501953125,8948.9501953125,9084.349609375,8914.2001953125,8949.900390625,45276000
2018-06-14,9112.4501953125,9112.4501953125,9133.4501953125,8923.25,8964.349609375,37928000
2018-06-15,9316.25,9316.25,9352.2001953125,9151.4501953125,9159.400390625,53247000
2018-06-18,9319.2998046875,9319.2998046875,9390.5498046875,9190.0498046875,9314.900390625,21676000
2018-06-19,9253.9501953125,9253.9501953125,9424.150390625,9234.2998046875,9323.400390625,27879000
2018-06-20,9291.349609375,9291.349609375,9371.5498046875,9204.7998046875,9292.400390625,25783000
2018-06-21,9198.7998046875,9198.7998046875,9345.849609375,9177.5,9343.5498046875,17515000
2018-06-22,9360.900390625,9360.900390625,9389.0,9082.25,9195.400390625,27449000
2018-06-25,9286.7998046875,9286.7998046875,9469.900390625,9260.650390625,9360.75,33697000
2018-06-26,9247.75,9247.75,9305.400390625,9228.400390625,9275.650390625,16909000
2018-06-27,9263.4501953125,9263.4501953125,9305.099609375,9179.5,9277.650390625,24631000
2018-06-28,9149.400390625,9149.400390625,9344.150390625,9119.7001953125,9268.099609375,25957000
2018-06-29,9173.150390625,9173.150390625,9218.599609375,9083.5,9172.7998046875,16016000
2018-07-02,9133.900390625,9133.900390625,9223.75,9092.2998046875,9198.900390625,13353000
2018-07-03,9325.2998046875,9325.2998046875,9348.349609375,9079.599609375,9157.25,23859000
2018-07-04,9399.599609375,9399.599609375,9460.9501953125,9337.7001953125,9355.099609375,29258000
2018-07-05,9274.25,9274.25,9462.400390625,9255.599609375,9429.900390625,17006000
2018-07-06,9189.900390625,9189.900390625,9360.0,9159.0,9273.25,16330000
2018-07-09,9307.599609375,9307.599609375,9336.75,9236.5,9241.5,13651000
2018-07-10,9276.099609375,9276.099609375,9356.5,9225.349609375,9343.900390625,14269000
2018-07-11,9228.7001953125,9228.7001953125,9330.5498046875,9208.0498046875,9258.900390625,14938000
2018-07-12,9244.099609375,9244.099609375,9348.2998046875,9198.599609375,9271.849609375,16288000
2018-07-13,9164.0,9164.0,9275.7998046875,9142.2001953125,9255.5498046875,11965000
2018-07-16,8786.400390625,8786.400390625,9132.2998046875,8753.900390625,9132.2998046875,20767000
2018-07-17,8926.099609375,8926.099609375,8955.5498046875,8743.849609375,8785.2998046875,16388000
2018-07-18,8885.650390625,8885.650390625,8997.099609375,8833.400390625,8970.099609375,21454000
2018-07-19,8749.900390625,8749.900390625,8914.849609375,8724.650390625,8910.7998046875,12724000
2018-07-20,8895.25,8895.25,8914.5,8727.7001953125,8752.150390625,17448000
2018-07-23,8937.400390625,8937.400390625,8951.650390625,8858.150390625,8917.4501953125,12350000
2018-07-24,9049.0498046875,9049.0498046875,9063.650390625,8929.4501953125,8943.9501953125,13515000
2018-07-25,8969.25,8969.25,9098.4501953125,8942.400390625,9089.0,11451000
2018-07-26,8994.650390625,8994.650390625,9054.0498046875,8908.599609375,8938.0,17746000
2018-07-27,9039.0,9039.0,9106.400390625,8982.25,9021.7001953125,24829000
2018-07-30,9115.5498046875,9115.5498046875,9156.7001953125,8978.400390625,9021.900390625,16686000
2018-07-31,9179.400390625,9179.400390625,9210.75,9088.0,9125.7998046875,18352000
2018-08-01,9301.7001953125,9301.7001953125,9313.0498046875,9168.5,9190.4501953125,16036000
2018-08-02,9424.650390625,9424.650390625,9518.7001953125,9302.5498046875,9308.900390625,25483000
2018-08-03,9500.75,9500.75,9558.5,9463.099609375,9468.650390625,17644000
2018-08-06,9408.599609375,9408.599609375,9597.400390625,9396.4501953125,9551.2001953125,17929000
2018-08-07,9371.0498046875,9371.0498046875,9462.7998046875,9327.75,9462.7998046875,14285000
2018-08-08,9307.25,9307.25,9442.349609375,9275.5498046875,9379.0,27453000
2018-08-09,9249.9501953125,9249.9501953125,9434.150390625,9199.25,9345.9501953125,32345000
2018-08-10,9138.25,9138.25,9281.900390625,9102.5498046875,9243.099609375,20761000
2018-08-13,9186.599609375,9186.599609375,9245.150390625,9094.25,9117.349609375,17759000
2018-08-14,9481.150390625,9481.150390625,9529.4501953125,9147.599609375,9205.900390625,46409000
2018-08-16,9595.349609375,9595.349609375,9613.0,9474.7001953125,9519.5,46890000
2018-08-17,9693.849609375,9693.849609375,9780.9501953125,9639.900390625,9643.650390625,40709000
2018-08-20,9799.150390625,9799.150390625,9824.400390625,9723.349609375,9725.7001953125,33017000
2018-08-21,9950.5,9950.5,9992.75,9745.0498046875,9839.7998046875,29225000
2018-08-23,10076.7998046875,10076.7998046875,10142.4501953125,9999.4501953125,10017.400390625,33629000
2018-08-24,10061.099609375,10061.099609375,10086.349609375,9879.0,10083.2998046875,24695000
2018-08-27,10094.2001953125,10094.2001953125,10152.7001953125,10028.25,10113.9501953125,22273000
2018-08-28,10050.099609375,10050.099609375,10243.2001953125,10030.25,10132.5,20557000
2018-08-29,10008.900390625,10008.900390625,10136.400390625,9980.849609375,10062.7001953125,20002000
2018-08-30,10120.5498046875,10120.5498046875,10148.2998046875,10001.349609375,10024.7001953125,27404000
2018-08-31,10390.9501953125,10390.9501953125,10445.0498046875,10155.150390625,10157.25,42244000
2018-09-03,10359.900390625,10359.900390625,10577.849609375,10318.4501953125,10463.400390625,35230000
2018-09-04,10205.5498046875,10205.5498046875,10422.4501953125,10119.7998046875,10383.5498046875,24596000
2018-09-05,10303.400390625,10303.400390625,10378.7001953125,10170.599609375,10211.400390625,29286000
2018-09-06,10583.150390625,10583.150390625,10595.5498046875,10333.5,10371.5,47533000
2018-09-07,10661.25,10661.25,10704.599609375,10361.7998046875,10475.75,78162000
2018-09-10,10446.5,10446.5,10786.349609375,10414.5498046875,10624.5,42498000
2018-09-11,10279.0498046875,10279.0498046875,10577.849609375,10244.349609375,10502.7998046875,31677000
2018-09-12,10391.599609375,10391.599609375,10417.400390625,10152.4501953125,10266.2998046875,34240000
2018-09-14,10652.849609375,10652.849609375,10673.099609375,10499.400390625,10534.9501953125,29295000
2018-09-17,10504.150390625,10504.150390625,10739.7001953125,10474.400390625,10634.0,28421000
2018-09-18,10465.400390625,10465.400390625,10652.849609375,10433.7001953125,10524.849609375,25231000
2018-09-19,10456.9501953125,10456.9501953125,10636.849609375,10341.7001953125,10559.5498046875,28061000
2018-09-21,10252.349609375,10252.349609375,10605.349609375,9861.349609375,10542.9501953125,36375000
2018-09-24,9994.75,9994.75,10375.2001953125,9952.2001953125,10328.9501953125,22591000
2018-09-25,10245.150390625,10245.150390625,10269.349609375,9992.849609375,10007.7001953125,26771000
2018-09-26,10289.2998046875,10289.2998046875,10440.400390625,10213.349609375,10335.2001953125,25441000
2018-09-27,10092.4501953125,10092.4501953125,10336.0498046875,10077.150390625,10314.599609375,24654000
2018-09-28,9972.4501953125,9972.4501953125,10149.4501953125,9881.5498046875,10111.7001953125,25942000
2018-10-01,10034.400390625,10034.400390625,10067.5498046875,9775.7001953125,9987.400390625,19090000
2018-10-03,9950.900390625,9950.900390625,10142.5498046875,9924.849609375,10039.4501953125,20464000
2018-10-04,9630.75,9630.75,9918.349609375,9496.0,9869.349609375,21276000
2018-10-05,9547.349609375,9547.349609375,9776.4501953125,9498.2001953125,9578.099609375,20666000
2018-10-08,9505.7998046875,9505.7998046875,9644.349609375,9384.2001953125,9503.0498046875,17375000
2018-10-09,9638.75,9638.75,9724.400390625,9414.849609375,9543.9501953125,20585000
2018-10-10,9771.349609375,9771.349609375,9828.2998046875,9647.5,9672.2998046875,20057000
2018-10-11,9488.650390625,9488.650390625,9725.7001953125,9452.099609375,9531.650390625,17610000
2018-10-12,9525.599609375,9525.599609375,9676.9501953125,9449.5,9545.599609375,18662000
2018-10-15,9774.099609375,9774.099609375,9793.2001953125,9519.0,9559.2001953125,17762000
2018-10-16,9836.75,9836.75,9881.099609375,9727.2998046875,9805.099609375,16836000
2018-10-17,9686.400390625,9686.400390625,9925.0498046875,9652.9501953125,9911.25,14443000
2018-10-19,9650.2998046875,9650.2998046875,9805.2998046875,9549.900390625,9657.75,21582000
2018-10-22,9646.650390625,9646.650390625,9751.7998046875,9631.650390625,9704.849609375,18064000
2018-10-23,9368.25,9368.25,9633.9501953125,9335.25,9612.650390625,17196000
2018-10-24,9334.400390625,9334.400390625,9494.0498046875,9232.900390625,9441.650390625,19528000
2018-10-25,9142.7001953125,9142.7001953125,9345.349609375,9118.25,9246.7001953125,27977000
2018-10-26,9115.099609375,9115.099609375,9191.0,9021.2001953125,9182.2998046875,22982000
2018-10-29,9590.400390625,9590.400390625,9612.9501953125,9168.849609375,9172.150390625,23124000
2018-10-30,9535.2998046875,9535.2998046875,9626.5498046875,9492.0,9583.7998046875,17628000
2018-10-31,9757.5,9757.5,9778.25,9436.7001953125,9473.0498046875,26312000
2018-11-01,9609.150390625,9609.150390625,9801.9501953125,9589.150390625,9765.900390625,17398000
2018-11-02,9547.849609375,9547.849609375,9690.9501953125,9520.9501953125,9652.2001953125,13675000
2018-11-05,9460.5,9460.5,9658.599609375,9369.400390625,9542.0,23469000
2018-11-06,9454.9501953125,9454.9501953125,9507.25,9400.5,9455.599609375,30202000
2018-11-07,9502.099609375,9502.099609375,9524.0498046875,9499.400390625,9514.349609375,203000
2018-11-09,9643.900390625,9643.900390625,9682.2998046875,9513.9501953125,9554.349609375,25083000
2018-11-12,9557.5,9557.5,9730.849609375,9539.75,9683.900390625,22881000
2018-11-13,9422.5498046875,9422.5498046875,9603.25,9327.0498046875,9568.2001953125,24446000
2018-11-14,9216.150390625,9216.150390625,9447.849609375,9153.400390625,9437.400390625,40009000
2018-11-15,9218.5498046875,9218.5498046875,9305.900390625,9162.5498046875,9233.9501953125,21656000
2018-11-16,9301.349609375,9301.349609375,9358.7001953125,9230.2001953125,9256.849609375,17138000
2018-11-19,9399.25,9399.25,9416.150390625,9310.4501953125,9386.2001953125,14833000
2018-11-20,9218.7001953125,9218.7001953125,9383.7998046875,9200.9501953125,9363.75,12046000
2018-11-21,9375.099609375,9375.099609375,9415.849609375,9305.9501953125,9314.0,18790000
2018-11-22,9302.2998046875,9302.2998046875,9381.5498046875,9287.25,9373.150390625,11752000
2018-11-26,9180.5,9180.5,9352.400390625,9104.0,9323.400390625,16185000
2018-11-27,9058.4501953125,9058.4501953125,9274.400390625,8977.5,9249.2001953125,53569000
2018-11-28,9014.7998046875,9014.7998046875,9090.9501953125,8965.849609375,9014.9501953125,25549000
2018-11-29,9090.650390625,9090.650390625,9127.9501953125,9015.849609375,9048.650390625,27479000
2018-11-30,9275.7001953125,9275.7001953125,9289.5498046875,9107.7001953125,9118.849609375,37106000
2018-12-03,9053.400390625,9053.400390625,9150.400390625,8985.150390625,9108.0498046875,76349000
2018-12-04,9064.400390625,9064.400390625,9157.599609375,9040.849609375,9071.900390625,55336000
2018-12-05,8812.2001953125,8812.2001953125,9075.9501953125,8717.400390625,9049.599609375,63876000
2018-12-06,8686.5,8686.5,8854.150390625,8653.0,8796.9501953125,70185000
2018-12-07,8682.599609375,8682.599609375,8811.849609375,8641.849609375,8743.900390625,42409000
2018-12-10,8535.2998046875,8535.2998046875,8615.849609375,8504.900390625,8539.099609375,38351000
2018-12-11,8746.599609375,8746.599609375,8788.7998046875,8417.650390625,8417.650390625,39980000
2018-12-12,8801.5,8801.5,8859.4501953125,8691.0,8779.400390625,31994000
2018-12-13,8810.7998046875,8810.7998046875,8870.0498046875,8720.7001953125,8794.25,32725000
2018-12-14,8726.400390625,8726.400390625,8860.4501953125,8660.400390625,8803.900390625,24354000
2018-12-17,8771.2998046875,8771.2998046875,8829.7998046875,8746.5,8775.349609375,21249000
2018-12-18,8840.400390625,8840.400390625,8853.099609375,8716.0,8748.25,23683000
2018-12-19,8823.4501953125,8823.4501953125,8893.849609375,8804.900390625,8864.0,17883000
2018-12-20,8853.7998046875,8853.7998046875,8877.849609375,8774.7001953125,8782.900390625,17840000
2018-12-21,8774.0498046875,8774.0498046875,8913.650390625,8741.25,8851.900390625,18882000
2018-12-24,8726.349609375,8726.349609375,8850.900390625,8699.4501953125,8804.599609375,19772000
2018-12-26,8684.849609375,8684.849609375,8710.650390625,8549.400390625,8694.150390625,18327000
2018-12-27,8665.75,8665.75,8779.25,8653.849609375,8774.849609375,22259000
2018-12-28,8814.2001953125,8814.2001953125,8840.4501953125,8698.0498046875,8700.2998046875,22827000
2018-12-31,8868.7001953125,8868.7001953125,8905.2998046875,8824.2001953125,8866.9501953125,17105000
2019-01-01,8881.9501953125,8881.9501953125,8929.7001953125,8852.650390625,8890.5498046875,15068000
2019-01-02,8839.9501953125,8839.9501953125,8884.099609375,8765.2998046875,8856.0,17507000
2019-01-03,8722.2998046875,8722.2998046875,8867.5498046875,8704.5,8856.5,17524000
2019-01-04,8788.0498046875,8788.0498046875,8804.0498046875,8683.7998046875,8744.7001953125,14335000
2019-01-07,8732.650390625,8732.650390625,8847.150390625,8711.5,8840.599609375,11250000
2019-01-08,8864.75,8864.75,8873.150390625,8754.150390625,8764.099609375,24541000
2019-01-09,8906.7001953125,8906.7001953125,8930.4501953125,8831.7998046875,8898.5,18627000
2019-01-10,8934.7998046875,8934.7998046875,8945.25,8866.349609375,8878.7001953125,14214000
2019-01-11,8902.4501953125,8902.4501953125,8968.650390625,8867.4501953125,8943.599609375,14555000
2019-01-14,8949.2998046875,8949.2998046875,8961.25,8879.7001953125,8915.7001953125,15814000
2019-01-15,9027.5,9027.5,9035.400390625,8958.599609375,8984.9501953125,12386000
2019-01-16,9054.2001953125,9054.2001953125,9069.5,8989.75,9019.400390625,15568000
2019-01-17,8930.5,8930.5,9097.5498046875,8905.400390625,9069.599609375,17945000
2019-01-18,8689.599609375,8689.599609375,8912.5498046875,8616.849609375,8911.75,95831000
2019-01-21,8734.7001953125,8734.7001953125,8833.7001953125,8694.2001953125,8694.2001953125,58197000
2019-01-22,8892.599609375,8892.599609375,8903.2998046875,8783.0498046875,8791.849609375,46973000
2019-01-23,8946.2001953125,8946.2001953125,8969.5,8855.099609375,8905.2001953125,35863000
2019-01-24,8894.5,8894.5,9001.0498046875,8845.9501953125,8956.4501953125,26561000
2019-01-25,8891.0,8891.0,8960.650390625,8851.75,8928.7998046875,23387000
2019-01-28,8663.900390625,8663.900390625,8886.150390625,8638.25,8886.150390625,19762000
2019-01-29,8756.900390625,8756.900390625,8786.5498046875,8562.349609375,8635.150390625,19234000
2019-01-30,8734.599609375,8734.599609375,8784.0,8692.900390625,8771.5,13831000
2019-01-31,8825.349609375,8825.349609375,8866.5498046875,8713.7998046875,8748.4501953125,27553000
2019-02-01,8969.5498046875,8969.5498046875,8991.9501953125,8806.400390625,8810.650390625,13284000
2019-02-04,8811.900390625,8811.900390625,8998.25,8772.900390625,8992.099609375,16734000
2019-02-05,8800.599609375,8800.599609375,8887.4501953125,8764.5,8828.5,16548000
2019-02-06,8906.900390625,8906.900390625,8955.0,8703.400390625,8803.400390625,27887000
2019-02-07,9056.150390625,9056.150390625,9088.5498046875,8937.9501953125,8937.9501953125,39478000
2019-02-08,8984.849609375,8984.849609375,9060.7998046875,8921.599609375,9060.7998046875,21851000
2019-02-11,8838.0,8838.0,8957.2998046875,8772.599609375,8924.9501953125,17150000
2019-02-12,8904.9501953125,8904.9501953125,8948.0498046875,8795.25,8839.900390625,19299000
2019-02-14,8920.900390625,8920.900390625,8944.650390625,8809.7001953125,8835.5,19214000
2019-02-15,8643.2998046875,8643.2998046875,8893.4501953125,8252.099609375,8890.9501953125,35522000
2019-02-18,8573.9501953125,8573.9501953125,8744.25,8560.5,8703.599609375,19995000
2019-02-19,8552.7001953125,8552.7001953125,8636.9501953125,8539.75,8611.099609375,16696000
2019-02-20,8606.349609375,8606.349609375,8621.0,8551.4501953125,8600.9501953125,14220000
2019-02-21,8706.349609375,8706.349609375,8721.9501953125,8606.0498046875,8632.25,13874000
2019-02-22,8772.599609375,8772.599609375,8778.400390625,8698.849609375,8718.599609375,13066000
2019-02-25,8816.2001953125,8816.2001953125,8858.2001953125,8738.099609375,8795.349609375,17237000
2019-02-26,8829.4501953125,8829.4501953125,8869.7998046875,8659.099609375,8733.9501953125,16631000
2019-02-27,8866.2001953125,8866.2001953125,8975.400390625,8799.4501953125,8859.5498046875,23524000
2019-02-28,8884.849609375,8884.849609375,8934.400390625,8871.400390625,8918.9501953125,27134000
2019-03-01,8972.650390625,8972.650390625,8993.7998046875,8882.2001953125,8909.0,16222000
2019-03-05,9054.650390625,9054.650390625,9066.400390625,8937.900390625,8975.2001953125,16054000
2019-03-06,9155.0,9155.0,9193.0498046875,9026.599609375,9088.4501953125,23513000
2019-03-07,9045.650390625,9045.650390625,9209.150390625,9021.5,9129.650390625,24337000
2019-03-08,9021.849609375,9021.849609375,9085.2001953125,9007.7998046875,9038.849609375,15833000
2019-03-11,9155.0498046875,9155.0498046875,9168.4501953125,9047.150390625,9052.9501953125,14435000
2019-03-12,9274.7998046875,9274.7998046875,9345.099609375,9202.7001953125,9212.599609375,24788000
2019-03-13,9100.25,9100.25,9318.150390625,9070.599609375,9298.7001953125,21196000
2019-03-14,9184.900390625,9184.900390625,9209.2001953125,9077.349609375,9102.099609375,20140000
2019-03-15,9221.75,9221.75,9256.25,9178.599609375,9203.9501953125,22485000
2019-03-18,9204.9501953125,9204.9501953125,9240.900390625,9133.7998046875,9224.0498046875,15522000
2019-03-19,9244.599609375,9244.599609375,9312.2001953125,9216.2998046875,9230.7001953125,15987000
2019-03-20,9264.5,9264.5,9300.7998046875,9231.650390625,9259.2998046875,12715000
2019-03-22,9199.349609375,9199.349609375,9338.2998046875,9188.099609375,9298.5,14419000
2019-03-25,9170.150390625,9170.150390625,9181.7998046875,9081.5498046875,9159.9501953125,14738000
2019-03-26,9245.0,9245.0,9259.7001953125,9164.400390625,9210.599609375,13186000
2019-03-27,9148.7998046875,9148.7998046875,9322.0498046875,9120.2998046875,9267.400390625,14889000
2019-03-28,9199.400390625,9199.400390625,9235.25,9126.900390625,9172.2001953125,26760000
2019-04-01,9375.400390625,9375.400390625,9416.9501953125,9353.650390625,9367.599609375,18363000
2019-04-02,9296.9501953125,9296.9501953125,9425.9501953125,9272.400390625,9419.25,12633000
2019-04-03,9180.2998046875,9180.2998046875,9341.25,9163.5,9312.25,14753000
2019-04-04,9263.400390625,9263.400390625,9278.7001953125,9181.650390625,9193.2998046875,15405000
2019-04-05,9271.5498046875,9271.5498046875,9332.099609375,9259.4501953125,9314.2998046875,17343000
2019-04-08,9243.900390625,9243.900390625,9329.400390625,9219.0,9292.099609375,11970000
2019-04-09,9333.2998046875,9333.2998046875,9349.849609375,9207.4501953125,9231.9501953125,13960000
2019-04-10,9407.900390625,9407.900390625,9520.2998046875,9305.5,9308.2001953125,19982000
2019-04-11,9391.150390625,9391.150390625,9422.0,9355.900390625,9386.75,13254000
2019-04-12,9426.4501953125,9426.4501953125,9448.4501953125,9383.75,9398.25,18468000
2019-04-15,9417.75,9417.75,9447.4501953125,9358.75,9431.7998046875,10236000
2019-04-16,9417.7998046875,9417.7998046875,9474.099609375,9410.2001953125,9460.099609375,11477000
2019-04-18,9409.900390625,9409.900390625,9450.9501953125,9338.650390625,9442.5498046875,11801000
2019-04-22,9285.4501953125,9285.4501953125,9410.650390625,9260.9501953125,9392.25,8009000
2019-04-23,9388.7998046875,9388.7998046875,9422.0,9290.5498046875,9294.0,17093000
2019-04-24,9459.0,9459.0,9474.599609375,9358.349609375,9383.400390625,12745000
2019-04-25,9442.5498046875,9442.5498046875,9534.5498046875,9423.5,9435.4501953125,21485000
2019-04-26,9461.7001953125,9461.7001953125,9578.400390625,9440.150390625,9493.599609375,21921000
2019-04-30,9402.5,9402.5,9471.849609375,9307.2001953125,9468.599609375,21185000
2019-05-02,9291.2998046875,9291.2998046875,9419.7001953125,9271.849609375,9379.150390625,17481000
2019-05-03,9220.4501953125,9220.4501953125,9324.2001953125,9193.0498046875,9307.349609375,15816000
2019-05-06,9189.75,9189.75,9226.849609375,9110.9501953125,9121.349609375,15766000
2019-05-07,9148.2001953125,9148.2001953125,9229.7998046875,9126.849609375,9215.4501953125,14306000
2019-05-08,9003.349609375,9003.349609375,9146.75,8973.400390625,9144.099609375,16197000
2019-05-09,8976.900390625,8976.900390625,9011.599609375,8881.599609375,8963.5498046875,16034000
2019-05-10,8944.599609375,8944.599609375,9012.75,8914.9501953125,8964.7001953125,12716000
2019-05-13,8553.5,8553.5,8906.400390625,8244.650390625,8904.7998046875,36660000
2019-05-14,8683.900390625,8683.900390625,8762.2001953125,8516.099609375,8573.650390625,30903000
2019-05-15,8595.75,8595.75,8756.5498046875,8562.75,8690.7001953125,22504000
2019-05-16,8577.349609375,8577.349609375,8606.7998046875,8293.0498046875,8592.099609375,53500000
2019-05-17,8448.9501953125,8448.9501953125,8542.7001953125,8387.900390625,8540.900390625,32723000
2019-05-20,8505.9501953125,8505.9501953125,8675.2998046875,8415.25,8640.0,23975000
2019-05-21,8488.25,8488.25,8725.7998046875,8471.599609375,8517.0,26575000
2019-05-22,8510.849609375,8510.849609375,8584.9501953125,8413.2998046875,8498.0498046875,24917000
2019-05-23,8497.599609375,8497.599609375,8626.099609375,8472.2001953125,8613.2998046875,25849000
2019-05-24,8608.4501953125,8608.4501953125,8620.2001953125,8515.650390625,8529.400390625,15482000
2019-05-27,8525.0,8525.0,8607.4501953125,8493.4501953125,8593.7998046875,20507000
2019-05-28,8513.849609375,8513.849609375,8599.150390625,8492.400390625,8552.349609375,46666000
2019-05-29,8484.650390625,8484.650390625,8567.0498046875,8431.599609375,8554.5,53112000
2019-05-30,8474.7001953125,8474.7001953125,8531.2998046875,8459.7998046875,8479.650390625,29266000
2019-05-31,8455.099609375,8455.099609375,8544.25,8403.599609375,8503.2998046875,21532000
2019-06-03,8536.599609375,8536.599609375,8547.349609375,8371.9501953125,8459.849609375,19182000
2019-06-04,8432.9501953125,8432.9501953125,8602.0498046875,8342.849609375,8524.7998046875,16639000
2019-06-06,8279.099609375,8279.099609375,8466.5,8262.099609375,8464.349609375,19430000
2019-06-07,8179.60009765625,8179.60009765625,8289.849609375,8096.5498046875,8274.7001953125,23026000
2019-06-10,8246.7001953125,8246.7001953125,8265.400390625,8185.39990234375,8215.0498046875,16512000
2019-06-11,8243.5,8243.5,8277.2998046875,8114.5,8237.849609375,31241000
2019-06-12,8179.14990234375,8179.14990234375,8262.599609375,8137.2998046875,8243.900390625,21120000
2019-06-13,8148.5498046875,8148.5498046875,8193.7001953125,8062.5498046875,8163.4501953125,16851000
2019-06-14,8083.5498046875,8083.5498046875,8142.9501953125,7954.60009765625,8138.0498046875,26955000
2019-06-17,7975.25,7975.25,8131.2001953125,7962.5,8098.2998046875,17733000
2019-06-18,7916.9501953125,7916.9501953125,8032.35009765625,7878.7998046875,7980.14990234375,17433000
2019-06-19,7790.5,7790.5,7958.10009765625,7753.75,7943.4501953125,22718000
2019-06-20,8029.0,8029.0,8043.2998046875,7737.0,7758.7998046875,21698000
2019-06-21,7911.5498046875,7911.5498046875,8033.2998046875,7895.10009765625,8011.5,26019000
2019-06-24,7902.0,7902.0,7935.75,7867.7998046875,7921.5498046875,26137000
2019-06-25,7947.2001953125,7947.2001953125,7961.5498046875,7847.10009765625,7889.2998046875,24324000
2019-06-26,8086.2998046875,8086.2998046875,8121.25,7915.0,7927.5,28569000
2019-06-27,8088.0,8088.0,8140.9501953125,8018.25,8080.14990234375,23371000
2019-06-28,8065.14990234375,8065.14990234375,8202.650390625,8031.35009765625,8116.7998046875,22235000
2019-07-01,8178.7998046875,8178.7998046875,8192.4501953125,8085.35009765625,8085.39990234375,12208000
2019-07-02,8101.64990234375,8101.64990234375,8198.2998046875,8068.0,8185.39990234375,14259000
2019-07-03,8092.2001953125,8092.2001953125,8120.75,8032.25,8120.75,16080000
2019-07-04,8046.7998046875,8046.7998046875,8138.89990234375,8035.14990234375,8099.4501953125,16011000
2019-07-05,7926.5,7926.5,8082.7001953125,7911.2001953125,8058.64990234375,16991000
2019-07-08,7801.75,7801.75,7922.0,7791.10009765625,7862.7998046875,19677000
2019-07-09,8012.0498046875,8012.0498046875,8053.4501953125,7795.25,7810.14990234375,28912000
2019-07-10,8009.5,8009.5,8060.7001953125,7963.25,8011.7998046875,20169000
2019-07-11,8110.0498046875,8110.0498046875,8152.89990234375,8049.7001953125,8068.2998046875,23320000
2019-07-12,8144.2998046875,8144.2998046875,8189.0,8083.89990234375,8132.39990234375,25154000
2019-07-15,8231.849609375,8231.849609375,8276.5498046875,8151.75,8198.75,30224000
2019-07-16,8347.9501953125,8347.9501953125,8360.150390625,8194.900390625,8227.349609375,23479000
2019-07-17,8330.75,8330.75,8363.75,8288.5,8351.9501953125,19418000
2019-07-18,8223.150390625,8223.150390625,8329.9501953125,8207.2001953125,8328.0,16074000
2019-07-19,8040.10009765625,8040.10009765625,8288.0,8029.9501953125,8253.75,31688000
2019-07-22,8120.85009765625,8120.85009765625,8189.2001953125,7976.0498046875,8028.5,24478000
2019-07-23,8063.64990234375,8063.64990234375,8165.0498046875,8043.25,8142.0498046875,18083000
2019-07-24,7920.64990234375,7920.64990234375,8071.25,7890.2001953125,8057.14990234375,16878000
2019-07-25,8094.35009765625,8094.35009765625,8116.60009765625,7931.39990234375,7942.5,26922000
2019-07-26,8178.89990234375,8178.89990234375,8210.099609375,8050.0498046875,8113.39990234375,23004000
2019-07-29,8039.7998046875,8039.7998046875,8184.0,7994.14990234375,8177.14990234375,17180000
2019-07-30,7877.75,7877.75,8205.25,7853.60009765625,8039.4501953125,29028000
2019-07-31,7987.5,7987.5,7999.60009765625,7801.85009765625,7857.60009765625,23028000
2019-08-01,7878.75,7878.75,7963.14990234375,7790.10009765625,7945.0498046875,16885000
2019-08-02,7868.2001953125,7868.2001953125,7963.9501953125,7781.85009765625,7841.9501953125,19838000
2019-08-05,7807.9501953125,7807.9501953125,7881.85009765625,7735.0498046875,7819.89990234375,17966000
2019-08-06,7818.5,7818.5,7905.89990234375,7783.75,7790.89990234375,20752000
2019-08-07,7879.75,7879.75,7959.9501953125,7823.75,7833.7001953125,25438000
2019-08-08,7964.7998046875,7964.7998046875,7994.10009765625,7854.2001953125,7919.10009765625,33151000
2019-08-09,7924.0498046875,7924.0498046875,8049.10009765625,7896.39990234375,8014.9501953125,23404000
2019-08-13,7851.9501953125,7851.9501953125,7984.85009765625,7789.14990234375,7909.2998046875,32145000
2019-08-14,7744.2998046875,7744.2998046875,7866.2001953125,7550.5498046875,7859.10009765625,36683000
2019-08-16,7684.2998046875,7684.2998046875,7756.60009765625,7636.2001953125,7738.35009765625,24315000
2019-08-19,7741.35009765625,7741.35009765625,7851.14990234375,7727.5498046875,7770.2998046875,27026000
2019-08-20,7749.7001953125,7749.7001953125,7772.10009765625,7676.4501953125,7764.85009765625,24849000
2019-08-21,7677.25,7677.25,7765.0,7660.64990234375,7732.9501953125,21929000
2019-08-22,7670.85009765625,7670.85009765625,7746.35009765625,7630.2001953125,7667.7998046875,21415000
2019-08-23,7780.5498046875,7780.5498046875,7793.0,7554.7001953125,7669.0,19976000
2019-08-26,7824.2998046875,7824.2998046875,7858.0,7690.75,7834.9501953125,20960000
2019-08-27,7812.10009765625,7812.10009765625,7896.2998046875,7804.2001953125,7869.25,23417000
2019-08-28,7738.64990234375,7738.64990234375,7897.10009765625,7701.35009765625,7824.5,17741000
2019-08-29,7912.5,7912.5,7933.4501953125,7742.14990234375,7802.0,33595000
2019-08-30,8072.0498046875,8072.0498046875,8112.5498046875,7875.85009765625,7916.2998046875,26149000
2019-09-03,7976.4501953125,7976.4501953125,8104.7001953125,7939.7001953125,8032.89990234375,23724000
2019-09-04,7967.64990234375,7967.64990234375,7985.0,7768.0,7931.60009765625,48471000
2019-09-05,8071.75,8071.75,8086.5498046875,7969.10009765625,7998.9501953125,21299000
2019-09-06,8068.75,8068.75,8084.64990234375,7966.2001953125,8028.5,26419000
2019-09-09,8077.89990234375,8077.89990234375,8130.89990234375,8047.5,8067.39990234375,15735000
2019-09-11,8082.89990234375,8082.89990234375,8157.85009765625,8053.10009765625,8107.64990234375,19803000
2019-09-12,8102.14990234375,8102.14990234375,8168.5,8040.25,8113.25,21037000
2019-09-13,8033.0498046875,8033.0498046875,8141.7001953125,7974.64990234375,8141.39990234375,20151000
2019-09-16,8070.64990234375,8070.64990234375,8119.39990234375,7978.14990234375,8005.2998046875,17790000
2019-09-17,7933.85009765625,7933.85009765625,8106.0,7919.2001953125,8082.0498046875,14025000
2019-09-18,7923.4501953125,7923.4501953125,7984.0498046875,7882.5498046875,7973.9501953125,13304000
2019-09-19,7799.60009765625,7799.60009765625,7938.75,7777.75,7922.39990234375,14945000
2019-09-20,7983.5498046875,7983.5498046875,8018.39990234375,7745.5498046875,7839.5498046875,31980000
2019-09-23,7857.25,7857.25,8073.7001953125,7802.2998046875,8063.10009765625,21305000
2019-09-24,7891.9501953125,7891.9501953125,7976.14990234375,7773.85009765625,7831.0,19666000
2019-09-25,7789.7001953125,7789.7001953125,7887.5,7759.75,7860.89990234375,19505000
2019-09-26,7857.2998046875,7857.2998046875,7871.14990234375,7788.60009765625,7818.7001953125,19792000
2019-09-27,7695.2998046875,7695.2998046875,7842.9501953125,7683.25,7837.25,21665000
2019-09-30,7547.75,7547.75,7692.9501953125,7509.10009765625,7688.14990234375,27825000
2019-10-01,7466.4501953125,7466.4501953125,7601.39990234375,7388.60009765625,7552.35009765625,23157000
2019-10-03,7461.75,7461.75,7497.2998046875,7323.2998046875,7418.7998046875,22005000
2019-10-04,7396.89990234375,7396.89990234375,7525.14990234375,7383.0498046875,7490.10009765625,19851000
2019-10-07,7148.9501953125,7148.9501953125,7414.14990234375,7126.5498046875,7396.7998046875,50426000
2019-10-09,7235.60009765625,7235.60009765625,7256.10009765625,7047.10009765625,7154.7001953125,40573000
2019-10-10,7235.60009765625,7235.60009765625,7272.7998046875,7130.5,7200.25,32159000
2019-10-11,7278.4501953125,7278.4501953125,7292.7001953125,7115.64990234375,7256.60009765625,48444000
2019-10-14,7361.7001953125,7361.7001953125,7411.7998046875,7281.85009765625,7296.0498046875,31877000
2019-10-15,7420.64990234375,7420.64990234375,7434.0498046875,7349.25,7371.75,22620000
2019-10-16,7475.35009765625,7475.35009765625,7486.0,7387.89990234375,7448.0498046875,20011000
2019-10-17,7533.4501953125,7533.4501953125,7545.35009765625,7428.64990234375,7480.14990234375,15309000
2019-10-18,7608.14990234375,7608.14990234375,7651.9501953125,7500.5,7530.64990234375,21564000
2019-10-22,7746.14990234375,7746.14990234375,7799.39990234375,7597.7001953125,7607.9501953125,19172000
2019-10-23,7761.85009765625,7761.85009765625,7785.7998046875,7711.9501953125,7760.64990234375,17734000
2019-10-24,7728.14990234375,7728.14990234375,7800.25,7652.5,7770.2998046875,23128000
2019-10-25,7736.5498046875,7736.5498046875,7757.10009765625,7591.7001953125,7719.4501953125,30871000
2019-10-29,7824.60009765625,7824.60009765625,7852.2998046875,7722.25,7745.60009765625,18519000
2019-10-30,7819.35009765625,7819.35009765625,7871.39990234375,7771.75,7871.39990234375,17770000
2019-10-31,7878.14990234375,7878.14990234375,7923.5,7829.5498046875,7840.64990234375,23957000
2019-11-01,7949.4501953125,7949.4501953125,7979.5498046875,7894.2001953125,7902.75,23683000
2019-11-04,7966.85009765625,7966.85009765625,8030.14990234375,7925.25,7983.60009765625,32032000
2019-11-05,7879.5498046875,7879.5498046875,8003.85009765625,7847.85009765625,7960.35009765625,26308000
2019-11-06,7926.35009765625,7926.35009765625,8061.9501953125,7861.64990234375,7877.0,56678000
2019-11-07,7966.0,7966.0,7982.0,7871.0,7942.2998046875,43837000
2019-11-08,7787.39990234375,7787.39990234375,7958.14990234375,7771.0,7955.5498046875,29443000
2019-11-11,7784.89990234375,7784.89990234375,7807.60009765625,7675.0,7728.5498046875,26513000
2019-11-13,7660.4501953125,7660.4501953125,7853.0,7642.0,7795.2998046875,30300000
2019-11-14,7591.4501953125,7591.4501953125,7655.60009765625,7553.0498046875,7634.39990234375,38600000
2019-11-15,7720.60009765625,7720.60009765625,7769.2998046875,7554.5,7620.4501953125,45815000
2019-11-18,7816.5498046875,7816.5498046875,7881.0498046875,7750.9501953125,7757.9501953125,63329000
2019-11-19,7851.4501953125,7851.4501953125,7881.89990234375,7823.75,7839.64990234375,39897000
2019-11-20,8107.60009765625,8107.60009765625,8187.10009765625,7843.64990234375,7866.0,53414000
2019-11-21,8068.9501953125,8068.9501953125,8153.0,8058.4501953125,8107.7998046875,31476000
2019-11-22,8067.2001953125,8067.2001953125,8162.10009765625,7995.0498046875,8076.7001953125,35670000
2019-11-25,8211.5498046875,8211.5498046875,8226.7998046875,8047.7998046875,8072.14990234375,25645000
2019-11-26,8177.85009765625,8177.85009765625,8298.400390625,8132.25,8242.7998046875,56365000
2019-11-27,8246.099609375,8246.099609375,8267.650390625,8165.2001953125,8178.25,40465000
2019-11-28,8273.650390625,8273.650390625,8288.5498046875,8216.75,8247.099609375,25051000
2019-11-29,8189.9501953125,8189.9501953125,8320.25,8159.2001953125,8286.25,22403000
2019-12-02,8128.9501953125,8128.9501953125,8198.9501953125,8056.2001953125,8195.4501953125,26353000
2019-12-03,8044.85009765625,8044.85009765625,8172.2998046875,8027.0498046875,8167.60009765625,31300000
2019-12-04,8121.5,8121.5,8132.0498046875,8021.7998046875,8032.0,22104000
2019-12-05,8051.85009765625,8051.85009765625,8115.25,8030.14990234375,8104.35009765625,15365000
2019-12-06,7957.5498046875,7957.5498046875,8152.25,7942.0,8091.2001953125,24282000
2019-12-09,7960.35009765625,7960.35009765625,8043.5498046875,7936.7001953125,7987.5,18393000
2019-12-10,7940.5,7940.5,8016.9501953125,7926.0,7983.75,21226000
2019-12-11,7967.85009765625,7967.85009765625,7980.89990234375,7909.89990234375,7958.39990234375,20289000
2019-12-12,8045.35009765625,8045.35009765625,8073.60009765625,7973.85009765625,7991.14990234375,19790000
2019-12-13,8045.0498046875,8045.0498046875,8066.0,7947.7998046875,8050.60009765625,18163000
2019-12-16,8025.85009765625,8025.85009765625,8091.2998046875,7990.10009765625,8017.9501953125,27290000
2019-12-17,7999.60009765625,7999.60009765625,8068.2001953125,7973.7001953125,8037.35009765625,22362000
2019-12-18,8091.10009765625,8091.10009765625,8100.39990234375,7988.2001953125,8013.4501953125,18622000
2019-12-19,8073.0498046875,8073.0498046875,8128.0,8024.64990234375,8087.5,22405000
2019-12-20,8049.4501953125,8049.4501953125,8090.14990234375,8038.7998046875,8059.60009765625,21052000
2019-12-23,8051.5,8051.5,8096.0,8020.7998046875,8043.0498046875,16008000
2019-12-24,8073.7998046875,8073.7998046875,8083.25,8020.85009765625,8060.39990234375,15425000
2019-12-26,7997.60009765625,7997.60009765625,8097.75,7985.75,8079.64990234375,15458000
2019-12-27,8068.0498046875,8068.0498046875,8075.5498046875,8010.35009765625,8013.75,12047000
2019-12-30,8083.10009765625,8083.10009765625,8125.0498046875,8071.25,8086.5498046875,12685000
2019-12-31,8040.14990234375,8040.14990234375,8121.4501953125,8028.5498046875,8082.2001953125,12246000
2020-01-01,8047.10009765625,8047.10009765625,8076.64990234375,8018.9501953125,8060.2998046875,8898000
2020-01-02,8053.9501953125,8053.9501953125,8102.39990234375,8027.14990234375,8056.75,12949000
2020-01-03,8111.9501953125,8111.9501953125,8189.7998046875,8026.2998046875,8053.0,26218000
2020-01-06,7987.35009765625,7987.35009765625,8085.5,7943.14990234375,8076.85009765625,17516000
2020-01-07,8036.5,8036.5,8087.64990234375,7973.9501953125,8014.10009765625,27940000
2020-01-08,7996.14990234375,7996.14990234375,8041.60009765625,7960.0498046875,7975.7001953125,12772000
2020-01-09,8033.14990234375,8033.14990234375,8090.9501953125,8015.14990234375,8057.7998046875,13985000
2020-01-10,8058.5,8058.5,8171.2001953125,8044.35009765625,8048.5498046875,15905000
2020-01-13,8078.4501953125,8078.4501953125,8141.2998046875,8042.64990234375,8082.2998046875,15316000
2020-01-14,8117.0,8117.0,8136.39990234375,8081.2998046875,8104.14990234375,17192000
2020-01-15,8166.2001953125,8166.2001953125,8178.85009765625,8080.35009765625,8135.75,19694000
2020-01-16,8203.099609375,8203.099609375,8223.849609375,8175.35009765625,8188.0498046875,20296000
2020-01-17,8345.2998046875,8345.2998046875,8371.599609375,8200.0,8208.2998046875,25016000
2020-01-20,8269.349609375,8269.349609375,8375.2001953125,8251.0,8353.7001953125,18242000
2020-01-21,8274.2001953125,8274.2001953125,8313.4501953125,8214.5498046875,8249.150390625,15648000
2020-01-22,8256.650390625,8256.650390625,8372.2998046875,8245.4501953125,8295.0,25048000
2020-01-23,8300.2001953125,8300.2001953125,8322.4501953125,8208.5498046875,8245.9501953125,19859000
2020-01-24,8294.0498046875,8294.0498046875,8349.25,8273.9501953125,8291.75,22173000
2020-01-27,8416.349609375,8416.349609375,8471.7998046875,8240.099609375,8270.0498046875,31445000
2020-01-28,8420.25,8420.25,8513.150390625,8395.650390625,8427.7998046875,27889000
2020-01-29,8412.7998046875,8412.7998046875,8492.4501953125,8361.25,8446.2001953125,22105000
2020-01-30,8237.0498046875,8237.0498046875,8438.2001953125,8207.599609375,8426.25,30303000
2020-01-31,8138.60009765625,8138.60009765625,8299.349609375,8122.9501953125,8256.2001953125,19900000
2020-02-03,7967.5498046875,7967.5498046875,8122.0,7944.89990234375,8020.9501953125,21277000
2020-02-04,8122.39990234375,8122.39990234375,8166.7998046875,7967.7998046875,8002.64990234375,35927000
2020-02-05,8125.60009765625,8125.60009765625,8185.0,8091.60009765625,8151.2001953125,25124000
2020-02-06,8227.900390625,8227.900390625,8281.25,8176.60009765625,8194.0,43117000
2020-02-07,8341.849609375,8341.849609375,8363.2998046875,8180.0498046875,8243.0498046875,53299000
2020-02-10,8261.25,8261.25,8371.2001953125,8235.0,8340.150390625,26095000
2020-02-11,8324.650390625,8324.650390625,8359.5,8280.9501953125,8303.2998046875,23370000
2020-02-12,8265.0498046875,8265.0498046875,8375.0,8238.9501953125,8341.7001953125,22810000
2020-02-13,8335.7001953125,8335.7001953125,8351.5498046875,8246.9501953125,8292.0,20839000
2020-02-14,8331.7001953125,8331.7001953125,8384.099609375,8294.2001953125,8349.900390625,18664000
2020-02-17,8204.849609375,8204.849609375,8377.349609375,8193.599609375,8342.599609375,28572000
2020-02-18,8198.2998046875,8198.2998046875,8213.0,8068.2001953125,8190.85009765625,22601000
2020-02-19,8378.650390625,8378.650390625,8390.400390625,8276.150390625,8277.400390625,45594000
2020-02-20,8364.349609375,8364.349609375,8473.7998046875,8348.75,8401.5498046875,36971000
2020-02-24,8115.5498046875,8115.5498046875,8281.9501953125,8086.64990234375,8275.9501953125,50488000
2020-02-25,7938.4501953125,7938.4501953125,8153.85009765625,7898.35009765625,8153.85009765625,39870000
2020-02-26,7839.2001953125,7839.2001953125,7931.7001953125,7813.9501953125,7886.35009765625,44449000
2020-02-27,7885.14990234375,7885.14990234375,7903.5498046875,7740.9501953125,7824.5,40519000
2020-02-28,7576.75,7576.75,7786.60009765625,7559.0,7751.4501953125,35181000
2020-03-02,7535.10009765625,7535.10009765625,7768.0,7463.0498046875,7675.5498046875,28891000
2020-03-03,7920.60009765625,7920.60009765625,7966.14990234375,7603.14990234375,7606.7998046875,41206000
2020-03-04,8086.5498046875,8086.5498046875,8131.85009765625,7840.85009765625,7970.0,57963000
2020-03-05,8146.0,8146.0,8281.7001953125,8122.60009765625,8125.89990234375,40817000
2020-03-06,8018.2998046875,8018.2998046875,8057.9501953125,7860.60009765625,7863.10009765625,27818000
2020-03-09,7756.4501953125,7756.4501953125,7999.2998046875,7698.25,7921.25,33460000
2020-03-11,7623.0498046875,7623.0498046875,7779.10009765625,7596.35009765625,7754.75,36502000
2020-03-12,6942.5498046875,6942.5498046875,7423.9501953125,6868.7001953125,7408.39990234375,52330000
2020-03-13,7268.0,7268.0,7469.7001953125,6242.85009765625,6558.25,51705000
2020-03-16,6959.35009765625,6959.35009765625,7406.0498046875,6909.64990234375,7075.35009765625,47250000
2020-03-17,6979.10009765625,6979.10009765625,7289.64990234375,6927.0498046875,7014.5,40952000
2020-03-18,6705.75,6705.75,7145.39990234375,6666.85009765625,7135.0498046875,44945000
2020-03-19,6655.5,6655.5,6871.39990234375,6332.0,6489.5,35701000
2020-03-20,6951.89990234375,6951.89990234375,7088.14990234375,6728.75,6740.25,50098000
2020-03-23,6432.2998046875,6432.2998046875,6850.5498046875,6380.10009765625,6518.0,33278000
2020-03-24,6611.0498046875,6611.0498046875,6828.2998046875,6532.64990234375,6589.4501953125,34382000
2020-03-25,6695.5498046875,6695.5498046875,6746.2998046875,6538.5498046875,6539.60009765625,30766000
2020-03-26,6775.0,6775.0,6963.25,6743.0498046875,6845.25,43518000
2020-03-27,6813.0498046875,6813.0498046875,7058.7998046875,6697.9501953125,6924.60009765625,40900000
2020-03-30,6896.0,6896.0,6970.5,6608.7998046875,6708.7001953125,38187000
2020-03-31,7176.5,7176.5,7224.35009765625,6951.39990234375,7074.2001953125,39022000
2020-04-01,7026.7001953125,7026.7001953125,7208.25,6991.60009765625,7206.2001953125,31879000
2020-04-03,7361.60009765625,7361.60009765625,7452.7998046875,6956.2001953125,7019.85009765625,90108000
2020-04-07,8124.85009765625,8124.85009765625,8159.75,7569.85009765625,7729.25,103931000
2020-04-08,8412.2001953125,8412.2001953125,8564.849609375,8056.2998046875,8122.89990234375,127307000
2020-04-09,8800.4501953125,8800.4501953125,9032.400390625,8706.400390625,8739.5,121943000
2020-04-13,9044.349609375,9044.349609375,9229.599609375,8852.0,9000.25,121649000
2020-04-15,9038.7998046875,9038.7998046875,9382.150390625,8889.2001953125,9265.400390625,115258000
2020-04-16,9199.2998046875,9199.2998046875,9251.0498046875,8989.7998046875,9040.900390625,74190000
2020-04-17,9157.75,9157.75,9454.099609375,9066.099609375,9429.5,70422000
2020-04-20,9149.2001953125,9149.2001953125,9212.5498046875,9004.75,9176.7001953125,61908000
2020-04-21,9381.650390625,9381.650390625,9561.349609375,8999.9501953125,9031.849609375,125521000
2020-04-22,9377.0,9377.0,9513.0,9305.75,9369.400390625,79245000
2020-04-23,9388.900390625,9388.900390625,9580.849609375,9358.349609375,9400.150390625,75985000
2020-04-24,9518.4501953125,9518.4501953125,9638.7001953125,9305.599609375,9358.400390625,104410000
2020-04-27,9602.0498046875,9602.0498046875,9753.5,9557.400390625,9590.5,75788000
2020-04-28,9386.2001953125,9386.2001953125,9701.0,9352.0,9699.25,51486000
2020-04-29,9385.4501953125,9385.4501953125,9498.150390625,9339.75,9453.2998046875,47209000
2020-04-30,9327.099609375,9327.099609375,9556.5,9253.900390625,9522.5498046875,68641000
2020-05-04,9364.599609375,9364.599609375,9507.4501953125,9140.150390625,9181.599609375,87107000
2020-05-05,9181.5,9181.5,9503.75,9157.349609375,9493.7001953125,52023000
2020-05-06,9227.150390625,9227.150390625,9289.900390625,9128.0498046875,9229.849609375,50167000
2020-05-07,9148.099609375,9148.099609375,9373.5498046875,9128.9501953125,9283.2001953125,42005000
2020-05-08,9343.349609375,9343.349609375,9385.599609375,9230.349609375,9275.900390625,44253000
2020-05-11,9307.2998046875,9307.2998046875,9416.5,9281.7001953125,9413.25,47290000
2020-05-12,9246.650390625,9246.650390625,9368.0498046875,9142.7998046875,9291.099609375,54851000
2020-05-13,9147.75,9147.75,9447.9501953125,9131.150390625,9447.9501953125,46760000
2020-05-14,9172.2001953125,9172.2001953125,9279.650390625,9103.7998046875,9146.099609375,60236000
2020-05-15,9093.0,9093.0,9211.0,9065.650390625,9177.349609375,70644000
2020-05-18,9092.650390625,9092.650390625,9201.4501953125,8999.849609375,9097.599609375,61511000
2020-05-19,9084.599609375,9084.599609375,9231.5,9044.0498046875,9149.4501953125,45405000
2020-05-20,9456.7998046875,9456.7998046875,9495.5,9074.599609375,9098.7001953125,54446000
2020-05-21,9520.5498046875,9520.5498046875,9549.400390625,9436.0498046875,9475.2001953125,56821000
2020-05-22,9600.650390625,9600.650390625,9619.599609375,9427.2001953125,9502.2998046875,49964000
2020-05-26,9483.5,9483.5,9679.849609375,9454.75,9624.2998046875,48678000
2020-05-27,9463.7001953125,9463.7001953125,9537.7998046875,9416.7998046875,9528.75,43880000
2020-05-28,9464.5,9464.5,9507.5498046875,9362.0498046875,9488.9501953125,39315000
2020-05-29,9768.599609375,9768.599609375,9812.900390625,9432.599609375,9459.25,105962000
2020-06-01,9802.099609375,9802.099609375,9872.400390625,9677.9501953125,9844.2001953125,75074000
2020-06-02,9833.599609375,9833.599609375,10047.2998046875,9814.4501953125,9869.650390625,65215000
2020-06-03,9864.0498046875,9864.0498046875,9980.849609375,9835.0498046875,9914.7998046875,37556000
2020-06-04,10077.849609375,10077.849609375,10114.099609375,9869.599609375,9880.849609375,76337000
2020-06-05,10081.2998046875,10081.2998046875,10234.7998046875,10061.9501953125,10161.400390625,57217000
2020-06-08,9939.099609375,9939.099609375,10158.849609375,9883.7001953125,10158.849609375,39821000
2020-06-09,10122.0498046875,10122.0498046875,10227.900390625,9948.75,9950.5,69541000
2020-06-10,10149.25,10149.25,10237.0498046875,10070.7998046875,10159.099609375,44248000
2020-06-11,9933.400390625,9933.400390625,10177.349609375,9893.7998046875,10097.849609375,46572000
2020-06-12,9982.7998046875,9982.7998046875,9997.5,9687.9501953125,9690.900390625,44285000
2020-06-15,9989.0498046875,9989.0498046875,10171.7998046875,9894.7001953125,10020.75,44522000
2020-06-16,9926.400390625,9926.400390625,10092.349609375,9800.0498046875,10063.25,36885000
2020-06-17,9977.2001953125,9977.2001953125,10020.25,9915.2001953125,9956.7001953125,35988000
2020-06-18,9975.2998046875,9975.2998046875,10050.2001953125,9953.0498046875,9991.75,28615000
2020-06-19,10002.150390625,10002.150390625,10098.849609375,9982.4501953125,10022.900390625,40791000
2020-06-22,10218.349609375,10218.349609375,10291.4501953125,10102.2998046875,10223.0498046875,147574000
2020-06-23,10360.7998046875,10360.7998046875,10385.2001953125,10217.900390625,10300.099609375,106516000
2020-06-24,10110.5,10110.5,10404.349609375,10088.599609375,10393.349609375,57067000
2020-06-25,10193.150390625,10193.150390625,10239.599609375,10040.599609375,10075.5498046875,50195000
2020-06-26,10137.849609375,10137.849609375,10285.2001953125,10100.25,10239.099609375,41872000
2020-06-29,10135.900390625,10135.900390625,10264.900390625,10115.2998046875,10132.75,26419000
2020-06-30,9985.150390625,9985.150390625,10198.400390625,9956.150390625,10189.4501953125,25882000
2020-07-01,9882.849609375,9882.849609375,10006.599609375,9844.5,10004.650390625,23088000
2020-07-02,9943.650390625,9943.650390625,9976.150390625,9832.650390625,9845.349609375,28839000
2020-07-03,9963.400390625,9963.400390625,10046.099609375,9927.599609375,10020.0,27867000
2020-07-06,9901.25,9901.25,10012.9501953125,9852.2998046875,10002.25,27025000
2020-07-07,9878.0,9878.0,10000.9501953125,9866.9501953125,9924.7001953125,27328000
2020-07-08,9948.5,9948.5,10035.849609375,9909.9501953125,9920.849609375,31904000
2020-07-09,9987.5498046875,9987.5498046875,10039.7001953125,9955.349609375,10000.900390625,23681000
2020-07-10,10072.25,10072.25,10161.150390625,9982.5498046875,9998.5498046875,40467000
2020-07-13,10106.599609375,10106.599609375,10185.349609375,10065.9501953125,10171.849609375,39393000
2020-07-14,10155.0498046875,10155.0498046875,10203.5498046875,10105.2998046875,10132.599609375,49859000
2020-07-15,10210.75,10210.75,10261.2001953125,10157.2998046875,10192.2998046875,27616000
2020-07-16,10382.2998046875,10382.2998046875,10398.5,10166.75,10234.849609375,44529000
2020-07-17,10472.150390625,10472.150390625,10497.150390625,10347.0498046875,10394.7998046875,47210000
2020-07-20,10304.599609375,10304.599609375,10495.150390625,10283.25,10495.150390625,38480000
2020-07-21,10153.7998046875,10153.7998046875,10381.2998046875,10133.25,10355.849609375,25246000
2020-07-22,10175.2001953125,10175.2001953125,10355.5,10110.0498046875,10199.75,37887000
2020-07-23,10322.150390625,10322.150390625,10335.2998046875,10207.75,10237.9501953125,27011000
2020-07-24,10237.9501953125,10237.9501953125,10476.0,10192.2001953125,10382.349609375,46640000
2020-07-27,10062.0498046875,10062.0498046875,10265.5498046875,9994.7998046875,10247.400390625,25864000
2020-07-28,10128.0498046875,10128.0498046875,10168.5498046875,10033.2998046875,10065.4501953125,23566000
2020-07-29,10441.150390625,10441.150390625,10469.099609375,10166.099609375,10176.400390625,35072000
2020-07-30,10766.0498046875,10766.0498046875,10788.2998046875,10493.5498046875,10505.2998046875,53146000
2020-07-31,11148.900390625,11148.900390625,11194.4501953125,10780.4501953125,10801.0498046875,107239000
2020-08-03,11128.400390625,11128.400390625,11389.9501953125,11090.650390625,11176.2998046875,71286000
2020-08-04,11316.9501953125,11316.9501953125,11337.7001953125,11056.9501953125,11179.5,43606000
2020-08-05,11263.75,11263.75,11413.849609375,11239.0498046875,11397.7001953125,51156000
2020-08-06,11403.650390625,11403.650390625,11478.5,11265.0,11325.900390625,49713000
2020-08-07,11333.0,11333.0,11468.0,11283.599609375,11410.150390625,49863000
2020-08-10,11941.400390625,11941.400390625,12027.9501953125,11582.4501953125,11583.599609375,122096000
2020-08-11,11772.25,11772.25,12045.2998046875,11712.400390625,12021.849609375,48306000
2020-08-12,11590.25,11590.25,11766.400390625,11536.75,11766.400390625,40291000
2020-08-13,11477.9501953125,11477.9501953125,11718.900390625,11456.5,11621.5,50038000
2020-08-14,11640.400390625,11640.400390625,11800.650390625,11465.7001953125,11529.400390625,77661000
2020-08-17,11595.349609375,11595.349609375,11751.0,11547.5498046875,11731.5,33234000
2020-08-18,11581.7001953125,11581.7001953125,11694.2001953125,11537.400390625,11620.75,28313000
2020-08-19,11537.900390625,11537.900390625,11704.849609375,11510.349609375,11647.7001953125,31380000
2020-08-20,11540.900390625,11540.900390625,11650.75,11503.0498046875,11520.849609375,27481000
2020-08-21,11614.900390625,11614.900390625,11733.9501953125,11594.0498046875,11659.75,32369000
2020-08-24,11572.25,11572.25,11696.4501953125,11508.2998046875,11681.9501953125,25941000
2020-08-25,11500.0,11500.0,11674.5498046875,11485.150390625,11649.75,28460000
2020-08-26,11484.5498046875,11484.5498046875,11536.150390625,11444.5,11532.5498046875,22796000
2020-08-27,11588.0498046875,11588.0498046875,11640.849609375,11509.150390625,11516.400390625,32193000
2020-08-28,11622.900390625,11622.900390625,11697.150390625,11572.7001953125,11658.75,49888000
2020-08-31,11079.7998046875,11079.7998046875,11710.150390625,11005.900390625,11675.7001953125,52048000
2020-09-01,11339.5,11339.5,11401.5,11052.400390625,11103.650390625,52475000
2020-09-02,11404.25,11404.25,11467.9501953125,11259.7998046875,11370.75,37628000
2020-09-03,11511.849609375,11511.849609375,11567.150390625,11365.150390625,11453.349609375,34025000
2020-09-04,11281.4501953125,11281.4501953125,11616.7998046875,11220.2998046875,11397.2998046875,44935000
2020-09-07,11269.849609375,11269.849609375,11415.75,11150.75,11343.099609375,25297000
2020-09-08,11093.2001953125,11093.2001953125,11367.2001953125,11058.599609375,11302.5498046875,26847000
2020-09-09,11304.099609375,11304.099609375,11343.4501953125,11006.7998046875,11038.599609375,42975000
2020-09-10,11303.400390625,11303.400390625,11402.4501953125,11233.7998046875,11366.0498046875,31892000
2020-09-11,11313.2998046875,11313.2998046875,11375.900390625,11240.2998046875,11308.2998046875,24026000
2020-09-14,11233.2998046875,11233.2998046875,11376.5498046875,11186.5,11361.4501953125,23010000
2020-09-15,11450.5,11450.5,11604.349609375,11263.150390625,11269.5498046875,55376000
2020-09-16,11688.5498046875,11688.5498046875,11727.7001953125,11436.2998046875,11506.75,51570000
2020-09-17,11735.9501953125,11735.9501953125,11785.0498046875,11647.599609375,11701.0,43747000
2020-09-18,12320.900390625,12320.900390625,12528.849609375,11926.650390625,11958.2001953125,140543000
2020-09-21,11799.5498046875,11799.5498046875,12496.7001953125,11724.0,12341.75,62571000
2020-09-22,11876.849609375,11876.849609375,11952.099609375,11540.400390625,11889.099609375,55403000
2020-09-23,11685.900390625,11685.900390625,12052.400390625,11608.0,12032.4501953125,37581000
2020-09-24,11334.599609375,11334.599609375,11717.4501953125,11268.900390625,11581.099609375,42088000
2020-09-25,11595.900390625,11595.900390625,11666.0,11383.349609375,11513.0498046875,45977000
2020-09-28,11796.599609375,11796.599609375,11842.349609375,11528.25,11724.75,44513000
2020-09-29,11709.5,11709.5,11874.099609375,11680.900390625,11857.0,37061000
2020-09-30,11772.849609375,11772.849609375,12015.7001953125,11691.5,11745.0,57562000
2020-10-01,11822.900390625,11822.900390625,11893.2001953125,11710.099609375,11869.099609375,32261000
2020-10-05,12024.0,12024.0,12073.400390625,11748.9501953125,11881.25,35540000
2020-10-06,12009.4501953125,12009.4501953125,12161.099609375,11979.0498046875,12084.7998046875,32686000
2020-10-07,11915.0,11915.0,12119.400390625,11880.25,12009.0498046875,30017000
2020-10-08,12209.2001953125,12209.2001953125,12255.7001953125,11910.900390625,11968.7998046875,47025000
2020-10-09,12043.9501953125,12043.9501953125,12343.7001953125,12017.9501953125,12230.150390625,51543000
2020-10-12,12154.5498046875,12154.5498046875,12184.0,11987.0498046875,12067.900390625,33894000
2020-10-13,11937.099609375,11937.099609375,12331.0498046875,11892.5,12149.650390625,48665000
2020-10-14,11857.25,11857.25,12011.4501953125,11740.900390625,11956.5498046875,33378000
2020-10-15,11637.900390625,11637.900390625,11932.2998046875,11571.0498046875,11891.849609375,28609000
2020-10-16,11814.099609375,11814.099609375,11854.7001953125,11596.7998046875,11637.4501953125,40936000
2020-10-19,11616.650390625,11616.650390625,11923.9501953125,11592.9501953125,11911.650390625,24583000
2020-10-20,11644.400390625,11644.400390625,11746.2001953125,11551.2998046875,11626.5498046875,26570000
2020-10-21,11645.7001953125,11645.7001953125,11712.5498046875,11444.349609375,11696.2998046875,29315000
2020-10-22,11545.2998046875,11545.2998046875,11645.849609375,11316.349609375,11645.849609375,42742000
2020-10-23,11503.0498046875,11503.0498046875,11681.25,11473.4501953125,11573.150390625,36152000
2020-10-26,11334.2001953125,11334.2001953125,11578.75,11263.7998046875,11564.5,36284000
2020-10-27,11511.5,11511.5,11539.0498046875,11284.7001953125,11350.5498046875,34132000
2020-10-28,11325.099609375,11325.099609375,11625.9501953125,11295.4501953125,11531.7001953125,31295000
2020-10-29,11226.0,11226.0,11394.75,11174.099609375,11284.099609375,27525000
2020-10-30,11243.75,11243.75,11301.9501953125,11135.150390625,11267.650390625,27264000
2020-11-02,11175.2998046875,11175.2998046875,11281.599609375,11096.25,11256.25,23978000
2020-11-03,11361.0,11361.0,11400.849609375,11204.0498046875,11214.599609375,65526000
2020-11-04,11608.650390625,11608.650390625,11681.0,11430.650390625,11456.75,77393000
2020-11-05,11704.9501953125,11704.9501953125,11721.849609375,11595.7001953125,11677.400390625,39483000
2020-11-06,11623.349609375,11623.349609375,11753.4501953125,11596.7001953125,11735.5,33096000
2020-11-09,11674.349609375,11674.349609375,11809.5498046875,11567.5498046875,11803.5498046875,57052000
2020-11-10,11168.900390625,11168.900390625,11673.7001953125,11136.650390625,11670.25,64602000
2020-11-11,11570.349609375,11570.349609375,11601.7001953125,11224.400390625,11274.0498046875,61257000
2020-11-12,11600.7998046875,11600.7998046875,11788.099609375,11494.5498046875,11548.7001953125,63230000
2020-11-13,11726.4501953125,11726.4501953125,11744.75,11619.849609375,11640.5,39245000
2020-11-17,11690.7998046875,11690.7998046875,11837.2998046875,11633.0498046875,11816.599609375,39656000
2020-11-18,11612.9501953125,11612.9501953125,11708.150390625,11523.25,11688.5,29464000
2020-11-19,11566.599609375,11566.599609375,11741.349609375,11539.5498046875,11581.5498046875,28529000
2020-11-20,11526.75,11526.75,11670.099609375,11454.7998046875,11600.849609375,26918000
2020-11-23,11737.2001953125,11737.2001953125,11835.650390625,11525.400390625,11569.7001953125,41520000
2020-11-24,11880.7998046875,11880.7998046875,11912.349609375,11680.0,11808.900390625,37392000
2020-11-25,11635.2001953125,11635.2001953125,12012.4501953125,11600.75,11977.75,38065000
2020-11-26,11801.25,11801.25,11834.9501953125,11604.650390625,11665.150390625,29270000
2020-11-27,11839.150390625,11839.150390625,11976.099609375,11792.349609375,11840.400390625,79017000
2020-12-01,12045.150390625,12045.150390625,12085.9501953125,11875.599609375,12021.0,51369000
2020-12-02,12088.599609375,12088.599609375,12137.650390625,11986.5498046875,12073.349609375,31968000
2020-12-03,12206.9501953125,12206.9501953125,12232.099609375,12083.099609375,12151.5498046875,26527000
2020-12-04,12353.599609375,12353.599609375,12393.5498046875,12131.900390625,12248.5498046875,45529000
2020-12-07,12555.9501953125,12555.9501953125,12636.900390625,12314.7998046875,12376.4501953125,52174000
2020-12-08,12407.2998046875,12407.2998046875,12621.599609375,12327.5498046875,12588.7998046875,33752000
2020-12-09,12443.900390625,12443.900390625,12568.9501953125,12408.0498046875,12463.5498046875,28980000
2020-12-10,12440.599609375,12440.599609375,12551.400390625,12338.099609375,12453.099609375,23504000
2020-12-11,12366.0,12366.0,12493.4501953125,12277.5,12460.0,20740000
2020-12-14,12459.900390625,12459.900390625,12506.900390625,12395.5498046875,12399.75,39249000
2020-12-15,12432.599609375,12432.599609375,12556.349609375,12400.7001953125,12498.349609375,31233000
2020-12-16,12547.5,12547.5,12578.400390625,12437.849609375,12492.900390625,22536000
2020-12-17,12602.400390625,12602.400390625,12731.4501953125,12561.25,12585.0,30507000
2020-12-18,12762.349609375,12762.349609375,12796.9501953125,12559.400390625,12632.599609375,27911000
2020-12-21,12278.150390625,12278.150390625,12869.7001953125,11949.599609375,12752.0,55191000
2020-12-22,12550.9501953125,12550.9501953125,12592.4501953125,12020.7001953125,12328.5498046875,31680000
2020-12-23,12753.25,12753.25,12781.5498046875,12481.349609375,12558.0498046875,27901000
2020-12-24,12908.9501953125,12908.9501953125,12943.2001953125,12694.5498046875,12815.900390625,30550000
2020-12-28,12874.349609375,12874.349609375,12995.2001953125,12842.5498046875,12989.400390625,39198000
2020-12-29,12843.900390625,12843.900390625,13006.2001953125,12802.849609375,12932.2998046875,27309000
2020-12-30,12823.900390625,12823.900390625,12898.599609375,12753.849609375,12898.599609375,18470000
2020-12-31,12915.900390625,12915.900390625,12986.4501953125,12797.9501953125,12829.75,35016000
2021-01-01,13001.9501953125,13001.9501953125,13045.5498046875,12875.5498046875,12933.099609375,22979000
2021-01-04,13149.7998046875,13149.7998046875,13186.5498046875,13028.2001953125,13085.2998046875,33418000
2021-01-05,13166.349609375,13166.349609375,13247.0498046875,13073.0,13148.0498046875,27961000
2021-01-06,13118.099609375,13118.099609375,13205.650390625,12965.650390625,13181.0,24307000
2021-01-07,13060.75,13060.75,13200.25,13010.349609375,13168.4501953125,21168000
2021-01-08,13271.5498046875,13271.5498046875,13298.150390625,13104.0498046875,13141.0,32926000
2021-01-11,13412.349609375,13412.349609375,13423.7998046875,13222.7998046875,13315.4501953125,30583000
2021-01-12,13244.7001953125,13244.7001953125,13476.7998046875,13220.0498046875,13445.650390625,23360000
2021-01-13,13122.5498046875,13122.5498046875,13304.75,12994.25,13285.9501953125,24099000
2021-01-14,13232.5498046875,13232.5498046875,13278.599609375,13020.2998046875,13140.400390625,27373000
2021-01-15,13014.25,13014.25,13268.5498046875,12946.7998046875,13262.0498046875,29533000
2021-01-18,12653.5,12653.5,13013.4501953125,12592.7998046875,13000.7998046875,25807000
2021-01-19,12866.0498046875,12866.0498046875,12914.5,12699.2001953125,12714.9501953125,19727000
2021-01-20,12881.2001953125,12881.2001953125,12992.900390625,12862.400390625,12919.0,17929000
2021-01-21,12697.150390625,12697.150390625,12967.099609375,12655.5498046875,12967.099609375,20327000
2021-01-22,12542.099609375,12542.099609375,12700.5,12468.75,12670.0,50903000
2021-01-25,12756.75,12756.75,12867.849609375,12390.5498046875,12604.599609375,56442000
2021-01-27,12495.900390625,12495.900390625,12764.5,12403.7998046875,12764.5,39053000
2021-01-28,12395.9501953125,12395.9501953125,12513.400390625,12213.599609375,12331.75,33626000
2021-01-29,12170.25,12170.25,12482.5498046875,12101.4501953125,12467.849609375,52734000
2021-02-01,12103.5498046875,12103.5498046875,12218.75,11934.25,12212.2001953125,43558000
2021-02-02,12361.5498046875,12361.5498046875,12416.2998046875,12125.349609375,12228.2998046875,45298000
2021-02-03,12706.650390625,12706.650390625,12899.7998046875,12445.599609375,12468.0498046875,67625000
2021-02-04,12739.0498046875,12739.0498046875,12866.5498046875,12661.900390625,12772.25,28542000
2021-02-05,12950.650390625,12950.650390625,13041.0,12669.599609375,12812.75,48932000
2021-02-08,12971.0,12971.0,13118.7001953125,12907.25,13039.5498046875,28592000
2021-02-09,12812.7998046875,12812.7998046875,13013.099609375,12771.0498046875,12954.849609375,27832000
2021-02-10,12905.5498046875,12905.5498046875,12945.7998046875,12689.400390625,12842.7001953125,26713000
2021-02-11,12929.7998046875,12929.7998046875,12961.9501953125,12807.599609375,12833.650390625,32225000
2021-02-12,12785.75,12785.75,13013.75,12738.349609375,13012.349609375,29121000
2021-02-15,12745.099609375,12745.099609375,12863.2998046875,12723.400390625,12817.9501953125,19328000
2021-02-16,12804.150390625,12804.150390625,12821.0,12695.150390625,12789.0498046875,24863000
2021-02-17,12584.349609375,12584.349609375,12837.099609375,12551.25,12794.900390625,25409000
2021-02-18,12517.5,12517.5,12648.099609375,12491.0498046875,12593.5,23394000
2021-02-19,12347.400390625,12347.400390625,12545.7001953125,12236.150390625,12499.900390625,27821000
2021-02-22,12032.2998046875,12032.2998046875,12387.0498046875,11950.4501953125,12365.7998046875,24407000
2021-02-23,12029.5,12029.5,12122.349609375,11935.25,12059.349609375,31169000
2021-02-24,12035.849609375,12035.849609375,12135.4501953125,11916.7998046875,12101.2998046875,11432000
2021-02-25,12141.7001953125,12141.7001953125,12291.75,12058.2001953125,12097.349609375,28226000
2021-02-26,11927.900390625,11927.900390625,12322.099609375,11860.7001953125,12043.599609375,44645000
2021-03-01,12092.7001953125,12092.7001953125,12126.400390625,11949.75,12007.2001953125,18030000
2021-03-02,12257.2998046875,12257.2998046875,12273.9501953125,12099.849609375,12156.2998046875,20640000
2021-03-03,12379.599609375,12379.599609375,12399.150390625,12236.0498046875,12347.5,20940000
2021-03-04,12351.75,12351.75,12447.2998046875,12265.849609375,12315.849609375,25370000
2021-03-05,12192.75,12192.75,12336.0,12150.4501953125,12320.7998046875,18527000
2021-03-08,12239.849609375,12239.849609375,12347.849609375,12202.2998046875,12224.2998046875,15040000
2021-03-09,12133.849609375,12133.849609375,12333.25,12053.099609375,12316.7998046875,15421000
2021-03-10,12313.25,12313.25,12335.900390625,12180.150390625,12218.4501953125,22335000
2021-03-12,12184.25,12184.25,12377.2998046875,12148.5498046875,12365.7998046875,17072000
2021-03-15,12024.5,12024.5,12215.150390625,11848.2998046875,12213.75,16756000
2021-03-16,12013.0,12013.0,12099.900390625,11953.25,12059.2001953125,16718000
2021-03-17,11787.5,11787.5,12032.5,11747.599609375,12028.7001953125,19771000
2021-03-18,11514.4501953125,11514.4501953125,11849.2001953125,11466.9501953125,11830.9501953125,19450000
2021-03-19,11667.099609375,11667.099609375,11705.9501953125,11280.7998046875,11466.7001953125,25594000
2021-03-22,11850.75,11850.75,11884.75,11669.0498046875,11685.099609375,23238000
2021-03-23,11907.2001953125,11907.2001953125,11943.349609375,11811.2998046875,11869.099609375,16742000
2021-03-24,11916.2998046875,11916.2998046875,12056.25,11850.900390625,11874.0,25113000
2021-03-25,11816.7998046875,11816.7998046875,11986.349609375,11717.349609375,11929.4501953125,22012000
2021-03-26,11883.2001953125,11883.2001953125,11944.150390625,11765.7001953125,11887.900390625,22201000
2021-03-30,12206.599609375,12206.599609375,12219.599609375,11958.0,11989.099609375,20931000
2021-03-31,12272.599609375,12272.599609375,12327.400390625,12191.900390625,12231.0498046875,21159000
2021-04-01,12377.099609375,12377.099609375,12400.5498046875,12273.599609375,12319.0,14702000
2021-04-05,12331.5,12331.5,12383.5498046875,12129.25,12383.5498046875,16785000
2021-04-06,12548.599609375,12548.599609375,12562.099609375,12321.7001953125,12345.099609375,22715000
2021-04-07,12616.349609375,12616.349609375,12695.099609375,12549.5,12597.0,18351000
2021-04-08,12611.7001953125,12611.7001953125,12739.0498046875,12592.75,12630.150390625,15873000
2021-04-09,12995.349609375,12995.349609375,13074.0,12582.599609375,12603.599609375,64843000
2021-04-12,12961.849609375,12961.849609375,13301.599609375,12758.650390625,13026.2998046875,89495000
2021-04-13,12807.5,12807.5,13205.5,12733.0,13155.0,38827000
2021-04-15,12987.0498046875,12987.0498046875,13054.5,12798.599609375,12914.650390625,46300000
2021-04-16,13234.25,13234.25,13309.7001953125,12892.0,13016.4501953125,53088000
2021-04-19,13256.25,13256.25,13342.25,12999.7998046875,13233.2001953125,59334000
2021-04-20,13426.900390625,13426.900390625,13583.0498046875,13324.25,13426.0498046875,71771000
2021-04-22,13378.9501953125,13378.9501953125,13633.400390625,13347.2001953125,13496.5498046875,58910000
2021-04-23,13319.75,13319.75,13476.5498046875,13169.0,13373.099609375,57790000
2021-04-26,13203.849609375,13203.849609375,13418.599609375,13186.25,13418.599609375,57499000
2021-04-27,13296.75,13296.75,13310.650390625,13145.0498046875,13247.5498046875,35540000
2021-04-28,13252.9501953125,13252.9501953125,13367.400390625,13227.2001953125,13347.650390625,39404000
2021-04-29,13298.650390625,13298.650390625,13401.5,13222.599609375,13301.849609375,38814000
2021-04-30,13469.25,13469.25,13619.5498046875,13263.349609375,13271.349609375,44769000
2021-05-03,13507.4501953125,13507.4501953125,13580.5,13408.2001953125,13502.650390625,30198000
2021-05-04,13234.75,13234.75,13573.849609375,13200.7001953125,13573.849609375,29093000
2021-05-05,13779.7001953125,13779.7001953125,13809.150390625,13210.5,13293.0,101237000
2021-05-06,13747.75,13747.75,13960.7998046875,13651.2001953125,13897.5498046875,59022000
2021-05-07,13747.099609375,13747.099609375,13924.7001953125,13718.650390625,13799.25,32932000
2021-05-10,14131.849609375,14131.849609375,14228.400390625,13861.4501953125,13965.5,55079000
2021-05-11,14066.650390625,14066.650390625,14282.900390625,14013.25,14112.650390625,46934000
2021-05-12,14065.0498046875,14065.0498046875,14224.5,14000.099609375,14135.099609375,52764000
2021-05-14,13885.5,13885.5,14252.349609375,13848.9501953125,14141.099609375,53066000
2021-05-17,13858.7001953125,13858.7001953125,13958.599609375,13741.25,13921.2998046875,34369000
2021-05-18,13832.400390625,13832.400390625,13995.349609375,13804.7001953125,13934.349609375,21811000
2021-05-19,14001.349609375,14001.349609375,14039.099609375,13839.2001953125,13859.599609375,30993000
2021-05-20,13970.2001953125,13970.2001953125,14056.2001953125,13903.099609375,14025.349609375,31296000
2021-05-21,13993.7001953125,13993.7001953125,14085.650390625,13974.4501953125,14036.75,20191000
2021-05-24,14034.650390625,14034.650390625,14171.400390625,14015.599609375,14028.849609375,30653000
2021-05-25,14090.099609375,14090.099609375,14127.599609375,14025.9501953125,14120.900390625,16292000
2021-05-26,14127.25,14127.25,14228.599609375,14088.2998046875,14138.75,25448000
2021-05-27,14100.0498046875,14100.0498046875,14169.7001953125,14022.75,14157.099609375,38750000
2021-05-28,13934.099609375,13934.099609375,14098.400390625,13893.5498046875,14092.349609375,43114000
2021-05-31,14051.75,14051.75,14074.75,13849.2998046875,14001.2001953125,37719000
2021-06-01,14058.0498046875,14058.0498046875,14109.0498046875,13939.4501953125,14086.0498046875,23159000
2021-06-02,14151.849609375,14151.849609375,14189.5,14052.25,14058.099609375,27733000
2021-06-03,14114.400390625,14114.400390625,14206.9501953125,14079.650390625,14176.25,17816000
2021-06-04,14101.5498046875,14101.5498046875,14156.650390625,14050.4501953125,14150.25,17864000
2021-06-07,14069.0,14069.0,14151.2001953125,14049.0498046875,14126.9501953125,15290000
2021-06-08,14189.849609375,14189.849609375,14207.2998046875,13920.2001953125,14064.400390625,25967000
2021-06-09,14118.900390625,14118.900390625,14362.4501953125,14046.75,14220.349609375,33225000
2021-06-10,14313.900390625,14313.900390625,14369.349609375,14138.5,14140.900390625,25520000
2021-06-11,14464.0498046875,14464.0498046875,14530.9501953125,14300.099609375,14331.9501953125,29964000
2021-06-14,14449.599609375,14449.599609375,14525.349609375,14217.4501953125,14447.75,20453000
2021-06-15,14322.650390625,14322.650390625,14505.0,14309.5498046875,14464.5,13804000
2021-06-16,14215.7001953125,14215.7001953125,14354.0,14183.099609375,14336.099609375,18971000
2021-06-17,14081.599609375,14081.599609375,14245.849609375,13987.0498046875,14193.4501953125,18811000
2021-06-18,14030.599609375,14030.599609375,14194.900390625,13855.099609375,14110.5,25168000
2021-06-21,14082.9501953125,14082.9501953125,14103.2001953125,13899.650390625,13949.5498046875,12754000
2021-06-22,14095.0,14095.0,14146.099609375,14028.150390625,14126.099609375,15851000
2021-06-23,14018.0498046875,14018.0498046875,14179.599609375,14003.7998046875,14115.4501953125,12757000
2021-06-24,13967.9501953125,13967.9501953125,14058.650390625,13900.0498046875,14019.25,13421400
2021-06-25,14069.599609375,14069.599609375,14133.4501953125,13968.9501953125,13982.900390625,12300200
2021-06-28,14247.599609375,14247.599609375,14308.900390625,14095.0,14120.349609375,17630900
2021-06-29,14330.2001953125,14330.2001953125,14353.25,14205.599609375,14241.7998046875,18793500
2021-06-30,14308.900390625,14308.900390625,14422.4501953125,14288.150390625,14379.2001953125,18359900
2021-07-01,14442.4501953125,14442.4501953125,14465.349609375,14294.400390625,14327.400390625,17441100
2021-07-02,14529.650390625,14529.650390625,14575.2998046875,14461.0498046875,14489.9501953125,21574100
2021-07-05,14528.5,14528.5,14597.900390625,14500.599609375,14575.349609375,9775800
2021-07-06,14406.9501953125,14406.9501953125,14539.650390625,14377.0498046875,14519.349609375,12969800
2021-07-07,14453.2001953125,14453.2001953125,14471.400390625,14320.2001953125,14354.0,12764700
2021-07-08,14269.2998046875,14269.2998046875,14484.2998046875,14240.2998046875,14424.150390625,10632300
2021-07-09,14360.2001953125,14360.2001953125,14390.5,14243.849609375,14260.4501953125,10096100
2021-07-12,14372.2001953125,14372.2001953125,14447.849609375,14322.7998046875,14409.150390625,9436700
2021-07-13,14460.0498046875,14460.0498046875,14519.9501953125,14372.7001953125,14405.5498046875,17358400
2021-07-14,14507.0,14507.0,14547.5498046875,14424.0498046875,14457.0,14913000
2021-07-15,14467.4501953125,14467.4501953125,14564.2001953125,14444.2998046875,14530.599609375,10082100
2021-07-16,14635.0498046875,14635.0498046875,14715.150390625,14478.150390625,14486.099609375,18476200
2021-07-19,14669.900390625,14669.900390625,14707.0,14549.849609375,14556.75,11750300
2021-07-20,14479.2001953125,14479.2001953125,14689.400390625,14453.9501953125,14680.599609375,13477600
2021-07-22,14575.400390625,14575.400390625,14590.5498046875,14457.650390625,14549.5,11598500
2021-07-23,14597.849609375,14597.849609375,14630.0498046875,14500.0498046875,14557.150390625,15190200
2021-07-26,14652.5498046875,14652.5498046875,14711.2001953125,14591.849609375,14604.650390625,14243400
2021-07-27,14018.650390625,14018.650390625,14713.150390625,13866.7998046875,14702.9501953125,32649700
2021-07-28,13964.75,13964.75,14092.0,13794.900390625,14075.0,24488700
2021-07-29,13920.349609375,13920.349609375,14072.599609375,13834.849609375,14032.150390625,24202900
2021-07-30,14425.2998046875,14425.2998046875,14479.099609375,13903.7998046875,13962.349609375,53619400
2021-08-02,14474.9501953125,14474.9501953125,14588.650390625,14381.650390625,14516.0,28923300
2021-08-03,14647.849609375,14647.849609375,14690.400390625,14457.9501953125,14498.7001953125,24136600
2021-08-04,14594.349609375,14594.349609375,14743.2998046875,14562.349609375,14654.650390625,15100500
2021-08-05,14579.849609375,14579.849609375,14689.5498046875,14540.5,14640.2998046875,15501200
2021-08-06,14517.5,14517.5,14612.5498046875,14490.25,14599.2998046875,18703300
2021-08-09,14533.4501953125,14533.4501953125,14595.349609375,14409.349609375,14589.75,12652300
2021-08-10,14502.900390625,14502.900390625,14622.150390625,14375.0,14582.25,15099500
2021-08-11,14291.150390625,14291.150390625,14480.75,14145.4501953125,14477.75,25388500
2021-08-12,14133.0498046875,14133.0498046875,14291.5,14120.0498046875,14291.5,25887900
2021-08-13,14049.0498046875,14049.0498046875,14190.4501953125,13930.2998046875,14083.599609375,42651300
2021-08-16,13965.400390625,13965.400390625,14074.5,13900.7001953125,14036.400390625,22501800
2021-08-17,14041.25,14041.25,14118.7998046875,13969.75,13986.75,24718800
2021-08-18,14071.349609375,14071.349609375,14184.150390625,14024.7001953125,14070.599609375,22384600
2021-08-20,13711.150390625,13711.150390625,14017.7998046875,13601.2998046875,13983.9501953125,28917200
2021-08-23,13700.599609375,13700.599609375,13911.2001953125,13625.400390625,13856.7998046875,49252700
2021-08-24,13876.0498046875,13876.0498046875,13902.349609375,13578.900390625,13758.2998046875,30810400
2021-08-25,13830.5,13830.5,13902.849609375,13767.900390625,13874.400390625,16396300
2021-08-26,13758.599609375,13758.599609375,13874.2001953125,13729.099609375,13821.9501953125,14875700
2021-08-27,13948.7001953125,13948.7001953125,13965.7998046875,13738.4501953125,13778.900390625,18367300
2021-08-30,14222.5,14222.5,14246.4501953125,13960.7998046875,13975.099609375,16751300
2021-08-31,14344.75,14344.75,14370.25,14185.9501953125,14251.349609375,21119300
2021-09-01,14319.849609375,14319.849609375,14452.9501953125,14277.75,14375.900390625,16559900
2021-09-02,14458.5,14458.5,14500.400390625,14364.0,14373.5498046875,16425400
2021-09-03,14485.650390625,14485.650390625,14553.400390625,14399.25,14506.0498046875,14047900
2021-09-06,14481.5498046875,14481.5498046875,14562.25,14449.25,14540.9501953125,13765800
2021-09-07,14387.349609375,14387.349609375,14503.2998046875,14341.5,14488.0498046875,11239900
2021-09-08,14349.4501953125,14349.4501953125,14410.900390625,14248.0,14396.7998046875,11626600
2021-09-09,14329.849609375,14329.849609375,14339.650390625,14247.7998046875,14300.2998046875,12769000
2021-09-13,14377.0498046875,14377.0498046875,14389.7001953125,14258.0498046875,14339.2998046875,8022800
2021-09-14,14410.9501953125,14410.9501953125,14505.150390625,14373.349609375,14440.7001953125,9801600
2021-09-15,14487.900390625,14487.900390625,14505.599609375,14410.349609375,14457.5498046875,13067600
2021-09-16,14491.349609375,14491.349609375,14538.7998046875,14456.2001953125,14494.0498046875,17141300
2021-09-17,14355.150390625,14355.150390625,14557.9501953125,14288.0498046875,14550.75,32691800
2021-09-20,14097.25,14097.25,14372.650390625,14040.5,14281.0,17075700
2021-09-21,14278.9501953125,14278.9501953125,14300.0,14033.400390625,14093.849609375,14450600
2021-09-22,14334.25,14334.25,14386.400390625,14242.7001953125,14267.349609375,11558300
2021-09-23,14380.5,14380.5,14407.0498046875,14311.2998046875,14393.099609375,10595200
2021-09-24,14289.150390625,14289.150390625,14457.7001953125,14247.5,14402.7998046875,10828600
2021-09-27,14156.7001953125,14156.7001953125,14316.150390625,14106.7001953125,14297.5498046875,13335000
2021-09-28,14171.599609375,14171.599609375,14273.75,13956.150390625,14196.9501953125,18593300
2021-09-29,14404.9501953125,14404.9501953125,14515.4501953125,14172.5,14203.5,34475800
2021-09-30,14466.5,14466.5,14604.7001953125,14398.0,14427.7001953125,30810900
2021-10-01,14587.650390625,14587.650390625,14603.900390625,14397.5498046875,14424.2998046875,21735000
2021-10-04,14812.400390625,14812.400390625,14938.25,14643.9501953125,14649.099609375,32387600
2021-10-05,14738.25,14738.25,14849.849609375,14619.650390625,14816.900390625,20244000
2021-10-06,14461.9501953125,14461.9501953125,14775.2998046875,14435.75,14750.0498046875,19944500
2021-10-07,14562.2001953125,14562.2001953125,14591.349609375,14489.900390625,14564.4501953125,26689600
2021-10-08,14514.7998046875,14514.7998046875,14656.5,14468.900390625,14624.099609375,17985000
2021-10-11,14615.349609375,14615.349609375,14651.25,14502.7998046875,14588.5,17779700
2021-10-12,14629.2001953125,14629.2001953125,14726.099609375,14521.0,14650.5498046875,21325300
2021-10-13,14679.400390625,14679.400390625,14725.25,14626.849609375,14680.400390625,20491200
2021-10-14,14728.650390625,14728.650390625,14802.400390625,14698.75,14711.0,16605200
2021-10-18,14598.2001953125,14598.2001953125,14795.900390625,14570.849609375,14771.25,21819900
2021-10-19,14384.349609375,14384.349609375,14682.9501953125,14357.150390625,14626.2998046875,17881300
2021-10-20,14177.349609375,14177.349609375,14424.150390625,14127.599609375,14360.400390625,19647600
2021-10-21,14169.9501953125,14169.9501953125,14306.150390625,13990.900390625,14300.900390625,27441000
2021-10-22,13949.650390625,13949.650390625,14215.0498046875,13891.849609375,14207.650390625,27659400
2021-10-25,13943.849609375,13943.849609375,13983.25,13637.5498046875,13945.099609375,22274600
2021-10-26,13970.650390625,13970.650390625,14036.599609375,13882.099609375,14004.25,18729900
2021-10-27,14094.25,14094.25,14202.150390625,13993.849609375,14002.25,22933800
2021-10-28,13780.599609375,13780.599609375,14129.099609375,13736.75,14092.599609375,24049100
2021-10-29,13879.349609375,13879.349609375,14092.7998046875,13587.25,13735.5,40581500
2021-11-01,14049.4501953125,14049.4501953125,14072.5498046875,13830.150390625,13952.099609375,20513700
2021-11-02,13993.2001953125,13993.2001953125,14098.4501953125,13878.2998046875,14060.7998046875,32554000
2021-11-03,13888.2998046875,13888.2998046875,14053.849609375,13818.2998046875,14022.849609375,22720900
2021-11-04,13948.2001953125,13948.2001953125,13969.150390625,13931.7001953125,13969.150390625,2619800
2021-11-08,13851.25,13851.25,13915.4501953125,13639.5498046875,13912.2001953125,20935000
2021-11-09,13878.7001953125,13878.7001953125,14061.25,13851.2001953125,13920.099609375,27766900
2021-11-10,13911.2998046875,13911.2998046875,13957.650390625,13823.900390625,13849.7001953125,27125200
2021-11-11,13717.7998046875,13717.7998046875,13901.349609375,13685.7001953125,13896.2001953125,21351400
2021-11-12,13774.650390625,13774.650390625,13807.5,13685.150390625,13806.599609375,18649300
2021-11-15,13974.349609375,13974.349609375,13996.849609375,13770.900390625,13790.4501953125,38957800
2021-11-16,13798.7998046875,13798.7998046875,14016.9501953125,13776.0498046875,14008.349609375,26344700
2021-11-17,13621.900390625,13621.900390625,13800.599609375,13592.4501953125,13796.2998046875,24678700
2021-11-18,13481.400390625,13481.400390625,13620.400390625,13388.650390625,13603.650390625,22896700
2021-11-22,13245.349609375,13245.349609375,13544.25,13176.2998046875,13513.349609375,22173100
2021-11-23,13489.9501953125,13489.9501953125,13534.349609375,13152.5498046875,13206.0,27829900
2021-11-24,13408.099609375,13408.099609375,13557.7998046875,13379.900390625,13518.400390625,21499300
2021-11-25,13566.5,13566.5,13583.4501953125,13385.349609375,13414.400390625,25301400
2021-11-26,13797.099609375,13797.099609375,13990.400390625,13455.25,13487.2998046875,63440300
2021-11-29,13648.7998046875,13648.7998046875,13998.150390625,13622.5,13910.9501953125,38164700
2021-11-30,13662.7998046875,13662.7998046875,13777.7001953125,13600.9501953125,13656.7998046875,46887900
2021-12-01,13442.099609375,13442.099609375,13782.650390625,13380.5,13721.25,23890500
2021-12-02,13557.0,13557.0,13585.2998046875,13472.349609375,13510.849609375,23524900
2021-12-03,13443.849609375,13443.849609375,13610.25,13426.4501953125,13608.0,18159700
2021-12-06,13192.25,13192.25,13467.7998046875,13168.5,13463.5498046875,16128700
2021-12-07,13234.349609375,13234.349609375,13280.849609375,13132.5498046875,13238.599609375,18509600
2021-12-08,13433.849609375,13433.849609375,13456.9501953125,13280.2001953125,13300.2001953125,31640900
2021-12-09,13449.400390625,13449.400390625,13504.900390625,13400.7998046875,13482.2001953125,26635100
2021-12-10,13446.099609375,13446.099609375,13527.2001953125,13427.650390625,13428.099609375,26170900
2021-12-13,13432.900390625,13432.900390625,13552.2998046875,13398.75,13537.599609375,23174200
2021-12-14,13575.900390625,13575.900390625,13601.400390625,13402.2998046875,13419.25,34386000
2021-12-15,13512.0498046875,13512.0498046875,13576.2998046875,13406.400390625,13569.0,21662700
2021-12-16,13393.650390625,13393.650390625,13604.5,13316.5498046875,13603.2001953125,22140100
2021-12-17,13230.7001953125,13230.7001953125,13420.75,13152.9501953125,13410.5,25178500
2021-12-20,13184.4501953125,13184.4501953125,13259.0498046875,13005.2001953125,13177.150390625,34667600
2021-12-21,13282.849609375,13282.849609375,13335.900390625,13181.599609375,13217.900390625,21522400
2021-12-22,13547.7001953125,13547.7001953125,13564.599609375,13269.9501953125,13339.4501953125,23618800
2021-12-23,13644.5,13644.5,13668.349609375,13588.900390625,13618.150390625,26095400
2021-12-24,13491.25,13491.25,13677.7998046875,13467.5498046875,13676.7998046875,21636700
2021-12-27,13710.150390625,13710.150390625,13723.7998046875,13472.099609375,13491.400390625,27200300
2021-12-28,13836.150390625,13836.150390625,13857.5,13705.2998046875,13739.0,21636500
2021-12-29,14072.900390625,14072.900390625,14112.4501953125,13857.75,13881.7998046875,31937000
2021-12-30,14135.5,14135.5,14174.2001953125,14036.599609375,14075.400390625,27760600
2021-12-31,14223.0,14223.0,14254.099609375,14133.400390625,14164.599609375,18048900
2022-01-03,14156.400390625,14156.400390625,14280.0,14148.0498046875,14247.650390625,15146800
2022-01-04,14040.650390625,14040.650390625,14239.4501953125,14017.5498046875,14207.0498046875,19660300
2022-01-05,13999.849609375,13999.849609375,14136.150390625,13968.9501953125,14090.2998046875,21530400
2022-01-06,13912.25,13912.25,14066.7998046875,13878.2998046875,13988.5,15178700
2022-01-07,13857.9501953125,13857.9501953125,13961.75,13841.9501953125,13949.900390625,13698300
2022-01-10,13858.9501953125,13858.9501953125,13905.400390625,13800.400390625,13896.0498046875,22788500
2022-01-11,13854.25,13854.25,13974.599609375,13834.150390625,13881.7001953125,21836300
2022-01-12,13833.7001953125,13833.7001953125,13939.25,13765.25,13935.2001953125,18417700
2022-01-13,14051.150390625,14051.150390625,14097.4501953125,13843.599609375,13856.5,26484900
2022-01-14,13964.150390625,13964.150390625,14082.849609375,13935.650390625,14024.5498046875,29361800
2022-01-17,13862.4501953125,13862.4501953125,13970.150390625,13819.7001953125,13954.75,29060300
2022-01-18,13697.599609375,13697.599609375,13962.900390625,13676.7998046875,13887.2001953125,27502800
2022-01-19,13682.7001953125,13682.7001953125,13726.25,13536.2001953125,13701.0498046875,27752700
2022-01-20,13454.900390625,13454.900390625,13712.75,13415.75,13695.900390625,18487900
2022-01-21,13243.0498046875,13243.0498046875,13417.599609375,13150.7001953125,13409.650390625,29965700
2022-01-24,12998.599609375,12998.599609375,13238.599609375,12846.5498046875,13225.099609375,34613000
2022-01-25,13092.099609375,13092.099609375,13120.4501953125,12776.0,12910.2998046875,25165600
2022-01-27,12847.900390625,12847.900390625,12981.0,12767.400390625,12973.7998046875,39921700
2022-01-28,12983.0498046875,12983.0498046875,13208.7998046875,12834.2001953125,12850.849609375,35243500
2022-01-31,13179.900390625,13179.900390625,13260.650390625,13068.849609375,13081.099609375,28894200
2022-02-01,13477.5,13477.5,13495.0,13222.7001953125,13280.0498046875,30349200
2022-02-02,13643.650390625,13643.650390625,13656.9501953125,13484.2001953125,13517.2001953125,23496600
2022-02-03,13617.599609375,13617.599609375,13667.0498046875,13561.25,13656.849609375,21407700
2022-02-04,13580.2998046875,13580.2998046875,13688.5498046875,13554.400390625,13637.849609375,23543700
2022-02-07,13381.7001953125,13381.7001953125,13590.5498046875,13313.5,13569.150390625,23251300
2022-02-08,13444.7001953125,13444.7001953125,13508.5498046875,13318.2001953125,13390.7001953125,27907500
2022-02-09,13570.2998046875,13570.2998046875,13612.2001953125,13447.099609375,13467.400390625,17372200
2022-02-10,13613.0498046875,13613.0498046875,13646.5,13505.849609375,13602.7998046875,29500800
2022-02-11,13510.2998046875,13510.2998046875,13583.25,13452.7998046875,13524.900390625,27299000
2022-02-14,13252.150390625,13252.150390625,13482.7001953125,13218.25,13334.599609375,27989600
2022-02-15,13356.900390625,13356.900390625,13368.099609375,13162.5498046875,13192.9501953125,27025700
2022-02-16,13425.099609375,13425.099609375,13519.75,13332.7001953125,13421.0498046875,18241900
2022-02-17,13324.400390625,13324.400390625,13475.75,13310.0,13472.150390625,17706300
2022-02-18,13208.7998046875,13208.7998046875,13303.75,13189.5,13303.75,19844800
2022-02-21,13029.900390625,13029.900390625,13221.599609375,12999.25,13168.400390625,15612800
2022-02-22,12954.5,12954.5,12976.349609375,12768.4501953125,12807.2998046875,20826100
2022-02-23,12976.2998046875,12976.2998046875,13077.650390625,12952.5,13010.900390625,14989000
2022-02-24,12500.099609375,12500.099609375,12808.7001953125,12467.900390625,12677.75,28138500
2022-02-25,12899.849609375,12899.849609375,12925.5,12593.099609375,12622.849609375,20880600
2022-02-28,12927.599609375,12927.599609375,12946.2001953125,12707.900390625,12807.400390625,33550000
2022-03-02,12689.5498046875,12689.5498046875,12938.849609375,12637.7998046875,12841.25,30296500
2022-03-03,12643.75,12643.75,12815.2998046875,12617.150390625,12793.599609375,19830100
2022-03-04,12600.150390625,12600.150390625,12731.0498046875,12478.099609375,12558.5,22704700
2022-03-07,12546.849609375,12546.849609375,12570.7001953125,12290.900390625,12436.75,20405300
2022-03-08,12844.849609375,12844.849609375,12873.75,12524.849609375,12534.0,28371200
2022-03-09,13059.25,13059.25,13130.5,12864.2998046875,12929.75,29238100
2022-03-10,13077.0498046875,13077.0498046875,13227.099609375,13041.5498046875,13170.5498046875,22646400
2022-03-11,13399.0,13399.0,13426.5,13031.099609375,13073.650390625,41681600
2022-03-14,13351.900390625,13351.900390625,13452.400390625,13315.099609375,13420.349609375,25296300
2022-03-15,13318.849609375,13318.849609375,13556.099609375,13250.099609375,13358.599609375,30223600
2022-03-16,13374.5,13374.5,13447.2998046875,13256.099609375,13446.5,17914200
2022-03-17,13546.0498046875,13546.0498046875,13566.150390625,13436.349609375,13439.650390625,26580200
2022-03-21,13549.5498046875,13549.5498046875,13749.400390625,13530.900390625,13632.099609375,30965200
2022-03-22,13513.150390625,13513.150390625,13577.75,13400.900390625,13554.5,20482800
2022-03-23,13569.650390625,13569.650390625,13725.150390625,13541.4501953125,13582.4501953125,24958800
2022-03-24,13724.5,13724.5,13783.4501953125,13474.599609375,13501.900390625,27346600
2022-03-25,13607.0498046875,13607.0498046875,13785.650390625,13530.2998046875,13771.7998046875,19668000
2022-03-28,13562.25,13562.25,13722.0498046875,13491.900390625,13642.2001953125,20956600
2022-03-29,13771.400390625,13771.400390625,13791.7001953125,13564.0498046875,13602.9501953125,22729300
2022-03-30,13745.599609375,13745.599609375,13840.900390625,13703.349609375,13831.349609375,21249000
2022-03-31,13584.099609375,13584.099609375,13800.650390625,13542.2998046875,13755.349609375,17835100
2022-04-01,13579.900390625,13579.900390625,13647.0498046875,13524.0,13609.900390625,15247800
2022-04-04,13789.25,13789.25,13806.5,13571.4501953125,13630.4501953125,15072000
2022-04-05,13809.25,13809.25,13903.5498046875,13777.4501953125,13837.2001953125,17302500
2022-04-06,13758.4501953125,13758.4501953125,13907.650390625,13744.5,13786.5498046875,18277900
2022-04-07,13815.0,13815.0,13972.4501953125,13779.150390625,13786.7001953125,20186600
2022-04-08,13838.599609375,13838.599609375,13923.099609375,13715.400390625,13875.0498046875,13854500
2022-04-11,13837.849609375,13837.849609375,13948.25,13818.900390625,13827.0,13514700
2022-04-12,13744.650390625,13744.650390625,13879.5,13661.5,13801.0,14906900
2022-04-13,13772.75,13772.75,13849.150390625,13698.7001953125,13761.150390625,12069400
2022-04-18,13717.2998046875,13717.2998046875,13823.4501953125,13612.2998046875,13699.400390625,12919800
2022-04-19,13522.4501953125,13522.4501953125,13853.150390625,13413.4501953125,13774.349609375,17937200
2022-04-20,13660.650390625,13660.650390625,13722.349609375,13492.0498046875,13572.900390625,15563500
2022-04-21,13821.2998046875,13821.2998046875,13838.099609375,13670.25,13703.599609375,20889300
2022-04-22,13569.849609375,13569.849609375,13786.7998046875,13516.599609375,13786.7998046875,21386900
2022-04-25,13296.75,13296.75,13516.7998046875,13263.099609375,13441.9501953125,16461600
2022-04-26,13444.099609375,13444.099609375,13505.650390625,13376.0498046875,13384.400390625,19191900
2022-04-27,13358.150390625,13358.150390625,13416.4501953125,13258.7998046875,13365.650390625,13123100
2022-04-28,13480.0,13480.0,13547.150390625,13377.599609375,13473.349609375,19847700
2022-04-29,13462.849609375,13462.849609375,13765.9501953125,13429.25,13507.099609375,21128100
2022-05-02,13460.25,13460.25,13479.5,13323.5,13397.2998046875,16224400
2022-05-04,13108.7998046875,13108.7998046875,13510.7001953125,13068.2001953125,13462.2001953125,17734400
2022-05-05,13008.5,13008.5,13284.5498046875,12968.150390625,13181.75,14204800
2022-05-06,12820.900390625,12820.900390625,12896.400390625,12726.5498046875,12840.849609375,13509900
2022-05-09,12785.0,12785.0,12856.650390625,12665.2998046875,12727.650390625,13439200
2022-05-10,12596.2998046875,12596.2998046875,12869.400390625,12557.75,12753.900390625,17342100
2022-05-11,12557.650390625,12557.650390625,12632.2001953125,12407.599609375,12530.150390625,23885800
2022-05-12,12424.4501953125,12424.4501953125,12521.599609375,12299.2001953125,12514.7998046875,17446300
2022-05-13,12629.5,12629.5,12764.599609375,12521.900390625,12534.25,16704800
2022-05-16,12608.25,12608.25,12687.400390625,12536.5498046875,12634.7001953125,13443900
2022-05-17,12745.9501953125,12745.9501953125,12759.150390625,12548.650390625,12627.4501953125,15452200
2022-05-18,12881.5498046875,12881.5498046875,12942.900390625,12756.2998046875,12767.7998046875,28170400
2022-05-19,12600.849609375,12600.849609375,12743.400390625,12574.0498046875,12646.75,24635300
2022-05-20,13065.5,13065.5,13089.400390625,12707.9501953125,12718.7998046875,34836600
2022-05-23,12889.2001953125,12889.2001953125,13253.7998046875,12854.0,13121.0,21154900
2022-05-24,12691.599609375,12691.599609375,12926.2001953125,12666.2998046875,12908.7998046875,25977600
2022-05-25,12543.849609375,12543.849609375,12808.2998046875,12526.0498046875,12749.0,18857900
2022-05-26,12557.5,12557.5,12655.25,12398.400390625,12606.400390625,26659400
2022-05-27,12669.9501953125,12669.9501953125,12688.0498046875,12555.849609375,12635.400390625,17386300
2022-05-30,12671.150390625,12671.150390625,12822.650390625,12662.900390625,12731.650390625,19928600
2022-05-31,12604.4501953125,12604.4501953125,12690.5498046875,12527.7998046875,12608.25,58103500
2022-06-01,12443.75,12443.75,12665.849609375,12393.900390625,12665.849609375,22327700
2022-06-02,12500.349609375,12500.349609375,12518.599609375,12376.7001953125,12407.400390625,20159300
2022-06-03,12418.7998046875,12418.7998046875,12622.349609375,12401.650390625,12556.7998046875,14930500
2022-06-06,12412.400390625,12412.400390625,12463.7998046875,12360.599609375,12406.599609375,14022300
2022-06-07,12279.650390625,12279.650390625,12362.7001953125,12189.650390625,12352.849609375,13785200
2022-06-08,12317.7998046875,12317.7998046875,12341.150390625,12170.4501953125,12279.900390625,14918400
2022-06-09,12465.900390625,12465.900390625,12481.9501953125,12228.099609375,12284.7998046875,21435900
2022-06-10,12419.2001953125,12419.2001953125,12447.650390625,12330.2001953125,12363.7001953125,14168000
2022-06-13,12191.849609375,12191.849609375,12410.75,12130.650390625,12288.25,14765000
2022-06-14,12218.5,12218.5,12283.349609375,12135.75,12140.2998046875,15454500
2022-06-15,12261.349609375,12261.349609375,12299.5498046875,12204.75,12248.400390625,12718900
2022-06-16,12066.650390625,12066.650390625,12330.5,12022.4501953125,12321.599609375,16234600
2022-06-17,11803.9501953125,11803.9501953125,12038.25,11745.0498046875,12000.650390625,24864800
2022-06-20,11847.900390625,11847.900390625,11886.099609375,11726.400390625,11815.0,15746500
2022-06-21,12098.349609375,12098.349609375,12118.0498046875,11882.7001953125,11887.0,13504700
2022-06-22,11939.0498046875,11939.0498046875,12147.650390625,11893.150390625,12050.650390625,14561300
2022-06-23,12127.2001953125,12127.2001953125,12145.0498046875,11947.900390625,11969.9501953125,15785800
2022-06-24,12178.400390625,12178.400390625,12270.5,12150.5498046875,12173.25,20248900
2022-06-27,12221.5498046875,12221.5498046875,12325.75,12200.099609375,12275.7998046875,16653400
2022-06-28,12214.5498046875,12214.5498046875,12235.9501953125,12100.849609375,12224.400390625,21905900
2022-06-29,12210.9501953125,12210.9501953125,12249.7998046875,12099.349609375,12139.4501953125,17976300
2022-06-30,12159.349609375,12159.349609375,12252.599609375,12110.2001953125,12176.150390625,19725200
2022-07-01,12260.900390625,12260.900390625,12296.2998046875,12084.0,12124.4501953125,11405000
2022-07-04,12218.2001953125,12218.2001953125,12344.5498046875,12143.9501953125,12240.2998046875,9979300
2022-07-05,12233.75,12233.75,12373.900390625,12217.400390625,12254.650390625,12477700
2022-07-06,12331.150390625,12331.150390625,12350.7001953125,12220.400390625,12264.0,12714500
2022-07-07,12389.7001953125,12389.7001953125,12450.849609375,12370.599609375,12408.7001953125,13086800
2022-07-08,12449.4501953125,12449.4501953125,12460.0498046875,12392.349609375,12449.2998046875,11163000
2022-07-11,12564.849609375,12564.849609375,12598.7001953125,12386.900390625,12447.849609375,14386800
2022-07-12,12450.650390625,12450.650390625,12587.2998046875,12428.75,12516.5,10729200
2022-07-13,12622.2998046875,12622.2998046875,12639.150390625,12442.5498046875,12494.7001953125,16675900
2022-07-14,12721.0,12721.0,12855.650390625,12630.5,12664.400390625,27541900
2022-07-15,12732.0,12732.0,12800.75,12665.0,12775.400390625,12415600
2022-07-18,12713.4501953125,12713.4501953125,12869.400390625,12668.4501953125,12827.349609375,16223600
2022-07-19,12682.2001953125,12682.2001953125,12820.25,12663.150390625,12680.400390625,15392300
2022-07-20,12711.5,12711.5,12786.400390625,12685.599609375,12786.400390625,13274400
2022-07-21,12651.75,12651.75,12756.349609375,12599.5,12710.099609375,17916000
2022-07-22,12617.5498046875,12617.5498046875,12711.150390625,12573.900390625,12687.7998046875,12923800
2022-07-25,12488.7998046875,12488.7998046875,12640.7998046875,12454.25,12612.349609375,13113000
2022-07-26,12341.900390625,12341.900390625,12508.7998046875,12325.0,12495.650390625,12520400
2022-07-27,12628.9501953125,12628.9501953125,12647.75,12301.849609375,12341.650390625,20886300
2022-07-28,12660.650390625,12660.650390625,12682.2001953125,12500.2001953125,12665.599609375,28727000
2022-07-29,12776.5498046875,12776.5498046875,12835.4501953125,12526.2998046875,12677.75,33384600
2022-08-01,12766.849609375,12766.849609375,12883.75,12707.7001953125,12835.400390625,20075100
2022-08-02,12780.400390625,12780.400390625,12792.9501953125,12699.9501953125,12765.5,16528500
2022-08-03,12682.0,12682.0,12829.099609375,12618.2001953125,12789.0498046875,21592200
2022-08-04,12982.349609375,12982.349609375,12992.25,12681.2998046875,12720.0498046875,37887000
2022-08-05,12939.75,12939.75,13068.2998046875,12920.0,13003.849609375,21551200
2022-08-08,12940.25,12940.25,12962.9501953125,12878.099609375,12952.0498046875,14135800
2022-08-10,12950.7001953125,12950.7001953125,13053.099609375,12915.5,12986.25,21924300
2022-08-11,13014.2001953125,13014.2001953125,13033.75,12961.400390625,12998.400390625,21490700
2022-08-12,12864.0,12864.0,13017.5,12830.4501953125,13016.5,29623400
2022-08-16,12933.849609375,12933.849609375,12962.599609375,12867.849609375,12896.75,29623400
2022-08-17,12979.25,12979.25,13011.900390625,12936.349609375,12987.0,21239700
2022-08-18,12935.75,12935.75,12948.349609375,12797.4501953125,12934.349609375,18516500
2022-08-19,12799.9501953125,12799.9501953125,12982.0498046875,12771.75,12935.9501953125,17777800
2022-08-22,12588.25,12588.25,12794.599609375,12565.5,12723.349609375,15215200
2022-08-23,12683.5498046875,12683.5498046875,12710.0498046875,12498.7998046875,12499.4501953125,14102500
2022-08-24,12644.0,12644.0,12760.75,12585.849609375,12716.099609375,17987000
2022-08-25,12593.25,12593.25,12717.599609375,12563.75,12710.75,17392500
2022-08-26,12580.4501953125,12580.4501953125,12683.25,12569.0498046875,12662.9501953125,11718000
2022-08-29,12545.75,12545.75,12565.900390625,12352.650390625,12380.650390625,13477900
2022-08-30,12699.400390625,12699.400390625,12715.75,12560.900390625,12588.900390625,15595900
2022-09-01,12555.0,12555.0,12701.9501953125,12546.349609375,12619.2998046875,15613000
2022-09-02,12506.150390625,12506.150390625,12634.9501953125,12485.4501953125,12587.650390625,14412500
2022-09-05,12565.5498046875,12565.5498046875,12579.7998046875,12444.900390625,12507.9501953125,13545400
2022-09-06,12598.0,12598.0,12624.2998046875,12567.349609375,12597.2001953125,11021900
2022-09-07,12696.2998046875,12696.2998046875,12717.4501953125,12539.900390625,12542.5498046875,14296000
2022-09-08,12689.9501953125,12689.9501953125,12776.5,12638.650390625,12775.599609375,11555200
2022-09-09,12689.2998046875,12689.2998046875,12814.25,12662.900390625,12716.7998046875,15643400
2022-09-12,12715.25,12715.25,12759.75,12695.099609375,12707.849609375,11217300
2022-09-13,12745.599609375,12745.599609375,12762.900390625,12718.349609375,12729.900390625,12626700
2022-09-14,12682.2001953125,12682.2001953125,12776.150390625,12587.2998046875,12587.2998046875,12936100
2022-09-15,12518.849609375,12518.849609375,12732.7998046875,12480.7001953125,12704.4501953125,14592800
2022-09-16,12346.849609375,12346.849609375,12556.75,12315.5,12548.0,25803600
2022-09-19,12369.599609375,12369.599609375,12396.150390625,12185.400390625,12366.9501953125,17082800
2022-09-20,12750.7001953125,12750.7001953125,12763.900390625,12417.2998046875,12422.2001953125,23442900
2022-09-21,12573.5498046875,12573.5498046875,12834.849609375,12549.4501953125,12793.650390625,19747300
2022-09-22,12612.849609375,12612.849609375,12644.9501953125,12500.75,12506.150390625,15482100
2022-09-23,12610.650390625,12610.650390625,12740.099609375,12594.5,12602.849609375,20284800
2022-09-26,12475.5,12475.5,12614.0498046875,12441.2001953125,12570.849609375,16879000
2022-09-27,12598.0,12598.0,12611.849609375,12457.7998046875,12532.25,15678200
2022-09-28,12705.400390625,12705.400390625,12750.650390625,12525.7001953125,12548.349609375,24283200
2022-09-29,12874.2998046875,12874.2998046875,12962.849609375,12778.25,12782.599609375,36358700
2022-09-30,12971.900390625,12971.900390625,12998.2998046875,12813.7001953125,12918.2998046875,30571700
2022-10-03,13118.9501953125,13118.9501953125,13241.099609375,12958.4501953125,12981.5,39277400
2022-10-04,13233.4501953125,13233.4501953125,13246.0498046875,13140.900390625,13244.5,24011300
2022-10-06,13188.0,13188.0,13310.75,13150.650390625,13310.75,20146100
2022-10-07,13134.7001953125,13134.7001953125,13200.2998046875,13097.849609375,13169.75,17722600
2022-10-10,13028.400390625,13028.400390625,13084.5,12933.4501953125,13016.0498046875,11922900
2022-10-11,12826.7998046875,12826.7998046875,13065.75,12805.2998046875,13064.7001953125,17794500
2022-10-12,12839.349609375,12839.349609375,12884.650390625,12742.900390625,12861.4501953125,16271200
2022-10-13,12867.150390625,12867.150390625,12936.349609375,12810.75,12847.849609375,17712700
2022-10-14,12950.4501953125,12950.4501953125,13034.400390625,12933.0,12989.650390625,14539300
2022-10-17,12982.400390625,12982.400390625,13022.7001953125,12925.2001953125,12932.5498046875,13252200
2022-10-18,13008.25,13008.25,13064.7998046875,12949.4501953125,13044.25,11795200
2022-10-19,13021.75,13021.75,13091.349609375,12955.150390625,13027.650390625,14672400
2022-10-20,13089.2001953125,13089.2001953125,13101.2998046875,12941.650390625,12962.599609375,17215700
2022-10-21,12979.400390625,12979.400390625,13150.400390625,12956.349609375,13110.7001953125,12546800
2022-10-24,13061.099609375,13061.099609375,13087.9501953125,13050.7001953125,13080.75,2686000
2022-10-25,13112.2001953125,13112.2001953125,13148.349609375,13033.849609375,13079.400390625,20697100
2022-10-27,13228.0498046875,13228.0498046875,13244.9501953125,13121.650390625,13170.599609375,26064000
2022-10-28,13048.2998046875,13048.2998046875,13218.400390625,13026.7001953125,13218.400390625,16412200
2022-10-31,13212.25,13212.25,13274.5498046875,13112.0498046875,13121.099609375,23330500
2022-11-01,13492.0498046875,13492.0498046875,13517.25,13246.2001953125,13254.0498046875,25667500
2022-11-02,13556.900390625,13556.900390625,13736.0498046875,13486.849609375,13511.5,25381500
2022-11-03,13559.9501953125,13559.9501953125,13576.4501953125,13487.25,13509.75,17780100
2022-11-04,13422.150390625,13422.150390625,13595.400390625,13388.349609375,13578.2001953125,12828300
2022-11-07,13230.0,13230.0,13493.849609375,13196.099609375,13458.849609375,19190400
2022-11-09,13079.5,13079.5,13317.7001953125,13053.0498046875,13252.650390625,18936200
2022-11-10,12983.099609375,12983.099609375,13235.900390625,12934.0,13076.400390625,42889300
2022-11-11,13015.650390625,13015.650390625,13165.4501953125,12987.349609375,13061.349609375,24659500
2022-11-14,13019.849609375,13019.849609375,13042.0498046875,12811.7998046875,12975.2001953125,27440900
2022-11-15,13036.900390625,13036.900390625,13074.599609375,12954.5498046875,13054.7001953125,17005200
2022-11-16,12998.5,12998.5,13099.2001953125,12948.349609375,13010.5498046875,16356900
2022-11-17,12948.25,12948.25,13053.7998046875,12924.5498046875,13021.900390625,10156200
2022-11-18,12861.400390625,12861.400390625,12991.400390625,12840.2998046875,12980.150390625,12645400
2022-11-21,12794.599609375,12794.599609375,12857.400390625,12754.5498046875,12834.9501953125,10556500
2022-11-22,12836.349609375,12836.349609375,12851.599609375,12766.4501953125,12826.0498046875,12842000
2022-11-23,12876.9501953125,12876.9501953125,12908.150390625,12845.099609375,12890.2001953125,11981600
2022-11-24,12888.150390625,12888.150390625,12942.5,12854.7998046875,12918.400390625,14055900
2022-11-25,12968.4501953125,12968.4501953125,12979.150390625,12830.900390625,12908.7998046875,13958300
2022-11-28,12993.9501953125,12993.9501953125,13027.0498046875,12940.9501953125,12965.599609375,11380700
2022-11-29,13087.349609375,13087.349609375,13102.75,12992.2998046875,13006.349609375,28978000
2022-11-30,13144.2001953125,13144.2001953125,13200.5498046875,13059.650390625,13110.099609375,28926900
2022-12-01,13120.650390625,13120.650390625,13215.5498046875,13091.099609375,13215.5498046875,13055900
2022-12-02,13086.9501953125,13086.9501953125,13125.0,13006.599609375,13120.7998046875,15137300
2022-12-05,13052.900390625,13052.900390625,13138.7998046875,13000.5,13123.349609375,12928500
2022-12-06,12955.349609375,12955.349609375,13056.150390625,12914.0498046875,13037.75,11503500
2022-12-07,12869.7998046875,12869.7998046875,13000.9501953125,12855.5498046875,12973.849609375,11032500
2022-12-08,12728.7001953125,12728.7001953125,12892.9501953125,12702.75,12880.7001953125,17792300
2022-12-09,12774.7001953125,12774.7001953125,12822.2001953125,12711.099609375,12766.9501953125,13202100
2022-12-12,12758.0498046875,12758.0498046875,12799.75,12687.75,12765.0498046875,14215600
2022-12-13,12797.75,12797.75,12803.9501953125,12702.0,12749.5498046875,17960500
2022-12-14,12883.599609375,12883.599609375,12900.849609375,12810.650390625,12846.5498046875,15701000
2022-12-15,12816.099609375,12816.099609375,12944.25,12793.75,12882.849609375,11165000
2022-12-16,12636.2001953125,12636.2001953125,12818.599609375,12616.5498046875,12762.650390625,16587200
2022-12-19,12646.4501953125,12646.4501953125,12662.2001953125,12529.5498046875,12636.599609375,11277600
2022-12-20,12618.4501953125,12618.4501953125,12647.75,12529.349609375,12640.400390625,11487600
2022-12-21,12920.400390625,12920.400390625,12943.599609375,12645.400390625,12652.849609375,33575700
2022-12-22,12892.75,12892.75,13061.7001953125,12836.9501953125,13027.0,23826200
2022-12-23,12784.4501953125,12784.4501953125,13094.099609375,12746.7001953125,12881.099609375,33131400
2022-12-26,12677.099609375,12677.099609375,12890.5,12644.7001953125,12863.7998046875,16091000
2022-12-27,12694.75,12694.75,12766.5498046875,12640.7001953125,12688.650390625,14012200
2022-12-28,12624.150390625,12624.150390625,12745.9501953125,12609.400390625,12685.5498046875,11131800
2022-12-29,12634.2998046875,12634.2998046875,12747.75,12528.75,12646.849609375,17238700
2022-12-30,12597.599609375,12597.599609375,12700.599609375,12573.400390625,12699.849609375,10152400
2023-01-02,12551.400390625,12551.400390625,12622.099609375,12474.150390625,12618.75,10168500
2023-01-03,12641.75,12641.75,12660.849609375,12515.2998046875,12544.400390625,12064000
2023-01-04,12622.75,12622.75,12708.5,12591.650390625,12659.0498046875,10239300
2023-01-05,12753.2001953125,12753.2001953125,12768.099609375,12640.150390625,12660.150390625,11285600
2023-01-06,12654.9501953125,12654.9501953125,12805.599609375,12625.599609375,12751.5,13213700
2023-01-09,12770.599609375,12770.599609375,12828.5498046875,12705.2998046875,12729.2001953125,13301400
2023-01-10,12766.599609375,12766.599609375,12818.25,12736.2001953125,12775.849609375,12371200
2023-01-11,12682.25,12682.25,12806.400390625,12657.400390625,12782.150390625,16501400
2023-01-12,12671.4501953125,12671.4501953125,12721.2001953125,12584.900390625,12721.2001953125,13662500
2023-01-13,12668.7998046875,12668.7998046875,12689.9501953125,12589.599609375,12689.9501953125,12353900
2023-01-16,12659.400390625,12659.400390625,12728.099609375,12592.5498046875,12691.349609375,9103300
2023-01-17,12648.0,12648.0,12678.25,12585.0498046875,12678.25,8847300
2023-01-18,12734.5,12734.5,12743.400390625,12631.650390625,12656.599609375,10133100
2023-01-19,12699.0498046875,12699.0498046875,12754.7001953125,12674.4501953125,12719.400390625,7240100
2023-01-20,12606.4501953125,12606.4501953125,12720.7998046875,12581.349609375,12714.5498046875,10304900
2023-01-23,12718.4501953125,12718.4501953125,12744.400390625,12586.150390625,12631.7998046875,9145800
2023-01-24,12593.849609375,12593.849609375,12732.400390625,12575.7998046875,12726.2001953125,11122500
2023-01-25,12440.099609375,12440.099609375,12594.5,12409.849609375,12567.2001953125,19841200
2023-01-27,12508.0498046875,12508.0498046875,12616.7998046875,12447.849609375,12476.7001953125,23304300
2023-01-30,12484.0,12484.0,12586.7001953125,12443.25,12531.9501953125,18137200
2023-01-31,12360.25,12360.25,12549.7001953125,12335.25,12526.849609375,22941900
2023-02-01,12355.7998046875,12355.7998046875,12473.4501953125,12252.849609375,12397.7001953125,20789400
2023-02-02,12306.2998046875,12306.2998046875,12362.0,12224.650390625,12291.650390625,12328000
2023-02-03,12184.599609375,12184.599609375,12327.150390625,12086.849609375,12308.7001953125,17575500
2023-02-06,12193.099609375,12193.099609375,12218.650390625,12086.7998046875,12150.650390625,21067600
2023-02-07,12191.400390625,12191.400390625,12252.900390625,12121.9501953125,12222.5498046875,16689800
2023-02-08,12357.2998046875,12357.2998046875,12373.849609375,12144.849609375,12203.650390625,19299900
2023-02-09,12302.5,12302.5,12463.650390625,12246.25,12246.25,14077900
2023-02-10,12327.0,12327.0,12347.150390625,12207.4501953125,12293.7001953125,23504700
2023-02-13,12268.099609375,12268.099609375,12373.599609375,12221.5498046875,12347.7001953125,22384000
2023-02-14,12248.7998046875,12248.7998046875,12313.0,12209.849609375,12310.5498046875,19132000
2023-02-15,12237.099609375,12237.099609375,12259.650390625,12135.2998046875,12221.150390625,16220500
2023-02-16,12298.599609375,12298.599609375,12335.900390625,12257.7998046875,12276.5,14244100
2023-02-17,12154.0498046875,12154.0498046875,12275.849609375,12142.400390625,12267.5,15008300
2023-02-20,12055.400390625,12055.400390625,12140.7998046875,11971.2001953125,12132.349609375,20134400
2023-02-21,12019.5,12019.5,12124.4501953125,11998.4501953125,12103.900390625,12938900
2023-02-22,11991.849609375,11991.849609375,12065.900390625,11980.2998046875,12017.25,15909800
2023-02-23,11968.2001953125,11968.2001953125,12020.2001953125,11939.5498046875,12017.25,17265600
2023-02-24,11996.2001953125,11996.2001953125,12087.400390625,11928.2998046875,11985.650390625,15822100
2023-02-27,11902.5,11902.5,12006.349609375,11847.2998046875,12002.400390625,13435300
2023-02-28,11747.099609375,11747.099609375,11937.349609375,11731.5,11916.400390625,70015800
2023-03-01,11764.599609375,11764.599609375,11802.349609375,11730.0,11737.150390625,15261600
2023-03-02,11761.099609375,11761.099609375,11791.0498046875,11712.2998046875,11777.7001953125,15182500
2023-03-03,11781.7998046875,11781.7998046875,11814.0,11733.4501953125,11802.2998046875,14339800
2023-03-06,11807.900390625,11807.900390625,11887.75,11794.0498046875,11818.9501953125,17516900
2023-03-08,11750.150390625,11750.150390625,11801.4501953125,11696.7998046875,11778.900390625,18980000
2023-03-09,11700.400390625,11700.400390625,11801.900390625,11680.2998046875,11752.2998046875,19528700
2023-03-10,11683.9501953125,11683.9501953125,11694.150390625,11596.400390625,11657.0498046875,16788600
2023-03-13,11597.349609375,11597.349609375,11731.0,11565.4501953125,11680.0498046875,13183600
2023-03-14,11597.9501953125,11597.9501953125,11669.9501953125,11542.4501953125,11609.4501953125,16561900
2023-03-15,11633.9501953125,11633.9501953125,11739.0,11596.099609375,11609.75,14746500
2023-03-16,11743.2001953125,11743.2001953125,11773.349609375,11639.25,11659.0,17498600
2023-03-17,11676.150390625,11676.150390625,11806.150390625,11635.650390625,11790.7998046875,59428300
2023-03-20,11663.2998046875,11663.2998046875,11709.599609375,11602.7001953125,11660.599609375,25498200
2023-03-21,11633.75,11633.75,11701.5498046875,11621.650390625,11696.0498046875,22119200
2023-03-22,11754.7001953125,11754.7001953125,11766.4501953125,11637.849609375,11651.650390625,22119200
2023-03-23,11780.849609375,11780.849609375,11801.0498046875,11747.150390625,11771.0,18695700
2023-03-24,11755.349609375,11755.349609375,11818.7998046875,11734.5498046875,11786.4501953125,22577600
2023-03-27,11882.75,11882.75,11951.4501953125,11744.2998046875,11797.5498046875,35925000
2023-03-28,11873.2001953125,11873.2001953125,11911.5,11817.9501953125,11909.900390625,20633400
2023-03-29,11942.5,11942.5,11973.900390625,11861.5498046875,11892.5,27784400
2023-03-31,12017.0498046875,12017.0498046875,12062.2001953125,11932.150390625,11970.400390625,22874100
2023-04-03,12067.9501953125,12067.9501953125,12094.7998046875,12001.5,12071.9501953125,18958400
2023-04-05,12181.849609375,12181.849609375,12191.25,12043.599609375,12081.4501953125,19091000
2023-04-06,12274.349609375,12274.349609375,12289.150390625,12163.099609375,12192.2998046875,16781600
2023-04-10,12298.75,12298.75,12317.2998046875,12257.849609375,12315.150390625,10804400
2023-04-11,12300.0,12300.0,12401.099609375,12250.150390625,12308.5,14811100
2023-04-12,12574.2001953125,12574.2001953125,12581.099609375,12315.0,12337.7998046875,50441900
2023-04-13,12478.900390625,12478.900390625,12606.650390625,12465.650390625,12606.650390625,19896200
2023-04-17,12403.599609375,12403.599609375,12520.9501953125,12370.0498046875,12482.7001953125,16248000
2023-04-18,12607.349609375,12607.349609375,12615.9501953125,12354.9501953125,12413.9501953125,35284300
2023-04-19,12625.2998046875,12625.2998046875,12688.349609375,12555.099609375,12609.650390625,33981000
2023-04-20,12485.25,12485.25,12650.2001953125,12453.849609375,12642.0,27411700
2023-04-21,12545.75,12545.75,12562.5498046875,12489.650390625,12508.599609375,19991100
2023-04-24,12454.349609375,12454.349609375,12509.2998046875,12391.099609375,12505.4501953125,18240500
2023-04-25,12456.599609375,12456.599609375,12474.150390625,12365.849609375,12459.0498046875,31949000
2023-04-26,12457.849609375,12457.849609375,12476.2998046875,12404.349609375,12454.099609375,25611700
2023-04-27,12519.349609375,12519.349609375,12537.75,12402.0498046875,12450.75,27862600
2023-04-28,12613.9501953125,12613.9501953125,12625.5,12518.0498046875,12551.849609375,36666700
2023-05-02,12590.2998046875,12590.2998046875,12669.75,12559.0498046875,12618.75,22723700
2023-05-03,12586.7998046875,12586.7998046875,12634.7998046875,12549.2001953125,12581.599609375,17230400
2023-05-04,12654.650390625,12654.650390625,12671.5,12589.4501953125,12610.2001953125,17406400
2023-05-05,12608.349609375,12608.349609375,12677.400390625,12590.150390625,12665.7998046875,16127800
2023-05-08,12663.099609375,12663.099609375,12671.5498046875,12580.400390625,12598.349609375,21775400
2023-05-09,12716.7001953125,12716.7001953125,12728.0498046875,12623.150390625,12686.5498046875,25410300
2023-05-10,12716.900390625,12716.900390625,12760.900390625,12646.2001953125,12755.099609375,21690200
2023-05-11,12557.0498046875,12557.0498046875,12671.099609375,12464.849609375,12659.25,26226100
2023-05-12,12486.7001953125,12486.7001953125,12591.650390625,12435.25,12564.349609375,24910700
2023-05-15,12487.400390625,12487.400390625,12498.400390625,12391.2998046875,12485.0498046875,19657200
2023-05-16,12454.5,12454.5,12609.0,12435.4501953125,12512.150390625,22406500
2023-05-17,12398.5498046875,12398.5498046875,12498.25,12341.2001953125,12459.5498046875,18738300
2023-05-18,12241.349609375,12241.349609375,12451.25,12220.9501953125,12451.25,19362000
2023-05-19,12124.25,12124.25,12250.5,12101.150390625,12223.349609375,21213000
2023-05-22,12244.2001953125,12244.2001953125,12258.650390625,12040.650390625,12063.5,29234100
2023-05-23,12314.2001953125,12314.2001953125,12371.400390625,12246.599609375,12253.150390625,24398700
2023-05-24,12440.4501953125,12440.4501953125,12449.900390625,12325.7998046875,12335.0498046875,37671100
2023-05-25,12455.5,12455.5,12475.099609375,12403.2001953125,12441.0,22063900
2023-05-26,12601.5498046875,12601.5498046875,12628.150390625,12414.400390625,12447.5498046875,17410900
2023-05-29,12624.2001953125,12624.2001953125,12644.2001953125,12487.0,12634.75,23144700
2023-05-30,12604.7001953125,12604.7001953125,12657.150390625,12561.599609375,12632.25,23023700
2023-05-31,12678.400390625,12678.400390625,12748.7998046875,12602.5,12616.7001953125,30324600
2023-06-01,12812.7998046875,12812.7998046875,12827.650390625,12690.599609375,12708.7001953125,23279600
2023-06-02,12900.599609375,12900.599609375,12925.349609375,12776.349609375,12823.4501953125,24471400
2023-06-05,12934.5,12934.5,12985.400390625,12888.75,12958.5,17723000
2023-06-06,13012.900390625,13012.900390625,13028.400390625,12891.650390625,12945.599609375,14349100
2023-06-07,13045.650390625,13045.650390625,13085.7001953125,13019.0498046875,13047.2001953125,17226100
2023-06-08,12911.349609375,12911.349609375,13087.599609375,12888.599609375,13068.349609375,18916800
2023-06-09,12861.0498046875,12861.0498046875,12949.5498046875,12849.849609375,12917.7998046875,14514000
2023-06-12,12856.0498046875,12856.0498046875,12900.599609375,12796.0498046875,12850.4501953125,14580100
2023-06-13,12993.75,12993.75,13021.599609375,12879.75,12898.2001953125,23721200
2023-06-14,12976.7998046875,12976.7998046875,13036.5,12942.0,13031.7998046875,22054900
2023-06-15,13160.599609375,13160.599609375,13191.7998046875,12999.7001953125,13004.2998046875,25143700
2023-06-16,13241.9501953125,13241.9501953125,13278.5,13203.400390625,13219.900390625,23166200
2023-06-19,13264.650390625,13264.650390625,13347.5498046875,13254.849609375,13272.900390625,14774200
2023-06-20,13238.849609375,13238.849609375,13316.400390625,13206.0,13302.5498046875,10269000
2023-06-21,13247.7001953125,13247.7001953125,13307.7998046875,13178.25,13252.849609375,17738900
2023-06-22,13166.849609375,13166.849609375,13258.900390625,13151.2998046875,13224.150390625,23930400
2023-06-23,13186.2998046875,13186.2998046875,13230.349609375,13077.4501953125,13168.900390625,22993300
2023-06-26,13388.599609375,13388.599609375,13406.0,13176.2001953125,13193.7001953125,27132200
2023-06-27,13426.900390625,13426.900390625,13449.650390625,13359.599609375,13421.650390625,23668400
2023-06-28,13622.75,13622.75,13651.650390625,13407.25,13409.2001953125,29452000
2023-06-30,13767.5,13767.5,13805.0498046875,13634.7001953125,13640.7998046875,38003400
2023-07-03,13614.0,13614.0,13811.7001953125,13597.400390625,13796.5498046875,19856800
2023-07-04,13675.4501953125,13675.4501953125,13713.9501953125,13578.349609375,13683.150390625,17808800
2023-07-05,13772.0,13772.0,13788.650390625,13682.849609375,13726.25,16922000
2023-07-06,13871.599609375,13871.599609375,13904.650390625,13759.75,13769.400390625,21699500
2023-07-07,13769.0,13769.0,13917.5498046875,13730.349609375,13800.400390625,33461800
2023-07-10,13751.7998046875,13751.7998046875,13821.0,13705.349609375,13811.150390625,20959700
2023-07-11,13895.400390625,13895.400390625,13915.5,13780.4501953125,13795.5498046875,16313100
2023-07-12,13936.7001953125,13936.7001953125,13970.2998046875,13873.75,13918.2001953125,22345500
2023-07-13,13876.5498046875,13876.5498046875,13980.0498046875,13841.4501953125,13979.400390625,16425200
2023-07-14,13945.650390625,13945.650390625,13961.2001953125,13852.900390625,13931.75,17781600
2023-07-17,14053.7001953125,14053.7001953125,14076.900390625,13973.9501953125,13979.400390625,18237700
2023-07-18,14017.150390625,14017.150390625,14076.4501953125,13926.7998046875,14063.599609375,14829400
2023-07-19,14092.599609375,14092.599609375,14150.7998046875,14000.599609375,14026.349609375,19633300
2023-07-20,14299.0498046875,14299.0498046875,14329.7001953125,14111.400390625,14137.849609375,24869800
2023-07-21,14274.0,14274.0,14363.900390625,14229.849609375,14295.599609375,16113300
2023-07-24,14332.0498046875,14332.0498046875,14405.150390625,14236.2001953125,14261.25,21208100
2023-07-25,14383.25,14383.25,14425.349609375,14345.9501953125,14406.7998046875,14983100
2023-07-26,14478.349609375,14478.349609375,14505.4501953125,14378.4501953125,14423.2998046875,14203500
2023-07-27,14919.9501953125,14919.9501953125,15105.650390625,14601.0498046875,14658.7001953125,63187000
2023-07-28,14962.5498046875,14962.5498046875,15046.7001953125,14883.4501953125,14908.9501953125,33385000
2023-07-31,14992.150390625,14992.150390625,15017.349609375,14918.25,14935.599609375,27774300
2023-08-01,15001.2998046875,15001.2998046875,15110.9501953125,14961.7998046875,15016.849609375,18639200
2023-08-02,14943.400390625,14943.400390625,15012.2001953125,14831.900390625,14997.900390625,21450000
2023-08-03,15099.2001953125,15099.2001953125,15253.2001953125,14922.349609375,14925.849609375,40804200
2023-08-04,15241.0,15241.0,15302.25,15079.25,15098.5498046875,33968000
2023-08-07,15479.25,15479.25,15498.099609375,15214.849609375,15276.0498046875,30636400
2023-08-08,15578.5,15578.5,15640.25,15478.349609375,15555.2998046875,41615200
2023-08-09,15696.849609375,15696.849609375,15733.150390625,15594.9501953125,15631.5498046875,47958700
2023-08-10,15580.7001953125,15580.7001953125,15750.5,15513.650390625,15711.400390625,34017700
2023-08-11,15355.5,15355.5,15598.599609375,15340.4501953125,15591.4501953125,39776500
2023-08-14,15305.400390625,15305.400390625,15365.400390625,15207.0,15349.7998046875,26959000
2023-08-16,15398.7998046875,15398.7998046875,15416.0,15192.25,15289.5,20634700
2023-08-17,15358.4501953125,15358.4501953125,15445.349609375,15324.7001953125,15406.2998046875,17135000
2023-08-18,15271.5,15271.5,15450.599609375,15229.5,15363.5498046875,18409100
2023-08-21,15333.349609375,15333.349609375,15375.25,15241.0498046875,15262.5498046875,13238800
2023-08-22,15302.599609375,15302.599609375,15378.2001953125,15262.25,15334.5498046875,15543600
2023-08-23,15282.5,15282.5,15359.25,15266.2001953125,15344.599609375,15124700
2023-08-24,15193.150390625,15193.150390625,15374.900390625,15171.650390625,15326.9501953125,13896700
2023-08-25,15025.2001953125,15025.2001953125,15182.7001953125,15000.0498046875,15173.2001953125,13728700
2023-08-28,15161.7998046875,15161.7998046875,15196.349609375,15024.099609375,15052.7998046875,14700500
2023-08-29,15121.099609375,15121.099609375,15256.5498046875,15100.2001953125,15208.650390625,14336500
2023-08-30,15125.5,15125.5,15239.400390625,15102.599609375,15178.900390625,14328200
2023-08-31,15095.900390625,15095.900390625,15184.900390625,15034.25,15162.2001953125,23282400
2023-09-01,15011.7998046875,15011.7998046875,15151.2001953125,14991.599609375,15125.0,16528900
2023-09-04,15052.599609375,15052.599609375,15093.849609375,15007.0,15063.2998046875,15072000
2023-09-05,15218.25,15218.25,15267.150390625,15052.599609375,15099.349609375,22553400
2023-09-06,15355.2998046875,15355.2998046875,15426.0,15218.25,15279.7001953125,22681800
2023-09-07,15306.150390625,15306.150390625,15405.400390625,15283.599609375,15372.75,17970300
2023-09-08,15250.5498046875,15250.5498046875,15345.4501953125,15206.0,15327.2998046875,13862400
2023-09-11,15309.9501953125,15309.9501953125,15351.9501953125,15248.150390625,15265.349609375,20835700
2023-09-12,15328.650390625,15328.650390625,15536.099609375,15275.5498046875,15358.0,30491600
2023-09-13,15448.9501953125,15448.9501953125,15466.349609375,15321.599609375,15368.0,32836500
2023-09-14,15489.2998046875,15489.2998046875,15530.099609375,15413.099609375,15484.349609375,19297000
2023-09-15,15583.5498046875,15583.5498046875,15601.0498046875,15513.849609375,15525.5498046875,26630100
2023-09-18,15503.4501953125,15503.4501953125,15667.4501953125,15482.0,15593.7998046875,15133300
2023-09-20,15460.2001953125,15460.2001953125,15514.25,15426.099609375,15498.75,17776600
2023-09-21,15306.7001953125,15306.7001953125,15525.4501953125,15282.0,15432.849609375,19728200
2023-09-22,15069.099609375,15069.099609375,15312.650390625,14980.4501953125,15279.349609375,26497200
2023-09-25,15017.400390625,15017.400390625,15130.349609375,14986.0498046875,15049.400390625,14354800
2023-09-26,14981.650390625,14981.650390625,15078.599609375,14964.400390625,15032.900390625,12500800
2023-09-27,15159.7998046875,15159.7998046875,15185.5,15001.349609375,15038.400390625,22311300
2023-09-28,15023.150390625,15023.150390625,15217.650390625,14983.349609375,15195.7001953125,25060500
2023-09-29,15422.75,15422.75,15513.650390625,15108.5498046875,15112.099609375,34937100
2023-10-03,15281.2998046875,15281.2998046875,15441.0498046875,15260.650390625,15425.650390625,17485900
2023-10-04,15067.150390625,15067.150390625,15260.7001953125,14985.0,15243.4501953125,18063700
2023-10-05,15021.400390625,15021.400390625,15132.75,14988.75,15097.2001953125,12487200
2023-10-06,15128.4501953125,15128.4501953125,15161.650390625,15082.0498046875,15086.7998046875,13415800
2023-10-09,15103.849609375,15103.849609375,15186.599609375,14993.0498046875,15002.7001953125,13029300
2023-10-10,15106.7001953125,15106.7001953125,15142.0498046875,15055.2998046875,15114.25,11768900
2023-10-11,15176.599609375,15176.599609375,15257.849609375,15136.4501953125,15136.75,14391400
2023-10-12,15186.2001953125,15186.2001953125,15269.650390625,15137.0498046875,15243.7998046875,15167900
2023-10-13,15235.0498046875,15235.0498046875,15244.9501953125,15093.7998046875,15106.4501953125,13321800
2023-10-16,15164.75,15164.75,15249.9501953125,15147.150390625,15230.0,12828800
2023-10-17,15211.9501953125,15211.9501953125,15293.2001953125,15162.5,15222.599609375,12514700
2023-10-18,15331.2998046875,15331.2998046875,15394.150390625,15212.650390625,15231.900390625,33577200
2023-10-19,15273.400390625,15273.400390625,15310.849609375,15191.9501953125,15296.2998046875,16492400
2023-10-20,15107.150390625,15107.150390625,15243.4501953125,15070.0498046875,15239.150390625,20329700
2023-10-23,14911.650390625,14911.650390625,15218.0,14882.0498046875,15060.7001953125,33988600
2023-10-25,14800.150390625,14800.150390625,14990.599609375,14754.7998046875,14969.349609375,19617600
2023-10-26,14648.5498046875,14648.5498046875,14761.2001953125,14544.25,14751.5,20038600
2023-10-27,14738.5,14738.5,14818.9501953125,14667.9501953125,14706.5,12512400
2023-10-30,14775.599609375,14775.599609375,14827.650390625,14687.400390625,14786.650390625,15361900
2023-10-31,14683.650390625,14683.650390625,14871.25,14629.2001953125,14826.75,16552400
2023-11-01,14735.25,14735.25,14785.9501953125,14642.599609375,14727.150390625,16363500
2023-11-02,14834.4501953125,14834.4501953125,14894.900390625,14803.849609375,14820.9501953125,17642700
2023-11-03,14882.349609375,14882.349609375,14960.0498046875,14864.849609375,14921.650390625,13891100
2023-11-06,15072.2998046875,15072.2998046875,15088.7998046875,14929.849609375,14934.4501953125,16585100
2023-11-07,15271.75,15271.75,15295.7998046875,15045.400390625,15078.7998046875,20119500
2023-11-08,15497.25,15497.25,15561.849609375,15314.400390625,15335.849609375,27393700
2023-11-09,15491.849609375,15491.849609375,15574.9501953125,15444.599609375,15558.650390625,22245900
2023-11-10,15516.5,15516.5,15529.099609375,15386.2998046875,15491.7001953125,19746900
2023-11-13,15497.150390625,15497.150390625,15607.849609375,15430.400390625,15533.900390625,22648300
2023-11-15,15516.25,15516.25,15600.75,15472.5498046875,15596.099609375,20101000
2023-11-16,15651.099609375,15651.099609375,15715.25,15518.599609375,15535.4501953125,20645700
2023-11-17,15804.5,15804.5,15821.25,15658.7001953125,15671.7001953125,15952200
2023-11-20,15806.75,15806.75,15950.7998046875,15782.9501953125,15809.4501953125,20352900
2023-11-21,15968.900390625,15968.900390625,15997.599609375,15814.650390625,15849.9501953125,13957900
2023-11-22,16069.7998046875,16069.7998046875,16175.25,15987.099609375,16008.900390625,22039000
2023-11-23,15817.4501953125,15817.4501953125,16094.5498046875,15792.0,16092.4501953125,19340900
2023-11-24,15954.5,15954.5,16046.75,15880.900390625,15884.7001953125,28670700
2023-11-28,15900.2998046875,15900.2998046875,16006.5,15884.349609375,15980.7998046875,16707400
2023-11-29,15990.099609375,15990.099609375,16016.599609375,15903.75,15952.5,20373300
2023-11-30,16238.900390625,16238.900390625,16279.099609375,15971.75,15973.2001953125,32805600
2023-12-01,16257.0498046875,16257.0498046875,16385.349609375,16222.849609375,16298.9501953125,15665900
2023-12-04,16228.400390625,16228.400390625,16389.099609375,16183.0498046875,16372.0498046875,17996000
2023-12-05,16229.650390625,16229.650390625,16304.7998046875,16174.150390625,16248.2001953125,15021000
2023-12-06,16169.5498046875,16169.5498046875,16356.650390625,16106.9501953125,16297.400390625,17480100
2023-12-07,16294.2001953125,16294.2001953125,16305.900390625,16137.5,16163.2998046875,19038800
2023-12-08,16163.150390625,16163.150390625,16365.599609375,16079.2998046875,16311.0498046875,18025500
2023-12-11,16039.900390625,16039.900390625,16089.9501953125,15909.5498046875,16077.900390625,17800600
2023-12-12,15963.5,15963.5,16167.9501953125,15914.2998046875,16109.7998046875,17426500
2023-12-13,16142.400390625,16142.400390625,16168.5498046875,15938.75,15986.849609375,20396200
2023-12-14,16155.7001953125,16155.7001953125,16210.7001953125,16089.75,16202.2998046875,20964200
2023-12-15,16179.7998046875,16179.7998046875,16258.2998046875,16150.5,16250.900390625,23257200
2023-12-18,16332.150390625,16332.150390625,16438.75,16161.599609375,16196.400390625,31498800
2023-12-19,16391.25,16391.25,16433.80078125,16228.2998046875,16407.80078125,19402800
2023-12-20,16121.25,16121.25,16467.80078125,16086.0,16461.75,23821300
2023-12-21,16238.150390625,16238.150390625,16278.2001953125,15868.150390625,16048.400390625,19771000
2023-12-22,16394.349609375,16394.349609375,16500.900390625,16281.4501953125,16312.5,29445900
2023-12-26,16562.599609375,16562.599609375,16580.650390625,16385.69921875,16418.599609375,24416100
2023-12-27,16655.94921875,16655.94921875,16690.900390625,16530.44921875,16609.0,20504800
2023-12-28,16860.849609375,16860.849609375,16894.099609375,16617.349609375,16698.099609375,28726200
2023-12-29,16831.80078125,16831.80078125,16909.099609375,16769.5,16878.94921875,15391600
2024-01-01,16858.75,16858.75,16914.099609375,16819.0,16859.5,20454600
2024-01-02,17274.30078125,17274.30078125,17301.400390625,16878.5,16903.94921875,52400800
2024-01-03,17379.80078125,17379.80078125,17423.44921875,17241.05078125,17311.849609375,45015500
2024-01-04,17413.19921875,17413.19921875,17529.849609375,17326.75,17426.5,23777900
2024-01-05,17358.599609375,17358.599609375,17484.599609375,17241.099609375,17483.5,25736100
2024-01-08,17195.94921875,17195.94921875,17438.44921875,17162.0,17435.80078125,18527100
2024-01-09,17346.30078125,17346.30078125,17414.80078125,17240.349609375,17319.25,13718800
2024-01-10,17401.900390625,17401.900390625,17476.0,17271.650390625,17401.05078125,18500900
2024-01-11,17380.55078125,17380.55078125,17470.75,17331.150390625,17449.400390625,14500300
2024-01-12,17347.44921875,17347.44921875,17430.150390625,17271.400390625,17427.0,16536600
2024-01-15,17520.44921875,17520.44921875,17603.849609375,17334.150390625,17423.25,22313100
2024-01-16,17320.150390625,17320.150390625,17531.849609375,17235.69921875,17526.94921875,25982000
2024-01-17,17154.0,17154.0,17319.69921875,17130.44921875,17285.349609375,21665800
2024-01-18,17331.25,17331.25,17382.349609375,16818.69921875,17128.349609375,22609500
2024-01-19,17388.0,17388.0,17460.55078125,17308.099609375,17416.44921875,16428400
2024-01-23,17520.30078125,17520.30078125,17689.94921875,17347.349609375,17361.94921875,32186600
2024-01-24,17763.69921875,17763.69921875,17796.0,17431.599609375,17557.05078125,24343100
2024-01-25,17532.55078125,17532.55078125,17738.900390625,17438.900390625,17721.05078125,40101500
2024-01-29,17623.599609375,17623.599609375,17676.900390625,17432.44921875,17511.349609375,20436700
2024-01-30,17470.150390625,17470.150390625,17750.5,17452.69921875,17674.0,15607800
2024-01-31,17938.650390625,17938.650390625,18003.150390625,17451.25,17463.30078125,29613800
2024-02-01,17839.19921875,17839.19921875,18053.099609375,17734.75,18004.599609375,30756600
2024-02-02,17972.099609375,17972.099609375,18084.69921875,17884.69921875,17885.349609375,19858400
2024-02-05,18292.94921875,18292.94921875,18379.80078125,17979.55078125,18034.19921875,35021200
2024-02-06,18488.05078125,18488.05078125,18533.69921875,18286.900390625,18301.30078125,43955700
2024-02-07,18564.849609375,18564.849609375,18640.80078125,18440.650390625,18597.849609375,32258500
2024-02-08,18520.30078125,18520.30078125,18729.650390625,18493.55078125,18716.75,25845900
2024-02-09,18617.099609375,18617.099609375,18666.19921875,18391.19921875,18569.150390625,38487200
2024-02-12,18669.55078125,18669.55078125,18850.30078125,18605.19921875,18685.650390625,34564600
2024-02-13,18753.94921875,18753.94921875,18780.05078125,18619.349609375,18705.150390625,23249700
2024-02-14,18584.349609375,18584.349609375,18715.69921875,18398.30078125,18714.44921875,25481700
2024-02-15,18567.69921875,18567.69921875,18694.25,18516.25,18627.69921875,24878300
2024-02-16,18870.80078125,18870.80078125,18958.849609375,18621.0,18648.5,58210400
2024-02-19,19037.69921875,19037.69921875,19079.30078125,18897.19921875,18938.69921875,49978000
2024-02-20,18993.0,18993.0,19076.80078125,18802.19921875,19059.55078125,30848900
2024-02-21,18916.44921875,18916.44921875,19061.349609375,18830.099609375,19015.75,19920700
2024-02-22,18969.44921875,18969.44921875,19002.849609375,18755.650390625,18999.849609375,16427000
2024-02-23,19048.400390625,19048.400390625,19134.80078125,18957.75,18984.94921875,17348200
2024-02-26,18956.44921875,18956.44921875,19119.30078125,18797.25,19065.05078125,21964400
2024-02-27,19064.19921875,19064.19921875,19075.849609375,18897.44921875,18946.44921875,21569500
2024-02-28,18942.55078125,18942.55078125,19112.05078125,18874.55078125,19094.400390625,18650700
2024-02-29,19003.150390625,19003.150390625,19056.44921875,18761.25,18930.650390625,30622200
2024-03-01,18822.30078125,18822.30078125,19060.44921875,18796.900390625,19058.0,22106700
2024-03-04,18960.19921875,18960.19921875,19158.69921875,18933.69921875,18933.900390625,35839800
2024-03-05,19018.5,19018.5,19033.0,18833.849609375,18965.25,17565900
2024-03-06,19140.0,19140.0,19172.349609375,18811.30078125,19022.900390625,22859900
2024-03-07,19194.099609375,19194.099609375,19277.69921875,19123.099609375,19158.150390625,22676900
2024-03-11,19202.05078125,19202.05078125,19397.25,19173.80078125,19313.19921875,21482900
2024-03-12,18958.69921875,18958.69921875,19322.55078125,18910.650390625,19219.30078125,17064600
2024-03-13,18635.69921875,18635.69921875,19022.19921875,18495.0,18961.19921875,25027500
2024-03-14,18897.099609375,18897.099609375,18919.599609375,18517.599609375,18632.05078125,21832300
2024-03-15,18718.44921875,18718.44921875,18916.19921875,18588.849609375,18876.80078125,25159500
2024-03-18,18814.349609375,18814.349609375,18851.69921875,18637.349609375,18713.400390625,16468500
2024-03-19,18405.650390625,18405.650390625,18833.349609375,18370.30078125,18820.849609375,17045300
2024-03-20,18361.400390625,18361.400390625,18497.650390625,18189.94921875,18463.099609375,19088800
2024-03-21,18582.599609375,18582.599609375,18611.55078125,18366.849609375,18494.0,18543700
2024-03-22,18815.599609375,18815.599609375,18881.25,18583.75,18594.75,21427200
2024-03-26,18809.44921875,18809.44921875,18890.30078125,18684.80078125,18690.099609375,23818000
2024-03-27,18768.400390625,18768.400390625,18913.150390625,18729.75,18880.94921875,21349500
2024-03-28,18996.150390625,18996.150390625,19082.05078125,18773.94921875,18824.19921875,25843000
2024-04-01,19207.900390625,19207.900390625,19234.19921875,19091.55078125,19147.5,15683600
2024-04-02,19185.150390625,19185.150390625,19237.75,19124.55078125,19235.150390625,14635900
2024-04-03,19153.05078125,19153.05078125,19272.650390625,19058.400390625,19172.69921875,25736400
2024-04-04,19125.19921875,19125.19921875,19222.0,18952.650390625,19220.69921875,19276000
2024-04-05,19160.75,19160.75,19395.55078125,19076.599609375,19084.19921875,19821000
2024-04-08,19218.849609375,19218.849609375,19288.44921875,19138.19921875,19246.5,21521800
2024-04-09,19182.30078125,19182.30078125,19286.0,19138.19921875,19275.849609375,31028600
2024-04-10,19117.0,19117.0,19225.400390625,19070.25,19210.19921875,32900500
2024-04-12,18788.650390625,18788.650390625,19113.55078125,18765.80078125,19068.19921875,32400500
2024-04-15,18617.650390625,18617.650390625,18685.400390625,18545.55078125,18613.75,22073500
2024-04-16,18695.599609375,18695.599609375,18726.75,18525.80078125,18571.900390625,18287500
2024-04-18,18525.75,18525.75,18815.599609375,18479.19921875,18790.400390625,28575600
2024-04-19,18404.599609375,18404.599609375,18470.44921875,18298.25,18413.5,18901700
2024-04-22,18643.0,18643.0,18691.650390625,18500.099609375,18512.44921875,20366200
2024-04-23,18463.75,18463.75,18788.599609375,18444.900390625,18781.75,29261400
2024-04-24,18586.19921875,18586.19921875,18643.150390625,18490.5,18508.900390625,44326200
2024-04-25,18878.150390625,18878.150390625,18907.44921875,18605.099609375,18631.849609375,27269500
2024-04-26,18994.650390625,18994.650390625,19056.69921875,18891.5,18937.55078125,64395200
2024-04-29,19096.900390625,19096.900390625,19153.19921875,18998.05078125,19096.69921875,30387900
2024-04-30,18970.599609375,18970.599609375,19222.30078125,18938.849609375,19168.80078125,20955700
2024-05-02,19124.44921875,19124.44921875,19182.400390625,18990.44921875,18991.55078125,29279500
2024-05-03,19133.400390625,19133.400390625,19267.150390625,19057.30078125,19203.849609375,22946200
2024-05-06,19203.30078125,19203.30078125,19228.30078125,18969.5,19193.900390625,18285000
2024-05-07,18846.30078125,18846.30078125,19270.0,18703.849609375,19264.94921875,25453700
2024-05-08,18850.849609375,18850.849609375,18885.55078125,18613.44921875,18739.94921875,22698600
2024-05-09,18437.05078125,18437.05078125,18920.30078125,18406.650390625,18870.150390625,21623700
2024-05-10,18609.44921875,18609.44921875,18699.849609375,18449.69921875,18469.599609375,23062000
2024-05-13,18939.0,18939.0,18971.75,18638.599609375,18680.099609375,27623700
2024-05-14,18860.849609375,18860.849609375,18978.75,18795.150390625,18956.75,20324300
2024-05-15,18886.55078125,18886.55078125,19032.849609375,18857.55078125,18952.0,37039200
2024-05-16,18996.150390625,18996.150390625,19024.349609375,18727.25,18961.400390625,26942400
2024-05-17,18981.599609375,18981.599609375,19039.650390625,18933.55078125,19028.5,27534000
2024-05-21,19205.19921875,19205.19921875,19280.55078125,19021.55078125,19080.5,24381000
2024-05-22,19317.400390625,19317.400390625,19422.19921875,19051.55078125,19305.900390625,29246900
2024-05-23,19216.349609375,19216.349609375,19285.44921875,18994.30078125,19285.44921875,41527100
2024-05-24,19119.5,19119.5,19256.849609375,19094.349609375,19252.150390625,52040700
2024-05-27,19111.94921875,19111.94921875,19313.400390625,19070.05078125,19258.150390625,41904500
2024-05-28,19215.75,19215.75,19341.80078125,19131.19921875,19171.30078125,34224600
2024-05-29,19321.349609375,19321.349609375,19415.0,19150.19921875,19208.5,25221400
2024-05-30,18971.0,18971.0,19287.75,18910.80078125,19274.349609375,27119800
2024-05-31,18796.30078125,18796.30078125,19067.150390625,18732.349609375,19015.5,48740800
2024-06-03,18864.150390625,18864.150390625,19213.0,18831.05078125,19206.900390625,24355900
2024-06-04,18603.150390625,18603.150390625,18977.80078125,17904.75,18942.400390625,43810900
2024-06-05,19281.25,19281.25,19354.80078125,18655.900390625,18789.75,31637600
2024-06-06,19232.099609375,19232.099609375,19365.599609375,19056.75,19365.55078125,40199400
2024-06-07,19578.0,19578.0,19596.69921875,19270.099609375,19297.94921875,35878800
2024-06-10,19774.69921875,19774.69921875,19809.900390625,19629.849609375,19696.55078125,26328300
2024-06-11,19689.69921875,19689.69921875,19868.44921875,19666.150390625,19853.650390625,22222900
2024-06-12,19739.099609375,19739.099609375,19794.05078125,19658.05078125,19763.150390625,16038900
2024-06-13,19838.5,19838.5,19878.25,19706.55078125,19842.55078125,15582700
2024-06-14,19895.650390625,19895.650390625,19918.650390625,19821.400390625,19860.25,17238200
2024-06-18,19826.650390625,19826.650390625,19927.900390625,19710.900390625,19907.5,26093500
2024-06-19,19644.5,19644.5,19904.5,19618.25,19894.650390625,21648800
2024-06-20,19544.55078125,19544.55078125,19606.849609375,19477.69921875,19594.75,21838800
2024-06-21,19528.400390625,19528.400390625,19757.75,19491.5,19593.75,34671900
2024-06-24,19521.150390625,19521.150390625,19627.150390625,19442.44921875,19511.849609375,23369100
2024-06-25,19532.30078125,19532.30078125,19630.599609375,19455.849609375,19579.900390625,15140400
2024-06-26,19545.349609375,19545.349609375,19601.400390625,19433.349609375,19528.849609375,26775500
2024-06-27,19514.80078125,19514.80078125,19631.150390625,19414.900390625,19549.05078125,32817000
2024-06-28,19731.55078125,19731.55078125,19797.900390625,19555.650390625,19557.650390625,23366000
2024-07-01,19758.25,19758.25,19823.349609375,19660.94921875,19794.849609375,24633900
2024-07-02,19786.400390625,19786.400390625,19818.75,19697.349609375,19776.69921875,20220600
2024-07-03,19915.30078125,19915.30078125,19965.80078125,19707.900390625,19813.55078125,24458900
2024-07-04,20192.599609375,20192.599609375,20238.599609375,19872.94921875,19955.69921875,33820200
2024-07-05,20453.849609375,20453.849609375,20516.099609375,20230.099609375,20237.5,41392700
2024-07-08,20325.80078125,20325.80078125,20575.349609375,20283.0,20493.19921875,21632400
2024-07-09,20645.80078125,20645.80078125,20670.849609375,20308.0,20396.69921875,20688400
2024-07-10,20725.94921875,20725.94921875,20743.099609375,20351.349609375,20731.19921875,20224200
2024-07-11,20601.69921875,20601.69921875,20804.25,20525.5,20781.80078125,18049100
2024-07-12,20612.650390625,20612.650390625,20653.349609375,20501.150390625,20631.099609375,16294600
2024-07-15,20844.55078125,20844.55078125,20960.30078125,20675.19921875,20705.80078125,22877200
2024-07-16,20765.44921875,20765.44921875,20913.5,20729.849609375,20869.94921875,14584800
2024-07-18,20768.349609375,20768.349609375,20805.25,20563.69921875,20737.0,19401000
2024-07-19,20425.400390625,20425.400390625,20722.19921875,20398.44921875,20706.150390625,15806500
2024-07-22,20641.55078125,20641.55078125,20716.44921875,20275.25,20319.69921875,15762200
2024-07-23,20755.349609375,20755.349609375,20788.400390625,20329.44921875,20644.849609375,20708600
2024-07-24,20908.5,20908.5,20962.55078125,20670.25,20790.55078125,23302300
2024-07-25,21105.5,21105.5,21139.30078125,20739.150390625,20817.44921875,30322500
2024-07-26,21603.099609375,21603.099609375,21703.30078125,21159.0,21184.599609375,37681000
2024-07-29,21674.94921875,21674.94921875,21745.25,21474.75,21701.55078125,25966700
2024-07-30,21540.80078125,21540.80078125,21754.94921875,21516.5,21667.400390625,19478300
2024-07-31,21777.150390625,21777.150390625,21824.69921875,21566.650390625,21566.650390625,32594600
2024-08-01,21790.349609375,21790.349609375,21875.150390625,21694.900390625,21840.150390625,26436500
2024-08-02,21902.849609375,21902.849609375,22005.099609375,21528.650390625,21620.400390625,23537300
2024-08-05,21583.05078125,21583.05078125,21878.80078125,21501.80078125,21526.80078125,29592400
2024-08-06,21562.55078125,21562.55078125,21877.0,21537.44921875,21669.650390625,20225400
2024-08-07,22036.94921875,22036.94921875,22050.30078125,21682.75,21755.650390625,30450900
2024-08-08,22114.25,22114.25,22301.05078125,22033.69921875,22065.650390625,29533100
2024-08-09,22209.55078125,22209.55078125,22299.44921875,22155.25,22239.69921875,31725900
2024-08-12,22205.599609375,22205.599609375,22262.5,22109.19921875,22209.05078125,27752900
2024-08-13,22191.599609375,22191.599609375,22326.55078125,22152.55078125,22303.80078125,28333800
2024-08-14,22012.69921875,22012.69921875,22276.849609375,21945.900390625,22276.849609375,23797700
2024-08-16,22106.5,22106.5,22152.900390625,21933.69921875,22127.599609375,28790800
2024-08-19,22237.849609375,22237.849609375,22292.5,22124.69921875,22200.900390625,17000600
2024-08-20,22374.25,22374.25,22385.0,22179.75,22313.94921875,18579500
2024-08-21,22577.900390625,22577.900390625,22588.650390625,22349.75,22420.900390625,20684500
2024-08-22,22546.099609375,22546.099609375,22661.0,22501.94921875,22660.30078125,19003000
2024-08-23,22527.849609375,22527.849609375,22608.099609375,22450.849609375,22565.599609375,15638300
2024-08-26,22554.94921875,22554.94921875,22607.349609375,22437.150390625,22520.650390625,19215600
2024-08-27,22729.0,22729.0,22758.5,22547.5,22597.80078125,20379500
2024-08-28,22989.099609375,22989.099609375,23090.75,22710.55078125,22815.69921875,31534400
2024-08-29,22878.05078125,22878.05078125,23111.5,22774.25,22969.0,25275400
2024-08-30,23217.599609375,23217.599609375,23275.5,22915.30078125,22918.69921875,60547100
2024-09-02,22987.44921875,22987.44921875,23384.849609375,22957.5,23343.05078125,19554600
2024-09-03,23014.30078125,23014.30078125,23219.349609375,22986.30078125,23035.099609375,18221600
2024-09-04,23184.400390625,23184.400390625,23214.5,22902.30078125,22942.900390625,30194000
2024-09-05,23156.69921875,23156.69921875,23404.849609375,23116.900390625,23216.900390625,42005900
2024-09-06,23043.400390625,23043.400390625,23233.150390625,22988.900390625,23154.69921875,21128200
2024-09-09,23009.400390625,23009.400390625,23100.849609375,22884.55078125,23019.0,25519900
2024-09-10,23256.849609375,23256.849609375,23297.5,23109.75,23126.30078125,33430700
2024-09-11,23220.400390625,23220.400390625,23463.099609375,23175.75,23293.150390625,27832400
2024-09-12,23429.599609375,23429.599609375,23488.69921875,23239.5,23358.75,66304500
2024-09-13,23457.650390625,23457.650390625,23521.150390625,23365.05078125,23466.25,41700300
2024-09-16,23448.75,23448.75,23573.849609375,23414.900390625,23560.55078125,20935300
2024-09-17,23383.650390625,23383.650390625,23504.5,23367.55078125,23472.94921875,21509200
2024-09-18,23025.19921875,23025.19921875,23414.150390625,22914.75,23411.650390625,21157800
2024-09-19,22930.150390625,22930.150390625,23160.099609375,22802.599609375,23108.650390625,25531000
2024-09-20,23005.25,23005.25,23062.400390625,22857.05078125,23014.400390625,30086300
2024-09-23,23134.25,23134.25,23292.05078125,23035.599609375,23134.349609375,24894600
2024-09-24,23188.400390625,23188.400390625,23240.599609375,23094.80078125,23103.30078125,22614300
2024-09-25,23249.0,23249.0,23278.900390625,23087.69921875,23241.900390625,20101500
2024-09-26,23250.900390625,23250.900390625,23287.25,23022.150390625,23275.400390625,28665900
2024-09-27,23519.099609375,23519.099609375,23557.44921875,23257.349609375,23268.55078125,43713700
2024-09-30,23281.19921875,23281.19921875,23578.5,23250.400390625,23497.75,22325200
2024-10-01,23296.55078125,23296.55078125,23328.650390625,23084.05078125,23294.25,20875300
2024-10-03,23178.75,23178.75,23356.0,23090.25,23168.30078125,29684200
2024-10-04,23094.69921875,23094.69921875,23442.0,22983.5,23140.0,26995400
2024-10-07,22977.80078125,22977.80078125,23215.44921875,22852.69921875,23145.19921875,23222000
2024-10-08,23307.94921875,23307.94921875,23345.55078125,22896.05078125,22925.69921875,16330800
2024-10-09,23783.80078125,23783.80078125,23907.900390625,23314.19921875,23319.44921875,21326100
2024-10-10,23305.150390625,23305.150390625,23885.94921875,23254.599609375,23834.0,22404500
2024-10-11,23582.25,23582.25,23592.900390625,23261.150390625,23378.05078125,21021800
2024-10-14,23680.0,23680.0,23713.94921875,23475.849609375,23624.099609375,15731700
2024-10-15,23555.69921875,23555.69921875,23808.849609375,23495.55078125,23727.05078125,16143300
2024-10-16,23467.349609375,23467.349609375,23591.80078125,23331.55078125,23561.69921875,18864100
2024-10-17,23254.0,23254.0,23577.94921875,23200.55078125,23569.19921875,12398900
2024-10-18,23356.19921875,23356.19921875,23426.55078125,23075.5,23249.25,16426000
2024-10-21,23122.69921875,23122.69921875,23486.94921875,23074.55078125,23412.69921875,13240500
2024-10-22,22828.19921875,22828.19921875,23206.44921875,22790.849609375,23126.25,15953900
2024-10-23,22471.599609375,22471.599609375,22896.150390625,22437.94921875,22764.44921875,16707100
2024-10-24,22570.80078125,22570.80078125,22651.900390625,22464.099609375,22493.150390625,13218500
2024-10-25,22574.55078125,22574.55078125,22752.19921875,22463.0,22606.19921875,34313300
2024-10-28,22857.25,22857.25,22948.69921875,22430.44921875,22604.05078125,19497400
2024-10-29,22601.400390625,22601.400390625,23003.94921875,22360.5,22978.650390625,22346800
2024-10-30,22374.94921875,22374.94921875,22569.0,22216.94921875,22512.80078125,28770600
2024-10-31,22735.55078125,22735.55078125,22781.099609375,22550.5,22639.80078125,45931900
2024-11-01,22807.150390625,22807.150390625,22894.55078125,22724.30078125,22886.44921875,3063100
2024-11-04,22638.30078125,22638.30078125,22817.0,22421.25,22817.0,24876600
2024-11-05,22661.25,22661.25,22788.150390625,22381.599609375,22613.849609375,24723200
2024-11-06,22920.349609375,22920.349609375,22979.349609375,22687.599609375,22781.150390625,31576100
2024-11-07,22526.94921875,22526.94921875,23032.55078125,22478.19921875,23028.5,25838000
2024-11-08,22542.25,22542.25,22673.349609375,22428.80078125,22603.44921875,24374600
2024-11-11,22344.25,22344.25,22678.55078125,22285.94921875,22671.05078125,38076900
2024-11-12,22151.599609375,22151.599609375,22537.849609375,22094.19921875,22317.599609375,25734900
2024-11-13,21809.30078125,21809.30078125,22120.650390625,21757.19921875,22089.30078125,20036900
2024-11-14,21752.0,21752.0,22012.0,21693.900390625,21802.650390625,17236600
2024-11-18,21544.150390625,21544.150390625,21851.400390625,21475.94921875,21802.650390625,19208600
2024-11-19,21768.849609375,21768.849609375,21990.05078125,21495.75,21505.349609375,14903700
2024-11-21,21740.099609375,21740.099609375,21857.849609375,21552.900390625,21672.05078125,13684900
2024-11-22,21962.05078125,21962.05078125,22024.30078125,21721.55078125,21769.349609375,13496700
2024-11-25,22177.05078125,22177.05078125,22275.69921875,22064.900390625,22163.849609375,33792400
2024-11-26,21961.75,21961.75,22250.55078125,21924.849609375,22231.75,20378800
2024-11-27,21828.599609375,21828.599609375,22037.69921875,21751.900390625,21970.0,24092900
2024-11-28,21728.599609375,21728.599609375,21884.5,21649.5,21855.80078125,25067900
2024-11-29,22240.19921875,22240.19921875,22297.55078125,21796.30078125,21817.650390625,24565700
2024-12-02,22450.19921875,22450.19921875,22517.55078125,22269.400390625,22323.94921875,32213900
2024-12-03,22445.69921875,22445.69921875,22603.900390625,22399.55078125,22600.0,37466500
2024-12-04,22422.900390625,22422.900390625,22526.80078125,22292.099609375,22497.849609375,27212500
2024-12-05,22463.400390625,22463.400390625,22528.30078125,22145.05078125,22485.650390625,28043000
2024-12-06,22434.75,22434.75,22562.94921875,22398.05078125,22548.55078125,20141600
2024-12-09,22309.099609375,22309.099609375,22463.25,22266.30078125,22434.5,25658000
2024-12-10,22291.44921875,22291.44921875,22419.19921875,22179.400390625,22392.400390625,18847500
2024-12-11,22302.599609375,22302.599609375,22397.150390625,22267.099609375,22352.0,14659400
2024-12-12,22229.30078125,22229.30078125,22420.55078125,22187.75,22402.30078125,16683200
2024-12-13,22157.349609375,22157.349609375,22222.5,21798.0,22184.400390625,20793500
2024-12-16,22255.55078125,22255.55078125,22289.349609375,22067.099609375,22212.19921875,14374200
2024-12-17,22074.55078125,22074.55078125,22350.5,22015.75,22307.400390625,18288900
2024-12-18,22314.55078125,22314.55078125,22431.099609375,22099.849609375,22105.849609375,25838300
2024-12-19,22697.900390625,22697.900390625,22726.900390625,22163.599609375,22209.349609375,29682500
2024-12-20,22501.849609375,22501.849609375,22791.0,22452.44921875,22708.44921875,28073700
2024-12-23,22572.05078125,22572.05078125,22705.44921875,22363.55078125,22603.80078125,15744300
2024-12-24,22558.900390625,22558.900390625,22669.30078125,22470.400390625,22603.099609375,20214100
2024-12-26,22712.55078125,22712.55078125,22745.349609375,22451.19921875,22571.400390625,16984900
2024-12-27,23008.349609375,23008.349609375,23066.099609375,22691.05078125,22756.30078125,21018300
2024-12-30,23241.150390625,23241.150390625,23313.19921875,22980.80078125,23037.19921875,38732700
2024-12-31,23412.25,23412.25,23511.94921875,23152.05078125,23191.349609375,21380100
2025-01-01,23459.75,23459.75,23509.650390625,23321.650390625,23441.80078125,14507300
2025-01-02,23553.400390625,23553.400390625,23566.75,23308.94921875,23494.650390625,17930800
2025-01-03,23263.5,23263.5,23604.44921875,23208.849609375,23569.94921875,15237500
2025-01-06,23073.05078125,23073.05078125,23301.849609375,22912.30078125,23283.94921875,15764700
2025-01-07,23228.55078125,23228.55078125,23413.19921875,23116.80078125,23116.80078125,36434300
2025-01-08,23011.099609375,23011.099609375,23418.19921875,22897.5,23338.69921875,17390800
2025-01-09,22868.099609375,22868.099609375,23085.30078125,22836.19921875,23043.150390625,15886800
2025-01-10,22380.849609375,22380.849609375,22918.849609375,22336.80078125,22826.650390625,17004800
2025-01-13,21903.349609375,21903.349609375,22277.80078125,21848.55078125,22256.94921875,41642100
2025-01-14,22203.900390625,22203.900390625,22250.0,21910.05078125,21970.75,29917500
2025-01-15,21972.69921875,21972.69921875,22288.55078125,21834.0,22281.849609375,20173200
2025-01-16,21909.75,21909.75,22085.69921875,21810.30078125,22083.55078125,22794600
2025-01-17,22061.69921875,22061.69921875,22124.400390625,21836.94921875,21950.30078125,14997300
2025-01-20,22182.400390625,22182.400390625,22213.900390625,21863.44921875,22099.80078125,18161100
2025-01-21,21882.900390625,21882.900390625,22395.80078125,21862.650390625,22195.75,14485200
2025-01-22,22034.94921875,22034.94921875,22055.05078125,21829.44921875,21962.94921875,13897000
2025-01-23,22343.30078125,22343.30078125,22373.94921875,21959.94921875,21980.30078125,14838200
2025-01-24,21872.400390625,21872.400390625,22249.75,21775.900390625,22199.55078125,29670100
2025-01-27,21292.30078125,21292.30078125,21807.150390625,21225.650390625,21786.0,41383600
2025-01-28,20796.599609375,20796.599609375,21272.55078125,20673.80078125,21266.80078125,37111500
2025-01-29,21163.900390625,21163.900390625,21220.349609375,20783.94921875,20816.0,23491100
2025-01-30,21419.650390625,21419.650390625,21485.30078125,21198.5,21245.599609375,37536200
2025-01-31,21438.599609375,21438.599609375,21641.19921875,21304.849609375,21413.099609375,25033300
2025-02-03,21361.599609375,21361.599609375,21397.80078125,21060.69921875,21370.19921875,14956500
2025-02-04,21733.94921875,21733.94921875,21761.849609375,21459.650390625,21486.849609375,21478600
2025-02-05,21868.5,21868.5,21929.900390625,21604.55078125,21807.650390625,28283100
2025-02-06,22009.05078125,22009.05078125,22170.849609375,21910.349609375,21942.349609375,31651200
2025-02-07,22077.0,22077.0,22143.80078125,21891.55078125,22049.44921875,16351900
2025-02-10,21665.650390625,21665.650390625,22082.0,21608.599609375,22028.849609375,12622400
2025-02-11,21249.5,21249.5,21704.94921875,21123.650390625,21680.900390625,16509000
2025-02-12,21142.05078125,21142.05078125,21306.5,20931.150390625,21287.94921875,20180100
2025-02-13,21427.099609375,21427.099609375,21611.19921875,21165.44921875,21165.44921875,34325400
2025-02-14,20811.55078125,20811.55078125,21499.69921875,20673.099609375,21466.80078125,35511100
2025-02-17,21076.0,21076.0,21157.900390625,20652.94921875,20755.55078125,20315900
2025-02-18,20969.19921875,20969.19921875,21142.05078125,20835.55078125,21060.55078125,17862300
2025-02-19,20820.0,20820.0,20930.150390625,20299.94921875,20590.599609375,25280300
2025-02-20,20785.75,20785.75,20841.150390625,20682.099609375,20746.30078125,17502300
2025-02-21,20385.650390625,20385.650390625,20869.099609375,20303.349609375,20824.69921875,28767000
2025-02-24,20389.69921875,20389.69921875,20550.599609375,20222.150390625,20256.599609375,20893700
2025-02-25,20249.150390625,20249.150390625,20500.849609375,20203.400390625,20393.349609375,25558900
2025-02-27,20201.25,20201.25,20336.900390625,20051.650390625,20292.80078125,21215200
2025-02-28,19813.5,19813.5,20223.900390625,19755.80078125,20223.900390625,37023000
2025-03-03,19879.80078125,19879.80078125,19908.94921875,19633.94921875,19764.25,18487800
2025-03-04,19820.650390625,19820.650390625,19884.900390625,19635.150390625,19795.19921875,16193600
2025-03-05,20126.80078125,20126.80078125,20149.650390625,19713.099609375,19761.599609375,24003800
2025-03-06,20423.349609375,20423.349609375,20457.0,20200.44921875,20293.599609375,19934700
2025-03-07,20378.30078125,20378.30078125,20509.69921875,20327.75,20458.599609375,13936800
2025-03-10,20256.55078125,20256.55078125,20591.30078125,20198.30078125,20429.94921875,14297200
2025-03-11,20332.099609375,20332.099609375,20444.44921875,20101.44921875,20150.25,16926300
2025-03-12,20424.0,20424.0,20443.349609375,20178.30078125,20357.0,16809200
2025-03-13,20386.849609375,20386.849609375,20499.5,20305.150390625,20458.5,10523300
2025-03-17,20703.94921875,20703.94921875,20775.55078125,20404.55078125,20442.0,15939200
2025-03-18,21041.30078125,21041.30078125,21077.30078125,20712.25,20807.80078125,14698800
2025-03-19,21145.650390625,21145.650390625,21172.19921875,20915.30078125,21133.25,15593400
2025-03-20,21340.599609375,21340.599609375,21364.94921875,21112.0,21242.849609375,11571400
2025-03-21,21625.900390625,21625.900390625,21680.80078125,21358.0,21417.5,26136100
2025-03-24,21771.150390625,21771.150390625,21807.80078125,21607.650390625,21734.849609375,13361500
2025-03-25,21542.5,21542.5,21869.0,21427.80078125,21840.400390625,15394500
2025-03-26,21360.599609375,21360.599609375,21594.44921875,21299.900390625,21568.94921875,15007600
2025-03-27,21275.150390625,21275.150390625,21305.05078125,21042.849609375,21247.099609375,35173900
2025-03-28,21137.44921875,21137.44921875,21313.349609375,20999.94921875,21277.30078125,16678300
2025-04-01,20771.80078125,20771.80078125,21218.44921875,20704.69921875,21085.5,19614900
2025-04-02,20952.849609375,20952.849609375,20983.900390625,20615.349609375,20771.05078125,14812400
2025-04-03,21423.55078125,21423.55078125,21996.599609375,21372.400390625,21571.849609375,47527600
2025-04-04,20560.0,20560.0,21431.19921875,20089.44921875,21430.94921875,45409100
2025-04-07,19995.5,19995.5,20150.0,19121.099609375,19122.69921875,29810800
2025-04-08,20377.900390625,20377.900390625,20471.30078125,20077.900390625,20103.0,20693000
2025-04-09,19976.30078125,19976.30078125,20137.900390625,19839.599609375,20019.900390625,26700
2025-04-11,20461.900390625,20461.900390625,20684.75,20379.25,20608.349609375,26200
2025-04-15,20912.19921875,20912.19921875,20957.25,20665.25,20823.19921875,19500
2025-04-16,20874.30078125,20874.30078125,20972.099609375,20768.19921875,20844.30078125,24900
2025-04-17,21126.75,21126.75,21166.69921875,20862.80078125,20886.69921875,19600
2025-04-21,21351.05078125,21351.05078125,21380.400390625,21078.05078125,21308.900390625,16796200
2025-04-22,21438.05078125,21438.05078125,21501.849609375,21202.30078125,21378.80078125,15100
2025-04-23,21738.94921875,21738.94921875,21759.55078125,21422.650390625,21537.69921875,20300
2025-04-24,21974.599609375,21974.599609375,22058.19921875,21679.400390625,21769.150390625,47700
2025-04-25,21482.55078125,21482.55078125,22116.25,21323.19921875,22008.5,25900
2025-04-28,21908.099609375,21908.099609375,21961.900390625,21465.5,21466.099609375,17900
2025-04-29,21676.650390625,21676.650390625,21980.849609375,21567.19921875,21948.099609375,17100
2025-04-30,21772.44921875,21772.44921875,21970.0,21668.150390625,21708.849609375,22200
2025-05-02,21627.44921875,21627.44921875,21863.0,21495.05078125,21729.900390625,16200
2025-05-05,21775.75,21775.75,21802.05078125,21627.0,21699.099609375,16200
2025-05-06,21534.349609375,21534.349609375,21700.30078125,21359.30078125,21672.849609375,20900
2025-05-07,21462.44921875,21462.44921875,21556.099609375,21313.400390625,21320.80078125,18100
2025-05-08,21115.05078125,21115.05078125,21517.94921875,21013.0,21464.75,19400
2025-05-09,21071.75,21071.75,21107.30078125,20825.25,20855.05078125,17800
2025-05-12,21102.69921875,21102.69921875,21156.75,20576.05078125,20949.69921875,37000
2025-05-13,21359.75,21359.75,21589.099609375,21225.80078125,21226.30078125,30300
2025-05-14,21480.5,21480.5,21508.400390625,21176.75,21362.19921875,19100
2025-05-15,21650.650390625,21650.650390625,21671.349609375,21327.94921875,21489.19921875,21700
2025-05-16,21633.19921875,21633.19921875,21717.0,21504.5,21717.0,15500
2025-05-19,21740.44921875,21740.44921875,22026.650390625,21662.5,21723.849609375,18600
2025-05-20,21456.150390625,21456.150390625,21857.650390625,21427.75,21819.650390625,20500
2025-05-21,21723.650390625,21723.650390625,21947.5,21461.19921875,21489.19921875,23000
2025-05-22,21521.75,21521.75,21741.69921875,21431.44921875,21703.349609375,18700
2025-05-23,21434.25,21434.25,21452.099609375,21172.849609375,21389.349609375,17100
2025-05-26,21501.80078125,21501.80078125,21650.44921875,21443.30078125,21541.650390625,14400
2025-05-27,21524.94921875,21524.94921875,21590.80078125,21444.19921875,21520.349609375,15000
2025-05-28,21393.30078125,21393.30078125,21574.55078125,21356.349609375,21562.599609375,16600
2025-05-29,21589.349609375,21589.349609375,21610.69921875,21419.349609375,21489.900390625,19700
2025-05-30,21442.05078125,21442.05078125,21641.55078125,21390.099609375,21570.80078125,28300
2025-06-02,21394.099609375,21394.099609375,21465.55078125,21261.0,21445.5,12400
2025-06-03,21354.19921875,21354.19921875,21514.55078125,21303.849609375,21514.55078125,18000
2025-06-04,21371.69921875,21371.69921875,21461.349609375,21311.69921875,21338.69921875,14900
2025-06-05,21644.19921875,21644.19921875,21694.05078125,21405.900390625,21407.30078125,23600
2025-06-06,21684.400390625,21684.400390625,21707.69921875,21557.0,21686.849609375,14500
2025-06-09,21826.80078125,21826.80078125,21840.94921875,21694.80078125,21751.099609375,17000
2025-06-10,21948.0,21948.0,21976.900390625,21802.19921875,21886.400390625,21000
2025-06-11,22057.150390625,22057.150390625,22090.849609375,21962.30078125,22016.400390625,25900
2025-06-12,22036.150390625,22036.150390625,22354.75,21968.75,22124.80078125,26500
2025-06-13,21985.150390625,21985.150390625,22008.900390625,21742.05078125,21778.349609375,22000
2025-06-16,22039.44921875,22039.44921875,22058.599609375,21840.349609375,21899.349609375,18800
2025-06-17,21622.80078125,21622.80078125,22057.150390625,21516.94921875,22029.150390625,32500
2025-06-18,21588.400390625,21588.400390625,21724.099609375,21534.75,21587.150390625,21100
2025-06-19,21441.849609375,21441.849609375,21619.30078125,21394.849609375,21583.849609375,20600
2025-06-20,21613.0,21613.0,21642.650390625,21424.75,21443.650390625,23500
2025-06-23,21626.19921875,21626.19921875,21672.69921875,21460.75,21531.30078125,15300
2025-06-24,21672.099609375,21672.099609375,21864.349609375,21655.75,21728.19921875,23900
2025-06-25,21804.80078125,21804.80078125,21832.400390625,21708.44921875,21749.80078125,25000
2025-06-26,21808.19921875,21808.19921875,21860.80078125,21665.349609375,21835.900390625,29200
2025-06-27,21928.599609375,21928.599609375,22001.0,21823.599609375,21850.849609375,30600
2025-06-30,22038.69921875,22038.69921875,22079.099609375,21934.19921875,22036.25,25100
2025-07-01,22041.25,22041.25,22124.05078125,21856.19921875,22097.900390625,27300
2025-07-02,22110.80078125,22110.80078125,22176.099609375,21996.5,22030.400390625,26400
2025-07-03,22204.25,22204.25,22238.349609375,22103.94921875,22155.75,26100
2025-07-04,22384.599609375,22384.599609375,22409.900390625,22196.650390625,22261.150390625,24900
2025-07-07,22365.05078125,22365.05078125,22418.19921875,22262.400390625,22401.55078125,14100
2025-07-08,22165.900390625,22165.900390625,22400.150390625,21987.650390625,22383.400390625,20900
2025-07-09,22208.5,22208.5,22267.19921875,22073.150390625,22109.75,24600
2025-07-10,22076.80078125,22076.80078125,22198.75,21973.75,22175.94921875,20200
2025-07-11,22225.900390625,22225.900390625,22346.80078125,22124.849609375,22172.900390625,33500
2025-07-14,22410.349609375,22410.349609375,22502.30078125,22118.650390625,22166.5,28500
2025-07-15,22665.69921875,22665.69921875,22688.650390625,22373.849609375,22513.5,25100
2025-07-16,22593.900390625,22593.900390625,22694.849609375,22562.25,22678.599609375,35700
2025-07-17,22680.349609375,22680.349609375,22794.19921875,22625.849609375,22647.599609375,23400
2025-07-18,22592.75,22592.75,22720.30078125,22511.650390625,22713.55078125,17600
2025-07-21,22531.849609375,22531.849609375,22615.150390625,22439.150390625,22567.94921875,15400
2025-07-22,22307.19921875,22307.19921875,22570.400390625,22275.5,22529.099609375,17800
2025-07-23,22417.44921875,22417.44921875,22436.05078125,22297.400390625,22326.05078125,16000
2025-07-24,22541.05078125,22541.05078125,22618.69921875,22455.099609375,22457.19921875,22200
2025-07-25,22662.69921875,22662.69921875,22715.94921875,22440.05078125,22525.55078125,23200
2025-07-28,22761.150390625,22761.150390625,22908.400390625,22662.80078125,22690.5,36300
2025-07-29,23072.44921875,23072.44921875,23115.05078125,22732.599609375,22741.5,25400
2025-07-30,23073.900390625,23073.900390625,23162.44921875,22996.55078125,23102.05078125,23900
2025-07-31,22771.05078125,22771.05078125,22993.849609375,22701.849609375,22772.900390625,26200
2025-08-01,22011.69921875,22011.69921875,22705.94921875,21972.650390625,22696.25,29300
2025-08-04,22153.80078125,22153.80078125,22206.80078125,21890.55078125,22038.5,19000
2025-08-05,21970.150390625,21970.150390625,22237.599609375,21879.650390625,22142.650390625,15300
2025-08-06,21523.75,21523.75,21966.599609375,21487.30078125,21966.5,23900
2025-08-07,21684.80078125,21684.80078125,21712.349609375,21325.19921875,21380.900390625,23500
2025-08-08,21402.150390625,21402.150390625,21676.150390625,21375.94921875,21633.05078125,18100
2025-08-11,21604.650390625,21604.650390625,21783.599609375,21324.05078125,21391.75,15300
2025-08-12,21753.5,21753.5,21900.0,21554.69921875,21604.650390625,22100
2025-08-13,22130.30078125,22130.30078125,22171.05078125,21794.30078125,21803.44921875,17000
2025-08-14,22151.849609375,22151.849609375,22370.44921875,22077.5,22176.849609375,19700
2025-08-18,22141.150390625,22141.150390625,22253.30078125,22038.69921875,22243.5,18000
2025-08-19,22066.75,22066.75,22177.44921875,22030.55078125,22167.099609375,12300
2025-08-20,21969.5,21969.5,22093.69921875,21899.650390625,22069.55078125,15500
2025-08-21,22177.69921875,22177.69921875,22253.69921875,21867.75,21958.650390625,17200
2025-08-22,22265.0,22265.0,22304.650390625,22171.599609375,22213.19921875,14700
2025-08-25,22362.80078125,22362.80078125,22394.05078125,22259.599609375,22361.599609375,15200
2025-08-26,21990.0,21990.0,22292.349609375,21941.150390625,22292.349609375,32500
2025-08-28,21808.349609375,21808.349609375,22051.80078125,21732.349609375,22043.80078125,25400
2025-08-29,21804.05078125,21804.05078125,21894.599609375,21696.900390625,21806.349609375,31200
2025-09-01,21778.849609375,21778.849609375,21916.849609375,21691.400390625,21820.400390625,26600
2025-09-02,21719.94921875,21719.94921875,21845.05078125,21676.55078125,21813.94921875,17200
2025-09-03,21959.599609375,21959.599609375,21985.19921875,21697.19921875,21741.25,17200
2025-09-04,21915.400390625,21915.400390625,22156.69921875,21850.75,22156.69921875,11400
2025-09-05,21924.80078125,21924.80078125,22139.849609375,21842.19921875,21927.349609375,12800
2025-09-08,21865.19921875,21865.19921875,22034.80078125,21811.25,21951.099609375,10700
2025-09-09,22052.650390625,22052.650390625,22080.400390625,21883.55078125,21885.25,13000
2025-09-10,22122.05078125,22122.05078125,22201.44921875,22026.75,22110.94921875,15100
2025-09-11,22224.0,22224.0,22307.80078125,22039.55078125,22150.30078125,16700
2025-09-12,22341.19921875,22341.19921875,22399.25,22260.44921875,22262.400390625,12900
2025-09-15,22198.69921875,22198.69921875,22330.900390625,22111.849609375,22315.30078125,12100
2025-09-16,22264.55078125,22264.55078125,22310.900390625,22197.099609375,22240.0,9700
2025-09-17,22241.349609375,22241.349609375,22307.05078125,22194.599609375,22274.5,14100
2025-09-18,22574.349609375,22574.349609375,22596.900390625,22261.19921875,22321.900390625,25100
2025-09-19,22686.599609375,22686.599609375,22716.900390625,22580.75,22636.19921875,31600
2025-09-22,22365.75,22365.75,22685.44921875,22325.5,22668.94921875,17000
2025-09-23,22299.099609375,22299.099609375,22434.75,22210.25,22386.55078125,12400
2025-09-24,22180.69921875,22180.69921875,22321.25,22166.400390625,22291.05078125,11100
2025-09-25,21977.69921875,21977.69921875,22311.150390625,21956.25,22219.650390625,16700
2025-09-26,21507.19921875,21507.19921875,21695.55078125,21390.25,21623.94921875,34500
2025-09-29,21475.30078125,21475.30078125,21740.849609375,21443.80078125,21543.400390625,23495900
2025-09-30,21454.25,21454.25,21594.25,21365.900390625,21509.05078125,14510200
2025-10-01,21733.5,21733.5,21786.55078125,21511.5,21511.5,21742500
2025-10-03,21756.349609375,21756.349609375,21873.19921875,21660.69921875,21684.19921875,19700800
2025-10-06,21779.849609375,21779.849609375,21799.0,21591.44921875,21727.150390625,13309600
2025-10-07,21875.30078125,21875.30078125,21900.349609375,21737.30078125,21813.75,15438200
2025-10-08,21707.349609375,21707.349609375,21973.650390625,21677.150390625,21856.150390625,14214700
2025-10-09,21936.19921875,21936.19921875,22042.55078125,21837.349609375,21872.19921875,27615300
2025-10-10,22218.25,22218.25,22324.599609375,21849.55078125,21952.400390625,25619000
2025-10-13,22205.099609375,22205.099609375,22231.80078125,22094.599609375,22154.69921875,13627000
2025-10-14,22039.25,22039.25,22227.25,21924.849609375,22223.150390625,22178300
2025-10-15,22057.30078125,22057.30078125,22146.900390625,22007.900390625,22047.05078125,15754500
2025-10-16,22103.19921875,22103.19921875,22129.69921875,22034.05078125,22083.25,15509500
2025-10-17,22253.75,22253.75,22341.05078125,22039.0,22122.19921875,14701000
2025-10-20,22439.900390625,22439.900390625,22477.94921875,22313.5,22346.849609375,19931300
2025-10-21,22515.69921875,22515.69921875,22547.849609375,22477.150390625,22509.5,3379000
2025-10-23,22481.25,22481.25,22667.44921875,22441.25,22665.0,23368700
2025-10-24,22357.349609375,22357.349609375,22517.900390625,22273.05078125,22492.05078125,21964200
2025-10-27,22310.400390625,22310.400390625,22411.55078125,22272.349609375,22405.69921875,18308900
2025-10-28,22250.900390625,22250.900390625,22377.400390625,22147.599609375,22316.849609375,15898900
2025-10-29,22430.69921875,22430.69921875,22521.44921875,22297.94921875,22311.75,16149500
2025-10-30,22298.19921875,22298.19921875,22388.150390625,22105.400390625,22388.150390625,31909500
2025-10-31,22175.400390625,22175.400390625,22312.19921875,22147.849609375,22251.55078125,22384700
2025-11-03,22442.599609375,22442.599609375,22472.849609375,22154.94921875,22187.099609375,1247000
2025-11-04,22334.44921875,22334.44921875,22494.900390625,22286.0,22475.30078125,22298300
2025-11-06,22250.55078125,22250.55078125,22474.55078125,22167.94921875,22393.849609375,35755100
2025-11-07,22169.80078125,22169.80078125,22320.0,22105.19921875,22260.94921875,18219600
2025-11-10,22379.849609375,22379.849609375,22422.5,22212.80078125,22249.099609375,21651700
2025-11-11,22369.599609375,22369.599609375,22369.599609375,22369.599609375,22369.599609375,0
2025-11-12,22593.400390625,22593.400390625,22616.650390625,22333.849609375,22453.25,34648600
2025-11-13,22686.80078125,22686.80078125,22828.55078125,22595.400390625,22644.650390625,29149600
2025-11-14,22821.05078125,22821.05078125,22864.599609375,22648.94921875,22714.30078125,22405000
2025-11-17,22867.599609375,22867.599609375,22888.80078125,22750.19921875,22885.44921875,22546100
2025-11-18,22713.650390625,22713.650390625,22882.55078125,22680.44921875,22878.69921875,23630200
2025-11-19,22727.650390625,22727.650390625,22773.0,22593.099609375,22754.599609375,17339900
2025-11-20,22687.55078125,22687.55078125,22802.099609375,22638.599609375,22801.05078125,20509100
2025-11-21,22580.94921875,22580.94921875,22695.150390625,22544.900390625,22665.80078125,17315300
2025-11-24,22492.44921875,22492.44921875,22625.900390625,22442.05078125,22604.650390625,33964800
2025-11-25,22590.94921875,22590.94921875,22672.099609375,22480.0,22521.900390625,14392000
2025-11-26,22862.349609375,22862.349609375,22881.849609375,22572.650390625,22591.150390625,15405500
2025-11-27,22863.0,22863.0,22948.0,22812.69921875,22879.349609375,15901900
2025-11-28,22998.30078125,22998.30078125,23010.400390625,22856.650390625,22899.69921875,16789100
2025-12-01,22887.75,22887.75,23101.099609375,22810.25,23076.94921875,27406600
2025-12-02,22905.0,22905.0,22983.650390625,22825.349609375,22879.75,34343900
2025-12-03,22907.849609375,22907.849609375,23005.30078125,22726.5,22949.30078125,31202600
2025-12-04,22958.94921875,22958.94921875,22987.900390625,22838.25,22912.94921875,29710300
2025-12-05,22947.150390625,22947.150390625,22974.0,22839.80078125,22973.19921875,20371700
2025-12-08,22640.69921875,22640.69921875,22946.69921875,22556.30078125,22938.099609375,21676400
2025-12-09,22522.849609375,22522.849609375,22660.19921875,22405.05078125,22607.94921875,20987800
2025-12-10,22561.5,22561.5,22703.849609375,22488.19921875,22583.80078125,16975500
2025-12-11,22783.44921875,22783.44921875,22799.349609375,22475.19921875,22541.80078125,14517200
2025-12-12,22808.69921875,22808.69921875,22882.80078125,22742.099609375,22825.650390625,18236400
2025-12-15,22719.400390625,22719.400390625,22805.44921875,22588.900390625,22736.75,11247900
2025-12-16,22591.5,22591.5,22712.19921875,22558.349609375,22700.75,12689200
2025-12-17,22612.150390625,22612.150390625,22650.5,22515.650390625,22585.599609375,13236500
2025-12-18,22557.599609375,22557.599609375,22601.19921875,22394.25,22601.19921875,16510600
2025-12-19,22751.25,22751.25,22863.19921875,22583.55078125,22583.55078125,24858600
2025-12-22,22927.900390625,22927.900390625,22943.69921875,22765.150390625,22780.30078125,16743100
2025-12-23,22875.099609375,22875.099609375,23005.75,22820.30078125,22980.599609375,13387500
2025-12-24,22757.400390625,22757.400390625,22934.30078125,22717.44921875,22903.150390625,16075100
2025-12-26,22684.650390625,22684.650390625,22807.900390625,22631.599609375,22761.900390625,12241300
2025-12-29,22578.30078125,22578.30078125,22721.25,22552.599609375,22697.25,16053400
2025-12-30,22540.05078125,22540.05078125,22615.94921875,22395.150390625,22604.5,25377400
2025-12-31,22723.650390625,22723.650390625,22770.099609375,22536.150390625,22620.69921875,13158000
2026-01-02,22790.900390625,22790.900390625,22803.650390625,22578.69921875,22649.650390625,13771200
2026-01-05,22743.400390625,22743.400390625,22930.69921875,22706.05078125,22810.44921875,16653300
2026-01-06,23126.849609375,23126.849609375,23149.94921875,22764.849609375,22791.05078125,17554400
2026-01-07,23286.25,23286.25,23492.55078125,23021.80078125,23117.05078125,32875100
2026-01-08,22962.55078125,22962.55078125,23260.25,22927.30078125,23260.25,18166800
2026-01-09,22761.0,22761.0,22989.849609375,22696.44921875,22961.099609375,16394300
2026-01-12,22668.44921875,22668.44921875,22769.80078125,22392.5,22758.0,17724700
2026-01-13,22562.30078125,22562.30078125,22742.69921875,22392.25,22708.05078125,20442600
2026-01-14,22505.400390625,22505.400390625,22580.849609375,22413.900390625,22571.05078125,19297500
2026-01-16,22217.05078125,22217.05078125,22484.349609375,22175.19921875,22456.599609375,22142800
2026-01-19,22136.25,22136.25,22213.19921875,21910.400390625,22119.150390625,20105100
2026-01-20,21714.30078125,21714.30078125,22130.400390625,21668.599609375,22128.44921875,29817400
2026-01-21,21584.400390625,21584.400390625,21970.400390625,21477.94921875,21743.94921875,22934400
2026-01-22,21928.0,21928.0,22030.55078125,21726.400390625,21738.19921875,22518200
2026-01-23,21722.25,21722.25,22033.5,21676.400390625,22007.05078125,24837400
2026-01-27,21788.44921875,21788.44921875,21898.349609375,21632.80078125,21891.80078125,26700400
2026-01-28,21739.849609375,21739.849609375,21903.849609375,21622.94921875,21828.0,19478300
2026-01-29,21564.0,21564.0,21798.0,21467.349609375,21781.05078125,39232700
2026-01-30,21715.099609375,21715.099609375,21768.900390625,21396.349609375,21544.5,28223600
2026-02-02,21549.55078125,21549.55078125,21640.599609375,21188.55078125,21629.80078125,20520800
2026-02-03,22200.25,22200.25,22564.099609375,22086.05078125,22470.349609375,32396400
2026-02-04,22125.80078125,22125.80078125,22323.75,22009.849609375,22275.80078125,18214100
2026-02-05,22119.900390625,22119.900390625,22163.849609375,21919.0,22138.900390625,14720100
2026-02-06,21961.349609375,21961.349609375,22103.94921875,21810.25,22094.5,13247100
2026-02-09,22290.69921875,22290.69921875,22328.599609375,21974.150390625,22126.30078125,18731000
2026-02-10,22210.5,22210.5,22438.25,22161.30078125,22387.400390625,29833100
2026-02-11,22434.19921875,22434.19921875,22581.0,22158.099609375,22280.44921875,18367500
2026-02-12,22386.30078125,22386.30078125,22486.099609375,22248.650390625,22486.099609375,22418600
2026-02-13,22194.900390625,22194.900390625,22408.5,22134.0,22325.900390625,21635900
2026-02-16,22403.150390625,22403.150390625,22457.599609375,22121.69921875,22184.599609375,18233200
2026-02-17,22494.900390625,22494.900390625,22512.75,22318.400390625,22390.900390625,12766900
2026-02-18,22541.94921875,22541.94921875,22584.94921875,22417.30078125,22529.5,14895000
2026-02-19,22429.099609375,22429.099609375,22657.94921875,22375.75,22578.94921875,16020600
2026-02-20,22452.400390625,22452.400390625,22515.0,22320.150390625,22400.44921875,14750800
2026-02-23,22578.55078125,22578.55078125,22608.75,22450.0,22558.80078125,16469900
2026-02-24,22632.05078125,22632.05078125,22692.80078125,22481.650390625,22557.25,18182400
2026-02-25,23051.849609375,23051.849609375,23071.94921875,22617.349609375,22685.5,19540100
2026-02-26,23301.650390625,23301.650390625,23436.94921875,23047.849609375,23106.94921875,26914000
2026-02-27,22952.349609375,22952.349609375,23301.849609375,22917.099609375,23257.80078125,24996500
2026-03-02,22956.69921875,22956.69921875,22994.55078125,22354.099609375,22385.30078125,17940000
2026-03-04,22672.19921875,22672.19921875,22814.349609375,22528.19921875,22702.55078125,21855900
2026-03-05,23005.5,23005.5,23082.80078125,22703.599609375,22703.599609375,16464600
2026-03-06,22970.19921875,22970.19921875,23131.69921875,22877.55078125,23005.05078125,14612700
2026-03-09,22933.75,22933.75,22977.94921875,22506.25,22638.849609375,21116900
2026-03-10,23253.650390625,23253.650390625,23305.099609375,23039.349609375,23042.55078125,21854600
2026-03-11,23348.05078125,23348.05078125,23540.900390625,23283.099609375,23311.75,21875700
2026-03-12,23275.19921875,23275.19921875,23388.0,23083.19921875,23299.69921875,24567700
2026-03-13,22832.19921875,22832.19921875,23317.099609375,22780.650390625,23198.80078125,25787000
2026-03-16,22547.19921875,22547.19921875,22965.25,22369.80078125,22800.150390625,21217200
2026-03-17,22597.55078125,22597.55078125,22733.69921875,22492.94921875,22632.80078125,17216600
2026-03-18,22632.599609375,22632.599609375,22774.75,22584.30078125,22633.69921875,18241900
2026-03-19,22101.650390625,22101.650390625,22503.44921875,22040.55078125,22413.099609375,15180900
2026-03-20,22540.69921875,22540.69921875,22628.55078125,22268.5,22277.94921875,32703500
2026-03-23,22053.099609375,22053.099609375,22462.900390625,21983.69921875,22461.80078125,20528500
2026-03-24,22239.80078125,22239.80078125,22364.30078125,21993.94921875,22305.94921875,22208400
2026-03-25,22679.75,22679.75,22825.55078125,22294.19921875,22381.349609375,21482700
2026-03-27,22565.599609375,22565.599609375,22758.30078125,22484.05078125,22612.69921875,34213800
2026-03-30,22232.25,22232.25,22468.099609375,22205.900390625,22412.900390625,28211900
2026-04-01,22011.599609375,22011.599609375,22782.05078125,21909.349609375,22531.599609375,25245000
2026-04-02,21808.400390625,21808.400390625,21852.0,21149.900390625,21689.94921875,30067900
2026-04-06,21835.349609375,21835.349609375,21867.75,21464.80078125,21779.75,20606500
2026-04-07,21868.69921875,21868.69921875,22022.19921875,21595.400390625,21765.5,31769300
2026-04-08,21991.19921875,21991.19921875,22250.5,21829.599609375,22203.5,29865200
2026-04-09,22135.400390625,22135.400390625,22216.05078125,21953.75,21954.80078125,20198600
2026-04-10,22164.849609375,22164.849609375,22191.650390625,21932.80078125,22127.80078125,23831100
2026-04-13,22100.099609375,22100.099609375,22183.5,21846.05078125,21971.69921875,21182600
2026-04-15,22435.650390625,22435.650390625,22456.19921875,22142.5,22321.099609375,25523500
2026-04-16,22465.0,22465.0,22593.0,22304.349609375,22577.55078125,22642600
2026-04-17,22497.25,22497.25,22538.80078125,22390.5,22473.19921875,19693300
2026-04-20,22456.75,22456.75,22563.5,22307.19921875,22544.80078125,13683000
2026-04-21,22438.44921875,22438.44921875,22540.69921875,22423.650390625,22454.099609375,17554900
2026-04-22,22455.44921875,22455.44921875,22510.099609375,22314.349609375,22398.55078125,18275900
2026-04-23,22986.349609375,22986.349609375,23164.099609375,22365.349609375,22443.94921875,92345300
2026-04-24,22580.099609375,22580.099609375,22946.900390625,22537.19921875,22923.69921875,41758800
2026-04-27,23171.849609375,23171.849609375,23258.349609375,22637.25,22648.599609375,51717700
2026-04-28,23158.150390625,23158.150390625,23287.650390625,23090.75,23155.650390625,39790100
2026-04-29,23260.849609375,23260.849609375,23386.150390625,23179.94921875,23273.75,30635200
2026-04-30,23267.69921875,23267.69921875,23375.099609375,23054.849609375,23191.94921875,20887500
2026-05-04,23475.55078125,23475.55078125,23548.94921875,23296.099609375,23371.30078125,21561400
2026-05-05,23568.94921875,23568.94921875,23619.0,23379.099609375,23525.900390625,38038600
2026-05-06,24110.30078125,24110.30078125,24264.849609375,23640.75,23743.19921875,58097200
2026-05-07,24135.5,24135.5,24268.099609375,24095.30078125,24153.150390625,74338300
2026-05-08,24110.30078125,24110.30078125,24306.75,24030.650390625,24043.44921875,27481400
2026-05-11,24170.44921875,24170.44921875,24310.80078125,23877.400390625,24008.19921875,46305700
2026-05-12,23840.900390625,23840.900390625,24185.44921875,23816.400390625,24177.30078125,34126100
2026-05-13,23896.05078125,23896.05078125,24177.849609375,23768.900390625,23785.349609375,43650100
2026-05-14,24551.05078125,24551.05078125,24573.30078125,24137.75,24151.650390625,42179500
2026-05-15,24634.80078125,24634.80078125,24847.900390625,24557.55078125,24644.94921875,31052200
2026-05-18,24762.849609375,24762.849609375,24788.94921875,24436.25,24617.0,29483900
2026-05-19,24867.400390625,24867.400390625,25001.25,24754.30078125,24771.30078125,29843800
2026-05-20,24843.150390625,24843.150390625,25043.150390625,24775.44921875,24807.05078125,38875300
2026-05-21,24890.900390625,24890.900390625,25001.0,24782.650390625,24994.099609375,20989500
2026-05-22,24573.94921875,24573.94921875,24979.099609375,24519.75,24960.75,23647500
2026-05-25,24674.69921875,24674.69921875,24762.900390625,24543.75,24615.150390625,26832300
2026-05-26,24659.19921875,24659.19921875,24755.400390625,24552.55078125,24647.25,25959100
2026-05-27,24716.0,24716.0,24822.650390625,24608.44921875,24747.5,17241100
2026-05-29,24345.80078125,24345.80078125,24945.349609375,24218.5,24796.30078125,69261300
2026-06-01,24214.25,24214.25,24571.349609375,24148.849609375,24547.849609375,35327000
2026-06-02,24006.30078125,24006.30078125,24171.55078125,23796.650390625,24102.94921875,29548000
2026-06-03,24086.599609375,24086.599609375,24119.75,23829.599609375,23978.05078125,27592000
2026-06-04,24177.94921875,24177.94921875,24275.30078125,23883.0,24042.0,21304400
2026-06-05,24248.05078125,24248.05078125,24396.650390625,24154.25,24285.44921875,19109400
2026-06-08,24147.650390625,24147.650390625,24417.099609375,24059.650390625,24090.150390625,19240500
2026-06-09,24290.30078125,24290.30078125,24416.94921875,24171.55078125,24208.150390625,23358400
2026-06-10,24160.75,24160.75,24497.94921875,24119.599609375,24313.80078125,16845300
2026-06-11,24306.94921875,24306.94921875,24457.30078125,24094.400390625,24131.650390625,19815300
2026-06-12,24380.05078125,24380.05078125,24526.80078125,24274.5,24526.5,15218700
2026-06-15,24220.099609375,24220.099609375,24553.5,24198.150390625,24551.650390625,25060600
2026-06-16,24157.849609375,24157.849609375,24306.849609375,24020.55078125,24272.19921875,16542200
2026-06-17,24146.55078125,24146.55078125,24238.650390625,24035.44921875,24198.75,19006200
2026-06-18,24282.19921875,24282.19921875,24322.849609375,24135.19921875,24173.0,20111900
2026-06-19,24460.30078125,24460.30078125,24493.849609375,24274.400390625,24276.150390625,22601800
2026-06-22,24762.900390625,24762.900390625,24778.30078125,24468.400390625,24558.75,21722600
2026-06-23,24989.94921875,24989.94921875,25294.5,24838.80078125,24863.900390625,127339100
2026-06-24,25018.94921875,25018.94921875,25222.900390625,24999.5,25052.75,53395100
2026-06-25,24969.5,24969.5,25155.94921875,24948.25,25066.900390625,20389500
2026-06-29,25227.900390625,25227.900390625,25463.69921875,24978.05078125,25098.900390625,50873400
2026-06-30,25326.400390625,25326.400390625,25476.55078125,25173.05078125,25274.75,34848900
2026-07-01,25182.69921875,25182.69921875,25591.30078125,25133.25,25416.900390625,21705900
2026-07-02,25308.900390625,25308.900390625,25364.75,25160.30078125,25301.80078125,17861600
2026-07-03,25745.150390625,25745.150390625,25861.5,25399.900390625,25402.599609375,57144400
2026-07-06,25866.25,25866.25,25902.150390625,25695.849609375,25805.849609375,25299200
2026-07-07,25677.69921875,25677.69921875,26022.75,25645.900390625,25874.400390625,22728000
2026-07-08,25429.80078125,25429.80078125,25989.150390625,25308.94921875,25669.69921875,27326600
2026-07-09,25656.25,25656.25,25935.650390625,25382.55078125,25422.400390625,34430700
2026-07-10,25674.099609375,25674.099609375,25779.400390625,25444.19921875,25681.69921875,28598800
2026-07-13,25643.349609375,25643.349609375,25737.650390625,25468.849609375,25613.80078125,25669200
2026-07-14,25907.099609375,25907.099609375,26000.05078125,25637.599609375,25640.5,61183300
2026-07-15,26003.599609375,26003.599609375,26103.30078125,25950.099609375,26027.75,27795000
2026-07-16,26008.05078125,26008.05078125,26135.75,25936.349609375,26060.900390625,33108700
2026-07-17,25645.0,25645.0,25991.25,25549.25,25978.69921875,28030400
2026-07-20,26003.150390625,26003.150390625,26126.19921875,25657.599609375,25699.30078125,21965500
2026-07-21,26092.849609375,26092.849609375,26108.69921875,25878.19921875,26007.19921875,24380300
2026-07-22,25752.25,25752.25,25935.44921875,25545.599609375,25935.44921875,31506500
2026-07-23,25653.55078125,25653.55078125,25760.5,25458.900390625,25514.19921875,32388900
2026-07-24,25548.150390625,25548.150390625,25686.650390625,25458.150390625,25464.19921875,22710400
2026-07-27,25945.75,25945.75,25972.849609375,25592.400390625,25639.349609375,38941000
2026-07-28,25998.849609375,25998.849609375,26067.5,25877.94921875,25994.349609375,28558500
2026-07-29,26373.349609375,26373.349609375,26410.44921875,26022.55078125,26055.400390625,32644100
2026-07-30,26346.05078125,26346.05078125,26542.400390625,26311.94921875,26437.80078125,41074200
2026-07-31,26534.80078125,26534.80078125,26734.5,26414.650390625,26501.05078125,27485000
2026-08-03,26662.80078125,26662.80078125,26801.19921875,26380.849609375,26764.599609375,30927900
2026-08-04,26597.5,26597.5,26601.94921875,26424.5,26577.05078125,24727200
2026-08-05,26563.55078125,26563.55078125,26659.599609375,26367.099609375,26657.30078125,27070200
2026-08-06,26564.80078125,26564.80078125,26757.650390625,26523.099609375,26593.849609375,32398100
2026-08-07,26541.80078125,26541.80078125,26575.25,26404.5,26515.69921875,23659800
2026-08-10,26479.55078125,26479.55078125,26770.849609375,26401.30078125,26588.25,29352400
2026-08-11,26750.44921875,26750.44921875,26757.900390625,26422.55078125,26506.0,36558200
2026-08-12,26762.5,26762.5,26797.900390625,26601.69921875,26763.849609375,22625800
2026-08-13,26686.80078125,26686.80078125,26712.349609375,26537.44921875,26710.650390625,20199700
2026-08-14,26445.55078125,26445.55078125,26714.25,26393.94921875,26659.650390625,27190700
2026-08-17,26341.55078125,26341.55078125,26537.349609375,26312.349609375,26528.0,26184800
2026-08-18,26361.900390625,26361.900390625,26527.849609375,26341.349609375,26352.94921875,18687400
2026-08-19,26313.80078125,26313.80078125,26434.349609375,26205.400390625,26337.900390625,15743500
2026-08-20,26416.0,26416.0,26473.19921875,26339.30078125,26438.30078125,15045400
2026-08-21,26359.75,26359.75,26549.099609375,26192.849609375,26470.75,16639500
2026-08-24,26339.30078125,26339.30078125,26408.75,26159.0,26336.69921875,18156900
2026-08-25,26564.0,26564.0,26574.0,26214.900390625,26340.19921875,17247400
2026-08-26,26626.30078125,26626.30078125,26764.94921875,26437.150390625,26567.0,18549900
2026-08-27,26848.75,26848.75,26856.05078125,26607.94921875,26677.150390625,21875500
2026-08-28,26991.849609375,26991.849609375,27009.94921875,26786.400390625,26906.55078125,18648100
2026-08-31,27186.44921875,27186.44921875,27188.44921875,26713.099609375,27001.849609375,52840400
2026-09-01,26792.650390625,26792.650390625,27004.400390625,26683.25,27004.400390625,22269500
2026-09-02,26780.69921875,26780.69921875,26818.5,26611.75,26668.5,18044400
2026-09-03,26658.650390625,26658.650390625,26833.69921875,26627.25,26820.80078125,14504800
2026-09-04,26478.099609375,26478.099609375,26695.0,26461.400390625,26659.55078125,19835800
2026-09-07,26675.5,26675.5,26711.19921875,26440.400390625,26472.849609375,23385000
2026-09-08,26880.80078125,26880.80078125,26930.099609375,26581.150390625,26685.150390625,38021100
2026-09-09,26691.80078125,26691.80078125,26981.150390625,26650.900390625,26881.25,26912300
2026-09-10,26555.849609375,26555.849609375,26790.55078125,26465.599609375,26751.55078125,18065800
2026-09-11,26532.400390625,26532.400390625,26613.5,26307.55078125,26437.05078125,21833000
2026-09-15,26188.400390625,26188.400390625,26640.69921875,26158.25,26597.599609375,17119700
2026-09-16,26146.19921875,26146.19921875,26298.599609375,25854.80078125,26185.55078125,19437100
2026-09-17,26579.25,26579.25,26595.400390625,26107.05078125,26135.849609375,18192100
