Date,Adj Close,Close,High,Low,Open,Volume
2010-07-19,450.5,450.5,453.75,448.7999877929688,450.0,0
2010-07-20,457.3500061035156,457.3500061035156,460.9500122070313,452.8500061035156,452.8500061035156,0
2010-07-21,462.5,462.5,463.3500061035156,456.1000061035156,459.1499938964844,0
2010-07-22,465.7000122070313,465.7000122070313,466.8500061035156,455.7000122070313,460.5499877929688,0
2010-07-23,458.3999938964844,458.3999938964844,469.3999938964844,457.2000122070313,469.3500061035156,0
2010-07-26,448.6499938964844,448.6499938964844,460.7999877929688,447.8500061035156,459.8500061035156,0
2010-07-27,453.6499938964844,453.6499938964844,457.25,443.2000122070313,448.5,0
2010-07-28,446.75,446.75,455.8999938964844,445.1000061035156,454.5499877929688,0
2010-07-29,447.6499938964844,447.6499938964844,451.6000061035156,443.6499938964844,445.0499877929688,0
2010-07-30,441.6000061035156,441.6000061035156,448.2000122070313,440.6499938964844,446.5,0
2010-08-02,446.7000122070313,446.7000122070313,449.2000122070313,445.4500122070313,446.6000061035156,0
2010-08-03,447.2999877929688,447.2999877929688,452.5499877929688,445.6000061035156,449.1000061035156,0
2010-08-04,449.6000061035156,449.6000061035156,452.3500061035156,446.25,447.6499938964844,0
2010-08-05,455.0,455.0,460.8999938964844,450.3999938964844,450.3999938964844,0
2010-08-06,453.3500061035156,453.3500061035156,461.5,452.0,458.7000122070313,0
2010-08-09,475.9500122070313,475.9500122070313,477.0,454.2000122070313,454.2000122070313,645600
2010-08-10,477.5,477.5,481.5,471.5,476.3999938964844,632200
2010-08-11,468.7000122070313,468.7000122070313,481.6000061035156,467.4500122070313,476.6499938964844,546200
2010-08-12,473.1000061035156,473.1000061035156,475.5,462.75,463.4500122070313,673000
2010-08-13,483.25,483.25,487.2999877929688,473.7999877929688,473.7999877929688,509700
2010-08-16,478.3999938964844,478.3999938964844,488.8999938964844,472.5,484.9500122070313,472100
2010-08-17,478.75,478.75,482.75,474.7000122070313,480.0499877929688,334200
2010-08-18,479.9500122070313,479.9500122070313,483.5,473.9500122070313,481.5,305800
2010-08-19,476.5,476.5,480.4500122070313,473.3500061035156,480.4500122070313,345300
2010-08-20,485.4500122070313,485.4500122070313,486.7999877929688,472.6000061035156,474.8999938964844,482400
2010-08-23,485.5499877929688,485.5499877929688,489.3500061035156,483.6499938964844,487.7999877929688,287600
2010-08-24,472.7999877929688,472.7999877929688,486.8999938964844,470.75,486.8999938964844,289000
2010-08-25,456.75,456.75,470.0499877929688,455.0,469.0,371600
2010-08-26,454.25,454.25,460.3999938964844,452.5499877929688,457.7999877929688,372500
2010-08-27,441.2999877929688,441.2999877929688,458.4500122070313,439.9500122070313,453.1000061035156,429900
2010-08-30,442.1000061035156,442.1000061035156,450.2999877929688,436.75,446.7999877929688,291000
2010-08-31,435.1499938964844,435.1499938964844,440.5499877929688,429.1499938964844,438.7999877929688,403700
2010-09-01,448.8500061035156,448.8500061035156,451.1499938964844,435.8999938964844,435.8999938964844,318700
2010-09-02,449.6499938964844,449.6499938964844,454.75,447.2000122070313,451.8500061035156,362400
2010-09-03,455.7000122070313,455.7000122070313,457.7000122070313,450.2999877929688,451.1000061035156,376500
2010-09-06,465.7999877929688,465.7999877929688,466.9500122070313,459.75,459.75,279500
2010-09-07,460.5,460.5,468.2000122070313,458.8999938964844,467.2000122070313,224300
2010-09-08,463.7000122070313,463.7000122070313,465.2999877929688,456.2999877929688,457.8999938964844,216200
2010-09-09,466.5,466.5,469.7000122070313,463.4500122070313,466.4500122070313,214400
2010-09-13,478.0,478.0,479.5499877929688,469.3999938964844,472.0,327700
2010-09-14,475.9500122070313,475.9500122070313,482.3999938964844,471.9500122070313,477.5499877929688,401700
2010-09-15,478.3999938964844,478.3999938964844,483.1499938964844,474.6499938964844,475.25,375800
2010-09-16,484.0,484.0,492.0499877929688,471.5,476.6499938964844,584900
2010-09-17,487.7000122070313,487.7000122070313,493.25,486.1499938964844,487.1000061035156,399900
2010-09-20,496.75,496.75,497.7999877929688,486.5,488.8500061035156,419100
2010-09-21,489.6000061035156,489.6000061035156,500.1000061035156,487.5499877929688,498.8999938964844,358100
2010-09-22,481.6000061035156,481.6000061035156,491.9500122070313,476.7000122070313,491.0,365000
2010-09-23,470.7000122070313,470.7000122070313,483.5499877929688,469.2000122070313,482.8500061035156,361500
2010-09-24,485.1499938964844,485.1499938964844,485.8999938964844,470.2999877929688,473.5,539400
2010-09-27,491.6499938964844,491.6499938964844,497.6499938964844,487.9500122070313,489.9500122070313,479100
2010-09-28,493.6499938964844,493.6499938964844,495.0499877929688,487.1000061035156,491.75,527300
2010-09-29,490.7999877929688,490.7999877929688,499.5,489.5,496.2000122070313,501600
2010-09-30,491.75,491.75,493.0,486.0499877929688,491.8999938964844,463500
2010-10-01,511.8999938964844,511.8999938964844,514.5999755859375,493.6000061035156,493.6000061035156,752200
2010-10-04,514.75,514.75,522.6500244140625,512.8499755859375,516.1500244140625,459400
2010-10-05,516.7000122070312,516.7000122070312,519.7999877929688,511.7999877929688,515.2999877929688,407500
2010-10-06,531.5499877929688,531.5499877929688,532.7000122070312,520.6500244140625,520.6500244140625,644300
2010-10-07,516.9000244140625,516.9000244140625,534.2000122070312,511.6499938964844,533.7999877929688,521900
2010-10-08,515.0999755859375,515.0999755859375,520.2000122070312,507.3500061035156,519.1500244140625,371800
2010-10-11,517.25,517.25,525.4500122070312,514.1500244140625,521.9000244140625,298200
2010-10-12,507.75,507.75,517.75,503.3999938964844,515.25,281700
2010-10-13,521.1500244140625,521.1500244140625,522.0999755859375,509.75,509.8500061035156,350900
2010-10-14,519.0999755859375,519.0999755859375,532.0,516.7999877929688,523.6500244140625,534100
2010-10-15,513.4500122070312,513.4500122070312,526.5999755859375,510.25,520.4000244140625,431300
2010-10-18,518.0499877929688,518.0499877929688,519.4000244140625,504.0,514.2999877929688,478900
2010-10-19,508.5499877929688,508.5499877929688,522.6500244140625,505.6499938964844,519.0,374700
2010-10-20,500.9500122070313,500.9500122070313,509.1499938964844,496.9500122070313,508.25,437400
2010-10-21,511.2999877929688,511.2999877929688,512.2999877929688,502.3999938964844,502.3999938964844,366700
2010-10-22,503.5,503.5,512.8499755859375,501.6499938964844,512.0499877929688,358200
2010-10-25,507.9500122070313,507.9500122070313,510.8999938964844,504.1499938964844,504.1499938964844,348800
2010-10-26,506.1499938964844,506.1499938964844,510.4500122070313,505.2999877929688,508.2000122070313,280200
2010-10-27,495.5,495.5,506.5,493.75,506.25,216000
2010-10-28,485.6499938964844,485.6499938964844,497.9500122070313,483.8500061035156,496.4500122070313,370500
2010-10-29,481.5499877929688,481.5499877929688,489.3999938964844,471.5,485.75,292000
2010-11-01,494.9500122070313,494.9500122070313,496.2999877929688,484.8500061035156,484.8500061035156,226500
2010-11-02,481.0499877929688,481.0499877929688,496.2999877929688,475.0499877929688,496.1000061035156,426700
2010-11-03,484.25,484.25,489.25,481.8500061035156,482.3999938964844,270300
2010-11-04,492.75,492.75,495.0499877929688,485.6499938964844,485.6499938964844,219500
2010-11-08,497.0499877929688,497.0499877929688,498.6000061035156,489.0499877929688,495.3999938964844,233800
2010-11-09,505.0,505.0,506.4500122070313,496.3500061035156,496.3500061035156,342900
2010-11-10,502.5499877929688,502.5499877929688,508.6000061035156,501.1000061035156,504.8999938964844,235300
2010-11-11,485.7000122070313,485.7000122070313,503.0,484.1499938964844,501.4500122070313,287800
2010-11-12,461.6499938964844,461.6499938964844,483.1499938964844,459.8500061035156,483.1499938964844,425700
2010-11-15,455.25,455.25,463.4500122070313,447.5,462.7999877929688,414600
2010-11-16,438.0499877929688,438.0499877929688,458.3999938964844,436.5499877929688,456.3500061035156,449200
2010-11-18,434.25,434.25,441.9500122070313,415.0499877929688,440.3500061035156,775800
2010-11-19,417.0499877929688,417.0499877929688,434.7000122070313,415.1000061035156,434.7000122070313,446100
2010-11-22,426.0,426.0,427.3999938964844,414.7000122070313,418.2999877929688,380000
2010-11-23,411.6000061035156,411.6000061035156,423.7999877929688,401.0,423.7999877929688,472600
2010-11-24,399.3500061035156,399.3500061035156,418.4500122070313,393.8500061035156,411.3500061035156,462800
2010-11-25,377.6499938964844,377.6499938964844,400.9500122070313,374.9500122070313,400.9500122070313,680900
2010-11-26,360.20001220703125,360.20001220703125,378.3999938964844,320.6000061035156,378.25,1315900
2010-11-29,364.3500061035156,364.3500061035156,368.2000122070313,344.70001220703125,360.4500122070313,747200
2010-11-30,384.9500122070313,384.9500122070313,386.5499877929688,354.3500061035156,363.3500061035156,883400
2010-12-01,397.1499938964844,397.1499938964844,398.3999938964844,382.6000061035156,383.8500061035156,570500
2010-12-02,407.2999877929688,407.2999877929688,408.5,398.5499877929688,398.5499877929688,495800
2010-12-03,390.5,390.5,405.8999938964844,388.75,405.8999938964844,430500
2010-12-06,389.3500061035156,389.3500061035156,399.8500061035156,388.3500061035156,390.2999877929688,288800
2010-12-07,385.1499938964844,385.1499938964844,389.3500061035156,378.4500122070313,388.7999877929688,553400
2010-12-08,376.2999877929688,376.2999877929688,385.9500122070313,374.6000061035156,385.2000122070313,565900
2010-12-09,360.2999877929688,360.2999877929688,378.2000122070313,358.0,377.0499877929688,525200
2010-12-10,365.1499938964844,365.1499938964844,370.6499938964844,353.95001220703125,360.7999877929688,520200
2010-12-13,374.0499877929688,374.0499877929688,375.2000122070313,362.3500061035156,366.3500061035156,380400
2010-12-14,378.0499877929688,378.0499877929688,380.6499938964844,369.9500122070313,374.9500122070313,366400
2010-12-15,364.2000122070313,364.2000122070313,377.9500122070313,361.8999938964844,377.9500122070313,379200
2010-12-16,367.6000061035156,367.6000061035156,369.4500122070313,361.1000061035156,364.1000061035156,317700
2010-12-20,362.1499938964844,362.1499938964844,369.1000061035156,361.0499877929688,366.4500122070313,221000
2010-12-21,367.9500122070313,367.9500122070313,369.6499938964844,362.8500061035156,362.8500061035156,253500
2010-12-22,367.7000122070313,367.7000122070313,375.1499938964844,366.0499877929688,368.5,270400
2010-12-23,364.3999938964844,364.3999938964844,371.7000122070313,363.7000122070313,367.7999877929688,208700
2010-12-24,367.1000061035156,367.1000061035156,368.0,362.3500061035156,363.75,264000
2010-12-27,363.6499938964844,363.6499938964844,371.4500122070313,363.0499877929688,367.75,235200
2010-12-28,365.25,365.25,367.2999877929688,363.3999938964844,363.3999938964844,198400
2010-12-29,366.0499877929688,366.0499877929688,368.0,365.5499877929688,365.6499938964844,158900
2010-12-30,371.4500122070313,371.4500122070313,372.3999938964844,365.6000061035156,366.0499877929688,338200
2010-12-31,379.9500122070313,379.9500122070313,381.0,371.8999938964844,371.8999938964844,298400
2011-01-03,381.3500061035156,381.3500061035156,385.0,380.5499877929688,381.2000122070313,212000
2011-01-04,376.3500061035156,376.3500061035156,384.5,375.5,381.8999938964844,283400
2011-01-05,368.5,368.5,376.9500122070313,367.2000122070313,375.7000122070313,223400
2011-01-06,359.3999938964844,359.3999938964844,372.5499877929688,358.54998779296875,369.3500061035156,352900
2011-01-07,353.5,353.5,362.3500061035156,352.5,359.3500061035156,356400
2011-01-10,340.25,340.25,356.45001220703125,338.95001220703125,353.54998779296875,307700
2011-01-11,329.6499938964844,329.6499938964844,343.6499938964844,324.29998779296875,341.20001220703125,542900
2011-01-12,341.8500061035156,341.8500061035156,342.75,325.3999938964844,331.5,566000
2011-01-13,344.1000061035156,344.1000061035156,348.75,339.29998779296875,342.54998779296875,504400
2011-01-14,333.70001220703125,333.70001220703125,347.0,331.20001220703125,344.0,381700
2011-01-17,325.54998779296875,325.54998779296875,333.95001220703125,323.54998779296875,333.95001220703125,315800
2011-01-18,326.5,326.5,331.6499938964844,320.5,326.25,359200
2011-01-19,332.75,332.75,334.1000061035156,324.1000061035156,326.8999938964844,397700
2011-01-20,331.6499938964844,331.6499938964844,334.0,327.3500061035156,331.45001220703125,324800
2011-01-21,329.70001220703125,329.70001220703125,334.8500061035156,328.5,331.04998779296875,270800
2011-01-24,334.0,334.0,334.70001220703125,329.8999938964844,329.8999938964844,186100
2011-01-25,329.3500061035156,329.3500061035156,338.6000061035156,328.8500061035156,334.5,319700
2011-01-27,316.6000061035156,316.6000061035156,331.79998779296875,314.70001220703125,330.1499938964844,374700
2011-01-28,300.6499938964844,300.6499938964844,316.95001220703125,292.8999938964844,316.75,643500
2011-01-31,293.75,293.75,299.29998779296875,287.6000061035156,299.29998779296875,648000
2011-02-01,281.75,281.75,296.29998779296875,280.6499938964844,294.6499938964844,1188200
2011-02-02,288.54998779296875,288.54998779296875,295.70001220703125,282.75,282.75,999800
2011-02-03,300.8500061035156,300.8500061035156,302.20001220703125,286.6000061035156,288.45001220703125,751300
2011-02-04,289.54998779296875,289.54998779296875,300.75,287.95001220703125,297.70001220703125,786600
2011-02-07,295.1499938964844,295.1499938964844,296.6000061035156,289.95001220703125,289.95001220703125,443500
2011-02-08,285.6499938964844,285.6499938964844,297.6000061035156,284.79998779296875,295.95001220703125,637300
2011-02-09,274.95001220703125,274.95001220703125,284.1000061035156,269.6499938964844,284.1000061035156,884100
2011-02-10,274.0,274.0,277.8999938964844,261.45001220703125,274.1000061035156,1076200
2011-02-11,278.54998779296875,278.54998779296875,280.1000061035156,267.6499938964844,273.25,878200
2011-02-14,285.29998779296875,285.29998779296875,287.75,279.3500061035156,279.3500061035156,688200
2011-02-15,281.1499938964844,281.1499938964844,286.04998779296875,277.8500061035156,285.79998779296875,1081100
2011-02-16,287.25,287.25,289.3500061035156,276.3500061035156,280.45001220703125,1245700
2011-02-17,284.04998779296875,284.04998779296875,288.79998779296875,282.95001220703125,287.5,823600
2011-02-18,271.95001220703125,271.95001220703125,286.45001220703125,270.3999938964844,284.1000061035156,875700
2011-02-21,274.0,274.0,274.95001220703125,266.04998779296875,271.20001220703125,628500
2011-02-22,272.45001220703125,272.45001220703125,276.1000061035156,268.79998779296875,272.8500061035156,517600
2011-02-23,268.79998779296875,268.79998779296875,277.0,267.95001220703125,272.25,554700
2011-02-24,258.79998779296875,258.79998779296875,270.1000061035156,257.8500061035156,269.04998779296875,568000
2011-02-25,259.6000061035156,259.6000061035156,263.04998779296875,250.4499969482422,260.1000061035156,704800
2011-02-28,262.8999938964844,262.8999938964844,270.3500061035156,260.54998779296875,260.54998779296875,668200
2011-03-01,274.70001220703125,274.70001220703125,275.70001220703125,263.75,263.75,525300
2011-03-03,275.45001220703125,275.45001220703125,280.8999938964844,271.8999938964844,274.25,558400
2011-03-04,276.3999938964844,276.3999938964844,279.70001220703125,274.6000061035156,276.75,593700
2011-03-07,271.5,271.5,275.54998779296875,267.25,275.54998779296875,422400
2011-03-08,275.45001220703125,275.45001220703125,275.95001220703125,271.75,272.1499938964844,288700
2011-03-09,280.6000061035156,280.6000061035156,281.20001220703125,276.0,276.0,421900
2011-03-10,282.8999938964844,282.8999938964844,283.79998779296875,277.3500061035156,280.3999938964844,366400
2011-03-11,280.6499938964844,280.6499938964844,287.70001220703125,278.3999938964844,281.6499938964844,620800
2011-03-14,282.75,282.75,283.54998779296875,278.3999938964844,280.95001220703125,304400
2011-03-15,273.1000061035156,273.1000061035156,281.04998779296875,271.70001220703125,281.04998779296875,374200
2011-03-16,279.54998779296875,279.54998779296875,281.3500061035156,274.25,274.25,412400
2011-03-17,277.3500061035156,277.3500061035156,279.70001220703125,275.79998779296875,278.45001220703125,325200
2011-03-18,272.75,272.75,280.1499938964844,271.8500061035156,278.5,269900
2011-03-21,270.1000061035156,270.1000061035156,274.79998779296875,268.29998779296875,273.6000061035156,275300
2011-03-22,276.25,276.25,276.79998779296875,270.54998779296875,270.54998779296875,248400
2011-03-23,282.45001220703125,282.45001220703125,283.04998779296875,275.0,275.8999938964844,314200
2011-03-24,290.79998779296875,290.79998779296875,291.25,283.25,283.25,940900
2011-03-25,298.95001220703125,298.95001220703125,300.25,291.04998779296875,292.3500061035156,644300
2011-03-28,296.95001220703125,296.95001220703125,301.8999938964844,296.29998779296875,298.8999938964844,532000
2011-03-29,299.1499938964844,299.1499938964844,303.54998779296875,293.6000061035156,296.79998779296875,846700
2011-03-30,309.75,309.75,311.20001220703125,299.8999938964844,299.8999938964844,692600
2011-03-31,313.29998779296875,313.29998779296875,316.29998779296875,305.5,310.1499938964844,711100
2011-04-01,321.79998779296875,321.79998779296875,322.3500061035156,312.8500061035156,312.8500061035156,503400
2011-04-04,322.20001220703125,322.20001220703125,323.3999938964844,319.25,322.25,531400
2011-04-05,324.79998779296875,324.79998779296875,325.8999938964844,318.8999938964844,322.3999938964844,524300
2011-04-06,335.6499938964844,335.6499938964844,337.3999938964844,324.1499938964844,324.1499938964844,871700
2011-04-07,340.54998779296875,340.54998779296875,344.04998779296875,335.3999938964844,336.1000061035156,935700
2011-04-08,329.29998779296875,329.29998779296875,341.6499938964844,326.8999938964844,340.70001220703125,501500
2011-04-11,321.0,321.0,328.79998779296875,319.75,328.79998779296875,494400
2011-04-13,326.5,326.5,327.3999938964844,317.29998779296875,319.6000061035156,571400
2011-04-15,322.6000061035156,322.6000061035156,328.20001220703125,319.29998779296875,326.75,469600
2011-04-18,311.54998779296875,311.54998779296875,326.29998779296875,310.6000061035156,323.1000061035156,427500
2011-04-19,312.6499938964844,312.6499938964844,313.20001220703125,305.6000061035156,311.54998779296875,466500
2011-04-20,315.04998779296875,315.04998779296875,321.04998779296875,309.3999938964844,313.29998779296875,917600
2011-04-21,318.6000061035156,318.6000061035156,321.5,315.1499938964844,316.0,412900
2011-04-25,314.0,314.0,318.95001220703125,313.45001220703125,318.5,248500
2011-04-26,313.1499938964844,313.1499938964844,315.6000061035156,311.75,314.25,413300
2011-04-27,308.79998779296875,308.79998779296875,315.75,307.8999938964844,314.20001220703125,279000
2011-04-28,297.79998779296875,297.79998779296875,309.54998779296875,297.04998779296875,309.54998779296875,818800
2011-04-29,289.29998779296875,289.29998779296875,300.75,286.6000061035156,298.1499938964844,476100
2011-05-02,292.20001220703125,292.20001220703125,294.79998779296875,286.3999938964844,290.3999938964844,462000
2011-05-03,282.8999938964844,282.8999938964844,293.0,282.1499938964844,291.6499938964844,450900
2011-05-04,281.1000061035156,281.1000061035156,285.29998779296875,278.1000061035156,282.6000061035156,399000
2011-05-05,272.25,272.25,283.3500061035156,271.5,281.8500061035156,409900
2011-05-06,276.29998779296875,276.29998779296875,277.3500061035156,271.70001220703125,273.54998779296875,349200
2011-05-09,275.6499938964844,275.6499938964844,279.95001220703125,274.0,277.5,282400
2011-05-10,279.54998779296875,279.54998779296875,281.1000061035156,274.45001220703125,275.75,308200
2011-05-11,283.5,283.5,284.75,279.6000061035156,280.1499938964844,271300
2011-05-12,282.8500061035156,282.8500061035156,286.45001220703125,281.04998779296875,282.70001220703125,261300
2011-05-13,289.20001220703125,289.20001220703125,291.70001220703125,282.45001220703125,282.5,260900
2011-05-16,284.25,284.25,288.3999938964844,283.5,288.3999938964844,198900
2011-05-17,283.75,283.75,285.3500061035156,280.0,284.3500061035156,192800
2011-05-18,280.6000061035156,280.6000061035156,284.1499938964844,278.29998779296875,283.8999938964844,189900
2011-05-19,271.95001220703125,271.95001220703125,281.3500061035156,270.54998779296875,280.04998779296875,235400
2011-05-20,275.6499938964844,275.6499938964844,277.1499938964844,270.3999938964844,272.29998779296875,354500
2011-05-23,267.8500061035156,267.8500061035156,274.8500061035156,266.20001220703125,274.1000061035156,319700
2011-05-24,266.54998779296875,266.54998779296875,270.0,261.6499938964844,268.25,558600
2011-05-25,263.70001220703125,263.70001220703125,265.25,259.20001220703125,262.45001220703125,390100
2011-05-26,265.75,265.75,267.29998779296875,260.6000061035156,264.20001220703125,346400
2011-05-27,274.95001220703125,274.95001220703125,276.20001220703125,265.6499938964844,265.6499938964844,345500
2011-05-30,281.5,281.5,282.8999938964844,275.3500061035156,275.3500061035156,354000
2011-05-31,289.25,289.25,289.6499938964844,280.8999938964844,280.8999938964844,309800
2011-06-01,288.75,288.75,290.3500061035156,284.6499938964844,289.75,273300
2011-06-02,284.29998779296875,284.29998779296875,286.79998779296875,281.70001220703125,286.79998779296875,329100
2011-06-03,282.29998779296875,282.29998779296875,289.75,281.25,283.95001220703125,283300
2011-06-06,283.1499938964844,283.1499938964844,284.0,279.0,281.1000061035156,291000
2011-06-07,288.6000061035156,288.6000061035156,289.70001220703125,281.6000061035156,282.95001220703125,339800
2011-06-08,287.1000061035156,287.1000061035156,290.25,284.70001220703125,288.1499938964844,307600
2011-06-09,287.45001220703125,287.45001220703125,289.29998779296875,285.0,287.1499938964844,248200
2011-06-10,284.70001220703125,284.70001220703125,289.45001220703125,283.75,287.70001220703125,217400
2011-06-13,283.70001220703125,283.70001220703125,285.5,280.6000061035156,284.5,164900
2011-06-14,285.75,285.75,288.25,284.1499938964844,284.54998779296875,213600
2011-06-15,282.54998779296875,282.54998779296875,286.0,281.1499938964844,286.0,328300
2011-06-16,281.6000061035156,281.6000061035156,284.79998779296875,277.5,281.1000061035156,276900
2011-06-17,281.04998779296875,281.04998779296875,283.70001220703125,279.29998779296875,282.0,166000
2011-06-20,270.04998779296875,270.04998779296875,282.45001220703125,269.29998779296875,281.70001220703125,266300
2011-06-21,262.45001220703125,262.45001220703125,272.6000061035156,261.79998779296875,270.95001220703125,293900
2011-06-22,257.3500061035156,257.3500061035156,265.6499938964844,256.8500061035156,263.3500061035156,376200
2011-06-23,256.04998779296875,256.04998779296875,258.25,251.8500061035156,256.6499938964844,521100
2011-06-24,265.79998779296875,265.79998779296875,266.3999938964844,256.1000061035156,256.95001220703125,479800
2011-06-27,263.1499938964844,263.1499938964844,269.1000061035156,261.95001220703125,265.1499938964844,302700
2011-06-28,263.3999938964844,263.3999938964844,264.79998779296875,260.25,263.95001220703125,324600
2011-06-29,264.6000061035156,264.6000061035156,266.5,262.1499938964844,264.0,341100
2011-06-30,267.6499938964844,267.6499938964844,268.1499938964844,265.0,265.75,388000
2011-07-01,275.20001220703125,275.20001220703125,275.6499938964844,268.70001220703125,268.70001220703125,433500
2011-07-04,286.3500061035156,286.3500061035156,287.3500061035156,277.0,277.0,401400
2011-07-05,283.1499938964844,283.1499938964844,285.75,281.1000061035156,285.75,199900
2011-07-06,284.79998779296875,284.79998779296875,287.0,282.1499938964844,282.70001220703125,368600
2011-07-07,290.79998779296875,290.79998779296875,291.3999938964844,284.5,285.29998779296875,280500
2011-07-08,297.75,297.75,302.20001220703125,290.45001220703125,291.75,746000
2011-07-11,288.75,288.75,297.3999938964844,287.8999938964844,297.20001220703125,385900
2011-07-12,280.25,280.25,287.54998779296875,277.8999938964844,287.54998779296875,386700
2011-07-13,283.3999938964844,283.3999938964844,285.54998779296875,280.79998779296875,280.79998779296875,465500
2011-07-14,290.25,290.25,293.54998779296875,281.6499938964844,282.70001220703125,537100
2011-07-15,288.29998779296875,288.29998779296875,295.95001220703125,285.95001220703125,291.20001220703125,394300
2011-07-18,291.1499938964844,291.1499938964844,293.1000061035156,288.1000061035156,288.29998779296875,276200
2011-07-19,294.79998779296875,294.79998779296875,295.6000061035156,287.0,291.1000061035156,460100
2011-07-20,296.0,296.0,299.0,294.6499938964844,295.3500061035156,495600
2011-07-21,291.8999938964844,291.8999938964844,296.79998779296875,290.6499938964844,296.1000061035156,233700
2011-07-22,294.3500061035156,294.3500061035156,295.79998779296875,291.3999938964844,292.6499938964844,198100
2011-07-25,296.54998779296875,296.54998779296875,298.20001220703125,291.6000061035156,293.70001220703125,282500
2011-07-26,285.8500061035156,285.8500061035156,299.04998779296875,285.0,297.0,376500
2011-07-27,284.3999938964844,284.3999938964844,286.75,281.3500061035156,285.5,300800
2011-07-28,279.6000061035156,279.6000061035156,283.70001220703125,277.20001220703125,283.25,264900
2011-07-29,273.04998779296875,273.04998779296875,280.8500061035156,271.25,278.70001220703125,487900
2011-08-01,274.25,274.25,279.54998779296875,272.79998779296875,274.1000061035156,299600
2011-08-02,269.5,269.5,273.45001220703125,267.3999938964844,273.45001220703125,315800
2011-08-03,266.04998779296875,266.04998779296875,267.1499938964844,259.5,265.6000061035156,314100
2011-08-04,260.25,260.25,269.8999938964844,259.6499938964844,266.95001220703125,382500
2011-08-05,251.1999969482422,251.1999969482422,256.95001220703125,243.1499938964844,256.95001220703125,451200
2011-08-08,239.1999969482422,239.1999969482422,248.5,237.5,248.5,489600
2011-08-09,238.3500061035156,238.3500061035156,244.5500030517578,229.0500030517578,235.1000061035156,620700
2011-08-10,247.1999969482422,247.1999969482422,248.4499969482422,240.6000061035156,240.6000061035156,434300
2011-08-11,244.3999938964844,244.3999938964844,246.6499938964844,242.1000061035156,246.0500030517578,307900
2011-08-12,241.25,241.25,247.8999938964844,240.3000030517578,245.6999969482422,306100
2011-08-16,228.6499938964844,228.6499938964844,244.6999969482422,227.1000061035156,242.8000030517578,492300
2011-08-17,221.25,221.25,226.8500061035156,216.8999938964844,226.8500061035156,504500
2011-08-18,221.0,221.0,225.9499969482422,219.9499969482422,221.25,441200
2011-08-19,222.3999938964844,222.3999938964844,223.0500030517578,215.5500030517578,219.6000061035156,425600
2011-08-22,223.3999938964844,223.3999938964844,225.1999969482422,219.1499938964844,223.1499938964844,424700
2011-08-23,224.25,224.25,227.0,222.5,224.3000030517578,348500
2011-08-24,221.4499969482422,221.4499969482422,226.8000030517578,220.3500061035156,224.6000061035156,287800
2011-08-25,223.3500061035156,223.3500061035156,224.8999938964844,219.75,222.0,362400
2011-08-26,213.0500030517578,213.0500030517578,223.9499969482422,212.0500030517578,222.8500061035156,307000
2011-08-29,222.4499969482422,222.4499969482422,225.25,214.6499938964844,214.6499938964844,595700
2011-08-30,231.3999938964844,231.3999938964844,232.5500030517578,224.3000030517578,224.3000030517578,486600
2011-09-02,236.9499969482422,236.9499969482422,237.9499969482422,228.0500030517578,230.25,650600
2011-09-05,238.25,238.25,239.1000061035156,231.5,234.3500061035156,575700
2011-09-06,232.6499938964844,232.6499938964844,237.6000061035156,228.0500030517578,237.3500061035156,657900
2011-09-07,241.25,241.25,242.1499938964844,233.4499969482422,233.4499969482422,661400
2011-09-08,242.5,242.5,244.1999969482422,240.3999938964844,241.8999938964844,499200
2011-09-09,236.8000030517578,236.8000030517578,243.1000061035156,236.25,242.6000061035156,347300
2011-09-12,229.3999938964844,229.3999938964844,235.1499938964844,229.0500030517578,235.1499938964844,297400
2011-09-13,230.6000061035156,230.6000061035156,235.9499969482422,228.8000030517578,230.25,355800
2011-09-14,231.3000030517578,231.3000030517578,232.5,227.6000061035156,231.1999969482422,316200
2011-09-15,239.6999969482422,239.6999969482422,240.6999969482422,231.3500061035156,231.3500061035156,462900
2011-09-16,242.3500061035156,242.3500061035156,243.8000030517578,238.25,241.0500030517578,575300
2011-09-19,241.5,241.5,243.6499938964844,237.1999969482422,241.3500061035156,422300
2011-09-20,245.3999938964844,245.3999938964844,246.25,240.6000061035156,241.4499969482422,353400
2011-09-21,248.1499938964844,248.1499938964844,248.9499969482422,244.75,245.3500061035156,441900
2011-09-22,233.1499938964844,233.1499938964844,245.3999938964844,232.1499938964844,245.3999938964844,427100
2011-09-23,231.1999969482422,231.1999969482422,234.1999969482422,225.9499969482422,231.25,372400
2011-09-26,229.8000030517578,229.8000030517578,231.9499969482422,224.1000061035156,231.1999969482422,345100
2011-09-27,241.6499938964844,241.6499938964844,242.25,231.8999938964844,231.8999938964844,317500
2011-09-28,242.8500061035156,242.8500061035156,245.1499938964844,237.75,241.5500030517578,427200
2011-09-29,242.8500061035156,242.8500061035156,243.8999938964844,238.3999938964844,240.8000030517578,372900
2011-09-30,237.6000061035156,237.6000061035156,243.8000030517578,236.8500061035156,241.25,356200
2011-10-03,224.8000030517578,224.8000030517578,235.3500061035156,223.75,235.3500061035156,327300
2011-10-04,222.8500061035156,222.8500061035156,228.0500030517578,220.3500061035156,223.1000061035156,385700
2011-10-05,225.6499938964844,225.6499938964844,229.8500061035156,223.9499969482422,223.9499969482422,290300
2011-10-07,234.6000061035156,234.6000061035156,236.0500030517578,229.6000061035156,229.6000061035156,255900
2011-10-10,242.8999938964844,242.8999938964844,243.3000030517578,232.5500030517578,233.1499938964844,297100
2011-10-11,242.5500030517578,242.5500030517578,248.5500030517578,240.8000030517578,243.4499969482422,333000
2011-10-12,249.6499938964844,249.6499938964844,250.3500061035156,241.6499938964844,242.4499969482422,408000
2011-10-13,250.3999938964844,250.3999938964844,254.0500030517578,248.8000030517578,250.0,435500
2011-10-14,247.1000061035156,247.1000061035156,249.0,244.6999969482422,249.0,300600
2011-10-17,248.6000061035156,248.6000061035156,251.9499969482422,247.1499938964844,247.25,231000
2011-10-18,242.5500030517578,242.5500030517578,246.1999969482422,240.6000061035156,246.1999969482422,212100
2011-10-19,250.8999938964844,250.8999938964844,251.5500030517578,244.1000061035156,244.1000061035156,232000
2011-10-20,244.75,244.75,249.1000061035156,243.1000061035156,249.1000061035156,270400
2011-10-21,240.1499938964844,240.1499938964844,245.0500030517578,239.25,242.25,253200
2011-10-24,242.8999938964844,242.8999938964844,246.4499969482422,241.4499969482422,241.8500061035156,261800
2011-10-25,246.3000030517578,246.3000030517578,247.3500061035156,240.1499938964844,243.5,374300
2011-10-28,262.20001220703125,262.20001220703125,263.1000061035156,250.1999969482422,250.1999969482422,359700
2011-10-31,261.45001220703125,261.45001220703125,263.8500061035156,258.95001220703125,261.3999938964844,394800
2011-11-01,256.04998779296875,256.04998779296875,263.54998779296875,254.1999969482422,260.0,474500
2011-11-02,255.1999969482422,255.1999969482422,257.8500061035156,252.5500030517578,254.0500030517578,334600
2011-11-03,260.1000061035156,260.1000061035156,261.6499938964844,253.1499938964844,254.5500030517578,499300
2011-11-04,262.5,262.5,266.5,261.29998779296875,261.29998779296875,435700
2011-11-08,258.70001220703125,258.70001220703125,263.95001220703125,255.8999938964844,262.25,318600
2011-11-09,250.75,250.75,260.5,249.1499938964844,258.79998779296875,365900
2011-11-11,244.3000030517578,244.3000030517578,248.9499969482422,242.3500061035156,248.9499969482422,360700
2011-11-14,237.3500061035156,237.3500061035156,249.3000030517578,236.5,246.5,344300
2011-11-15,223.5,223.5,237.3500061035156,222.8000030517578,237.3500061035156,440200
2011-11-16,224.3500061035156,224.3500061035156,227.0500030517578,219.6499938964844,223.3500061035156,535800
2011-11-17,218.5500030517578,218.5500030517578,227.6499938964844,217.9499969482422,225.3000030517578,419800
2011-11-18,214.75,214.75,218.3500061035156,210.3500061035156,218.3500061035156,461300
2011-11-21,207.3999938964844,207.3999938964844,215.1000061035156,206.1999969482422,214.0,304800
2011-11-22,208.0,208.0,210.5,206.1000061035156,208.1000061035156,379200
2011-11-23,204.3500061035156,204.3500061035156,209.1999969482422,203.8000030517578,206.8999938964844,681400
2011-11-24,207.8500061035156,207.8500061035156,208.6499938964844,199.6499938964844,205.1499938964844,587600
2011-11-25,209.6499938964844,209.6499938964844,215.6000061035156,204.6999969482422,207.1000061035156,452300
2011-11-28,216.6499938964844,216.6499938964844,217.6999969482422,211.4499969482422,211.4499969482422,377700
2011-11-29,211.5,211.5,218.3000030517578,210.4499969482422,216.8000030517578,516200
2011-11-30,210.1000061035156,210.1000061035156,212.0,206.4499969482422,210.8000030517578,783000
2011-12-01,218.0500030517578,218.0500030517578,219.3500061035156,213.0500030517578,213.0500030517578,430000
2011-12-02,222.5,222.5,223.1999969482422,215.8999938964844,216.6999969482422,505700
2011-12-05,221.6999969482422,221.6999969482422,224.8999938964844,219.8500061035156,222.75,532600
2011-12-07,223.1000061035156,223.1000061035156,224.6499938964844,221.4499969482422,222.3999938964844,286000
2011-12-08,214.1499938964844,214.1499938964844,222.8500061035156,213.5500030517578,222.5500030517578,394800
2011-12-09,211.0500030517578,211.0500030517578,213.0,208.1499938964844,211.8500061035156,430800
2011-12-12,205.0500030517578,205.0500030517578,213.8000030517578,204.25,212.4499969482422,300200
2011-12-13,206.3999938964844,206.3999938964844,208.25,202.6999969482422,203.75,289000
2011-12-14,201.6999969482422,201.6999969482422,208.1999969482422,201.0,206.75,278000
2011-12-15,201.1999969482422,201.1999969482422,201.8999938964844,196.8999938964844,200.9499969482422,285000
2011-12-16,194.25,194.25,204.75,192.8000030517578,201.8000030517578,356200
2011-12-19,188.75,188.75,193.6999969482422,185.6999969482422,193.6999969482422,307700
2011-12-20,183.0,183.0,190.1999969482422,182.0500030517578,189.1499938964844,367400
2011-12-21,185.3000030517578,185.3000030517578,187.75,181.75,185.8999938964844,310700
2011-12-22,191.4499969482422,191.4499969482422,192.25,182.6999969482422,184.8500061035156,339800
2011-12-23,191.6999969482422,191.6999969482422,195.5,189.6999969482422,192.0500030517578,321000
2011-12-26,194.75,194.75,195.3500061035156,191.75,191.75,178800
2011-12-27,191.1999969482422,191.1999969482422,196.0,190.3500061035156,194.25,268600
2011-12-28,189.6000061035156,189.6000061035156,190.9499969482422,186.75,190.8999938964844,269700
2011-12-29,185.9499969482422,185.9499969482422,190.0,185.3500061035156,189.8000030517578,290400
2011-12-30,184.1999969482422,184.1999969482422,188.5,183.0,186.3000030517578,271200
2012-01-02,183.1000061035156,183.1000061035156,184.9499969482422,179.85000610351562,184.8999938964844,244500
2012-01-03,191.4499969482422,191.4499969482422,191.8500061035156,184.5500030517578,184.5500030517578,327100
2012-01-04,190.8000030517578,190.8000030517578,192.4499969482422,188.8999938964844,191.4499969482422,314900
2012-01-05,187.25,187.25,191.4499969482422,186.1499938964844,190.3000030517578,306100
2012-01-06,185.8500061035156,185.8500061035156,187.8999938964844,184.3000030517578,186.3999938964844,319400
2012-01-09,190.25,190.25,190.9499969482422,184.6499938964844,187.0500030517578,349900
2012-01-10,199.75,199.75,200.5,190.6999969482422,190.6999969482422,694900
2012-01-11,208.9499969482422,208.9499969482422,210.6000061035156,199.6000061035156,200.3500061035156,856900
2012-01-12,209.3500061035156,209.3500061035156,213.6000061035156,207.4499969482422,208.75,507900
2012-01-13,213.75,213.75,217.1999969482422,210.1000061035156,210.1000061035156,518000
2012-01-16,212.6000061035156,212.6000061035156,213.5500030517578,209.3500061035156,212.6000061035156,289000
2012-01-17,220.3500061035156,220.3500061035156,222.8000030517578,213.0500030517578,213.0500030517578,482000
2012-01-18,222.0500030517578,222.0500030517578,223.6000061035156,219.0500030517578,220.6499938964844,540200
2012-01-19,229.8999938964844,229.8999938964844,230.9499969482422,223.1499938964844,223.1499938964844,531900
2012-01-20,231.6999969482422,231.6999969482422,234.3999938964844,229.5500030517578,231.3000030517578,500900
2012-01-23,233.6499938964844,233.6499938964844,234.6499938964844,229.9499969482422,231.75,322400
2012-01-24,236.5,236.5,240.6999969482422,230.1499938964844,234.1499938964844,552900
2012-01-25,236.0,236.0,238.8999938964844,235.6000061035156,236.6499938964844,542000
2012-01-27,230.25,230.25,239.9499969482422,229.8999938964844,236.6499938964844,449200
2012-01-30,223.0500030517578,223.0500030517578,230.8999938964844,221.8500061035156,229.8000030517578,339400
2012-01-31,231.4499969482422,231.4499969482422,232.1999969482422,223.9499969482422,223.9499969482422,516800
2012-02-01,233.6499938964844,233.6499938964844,235.1499938964844,227.1000061035156,231.5,454400
2012-02-02,235.8500061035156,235.8500061035156,238.3500061035156,227.4499969482422,234.9499969482422,1137500
2012-02-03,240.4499969482422,240.4499969482422,241.4499969482422,233.8500061035156,236.1499938964844,609600
2012-02-06,250.4499969482422,250.4499969482422,252.3500061035156,241.6499938964844,241.6499938964844,1070300
2012-02-07,244.5,244.5,252.1499938964844,243.75,251.5500030517578,637600
2012-02-08,251.75,251.75,254.0,244.8999938964844,244.8999938964844,600900
2012-02-09,256.6499938964844,256.6499938964844,258.6000061035156,250.3000030517578,250.4499969482422,828500
2012-02-10,254.3500061035156,254.3500061035156,257.3999938964844,250.3500061035156,257.3500061035156,494900
2012-02-13,254.5,254.5,255.6499938964844,248.1999969482422,252.3999938964844,422600
2012-02-14,260.3999938964844,260.3999938964844,260.8999938964844,253.6499938964844,254.3500061035156,580000
2012-02-15,272.70001220703125,272.70001220703125,273.54998779296875,261.8500061035156,261.8500061035156,726400
2012-02-16,277.75,277.75,279.3500061035156,269.04998779296875,271.75,715900
2012-02-17,280.75,280.75,286.0,278.75,279.79998779296875,583300
2012-02-21,293.8500061035156,293.8500061035156,294.79998779296875,279.95001220703125,280.29998779296875,722100
2012-02-22,273.29998779296875,273.29998779296875,299.6499938964844,270.70001220703125,294.3500061035156,1047200
2012-02-23,266.6499938964844,266.6499938964844,275.3500061035156,261.1000061035156,273.8500061035156,914500
2012-02-24,259.75,259.75,271.79998779296875,257.54998779296875,267.45001220703125,635400
2012-02-27,245.5,245.5,259.8999938964844,244.3500061035156,259.8999938964844,549900
2012-02-28,260.70001220703125,260.70001220703125,261.5,246.3999938964844,246.3999938964844,646800
2012-02-29,263.79998779296875,263.79998779296875,269.79998779296875,259.75,262.3500061035156,630600
2012-03-01,254.3500061035156,254.3500061035156,262.54998779296875,245.4499969482422,262.54998779296875,734700
2012-03-02,248.5500030517578,248.5500030517578,253.5,246.6000061035156,252.6000061035156,705500
2012-03-05,239.0500030517578,239.0500030517578,247.5500030517578,238.3500061035156,247.5500030517578,478200
2012-03-06,236.6000061035156,236.6000061035156,249.5500030517578,234.0,238.3999938964844,796400
2012-03-07,239.25,239.25,240.75,232.8999938964844,236.3000030517578,710500
2012-03-09,246.4499969482422,246.4499969482422,247.3999938964844,241.5500030517578,241.5500030517578,430100
2012-03-12,249.1999969482422,249.1999969482422,253.1499938964844,245.75,247.75,510300
2012-03-13,254.8999938964844,254.8999938964844,255.8500061035156,250.3500061035156,250.3500061035156,423900
2012-03-14,252.5500030517578,252.5500030517578,258.95001220703125,251.1999969482422,256.70001220703125,485200
2012-03-15,245.25,245.25,252.0500030517578,243.8999938964844,252.0500030517578,501000
2012-03-16,242.0,242.0,250.75,240.9499969482422,246.25,555900
2012-03-19,235.6499938964844,235.6499938964844,244.0,233.8500061035156,241.8999938964844,562800
2012-03-20,239.1000061035156,239.1000061035156,240.3500061035156,235.1499938964844,235.75,503600
2012-03-21,247.8000030517578,247.8000030517578,249.0,237.1000061035156,238.8500061035156,530800
2012-03-22,237.0500030517578,237.0500030517578,250.4499969482422,236.1499938964844,247.1000061035156,581300
2012-03-23,240.75,240.75,242.6999969482422,236.6000061035156,238.0,473500
2012-03-26,232.1000061035156,232.1000061035156,240.6000061035156,231.5,240.6000061035156,507200
2012-03-27,235.75,235.75,237.9499969482422,233.1999969482422,234.1000061035156,610500
2012-03-28,231.6499938964844,231.6499938964844,234.75,230.4499969482422,234.75,442600
2012-03-29,232.1000061035156,232.1000061035156,233.1000061035156,227.1999969482422,229.75,511200
2012-03-30,239.0500030517578,239.0500030517578,239.5500030517578,232.8500061035156,232.8500061035156,374700
2012-04-02,243.1000061035156,243.1000061035156,244.6499938964844,238.9499969482422,238.9499969482422,360900
2012-04-03,245.1999969482422,245.1999969482422,247.25,243.5500030517578,243.5500030517578,310200
2012-04-04,241.5500030517578,241.5500030517578,244.8000030517578,238.4499969482422,244.8000030517578,329400
2012-04-09,239.8000030517578,239.8000030517578,242.1999969482422,237.6499938964844,240.4499969482422,295700
2012-04-10,240.1000061035156,240.1000061035156,242.3500061035156,238.3000030517578,240.25,311800
2012-04-11,238.0500030517578,238.0500030517578,242.0,236.9499969482422,238.8999938964844,329400
2012-04-12,238.6499938964844,238.6499938964844,241.8500061035156,236.3000030517578,238.3000030517578,579400
2012-04-13,235.8000030517578,235.8000030517578,242.75,234.8500061035156,239.1999969482422,413600
2012-04-16,238.4499969482422,238.4499969482422,239.6499938964844,235.0500030517578,235.0500030517578,335600
2012-04-17,244.3000030517578,244.3000030517578,244.8000030517578,237.9499969482422,238.6499938964844,650400
2012-04-18,241.6999969482422,241.6999969482422,248.8999938964844,240.5500030517578,244.8999938964844,424600
2012-04-19,240.3500061035156,240.3500061035156,242.4499969482422,238.8000030517578,241.4499969482422,306500
2012-04-20,236.5,236.5,242.0,234.8500061035156,239.6499938964844,360500
2012-04-23,228.8500061035156,228.8500061035156,236.8000030517578,228.3500061035156,235.6000061035156,344800
2012-04-24,229.3500061035156,229.3500061035156,230.6499938964844,226.9499969482422,228.5,285800
2012-04-25,226.3999938964844,226.3999938964844,229.8000030517578,224.1999969482422,228.5,297200
2012-04-26,224.3999938964844,224.3999938964844,227.3000030517578,223.75,227.1999969482422,346000
2012-04-27,221.8000030517578,221.8000030517578,226.4499969482422,217.3000030517578,224.4499969482422,442900
2012-04-30,226.6999969482422,226.6999969482422,229.3999938964844,223.8000030517578,223.8000030517578,384200
2012-05-02,226.1999969482422,226.1999969482422,229.25,224.8000030517578,226.8500061035156,418100
2012-05-03,222.4499969482422,222.4499969482422,225.3999938964844,221.0500030517578,225.3999938964844,280000
2012-05-04,216.8000030517578,216.8000030517578,221.6000061035156,214.5500030517578,221.6000061035156,374800
2012-05-07,217.5500030517578,217.5500030517578,218.8999938964844,208.1000061035156,215.3999938964844,792100
2012-05-08,213.9499969482422,213.9499969482422,221.8500061035156,212.1999969482422,218.0500030517578,500600
2012-05-09,207.8000030517578,207.8000030517578,213.1999969482422,206.9499969482422,213.1999969482422,442500
2012-05-10,207.1000061035156,207.1000061035156,211.0,205.8000030517578,208.6000061035156,529100
2012-05-11,206.5500030517578,206.5500030517578,208.9499969482422,202.8500061035156,206.8500061035156,536400
2012-05-14,202.8999938964844,202.8999938964844,208.3000030517578,201.0,207.1499938964844,371500
2012-05-15,204.8500061035156,204.8500061035156,206.4499969482422,200.1999969482422,202.25,523900
2012-05-16,203.5500030517578,203.5500030517578,206.1000061035156,199.3000030517578,203.6000061035156,651800
2012-05-17,205.3000030517578,205.3000030517578,208.0,203.5,203.8500061035156,539800
2012-05-18,205.3999938964844,205.3999938964844,206.3500061035156,201.3500061035156,204.1999969482422,395100
2012-05-21,209.75,209.75,210.8000030517578,206.3000030517578,206.3000030517578,316300
2012-05-22,207.0500030517578,207.0500030517578,213.9499969482422,206.1000061035156,210.8500061035156,289000
2012-05-23,204.8500061035156,204.8500061035156,207.4499969482422,203.8999938964844,206.6000061035156,298900
2012-05-24,206.4499969482422,206.4499969482422,207.0,201.6499938964844,205.3000030517578,348500
2012-05-25,208.1499938964844,208.1499938964844,209.3000030517578,204.8999938964844,206.1999969482422,259800
2012-05-28,210.6000061035156,210.6000061035156,211.3000030517578,207.25,208.3999938964844,262800
2012-05-29,212.1000061035156,212.1000061035156,213.9499969482422,210.0,210.8000030517578,391900
2012-05-30,206.3000030517578,206.3000030517578,211.6000061035156,205.3000030517578,211.6000061035156,366200
2012-05-31,208.0,208.0,209.5500030517578,202.9499969482422,204.4499969482422,553900
2012-06-01,204.6499938964844,204.6499938964844,209.5,204.0,207.75,375300
2012-06-04,208.3000030517578,208.3000030517578,209.1999969482422,196.6499938964844,203.75,400400
2012-06-05,205.8999938964844,205.8999938964844,209.6499938964844,205.25,208.6999969482422,337400
2012-06-06,211.3500061035156,211.3500061035156,212.0,206.6000061035156,206.6000061035156,316100
2012-06-07,215.8500061035156,215.8500061035156,216.6499938964844,211.8500061035156,212.0500030517578,374200
2012-06-08,219.5,219.5,219.9499969482422,213.4499969482422,215.6000061035156,628700
2012-06-11,217.3999938964844,217.3999938964844,225.0,216.3000030517578,219.8999938964844,467000
2012-06-12,221.8000030517578,221.8000030517578,222.1499938964844,215.1000061035156,216.6999969482422,451000
2012-06-13,218.4499969482422,218.4499969482422,223.25,217.8000030517578,222.1999969482422,407400
2012-06-14,212.1000061035156,212.1000061035156,219.3500061035156,211.3999938964844,219.0,412100
2012-06-15,216.1499938964844,216.1499938964844,216.5,212.8500061035156,212.8500061035156,377300
2012-06-18,210.0,210.0,220.3000030517578,208.75,216.6499938964844,551000
2012-06-19,210.3500061035156,210.3500061035156,210.8000030517578,206.3999938964844,209.8000030517578,436300
2012-06-20,210.1000061035156,210.1000061035156,211.3500061035156,208.8000030517578,210.0,282900
2012-06-21,216.8000030517578,216.8000030517578,217.3000030517578,208.8000030517578,209.6499938964844,548100
2012-06-22,217.5500030517578,217.5500030517578,218.3999938964844,213.4499969482422,215.3999938964844,680200
2012-06-25,216.1000061035156,216.1000061035156,221.8000030517578,215.5500030517578,218.4499969482422,609700
2012-06-26,217.0,217.0,217.9499969482422,215.3500061035156,216.5500030517578,333000
2012-06-27,217.6999969482422,217.6999969482422,219.5,217.0,217.4499969482422,297400
2012-06-28,217.75,217.75,219.6499938964844,216.3500061035156,218.3500061035156,313500
2012-06-29,222.9499969482422,222.9499969482422,223.8500061035156,218.6499938964844,218.6499938964844,373000
2012-07-02,228.0,228.0,229.8000030517578,222.75,223.5,513200
2012-07-03,232.5500030517578,232.5500030517578,233.0,228.75,228.75,553700
2012-07-04,236.8999938964844,236.8999938964844,237.6999969482422,232.8500061035156,232.8500061035156,572200
2012-07-05,236.1499938964844,236.1499938964844,237.8500061035156,235.25,236.8000030517578,401400
2012-07-06,233.0500030517578,233.0500030517578,235.8000030517578,231.5,235.5,360200
2012-07-09,230.3999938964844,230.3999938964844,232.8000030517578,227.6999969482422,232.8000030517578,374000
2012-07-10,234.1499938964844,234.1499938964844,234.8000030517578,230.9499969482422,230.9499969482422,362500
2012-07-11,231.8000030517578,231.8000030517578,233.75,230.9499969482422,233.6999969482422,378300
2012-07-12,234.0500030517578,234.0500030517578,235.1000061035156,226.9499969482422,231.25,582300
2012-07-13,230.8999938964844,230.8999938964844,235.8000030517578,229.8999938964844,234.4499969482422,456900
2012-07-16,227.1000061035156,227.1000061035156,232.3999938964844,226.1999969482422,231.5,374100
2012-07-17,223.9499969482422,223.9499969482422,230.0,223.25,227.4499969482422,329000
2012-07-18,225.8000030517578,225.8000030517578,226.8000030517578,221.1000061035156,223.8500061035156,329500
2012-07-19,227.1499938964844,227.1499938964844,229.6000061035156,226.6499938964844,226.6499938964844,304600
2012-07-20,224.8500061035156,224.8500061035156,226.8999938964844,223.8000030517578,226.8999938964844,281300
2012-07-23,218.4499969482422,218.4499969482422,223.8000030517578,217.6999969482422,223.8000030517578,304400
2012-07-24,217.8999938964844,217.8999938964844,219.3999938964844,216.0500030517578,218.5,436400
2012-07-25,217.8000030517578,217.8000030517578,218.8999938964844,214.3999938964844,217.6000061035156,381700
2012-07-26,210.1000061035156,210.1000061035156,218.1999969482422,208.8000030517578,218.0500030517578,487900
2012-07-27,208.25,208.25,214.8999938964844,206.8999938964844,210.9499969482422,406000
2012-07-30,215.8500061035156,215.8500061035156,216.5500030517578,208.8500061035156,208.8500061035156,341600
2012-07-31,218.3000030517578,218.3000030517578,218.8500061035156,212.1999969482422,216.0500030517578,451600
2012-08-01,220.1499938964844,220.1499938964844,221.3000030517578,217.1499938964844,218.3000030517578,343500
2012-08-02,219.3999938964844,219.3999938964844,221.3500061035156,218.75,219.6499938964844,291400
2012-08-03,217.9499969482422,217.9499969482422,218.8500061035156,214.5,218.8500061035156,312600
2012-08-06,220.8000030517578,220.8000030517578,222.75,218.6000061035156,218.6000061035156,311800
2012-08-07,224.1000061035156,224.1000061035156,225.25,220.9499969482422,221.1000061035156,331400
2012-08-08,219.1000061035156,219.1000061035156,225.1000061035156,218.3000030517578,225.0,374600
2012-08-09,218.3999938964844,218.3999938964844,221.5,217.0,219.75,254200
2012-08-10,217.1499938964844,217.1499938964844,218.8000030517578,215.8000030517578,218.1000061035156,210700
2012-08-13,223.1000061035156,223.1000061035156,223.4499969482422,217.0,217.3500061035156,276000
2012-08-14,221.3000030517578,221.3000030517578,223.3500061035156,219.25,223.1999969482422,327800
2012-08-16,220.8000030517578,220.8000030517578,222.8000030517578,220.3000030517578,221.6000061035156,250200
2012-08-17,216.3500061035156,216.3500061035156,221.5500030517578,215.3500061035156,220.4499969482422,309300
2012-08-21,219.75,219.75,220.0500030517578,216.75,216.75,251900
2012-08-22,217.3500061035156,217.3500061035156,219.6499938964844,216.6000061035156,219.1000061035156,250800
2012-08-23,216.8500061035156,216.8500061035156,218.5,215.3000030517578,217.6499938964844,239900
2012-08-24,211.6000061035156,211.6000061035156,216.3000030517578,211.1000061035156,216.3000030517578,200800
2012-08-27,206.3000030517578,206.3000030517578,212.25,205.6999969482422,211.3500061035156,232500
2012-08-28,205.6000061035156,205.6000061035156,207.1000061035156,203.1999969482422,206.3500061035156,335900
2012-08-29,198.6000061035156,198.6000061035156,206.75,197.8999938964844,206.3500061035156,287100
2012-08-30,201.75,201.75,202.1499938964844,196.6499938964844,198.25,353900
2012-08-31,199.0,199.0,202.9499969482422,197.75,200.5500030517578,331600
2012-09-03,198.1999969482422,198.1999969482422,202.1000061035156,197.5500030517578,199.3500061035156,246800
2012-09-04,201.5500030517578,201.5500030517578,202.0,197.8500061035156,197.8500061035156,302900
2012-09-05,199.1499938964844,199.1499938964844,201.8999938964844,198.1999969482422,200.6499938964844,312300
2012-09-06,198.3000030517578,198.3000030517578,200.8999938964844,197.75,198.6999969482422,255600
2012-09-07,204.3000030517578,204.3000030517578,204.8000030517578,200.25,200.25,313100
2012-09-10,203.3999938964844,203.3999938964844,205.6999969482422,202.3500061035156,205.0500030517578,205800
2012-09-11,205.3000030517578,205.3000030517578,205.5500030517578,201.6999969482422,202.8000030517578,368100
2012-09-12,207.6999969482422,207.6999969482422,208.1999969482422,204.8999938964844,206.0500030517578,286200
2012-09-13,206.6000061035156,206.6000061035156,211.0500030517578,205.8000030517578,207.8500061035156,256400
2012-09-14,216.5,216.5,216.9499969482422,207.8999938964844,207.8999938964844,434400
2012-09-17,230.6999969482422,230.6999969482422,231.5,217.8999938964844,217.8999938964844,839700
2012-09-18,231.1000061035156,231.1000061035156,232.0,229.0500030517578,230.0,574600
2012-09-20,230.9499969482422,230.9499969482422,233.3500061035156,225.25,230.3000030517578,537300
2012-09-21,236.1000061035156,236.1000061035156,239.1999969482422,231.25,231.25,573000
2012-09-24,239.5,239.5,244.25,235.5500030517578,235.5500030517578,503700
2012-09-25,244.6000061035156,244.6000061035156,247.3500061035156,236.1499938964844,239.9499969482422,693300
2012-09-26,244.8999938964844,244.8999938964844,249.5500030517578,241.3999938964844,244.1000061035156,672800
2012-09-27,247.1000061035156,247.1000061035156,248.0,244.8999938964844,245.3000030517578,619800
2012-09-28,245.3999938964844,245.3999938964844,253.0500030517578,244.6999969482422,247.8500061035156,617400
2012-10-01,246.0500030517578,246.0500030517578,247.1999969482422,242.75,246.1000061035156,440700
2012-10-03,246.8999938964844,246.8999938964844,248.1499938964844,244.6000061035156,246.5,453700
2012-10-04,259.29998779296875,259.29998779296875,260.25,247.5500030517578,247.5500030517578,845900
2012-10-05,260.6499938964844,260.6499938964844,263.5,251.4499969482422,260.6499938964844,833300
2012-10-08,250.8000030517578,250.8000030517578,259.5,249.6999969482422,258.70001220703125,610900
2012-10-09,252.25,252.25,253.4499969482422,248.5,249.6999969482422,568900
2012-10-10,240.0500030517578,240.0500030517578,250.3999938964844,239.3500061035156,250.3999938964844,575200
2012-10-11,251.6999969482422,251.6999969482422,252.3999938964844,239.6999969482422,239.6999969482422,1206600
2012-10-12,249.0,249.0,255.1999969482422,248.3000030517578,251.3500061035156,977000
2012-10-15,250.3500061035156,250.3500061035156,252.1499938964844,247.8500061035156,248.6999969482422,705400
2012-10-16,242.25,242.25,253.0500030517578,241.4499969482422,251.0,687000
2012-10-17,240.8999938964844,240.8999938964844,246.5500030517578,239.25,241.6499938964844,792300
2012-10-18,248.1000061035156,248.1000061035156,248.6000061035156,241.1999969482422,242.0500030517578,662200
2012-10-19,245.6499938964844,245.6499938964844,248.8000030517578,243.5,247.1999969482422,504900
2012-10-22,246.6499938964844,246.6499938964844,247.3999938964844,242.6499938964844,244.8000030517578,394400
2012-10-23,245.0500030517578,245.0500030517578,248.5500030517578,244.6000061035156,246.8000030517578,394800
2012-10-25,241.1000061035156,241.1000061035156,246.1499938964844,237.8500061035156,245.25,613300
2012-10-29,236.3500061035156,236.3500061035156,240.3999938964844,234.9499969482422,237.6999969482422,339700
2012-10-30,230.9499969482422,230.9499969482422,238.75,229.1999969482422,236.1999969482422,531300
2012-10-31,234.1499938964844,234.1499938964844,234.6999969482422,228.3000030517578,230.8999938964844,552800
2012-11-01,238.0,238.0,238.5500030517578,232.9499969482422,233.8500061035156,409000
2012-11-02,239.5,239.5,241.9499969482422,238.6000061035156,239.0500030517578,386700
2012-11-05,238.8999938964844,238.8999938964844,240.1999969482422,237.1999969482422,239.3500061035156,247600
2012-11-06,243.9499969482422,243.9499969482422,244.1999969482422,238.0,238.6000061035156,581800
2012-11-07,251.1999969482422,251.1999969482422,252.0500030517578,243.5,243.5,787300
2012-11-08,256.0,256.0,256.6000061035156,246.1499938964844,250.1000061035156,833200
2012-11-09,252.1499938964844,252.1499938964844,259.25,251.1000061035156,256.29998779296875,844100
2012-11-12,254.6000061035156,254.6000061035156,255.5500030517578,250.3000030517578,252.0500030517578,659300
2012-11-15,260.0,260.0,261.0,250.4499969482422,253.1000061035156,822700
2012-11-16,250.4499969482422,250.4499969482422,262.70001220703125,248.3999938964844,259.54998779296875,616000
2012-11-19,250.3999938964844,250.3999938964844,253.5,248.4499969482422,250.5,551600
2012-11-20,242.3999938964844,242.3999938964844,254.0500030517578,241.6499938964844,250.6999969482422,804100
2012-11-21,248.6499938964844,248.6499938964844,249.6499938964844,241.0,242.4499969482422,587700
2012-11-22,249.3000030517578,249.3000030517578,252.4499969482422,246.5,249.0,614000
2012-11-23,247.8999938964844,247.8999938964844,250.1000061035156,246.0500030517578,249.3500061035156,455600
2012-11-26,248.75,248.75,251.0500030517578,246.25,248.1499938964844,498600
2012-11-27,257.6000061035156,257.6000061035156,259.75,249.3000030517578,249.3000030517578,988100
2012-11-29,266.8999938964844,266.8999938964844,267.75,257.8999938964844,257.8999938964844,1230100
2012-11-30,266.54998779296875,266.54998779296875,270.1000061035156,264.95001220703125,267.5,977200
2012-12-03,270.3999938964844,270.3999938964844,271.79998779296875,266.04998779296875,267.5,737400
2012-12-04,272.70001220703125,272.70001220703125,274.70001220703125,268.8999938964844,270.1000061035156,761800
2012-12-05,279.95001220703125,279.95001220703125,282.1000061035156,273.5,273.5,833000
2012-12-06,285.5,285.5,285.75,277.1000061035156,281.0,1008500
2012-12-07,280.6499938964844,280.6499938964844,287.25,278.75,285.8500061035156,759600
2012-12-10,283.8500061035156,283.8500061035156,285.75,280.29998779296875,281.3500061035156,661300
2012-12-11,277.8500061035156,277.8500061035156,286.95001220703125,274.3999938964844,284.25,757800
2012-12-12,278.1499938964844,278.1499938964844,281.29998779296875,276.0,278.6000061035156,749700
2012-12-13,272.25,272.25,281.3500061035156,271.6499938964844,278.5,561100
2012-12-14,274.75,274.75,277.1000061035156,272.54998779296875,272.70001220703125,729300
2012-12-17,276.3500061035156,276.3500061035156,278.5,274.8999938964844,275.0,512200
2012-12-18,282.95001220703125,282.95001220703125,283.5,272.3500061035156,276.25,992300
2012-12-19,284.5,284.5,288.29998779296875,282.8500061035156,283.70001220703125,699300
2012-12-20,283.70001220703125,283.70001220703125,285.3999938964844,278.8999938964844,284.04998779296875,722200
2012-12-21,273.54998779296875,273.54998779296875,282.8500061035156,272.54998779296875,282.8500061035156,631800
2012-12-24,275.45001220703125,275.45001220703125,276.6499938964844,273.8999938964844,274.1499938964844,389900
2012-12-26,279.70001220703125,279.70001220703125,281.29998779296875,275.8500061035156,275.8500061035156,469500
2012-12-27,278.6000061035156,278.6000061035156,282.04998779296875,278.1499938964844,280.0,519000
2012-12-28,278.3500061035156,278.3500061035156,281.3999938964844,276.95001220703125,279.3500061035156,385300
2012-12-31,281.29998779296875,281.29998779296875,283.04998779296875,278.04998779296875,278.45001220703125,421600
2013-01-01,289.45001220703125,289.45001220703125,289.8999938964844,282.54998779296875,282.54998779296875,497300
2013-01-02,288.8999938964844,288.8999938964844,293.75,288.3999938964844,290.20001220703125,579700
2013-01-03,292.70001220703125,292.70001220703125,293.45001220703125,287.6499938964844,289.54998779296875,479000
2013-01-04,293.3999938964844,293.3999938964844,293.95001220703125,288.79998779296875,291.0,572800
2013-01-07,291.5,291.5,295.20001220703125,289.8999938964844,292.8999938964844,522700
2013-01-08,295.54998779296875,295.54998779296875,296.0,287.6000061035156,291.20001220703125,815100
2013-01-09,292.6000061035156,292.6000061035156,300.04998779296875,291.54998779296875,295.5,862000
2013-01-10,293.25,293.25,295.45001220703125,289.3500061035156,293.29998779296875,778600
2013-01-11,287.1000061035156,287.1000061035156,294.54998779296875,285.8500061035156,293.3999938964844,732800
2013-01-14,301.6000061035156,301.6000061035156,302.70001220703125,285.3500061035156,287.54998779296875,845300
2013-01-15,305.1499938964844,305.1499938964844,307.6000061035156,301.79998779296875,302.45001220703125,787700
2013-01-16,300.29998779296875,300.29998779296875,306.6499938964844,299.45001220703125,304.8999938964844,967900
2013-01-17,306.45001220703125,306.45001220703125,308.8500061035156,299.8999938964844,300.75,667800
2013-01-18,310.1499938964844,310.1499938964844,312.29998779296875,305.75,306.95001220703125,625100
2013-01-21,305.3500061035156,305.3500061035156,311.79998779296875,304.79998779296875,309.1000061035156,491500
2013-01-22,299.0,299.0,307.8999938964844,298.0,305.54998779296875,623000
2013-01-23,290.8500061035156,290.8500061035156,303.04998779296875,285.20001220703125,299.70001220703125,1522200
2013-01-24,276.1000061035156,276.1000061035156,292.04998779296875,274.54998779296875,291.20001220703125,2557500
2013-01-25,289.54998779296875,289.54998779296875,290.20001220703125,271.8500061035156,274.6000061035156,1671300
2013-01-28,294.20001220703125,294.20001220703125,295.79998779296875,290.0,290.45001220703125,915700
2013-01-29,287.0,287.0,299.8500061035156,286.1499938964844,294.29998779296875,1413500
2013-01-30,290.70001220703125,290.70001220703125,293.29998779296875,287.6499938964844,287.6499938964844,826300
2013-01-31,294.79998779296875,294.79998779296875,296.0,290.20001220703125,290.8500061035156,831100
2013-02-01,291.3500061035156,291.3500061035156,295.79998779296875,288.5,294.6000061035156,681300
2013-02-04,289.79998779296875,289.79998779296875,297.70001220703125,288.8500061035156,291.79998779296875,559700
2013-02-05,288.6499938964844,288.6499938964844,290.70001220703125,283.79998779296875,288.8999938964844,573100
2013-02-06,291.04998779296875,291.04998779296875,293.8500061035156,287.8500061035156,289.5,543300
2013-02-07,286.3999938964844,286.3999938964844,292.3999938964844,284.25,290.29998779296875,581300
2013-02-08,282.95001220703125,282.95001220703125,288.75,281.79998779296875,286.70001220703125,427700
2013-02-11,284.6499938964844,284.6499938964844,286.8500061035156,282.3999938964844,283.1000061035156,414900
2013-02-12,270.0,270.0,284.04998779296875,263.8500061035156,284.04998779296875,2150300
2013-02-13,264.6000061035156,264.6000061035156,275.6499938964844,263.1000061035156,270.20001220703125,1361200
2013-02-14,262.1499938964844,262.1499938964844,266.6499938964844,259.70001220703125,265.1000061035156,1024900
2013-02-15,262.3999938964844,262.3999938964844,263.6499938964844,256.04998779296875,258.54998779296875,609700
2013-02-18,267.70001220703125,267.70001220703125,269.5,263.3500061035156,263.3500061035156,501300
2013-02-19,273.3500061035156,273.3500061035156,274.04998779296875,267.54998779296875,268.5,556300
2013-02-20,275.20001220703125,275.20001220703125,279.5,274.1499938964844,274.1499938964844,1210600
2013-02-21,268.1499938964844,268.1499938964844,274.04998779296875,267.0,273.54998779296875,731300
2013-02-22,272.20001220703125,272.20001220703125,274.6000061035156,268.1000061035156,268.1000061035156,534800
2013-02-25,264.04998779296875,264.04998779296875,274.20001220703125,262.8500061035156,272.79998779296875,581800
2013-02-26,258.5,258.5,264.29998779296875,257.1000061035156,263.95001220703125,605500
2013-02-27,264.75,264.75,265.8999938964844,256.8999938964844,260.1000061035156,663300
2013-02-28,257.1499938964844,257.1499938964844,272.29998779296875,255.6499938964844,265.79998779296875,885900
2013-03-01,246.8000030517578,246.8000030517578,258.8500061035156,245.75,255.8000030517578,715900
2013-03-04,240.6999969482422,240.6999969482422,246.8000030517578,239.3500061035156,246.6999969482422,568600
2013-03-05,248.3999938964844,248.3999938964844,248.8000030517578,241.6499938964844,241.6499938964844,600100
2013-03-06,260.20001220703125,260.20001220703125,262.5,249.1499938964844,249.1499938964844,1070800
2013-03-07,265.04998779296875,265.04998779296875,265.79998779296875,258.1000061035156,260.1499938964844,643600
2013-03-08,266.54998779296875,266.54998779296875,270.54998779296875,264.5,265.6000061035156,830100
2013-03-11,270.3500061035156,270.3500061035156,271.6499938964844,266.45001220703125,266.8999938964844,544700
2013-03-12,266.20001220703125,266.20001220703125,274.45001220703125,264.20001220703125,270.79998779296875,634400
2013-03-13,264.6499938964844,264.6499938964844,267.79998779296875,262.79998779296875,265.1499938964844,644800
2013-03-14,270.04998779296875,270.04998779296875,270.75,261.6000061035156,264.3999938964844,716500
2013-03-15,261.79998779296875,261.79998779296875,272.0,261.45001220703125,270.25,720500
2013-03-18,257.3500061035156,257.3500061035156,260.79998779296875,256.5,260.79998779296875,492000
2013-03-19,247.9499969482422,247.9499969482422,260.6499938964844,247.0,258.20001220703125,721500
2013-03-20,235.25,235.25,251.5500030517578,234.1499938964844,247.8999938964844,1695500
2013-03-21,227.5500030517578,227.5500030517578,237.8500061035156,226.75,235.6499938964844,1005100
2013-03-22,224.0500030517578,224.0500030517578,227.6000061035156,221.6499938964844,226.8000030517578,740100
2013-03-25,226.1499938964844,226.1499938964844,233.1999969482422,224.8500061035156,226.25,693100
2013-03-26,221.0500030517578,221.0500030517578,225.6999969482422,219.0,225.6999969482422,593000
2013-03-28,223.9499969482422,223.9499969482422,225.75,216.8500061035156,220.5,718200
2013-04-01,236.0500030517578,236.0500030517578,236.8999938964844,224.0500030517578,224.4499969482422,785700
2013-04-02,237.9499969482422,237.9499969482422,239.6499938964844,232.8000030517578,236.0500030517578,697900
2013-04-03,231.1499938964844,231.1499938964844,241.0500030517578,230.0500030517578,236.75,772400
2013-04-04,223.1499938964844,223.1499938964844,230.3500061035156,222.1999969482422,230.3500061035156,665400
2013-04-05,222.3000030517578,222.3000030517578,227.8000030517578,220.9499969482422,223.9499969482422,504700
2013-04-08,222.1499938964844,222.1499938964844,224.8999938964844,221.25,223.1499938964844,410100
2013-04-09,219.3500061035156,219.3500061035156,225.6999969482422,218.5,223.4499969482422,540500
2013-04-10,222.1000061035156,222.1000061035156,222.3500061035156,216.5500030517578,220.6999969482422,675100
2013-04-11,227.6000061035156,227.6000061035156,228.0500030517578,222.5,224.1499938964844,610200
2013-04-12,227.3999938964844,227.3999938964844,229.1000061035156,224.25,225.3999938964844,443700
2013-04-15,227.5500030517578,227.5500030517578,231.1499938964844,225.1499938964844,225.1499938964844,520000
2013-04-16,233.3000030517578,233.3000030517578,233.9499969482422,226.8999938964844,227.3999938964844,707600
2013-04-17,234.75,234.75,240.9499969482422,234.1000061035156,234.6499938964844,1084000
2013-04-18,239.4499969482422,239.4499969482422,240.0500030517578,234.8999938964844,235.0,647500
2013-04-22,248.1999969482422,248.1999969482422,250.0,238.1499938964844,240.1499938964844,1138200
2013-04-23,246.8999938964844,246.8999938964844,249.1999969482422,243.1999969482422,247.4499969482422,884600
2013-04-25,245.8000030517578,245.8000030517578,249.1999969482422,244.3500061035156,249.0,765200
2013-04-26,240.1999969482422,240.1999969482422,248.5,239.5,245.9499969482422,750800
2013-04-29,244.4499969482422,244.4499969482422,245.9499969482422,239.6999969482422,240.8500061035156,469400
2013-04-30,241.25,241.25,247.1999969482422,238.0,245.9499969482422,676700
2013-05-02,244.4499969482422,244.4499969482422,246.4499969482422,240.3500061035156,240.3999938964844,671700
2013-05-03,241.3999938964844,241.3999938964844,245.6000061035156,238.1999969482422,244.25,955900
2013-05-06,241.6999969482422,241.6999969482422,243.0,239.3500061035156,241.3000030517578,524200
2013-05-07,245.6499938964844,245.6499938964844,246.1999969482422,241.6499938964844,241.6499938964844,568700
2013-05-08,246.1499938964844,246.1499938964844,248.6499938964844,243.6499938964844,247.3000030517578,645600
2013-05-09,243.5,243.5,248.8999938964844,242.8000030517578,246.6999969482422,686900
2013-05-10,244.25,244.25,245.1499938964844,241.8500061035156,243.5,482800
2013-05-13,240.0500030517578,240.0500030517578,245.8999938964844,239.1999969482422,243.6000061035156,529400
2013-05-14,238.8999938964844,238.8999938964844,243.3999938964844,238.1499938964844,240.4499969482422,483800
2013-05-15,249.3000030517578,249.3000030517578,250.1000061035156,240.8000030517578,240.8000030517578,770400
2013-05-16,253.8999938964844,253.8999938964844,257.25,249.75,250.6499938964844,978500
2013-05-17,259.04998779296875,259.04998779296875,259.79998779296875,254.1000061035156,255.1499938964844,945800
2013-05-20,257.3500061035156,257.3500061035156,263.5,256.1499938964844,260.5,687400
2013-05-21,251.3000030517578,251.3000030517578,259.5,250.0500030517578,258.29998779296875,667900
2013-05-22,242.1999969482422,242.1999969482422,253.0500030517578,240.9499969482422,252.6499938964844,632100
2013-05-23,227.3999938964844,227.3999938964844,240.6499938964844,225.1000061035156,240.6499938964844,1056000
2013-05-24,228.8500061035156,228.8500061035156,231.8500061035156,223.8500061035156,229.4499969482422,866000
2013-05-27,233.1000061035156,233.1000061035156,233.6499938964844,228.8999938964844,230.3000030517578,555100
2013-05-28,233.8500061035156,233.8500061035156,236.3000030517578,232.6999969482422,233.75,643300
2013-05-29,227.6999969482422,227.6999969482422,234.3000030517578,225.8500061035156,233.8999938964844,921000
2013-05-30,221.75,221.75,226.6999969482422,219.25,226.6999969482422,1130800
2013-05-31,213.75,213.75,222.0500030517578,212.8500061035156,221.8500061035156,1057400
2013-06-03,214.6000061035156,214.6000061035156,216.0,211.4499969482422,212.6999969482422,719500
2013-06-04,212.5500030517578,212.5500030517578,218.25,211.8999938964844,214.4499969482422,601900
2013-06-05,215.8999938964844,215.8999938964844,216.3999938964844,209.8999938964844,211.0,703600
2013-06-06,216.8999938964844,216.8999938964844,218.8500061035156,213.1999969482422,213.3500061035156,689300
2013-06-07,213.8999938964844,213.8999938964844,219.8000030517578,213.6499938964844,215.75,569900
2013-06-10,210.6499938964844,210.6499938964844,217.6499938964844,209.1999969482422,216.6000061035156,550900
2013-06-11,202.6499938964844,202.6499938964844,209.5,201.4499969482422,209.1499938964844,572500
2013-06-12,202.8000030517578,202.8000030517578,205.3000030517578,201.25,203.8500061035156,534100
2013-06-13,198.1499938964844,198.1499938964844,202.5,197.6000061035156,200.8000030517578,507000
2013-06-14,202.8500061035156,202.8500061035156,203.75,200.8999938964844,200.8999938964844,411500
2013-06-17,202.8500061035156,202.8500061035156,204.5500030517578,198.0,204.5500030517578,548000
2013-06-18,202.3999938964844,202.3999938964844,205.9499969482422,201.4499969482422,203.1000061035156,531600
2013-06-19,204.6000061035156,204.6000061035156,204.9499969482422,200.9499969482422,201.6499938964844,374400
2013-06-20,193.6499938964844,193.6499938964844,200.8000030517578,193.1000061035156,200.5500030517578,608600
2013-06-21,191.1999969482422,191.1999969482422,195.75,187.5,192.3000030517578,618100
2013-06-24,182.25,182.25,190.1999969482422,181.1000061035156,190.1999969482422,510200
2013-06-25,183.0500030517578,183.0500030517578,185.9499969482422,181.4499969482422,183.8000030517578,632700
2013-06-26,182.1999969482422,182.1999969482422,185.6499938964844,181.8000030517578,184.75,509900
2013-06-27,185.6000061035156,185.6000061035156,186.6999969482422,183.1000061035156,185.4499969482422,570300
2013-06-28,192.25,192.25,193.5500030517578,188.5500030517578,188.5500030517578,415400
2013-07-01,202.8500061035156,202.8500061035156,203.3000030517578,191.25,191.25,798900
2013-07-02,198.6000061035156,198.6000061035156,204.1000061035156,197.8000030517578,202.5500030517578,554100
2013-07-03,188.8000030517578,188.8000030517578,195.6499938964844,188.0500030517578,195.6499938964844,762300
2013-07-04,191.1499938964844,191.1499938964844,195.1000061035156,185.9499969482422,190.6000061035156,889200
2013-07-05,191.8000030517578,191.8000030517578,195.8500061035156,189.9499969482422,193.8999938964844,484000
2013-07-08,187.9499969482422,187.9499969482422,189.9499969482422,185.6499938964844,188.4499969482422,566400
2013-07-09,191.5500030517578,191.5500030517578,192.0,187.75,189.8999938964844,761600
2013-07-10,189.0500030517578,189.0500030517578,193.3999938964844,188.6999969482422,193.1499938964844,529100
2013-07-11,194.3000030517578,194.3000030517578,195.1000061035156,191.8000030517578,191.8000030517578,524800
2013-07-12,193.25,193.25,196.0500030517578,191.1999969482422,195.1000061035156,439900
2013-07-15,197.5,197.5,198.3000030517578,191.8999938964844,192.6999969482422,789000
2013-07-16,185.1999969482422,185.1999969482422,192.1999969482422,184.8000030517578,192.1999969482422,716300
2013-07-17,184.6499938964844,184.6499938964844,187.8000030517578,182.5500030517578,185.1000061035156,786300
2013-07-18,190.1499938964844,190.1499938964844,190.6499938964844,185.5,186.3000030517578,513600
2013-07-19,186.5,186.5,190.8500061035156,185.8000030517578,190.75,478300
2013-07-22,185.3500061035156,185.3500061035156,188.3999938964844,184.8500061035156,186.1499938964844,465200
2013-07-23,187.9499969482422,187.9499969482422,190.1499938964844,186.75,187.3500061035156,612100
2013-07-24,185.5,185.5,186.0,180.6999969482422,185.5500030517578,629000
2013-07-25,184.6000061035156,184.6000061035156,186.3000030517578,183.3500061035156,184.1000061035156,736900
2013-07-26,182.1000061035156,182.1000061035156,187.6499938964844,179.89999389648438,185.9499969482422,494700
2013-07-29,178.0,178.0,181.3000030517578,177.4499969482422,180.0,332500
2013-07-30,171.85000610351562,171.85000610351562,178.25,170.8000030517578,177.39999389648438,556600
2013-07-31,167.5500030517578,167.5500030517578,169.85000610351562,163.1999969482422,169.35000610351562,476000
2013-08-01,160.25,160.25,170.9499969482422,158.75,168.75,710000
2013-08-02,153.75,153.75,162.64999389648438,152.6999969482422,160.1999969482422,659800
2013-08-05,154.0,154.0,154.9499969482422,149.60000610351562,153.8000030517578,493000
2013-08-06,146.89999389648438,146.89999389648438,152.75,145.9499969482422,152.0500030517578,675100
2013-08-07,155.10000610351562,155.10000610351562,156.4499969482422,146.14999389648438,146.14999389648438,919200
2013-08-08,158.60000610351562,158.60000610351562,159.85000610351562,155.35000610351562,155.35000610351562,550900
2013-08-12,159.8000030517578,159.8000030517578,161.75,157.64999389648438,158.75,400500
2013-08-13,167.85000610351562,167.85000610351562,169.10000610351562,160.89999389648438,162.4499969482422,466000
2013-08-14,172.6999969482422,172.6999969482422,173.39999389648438,168.4499969482422,168.75,518100
2013-08-16,161.1999969482422,161.1999969482422,170.6999969482422,160.10000610351562,170.6999969482422,486700
2013-08-19,161.5500030517578,161.5500030517578,162.60000610351562,157.10000610351562,160.4499969482422,412300
2013-08-20,165.9499969482422,165.9499969482422,167.75,156.64999389648438,157.4499969482422,493600
2013-08-21,159.5,159.5,171.3000030517578,156.89999389648438,168.1999969482422,525300
2013-08-22,158.64999389648438,158.64999389648438,159.4499969482422,153.10000610351562,157.4499969482422,547100
2013-08-23,155.4499969482422,155.4499969482422,161.5,154.0500030517578,158.8000030517578,464100
2013-08-26,157.75,157.75,159.64999389648438,155.3000030517578,156.6999969482422,414500
2013-08-27,151.0,151.0,155.89999389648438,150.64999389648438,155.89999389648438,387000
2013-08-28,149.14999389648438,149.14999389648438,150.25,142.85000610351562,147.9499969482422,470200
2013-08-29,149.75,149.75,151.3000030517578,146.4499969482422,150.1999969482422,657100
2013-08-30,149.5500030517578,149.5500030517578,153.39999389648438,146.8000030517578,150.35000610351562,504500
2013-09-02,154.75,154.75,155.89999389648438,149.6999969482422,149.6999969482422,432400
2013-09-03,147.1999969482422,147.1999969482422,156.5,146.5,155.39999389648438,518200
2013-09-04,146.6999969482422,146.6999969482422,148.35000610351562,142.9499969482422,144.64999389648438,495100
2013-09-05,155.35000610351562,155.35000610351562,156.0,149.8000030517578,149.8000030517578,556600
2013-09-06,155.1999969482422,155.1999969482422,157.75,152.64999389648438,156.25,464800
2013-09-10,159.4499969482422,159.4499969482422,160.6999969482422,157.39999389648438,158.89999389648438,382500
2013-09-11,164.3000030517578,164.3000030517578,164.8000030517578,157.9499969482422,158.89999389648438,609900
2013-09-12,165.14999389648438,165.14999389648438,170.60000610351562,163.75,165.14999389648438,636800
2013-09-13,169.8000030517578,169.8000030517578,170.35000610351562,163.39999389648438,164.25,459900
2013-09-16,165.85000610351562,165.85000610351562,174.0,162.10000610351562,172.4499969482422,568600
2013-09-17,164.75,164.75,166.10000610351562,163.35000610351562,165.4499969482422,246500
2013-09-18,168.1999969482422,168.1999969482422,169.10000610351562,165.4499969482422,165.75,303400
2013-09-19,178.0500030517578,178.0500030517578,178.75,174.14999389648438,174.14999389648438,625100
2013-09-20,164.75,164.75,177.9499969482422,164.1999969482422,177.85000610351562,604900
2013-09-23,157.35000610351562,157.35000610351562,163.14999389648438,156.64999389648438,162.14999389648438,426900
2013-09-24,157.0,157.0,160.64999389648438,155.9499969482422,157.0,386800
2013-09-25,156.60000610351562,156.60000610351562,159.1999969482422,154.25,158.0500030517578,455100
2013-09-26,155.5,155.5,156.3000030517578,154.14999389648438,156.3000030517578,405500
2013-09-27,153.4499969482422,153.4499969482422,156.85000610351562,153.0,156.35000610351562,388400
2013-09-30,149.64999389648438,149.64999389648438,152.4499969482422,148.5,152.1999969482422,314900
2013-10-01,154.0,154.0,154.25,148.75,149.64999389648438,443200
2013-10-03,157.1999969482422,157.1999969482422,157.89999389648438,153.6999969482422,154.85000610351562,460600
2013-10-04,159.75,159.75,162.3000030517578,155.9499969482422,156.10000610351562,542700
2013-10-07,159.14999389648438,159.14999389648438,159.5,157.60000610351562,159.35000610351562,249800
2013-10-08,161.10000610351562,161.10000610351562,163.4499969482422,160.14999389648438,161.4499969482422,388400
2013-10-09,168.5500030517578,168.5500030517578,169.4499969482422,160.10000610351562,160.64999389648438,654800
2013-10-10,169.4499969482422,169.4499969482422,171.4499969482422,168.60000610351562,168.85000610351562,434400
2013-10-11,174.25,174.25,176.0500030517578,171.0500030517578,172.10000610351562,815900
2013-10-14,173.85000610351562,173.85000610351562,176.25,172.85000610351562,174.60000610351562,416200
2013-10-15,171.10000610351562,171.10000610351562,178.0500030517578,170.5500030517578,175.64999389648438,552800
2013-10-17,169.14999389648438,169.14999389648438,173.4499969482422,168.64999389648438,171.9499969482422,407600
2013-10-18,174.3000030517578,174.3000030517578,175.0,170.5,170.5,442000
2013-10-21,179.6999969482422,179.6999969482422,180.5500030517578,176.75,176.8000030517578,659900
2013-10-22,178.5,178.5,180.5500030517578,178.10000610351562,179.0,420200
2013-10-23,176.14999389648438,176.14999389648438,180.5,173.1999969482422,179.35000610351562,421500
2013-10-24,174.0500030517578,174.0500030517578,180.10000610351562,173.39999389648438,176.14999389648438,552600
2013-10-25,170.0,170.0,174.3000030517578,169.1999969482422,174.1999969482422,347400
2013-10-28,165.9499969482422,165.9499969482422,171.8000030517578,165.39999389648438,171.0500030517578,453500
2013-10-29,170.4499969482422,170.4499969482422,171.3000030517578,163.5,166.10000610351562,483800
2013-10-30,171.0,171.0,173.9499969482422,170.35000610351562,171.89999389648438,318000
2013-10-31,172.10000610351562,172.10000610351562,172.64999389648438,168.3000030517578,169.3000030517578,515200
2013-11-01,176.89999389648438,176.89999389648438,178.5,172.25,172.25,831600
2013-11-05,178.25,178.25,180.9499969482422,175.9499969482422,176.1999969482422,576400
2013-11-06,174.85000610351562,174.85000610351562,181.1000061035156,174.35000610351562,178.9499969482422,514800
2013-11-07,170.10000610351562,170.10000610351562,177.6999969482422,169.4499969482422,175.39999389648438,591600
2013-11-08,172.64999389648438,172.64999389648438,173.9499969482422,168.60000610351562,170.25,473600
2013-11-11,167.35000610351562,167.35000610351562,172.10000610351562,166.75,172.10000610351562,437500
2013-11-12,165.25,165.25,171.25,164.64999389648438,167.64999389648438,504900
2013-11-13,163.10000610351562,163.10000610351562,166.35000610351562,162.14999389648438,164.0500030517578,396700
2013-11-14,167.14999389648438,167.14999389648438,167.8000030517578,164.89999389648438,164.89999389648438,371100
2013-11-18,171.6999969482422,171.6999969482422,172.0500030517578,168.89999389648438,169.64999389648438,398800
2013-11-19,174.25,174.25,175.35000610351562,171.5500030517578,171.5500030517578,619800
2013-11-20,173.64999389648438,173.64999389648438,178.25,172.39999389648438,173.85000610351562,688000
2013-11-21,169.5,169.5,172.9499969482422,168.89999389648438,172.9499969482422,545500
2013-11-22,168.14999389648438,168.14999389648438,171.75,167.60000610351562,170.4499969482422,599700
2013-11-25,172.39999389648438,172.39999389648438,172.8000030517578,170.1999969482422,170.6999969482422,451500
2013-11-26,170.64999389648438,170.64999389648438,174.0,169.85000610351562,172.0500030517578,1682700
2013-11-27,169.6999969482422,169.6999969482422,172.25,168.35000610351562,171.0500030517578,705300
2013-11-28,171.6999969482422,171.6999969482422,173.64999389648438,170.85000610351562,172.10000610351562,870100
2013-11-29,174.25,174.25,175.1999969482422,171.60000610351562,172.10000610351562,664600
2013-12-02,175.25,175.25,176.9499969482422,174.14999389648438,174.89999389648438,543500
2013-12-03,177.3000030517578,177.3000030517578,178.3000030517578,174.0,175.14999389648438,772500
2013-12-04,172.39999389648438,172.39999389648438,178.60000610351562,171.85000610351562,177.75,1462900
2013-12-05,174.89999389648438,174.89999389648438,176.89999389648438,173.9499969482422,176.3000030517578,772900
2013-12-06,175.35000610351562,175.35000610351562,176.0500030517578,174.25,175.64999389648438,436400
2013-12-09,180.25,180.25,180.8500061035156,176.5,179.4499969482422,639900
2013-12-10,178.0,178.0,181.1999969482422,176.64999389648438,180.6499938964844,597300
2013-12-11,176.85000610351562,176.85000610351562,177.39999389648438,175.39999389648438,177.39999389648438,438600
2013-12-12,176.0,176.0,178.0,175.3000030517578,176.1999969482422,464700
2013-12-13,172.5,172.5,175.3000030517578,172.1999969482422,174.8000030517578,409000
2013-12-16,172.25,172.25,173.5,171.39999389648438,172.1999969482422,408500
2013-12-17,171.25,171.25,174.4499969482422,170.8000030517578,173.39999389648438,395700
2013-12-18,177.0500030517578,177.0500030517578,177.64999389648438,171.10000610351562,171.10000610351562,651300
2013-12-19,175.85000610351562,175.85000610351562,179.3000030517578,173.9499969482422,178.75,559500
2013-12-20,180.8500061035156,180.8500061035156,181.25,175.14999389648438,175.14999389648438,857200
2013-12-23,186.8999938964844,186.8999938964844,188.4499969482422,181.8000030517578,181.8000030517578,916600
2013-12-24,186.9499969482422,186.9499969482422,188.3500061035156,185.6999969482422,187.9499969482422,526300
2013-12-26,186.3999938964844,186.3999938964844,188.1499938964844,185.75,186.6999969482422,772500
2013-12-27,187.25,187.25,189.8500061035156,186.6499938964844,187.5,458300
2013-12-30,184.1499938964844,184.1499938964844,188.75,183.8500061035156,188.4499969482422,379400
2013-12-31,184.6000061035156,184.6000061035156,185.5,183.25,185.4499969482422,484700
2014-01-01,189.1499938964844,189.1499938964844,189.4499969482422,184.6999969482422,185.25,675700
2014-01-02,183.75,183.75,191.5500030517578,183.3999938964844,189.6499938964844,818100
2014-01-03,185.5500030517578,185.5500030517578,185.9499969482422,182.25,183.0500030517578,465300
2014-01-06,184.1499938964844,184.1499938964844,185.5,183.25,185.3999938964844,340900
2014-01-07,180.9499969482422,180.9499969482422,185.9499969482422,180.3000030517578,184.3000030517578,548200
2014-01-08,179.85000610351562,179.85000610351562,182.8000030517578,179.39999389648438,181.3500061035156,432400
2014-01-09,175.25,175.25,180.9499969482422,174.60000610351562,179.89999389648438,409300
2014-01-10,172.39999389648438,172.39999389648438,177.0500030517578,171.85000610351562,175.85000610351562,487100
2014-01-13,173.75,173.75,174.89999389648438,171.39999389648438,173.1999969482422,528800
2014-01-14,171.10000610351562,171.10000610351562,173.89999389648438,170.5,173.35000610351562,507500
2014-01-15,173.3000030517578,173.3000030517578,173.5500030517578,171.0500030517578,171.60000610351562,746700
2014-01-16,174.1999969482422,174.1999969482422,175.0,172.14999389648438,174.0,491900
2014-01-17,169.6999969482422,169.6999969482422,175.5,169.3000030517578,174.35000610351562,481400
2014-01-20,170.9499969482422,170.9499969482422,171.25,168.39999389648438,169.25,433600
2014-01-21,171.9499969482422,171.9499969482422,172.6999969482422,170.64999389648438,171.64999389648438,393100
2014-01-22,173.1999969482422,173.1999969482422,173.75,171.25,172.25,306900
2014-01-23,172.8000030517578,172.8000030517578,173.3000030517578,171.89999389648438,172.89999389648438,296400
2014-01-24,167.35000610351562,167.35000610351562,171.9499969482422,166.9499969482422,171.9499969482422,310200
2014-01-27,154.89999389648438,154.89999389648438,164.75,154.3000030517578,164.75,684600
2014-01-28,156.9499969482422,156.9499969482422,159.3000030517578,154.1999969482422,154.89999389648438,732400
2014-01-29,155.89999389648438,155.89999389648438,159.8000030517578,155.14999389648438,158.5500030517578,591100
2014-01-30,151.5,151.5,153.5,149.85000610351562,153.0500030517578,866000
2014-01-31,154.5500030517578,154.5500030517578,155.8000030517578,153.35000610351562,154.39999389648438,620100
2014-02-03,151.3000030517578,151.3000030517578,154.35000610351562,150.89999389648438,154.35000610351562,433100
2014-02-04,152.35000610351562,152.35000610351562,153.14999389648438,147.8000030517578,149.0500030517578,587800
2014-02-05,155.0,155.0,155.6999969482422,151.89999389648438,151.89999389648438,505000
2014-02-06,152.25,152.25,155.8000030517578,151.39999389648438,155.1999969482422,468100
2014-02-07,153.6999969482422,153.6999969482422,155.10000610351562,153.0,153.9499969482422,402300
2014-02-10,155.6999969482422,155.6999969482422,157.85000610351562,155.3000030517578,156.1999969482422,394800
2014-02-11,154.4499969482422,154.4499969482422,155.8000030517578,154.0,154.9499969482422,241000
2014-02-12,153.64999389648438,153.64999389648438,156.1999969482422,152.5500030517578,155.10000610351562,419000
2014-02-13,154.5500030517578,154.5500030517578,155.64999389648438,153.14999389648438,153.35000610351562,545500
2014-02-14,154.64999389648438,154.64999389648438,155.1999969482422,152.64999389648438,154.1999969482422,498400
2014-02-17,152.85000610351562,152.85000610351562,157.75,152.39999389648438,154.5500030517578,353100
2014-02-18,154.1999969482422,154.1999969482422,155.0,151.8000030517578,152.60000610351562,365000
2014-02-19,154.9499969482422,154.9499969482422,155.4499969482422,153.4499969482422,153.6999969482422,265900
2014-02-20,154.64999389648438,154.64999389648438,157.25,153.75,154.0500030517578,486300
2014-02-21,154.39999389648438,154.39999389648438,155.60000610351562,153.4499969482422,154.85000610351562,280500
2014-02-24,154.35000610351562,154.35000610351562,155.4499969482422,153.89999389648438,154.39999389648438,276300
2014-02-25,154.60000610351562,154.60000610351562,155.64999389648438,154.10000610351562,154.64999389648438,349000
2014-02-26,154.0,154.0,155.10000610351562,152.89999389648438,154.4499969482422,530400
2014-02-28,154.0500030517578,154.0500030517578,155.14999389648438,152.89999389648438,154.89999389648438,462600
2014-03-03,153.6999969482422,153.6999969482422,156.0,152.85000610351562,153.89999389648438,428600
2014-03-04,155.39999389648438,155.39999389648438,155.75,152.3000030517578,152.75,443500
2014-03-05,158.75,158.75,159.25,155.25,157.1999969482422,490400
2014-03-06,165.5,165.5,165.6999969482422,159.35000610351562,159.35000610351562,715900
2014-03-07,174.8000030517578,174.8000030517578,175.8000030517578,166.0500030517578,166.64999389648438,1192800
2014-03-10,179.39999389648438,179.39999389648438,180.8999938964844,173.14999389648438,173.75,603300
2014-03-11,183.5500030517578,183.5500030517578,188.5,178.14999389648438,179.75,948800
2014-03-12,183.6000061035156,183.6000061035156,185.6999969482422,182.0,183.9499969482422,778200
2014-03-13,176.8000030517578,176.8000030517578,185.6999969482422,175.8000030517578,184.0500030517578,536500
2014-03-14,178.5500030517578,178.5500030517578,179.10000610351562,171.8000030517578,174.9499969482422,656300
2014-03-18,177.4499969482422,177.4499969482422,181.8000030517578,176.0,179.9499969482422,587300
2014-03-19,176.8000030517578,176.8000030517578,179.8000030517578,176.0500030517578,178.0500030517578,494000
2014-03-20,172.14999389648438,172.14999389648438,176.64999389648438,171.85000610351562,176.25,576800
2014-03-21,175.9499969482422,175.9499969482422,176.64999389648438,173.0,173.0,697400
2014-03-24,176.9499969482422,176.9499969482422,178.39999389648438,175.8000030517578,175.8000030517578,556300
2014-03-25,179.35000610351562,179.35000610351562,179.8000030517578,176.39999389648438,176.9499969482422,447300
2014-03-26,179.1999969482422,179.1999969482422,183.8500061035156,178.39999389648438,180.5,610700
2014-03-27,181.3000030517578,181.3000030517578,182.5,179.14999389648438,179.8000030517578,734200
2014-03-28,183.8000030517578,183.8000030517578,184.5,182.3500061035156,183.1000061035156,698200
2014-03-31,189.0500030517578,189.0500030517578,189.8999938964844,184.5500030517578,185.0500030517578,1285000
2014-04-01,187.3500061035156,187.3500061035156,190.0,185.3500061035156,189.5500030517578,1060100
2014-04-02,191.6000061035156,191.6000061035156,192.0,187.8500061035156,188.4499969482422,858100
2014-04-03,191.1000061035156,191.1000061035156,194.4499969482422,189.3500061035156,192.5500030517578,1317400
2014-04-04,196.8999938964844,196.8999938964844,197.6499938964844,190.1999969482422,190.6000061035156,1625100
2014-04-07,193.5,193.5,199.3999938964844,191.1999969482422,196.9499969482422,1839700
2014-04-09,197.8500061035156,197.8500061035156,198.1999969482422,194.5500030517578,194.6499938964844,897000
2014-04-10,200.8500061035156,200.8500061035156,204.8000030517578,198.25,198.8000030517578,1509100
2014-04-11,201.1000061035156,201.1000061035156,203.4499969482422,197.75,199.3999938964844,1318100
2014-04-15,195.0500030517578,195.0500030517578,202.6499938964844,194.1000061035156,201.75,994200
2014-04-16,187.25,187.25,196.1000061035156,186.3500061035156,194.8000030517578,1028400
2014-04-17,192.1999969482422,192.1999969482422,192.6499938964844,188.0500030517578,188.3000030517578,980800
2014-04-21,191.6000061035156,191.6000061035156,193.3999938964844,190.6999969482422,193.25,602100
2014-04-22,191.5,191.5,194.25,191.1999969482422,192.4499969482422,1109900
2014-04-23,188.75,188.75,191.8999938964844,188.1499938964844,190.1999969482422,1218500
2014-04-25,189.75,189.75,193.3500061035156,189.1499938964844,189.4499969482422,1156100
2014-04-28,191.0,191.0,191.6999969482422,187.6000061035156,189.3999938964844,1036200
2014-04-29,189.5500030517578,189.5500030517578,194.0500030517578,188.9499969482422,191.1499938964844,1379600
2014-04-30,179.1999969482422,179.1999969482422,191.0,177.25,189.8500061035156,1445200
2014-05-02,179.60000610351562,179.60000610351562,181.8999938964844,178.39999389648438,180.8999938964844,1047700
2014-05-05,178.25,178.25,180.8500061035156,177.1999969482422,179.5,914700
2014-05-06,178.0,178.0,180.3999938964844,177.14999389648438,178.35000610351562,557000
2014-05-07,175.60000610351562,175.60000610351562,178.6999969482422,175.25,177.60000610351562,632100
2014-05-08,174.10000610351562,174.10000610351562,176.85000610351562,173.60000610351562,176.0500030517578,611100
2014-05-09,182.5,182.5,182.6999969482422,174.0500030517578,174.0500030517578,1407700
2014-05-12,184.1999969482422,184.1999969482422,187.8000030517578,182.1000061035156,182.3500061035156,1549700
2014-05-13,189.3999938964844,189.3999938964844,191.6499938964844,186.3999938964844,186.3999938964844,1317900
2014-05-14,197.3999938964844,197.3999938964844,198.5500030517578,188.6499938964844,190.4499969482422,1911100
2014-05-15,195.1999969482422,195.1999969482422,202.5,194.1000061035156,198.6000061035156,1148900
2014-05-16,207.3500061035156,207.3500061035156,212.0500030517578,199.5,201.25,2491300
2014-05-19,221.3500061035156,221.3500061035156,222.3000030517578,210.5500030517578,210.5500030517578,2031800
2014-05-20,231.8000030517578,231.8000030517578,236.6000061035156,222.1999969482422,223.8999938964844,2672000
2014-05-21,236.75,236.75,238.0500030517578,228.8999938964844,234.3000030517578,1644200
2014-05-22,249.1999969482422,249.1999969482422,253.3999938964844,238.3000030517578,239.6000061035156,2335800
2014-05-23,254.9499969482422,254.9499969482422,257.3999938964844,251.3000030517578,251.8000030517578,2094600
2014-05-26,241.0500030517578,241.0500030517578,260.8500061035156,233.1499938964844,259.1499938964844,2109200
2014-05-27,238.1499938964844,238.1499938964844,243.1000061035156,229.8500061035156,243.1000061035156,1606400
2014-05-28,241.25,241.25,242.0,235.3000030517578,239.6499938964844,1332800
2014-05-29,238.3500061035156,238.3500061035156,242.4499969482422,237.6999969482422,240.1499938964844,1319500
2014-05-30,242.9499969482422,242.9499969482422,247.75,236.25,238.1499938964844,1874900
2014-06-02,246.9499969482422,246.9499969482422,247.9499969482422,244.0,244.1999969482422,1000300
2014-06-03,254.4499969482422,254.4499969482422,255.6499938964844,246.6499938964844,247.75,1503500
2014-06-04,257.6499938964844,257.6499938964844,259.3500061035156,253.75,256.3999938964844,1612300
2014-06-05,259.6499938964844,259.6499938964844,260.79998779296875,255.6000061035156,259.0,1077700
2014-06-06,272.70001220703125,272.70001220703125,273.6000061035156,262.20001220703125,262.45001220703125,1608600
2014-06-09,288.95001220703125,288.95001220703125,290.8500061035156,276.3500061035156,276.3500061035156,3176900
2014-06-10,280.3500061035156,280.3500061035156,289.29998779296875,276.45001220703125,288.3999938964844,1869200
2014-06-11,268.29998779296875,268.29998779296875,284.29998779296875,266.5,280.8500061035156,1807700
2014-06-12,268.8500061035156,268.8500061035156,272.8500061035156,264.8500061035156,269.1499938964844,1492900
2014-06-13,254.6499938964844,254.6499938964844,274.79998779296875,253.6000061035156,271.8500061035156,1812000
2014-06-16,257.8500061035156,257.8500061035156,258.8500061035156,246.3000030517578,254.4499969482422,1859200
2014-06-17,260.20001220703125,260.20001220703125,261.25,253.0500030517578,258.54998779296875,1389200
2014-06-18,254.5,254.5,263.6000061035156,252.0500030517578,261.5,1600200
2014-06-19,252.8000030517578,252.8000030517578,257.6499938964844,251.6999969482422,254.9499969482422,1069500
2014-06-20,255.4499969482422,255.4499969482422,256.5,251.6499938964844,251.8000030517578,1377000
2014-06-23,256.04998779296875,256.04998779296875,258.0,253.1499938964844,256.1000061035156,1284100
2014-06-24,263.8500061035156,263.8500061035156,265.70001220703125,255.8000030517578,255.8000030517578,1209200
2014-06-25,266.45001220703125,266.45001220703125,267.75,263.3500061035156,263.70001220703125,955800
2014-06-26,259.79998779296875,259.79998779296875,266.95001220703125,258.95001220703125,266.70001220703125,1246500
2014-06-27,261.8500061035156,261.8500061035156,262.5,255.0,261.54998779296875,1352600
2014-06-30,264.1499938964844,264.1499938964844,267.0,263.29998779296875,263.3999938964844,1092700
2014-07-01,267.70001220703125,267.70001220703125,268.20001220703125,265.1000061035156,265.45001220703125,1125000
2014-07-02,268.29998779296875,268.29998779296875,272.54998779296875,267.70001220703125,270.3999938964844,1148600
2014-07-03,264.3999938964844,264.3999938964844,269.6000061035156,263.95001220703125,269.6000061035156,745600
2014-07-04,267.70001220703125,267.70001220703125,268.20001220703125,264.29998779296875,265.04998779296875,739100
2014-07-07,267.3500061035156,267.3500061035156,270.6000061035156,266.6000061035156,267.70001220703125,613400
2014-07-08,247.6999969482422,247.6999969482422,268.3500061035156,245.6499938964844,268.04998779296875,1422600
2014-07-09,243.8999938964844,243.8999938964844,250.1999969482422,240.4499969482422,248.0500030517578,1430300
2014-07-10,255.4499969482422,255.4499969482422,268.3999938964844,238.8000030517578,244.0,2614800
2014-07-11,241.6499938964844,241.6499938964844,263.75,239.9499969482422,257.54998779296875,1930600
2014-07-14,240.9499969482422,240.9499969482422,247.3999938964844,240.0,242.1999969482422,1088100
2014-07-15,245.6999969482422,245.6999969482422,246.6499938964844,240.9499969482422,243.75,1103700
2014-07-16,256.3500061035156,256.3500061035156,257.29998779296875,249.25,249.25,1265400
2014-07-17,254.8500061035156,254.8500061035156,259.5,253.8000030517578,257.1000061035156,934500
2014-07-18,252.4499969482422,252.4499969482422,254.1000061035156,249.0,252.6499938964844,863100
2014-07-21,250.8999938964844,250.8999938964844,256.1499938964844,250.0,252.8000030517578,822600
2014-07-22,251.8500061035156,251.8500061035156,254.3500061035156,249.4499969482422,252.1999969482422,800400
2014-07-23,252.1000061035156,252.1000061035156,254.1499938964844,248.0500030517578,253.0,987500
2014-07-24,253.6499938964844,253.6499938964844,255.9499969482422,250.9499969482422,252.9499969482422,830300
2014-07-25,246.5500030517578,246.5500030517578,255.1499938964844,243.3500061035156,253.6000061035156,1050200
2014-07-28,239.6499938964844,239.6499938964844,245.8500061035156,238.6000061035156,245.4499969482422,784700
2014-07-30,241.0500030517578,241.0500030517578,241.6499938964844,236.6999969482422,237.75,1246700
2014-07-31,242.0500030517578,242.0500030517578,243.8000030517578,239.9499969482422,239.9499969482422,1283800
2014-08-01,239.6999969482422,239.6999969482422,245.4499969482422,236.8500061035156,237.1999969482422,1336600
2014-08-04,242.1000061035156,242.1000061035156,244.0,239.5500030517578,241.5500030517578,793400
2014-08-05,248.8000030517578,248.8000030517578,249.3500061035156,240.0,241.8999938964844,1738400
2014-08-06,246.0,246.0,250.3500061035156,245.0500030517578,248.4499969482422,1276300
2014-08-07,245.1000061035156,245.1000061035156,248.3500061035156,242.8500061035156,244.9499969482422,1096200
2014-08-08,234.9499969482422,234.9499969482422,241.6499938964844,234.5,241.6499938964844,960400
2014-08-11,237.1999969482422,237.1999969482422,243.1999969482422,235.8999938964844,242.0,648200
2014-08-12,240.6999969482422,240.6999969482422,241.1499938964844,237.6999969482422,238.5,716100
2014-08-13,227.6499938964844,227.6499938964844,239.6999969482422,226.0,239.1499938964844,1761800
2014-08-14,231.8500061035156,231.8500061035156,232.5,225.8999938964844,226.4499969482422,1832900
2014-08-18,234.9499969482422,234.9499969482422,235.75,229.6000061035156,230.25,966600
2014-08-19,238.6499938964844,238.6499938964844,239.3999938964844,235.3999938964844,235.8000030517578,927600
2014-08-20,239.8500061035156,239.8500061035156,241.3500061035156,236.1000061035156,239.1000061035156,837900
2014-08-21,235.3000030517578,235.3000030517578,241.8500061035156,234.8000030517578,239.3999938964844,830900
2014-08-22,233.5500030517578,233.5500030517578,236.5,232.6000061035156,235.6999969482422,700600
2014-08-25,228.75,228.75,234.6999969482422,227.9499969482422,233.75,665000
2014-08-26,228.4499969482422,228.4499969482422,230.0500030517578,224.3500061035156,227.3000030517578,819000
2014-08-27,225.25,225.25,232.0,224.0,229.3999938964844,812000
2014-08-28,220.3000030517578,220.3000030517578,225.6499938964844,219.8500061035156,224.25,857300
2014-09-01,226.25,226.25,226.6999969482422,220.6499938964844,221.6000061035156,1144800
2014-09-02,228.8000030517578,228.8000030517578,230.5,225.6999969482422,226.3500061035156,951700
2014-09-03,233.75,233.75,234.6999969482422,227.5500030517578,230.6000061035156,1090600
2014-09-04,224.3999938964844,224.3999938964844,230.8000030517578,221.1499938964844,230.75,1205100
2014-09-05,226.8999938964844,226.8999938964844,227.6499938964844,222.8000030517578,223.8000030517578,992600
2014-09-08,228.3500061035156,228.3500061035156,229.3000030517578,224.8999938964844,228.5500030517578,586300
2014-09-09,226.5500030517578,226.5500030517578,228.3999938964844,225.4499969482422,228.0500030517578,632300
2014-09-10,228.1499938964844,228.1499938964844,229.3000030517578,224.8500061035156,225.8999938964844,815700
2014-09-11,227.0,227.0,231.1000061035156,226.5500030517578,229.1499938964844,693100
2014-09-12,226.8000030517578,226.8000030517578,228.5,226.3000030517578,226.6999969482422,635500
2014-09-15,227.1499938964844,227.1499938964844,227.6999969482422,223.9499969482422,225.6499938964844,946500
2014-09-16,218.3000030517578,218.3000030517578,231.3000030517578,217.6000061035156,227.6499938964844,1432100
2014-09-17,219.5,219.5,221.3000030517578,217.1000061035156,220.0500030517578,745300
2014-09-18,230.25,230.25,231.0,218.6499938964844,218.8500061035156,1706200
2014-09-19,228.5,228.5,232.75,227.3999938964844,231.3999938964844,1223200
2014-09-22,227.0500030517578,227.0500030517578,229.6999969482422,225.5,226.3999938964844,968500
2014-09-23,215.0,215.0,227.3000030517578,214.25,226.4499969482422,1299200
2014-09-24,211.3999938964844,211.3999938964844,216.5500030517578,207.6000061035156,214.75,1283900
2014-09-25,203.8000030517578,203.8000030517578,213.8000030517578,202.3000030517578,212.75,1558200
2014-09-26,208.6999969482422,208.6999969482422,209.6000061035156,200.6000061035156,203.1999969482422,1433800
2014-09-29,208.0500030517578,208.0500030517578,211.1999969482422,207.5,209.8500061035156,718800
2014-09-30,202.8000030517578,202.8000030517578,209.6000061035156,201.75,207.8999938964844,1199900
2014-10-01,201.5500030517578,201.5500030517578,203.6499938964844,200.0500030517578,202.1999969482422,784900
2014-10-07,199.5500030517578,199.5500030517578,204.1999969482422,198.6499938964844,200.3500061035156,845000
2014-10-08,202.5500030517578,202.5500030517578,203.25,198.8999938964844,198.9499969482422,823700
2014-10-09,207.8500061035156,207.8500061035156,208.8000030517578,203.6499938964844,203.6499938964844,852700
2014-10-10,205.25,205.25,208.8000030517578,203.4499969482422,204.8999938964844,866800
2014-10-13,201.8000030517578,201.8000030517578,204.4499969482422,200.1000061035156,204.4499969482422,909200
2014-10-14,183.6000061035156,183.6000061035156,196.1499938964844,182.0,196.1499938964844,1819400
2014-10-16,182.6499938964844,182.6499938964844,189.0500030517578,181.3999938964844,181.3999938964844,1413300
2014-10-17,184.1999969482422,184.1999969482422,185.75,179.8000030517578,184.1999969482422,1064800
2014-10-20,186.1999969482422,186.1999969482422,188.6999969482422,185.1499938964844,187.6999969482422,970400
2014-10-21,191.1499938964844,191.1499938964844,191.75,186.6999969482422,186.8500061035156,835800
2014-10-22,192.5,192.5,193.75,190.1499938964844,193.1999969482422,709600
2014-10-27,185.3000030517578,185.3000030517578,191.75,184.8999938964844,191.75,716900
2014-10-28,185.8500061035156,185.8500061035156,187.3000030517578,184.5500030517578,184.5500030517578,577700
2014-10-29,191.6499938964844,191.6499938964844,192.0,186.8500061035156,187.0500030517578,873800
2014-10-30,197.8500061035156,197.8500061035156,198.6499938964844,193.6999969482422,193.6999969482422,1582600
2014-10-31,200.6999969482422,200.6999969482422,202.25,198.3500061035156,199.1499938964844,1315200
2014-11-03,208.0,208.0,208.6999969482422,200.1499938964844,201.25,1603000
2014-11-05,207.6000061035156,207.6000061035156,212.25,206.9499969482422,209.0500030517578,1750000
2014-11-07,213.1000061035156,213.1000061035156,213.5,207.4499969482422,209.8500061035156,1321000
2014-11-10,212.6999969482422,212.6999969482422,214.1000061035156,211.8500061035156,213.1499938964844,981000
2014-11-11,215.0500030517578,215.0500030517578,215.8999938964844,210.75,213.75,1157800
2014-11-12,214.8999938964844,214.8999938964844,216.8000030517578,214.0500030517578,216.1999969482422,909700
2014-11-13,212.8500061035156,212.8500061035156,215.3000030517578,211.3000030517578,215.3000030517578,1152900
2014-11-14,217.1000061035156,217.1000061035156,217.75,213.8000030517578,213.9499969482422,966500
2014-11-17,216.8999938964844,216.8999938964844,217.4499969482422,215.0,216.6499938964844,762700
2014-11-18,216.25,216.25,218.3500061035156,214.6499938964844,217.6999969482422,716100
2014-11-19,214.0,214.0,220.0500030517578,212.8500061035156,216.0,818000
2014-11-20,210.5500030517578,210.5500030517578,214.3500061035156,208.6000061035156,213.4499969482422,854000
2014-11-21,210.6499938964844,210.6499938964844,214.3000030517578,210.0,210.1000061035156,665300
2014-11-24,214.8999938964844,214.8999938964844,215.4499969482422,211.5,211.5,678400
2014-11-25,207.3500061035156,207.3500061035156,215.0500030517578,205.6999969482422,215.0500030517578,1085800
2014-11-26,215.6499938964844,215.6499938964844,217.5500030517578,204.6000061035156,206.1999969482422,1167000
2014-11-27,215.25,215.25,217.8000030517578,214.1999969482422,215.4499969482422,1111000
2014-11-28,218.8000030517578,218.8000030517578,221.3500061035156,214.5500030517578,214.5500030517578,943300
2014-12-01,217.3999938964844,217.3999938964844,218.8500061035156,214.5,218.8500061035156,923000
2014-12-02,217.5500030517578,217.5500030517578,218.8000030517578,215.1999969482422,215.6499938964844,677000
2014-12-03,220.1499938964844,220.1499938964844,221.0500030517578,217.0500030517578,217.4499969482422,657500
2014-12-04,220.5,220.5,223.3000030517578,219.5,221.5,657300
2014-12-05,223.3000030517578,223.3000030517578,226.25,220.1000061035156,221.0500030517578,863200
2014-12-08,218.6000061035156,218.6000061035156,225.6499938964844,218.1999969482422,222.8999938964844,677400
2014-12-09,215.6000061035156,215.6000061035156,220.8999938964844,214.8999938964844,218.1999969482422,765200
2014-12-10,216.25,216.25,218.0,214.6999969482422,214.8999938964844,629900
2014-12-11,211.75,211.75,216.8999938964844,210.9499969482422,215.9499969482422,698500
2014-12-12,206.1499938964844,206.1499938964844,213.75,205.0,212.8000030517578,823700
2014-12-15,202.25,202.25,207.25,201.6000061035156,204.9499969482422,874400
2014-12-16,194.0500030517578,194.0500030517578,201.3999938964844,193.25,201.1000061035156,1210400
2014-12-17,191.3500061035156,191.3500061035156,195.5500030517578,187.1000061035156,193.3500061035156,1265500
2014-12-18,196.0,196.0,196.5500030517578,193.3999938964844,194.4499969482422,721600
2014-12-19,195.0,195.0,199.3000030517578,194.3000030517578,197.6000061035156,818000
2014-12-22,197.4499969482422,197.4499969482422,198.1499938964844,195.1499938964844,196.6999969482422,584000
2014-12-23,195.9499969482422,195.9499969482422,198.25,194.4499969482422,197.3000030517578,637400
2014-12-24,197.8500061035156,197.8500061035156,200.0500030517578,195.8000030517578,195.8500061035156,1046600
2014-12-26,200.0500030517578,200.0500030517578,200.6499938964844,196.3999938964844,198.1499938964844,617700
2014-12-29,200.6999969482422,200.6999969482422,204.75,200.6499938964844,201.3500061035156,761100
2014-12-30,201.4499969482422,201.4499969482422,203.75,200.6000061035156,202.5500030517578,754100
2014-12-31,203.1000061035156,203.1000061035156,204.1000061035156,200.3500061035156,201.5500030517578,665800
2015-01-01,203.0500030517578,203.0500030517578,203.8999938964844,202.4499969482422,202.6000061035156,487700
2015-01-02,205.1000061035156,205.1000061035156,206.5,203.3999938964844,203.5500030517578,734800
2015-01-05,205.25,205.25,206.3999938964844,204.0500030517578,204.3000030517578,878900
2015-01-06,198.0500030517578,198.0500030517578,203.3999938964844,197.25,203.3999938964844,787000
2015-01-07,197.3999938964844,197.3999938964844,199.4499969482422,194.75,198.1499938964844,897400
2015-01-08,203.5,203.5,203.8500061035156,198.75,200.1999969482422,750600
2015-01-09,199.9499969482422,199.9499969482422,205.6999969482422,198.1999969482422,204.6999969482422,670400
2015-01-12,200.1999969482422,200.1999969482422,201.1499938964844,198.75,200.0500030517578,619900
2015-01-13,196.75,196.75,201.25,196.1000061035156,200.5500030517578,798200
2015-01-14,195.1999969482422,195.1999969482422,197.8000030517578,194.75,196.3999938964844,621500
2015-01-15,211.4499969482422,211.4499969482422,212.6999969482422,200.3500061035156,200.3999938964844,1713800
2015-01-16,212.3500061035156,212.3500061035156,217.1499938964844,208.25,210.8999938964844,1370800
2015-01-19,212.75,212.75,215.5,211.6999969482422,214.1000061035156,956300
2015-01-20,215.6999969482422,215.6999969482422,216.3000030517578,212.1999969482422,214.3500061035156,693800
2015-01-21,215.0500030517578,215.0500030517578,216.8500061035156,213.1000061035156,216.1999969482422,593900
2015-01-22,216.3500061035156,216.3500061035156,217.6000061035156,213.5500030517578,215.6000061035156,756200
2015-01-23,219.6000061035156,219.6000061035156,221.1499938964844,215.25,219.8000030517578,1028400
2015-01-27,222.25,222.25,223.1999969482422,218.3500061035156,220.0,788700
2015-01-28,225.1999969482422,225.1999969482422,226.6999969482422,219.9499969482422,220.5500030517578,913900
2015-01-29,231.4499969482422,231.4499969482422,233.5,223.8999938964844,223.8999938964844,1556500
2015-01-30,236.8000030517578,236.8000030517578,240.8000030517578,232.6000061035156,233.75,2122900
2015-02-02,238.1000061035156,238.1000061035156,239.4499969482422,235.6000061035156,237.6999969482422,1360500
2015-02-03,234.8500061035156,234.8500061035156,240.1499938964844,233.75,239.4499969482422,1210600
2015-02-04,237.5500030517578,237.5500030517578,242.6000061035156,232.3500061035156,235.8999938964844,1700000
2015-02-05,231.1999969482422,231.1999969482422,238.8999938964844,229.75,236.9499969482422,1108000
2015-02-06,229.8000030517578,229.8000030517578,234.0,227.3999938964844,230.6000061035156,1478300
2015-02-09,223.9499969482422,223.9499969482422,228.25,223.3000030517578,226.25,1088800
2015-02-10,223.8000030517578,223.8000030517578,225.75,218.8500061035156,220.6000061035156,1338500
2015-02-11,225.25,225.25,226.4499969482422,223.1000061035156,223.8999938964844,843600
2015-02-12,228.6499938964844,228.6499938964844,230.25,226.3500061035156,226.3999938964844,851400
2015-02-13,226.4499969482422,226.4499969482422,233.3999938964844,225.6999969482422,229.8999938964844,845900
2015-02-16,229.1999969482422,229.1999969482422,232.3000030517578,228.5500030517578,229.5500030517578,1639200
2015-02-18,228.1000061035156,228.1000061035156,232.6000061035156,227.4499969482422,231.5,854600
2015-02-19,229.6499938964844,229.6499938964844,231.0,225.4499969482422,230.0,1010800
2015-02-20,231.9499969482422,231.9499969482422,234.4499969482422,230.3999938964844,231.0500030517578,921100
2015-02-23,228.1000061035156,228.1000061035156,232.75,226.9499969482422,232.6000061035156,810300
2015-02-24,229.1000061035156,229.1000061035156,232.5,228.0500030517578,229.6999969482422,959700
2015-02-25,229.8999938964844,229.8999938964844,232.1000061035156,229.0500030517578,230.5,697500
2015-02-26,230.8000030517578,230.8000030517578,232.3000030517578,227.9499969482422,230.1499938964844,1075100
2015-02-27,241.1000061035156,241.1000061035156,241.8500061035156,230.0500030517578,230.9499969482422,2482000
2015-03-02,238.6000061035156,238.6000061035156,241.8500061035156,234.8999938964844,241.3000030517578,1378300
2015-03-03,234.8999938964844,234.8999938964844,239.8999938964844,234.6499938964844,238.9499969482422,855900
2015-03-04,234.25,234.25,242.25,232.4499969482422,240.6499938964844,1245700
2015-03-05,234.1499938964844,234.1499938964844,235.3000030517578,231.0500030517578,234.4499969482422,738000
2015-03-09,227.6000061035156,227.6000061035156,233.3000030517578,226.25,233.3000030517578,912500
2015-03-10,223.0,223.0,229.1000061035156,221.8000030517578,228.0,715600
2015-03-11,224.3000030517578,224.3000030517578,225.0,219.8000030517578,223.8999938964844,1174800
2015-03-12,227.75,227.75,228.25,224.75,226.0500030517578,1148000
2015-03-13,225.9499969482422,225.9499969482422,231.4499969482422,223.75,229.9499969482422,1133700
2015-03-16,228.8500061035156,228.8500061035156,229.6000061035156,225.1000061035156,227.9499969482422,613500
2015-03-17,230.25,230.25,231.3999938964844,228.6499938964844,230.3000030517578,515000
2015-03-18,230.5,230.5,231.3000030517578,228.3500061035156,230.6000061035156,615100
2015-03-19,226.8500061035156,226.8500061035156,233.5,226.3000030517578,232.3000030517578,641200
2015-03-20,218.0500030517578,218.0500030517578,227.25,217.0500030517578,226.4499969482422,1163700
2015-03-23,217.5500030517578,217.5500030517578,219.5,214.1499938964844,219.1000061035156,816200
2015-03-24,216.8999938964844,216.8999938964844,219.75,216.0,217.8000030517578,952900
2015-03-25,217.0,217.0,218.3000030517578,216.3500061035156,217.5500030517578,1076300
2015-03-26,213.1999969482422,213.1999969482422,217.25,212.75,215.1499938964844,927200
2015-03-27,211.6499938964844,211.6499938964844,214.5500030517578,206.6000061035156,213.5500030517578,1067300
2015-03-30,216.0500030517578,216.0500030517578,216.4499969482422,212.0,213.3000030517578,767300
2015-03-31,216.1499938964844,216.1499938964844,217.5,214.6000061035156,217.0,752900
2015-04-01,219.3999938964844,219.3999938964844,220.3000030517578,214.8000030517578,215.5,550100
2015-04-06,234.1499938964844,234.1499938964844,234.8500061035156,219.1000061035156,220.8500061035156,1413900
2015-04-07,230.25,230.25,235.6000061035156,227.75,235.4499969482422,1287600
2015-04-08,232.8500061035156,232.8500061035156,237.3000030517578,229.8500061035156,231.1999969482422,1609700
2015-04-09,230.9499969482422,230.9499969482422,234.8999938964844,228.75,234.1499938964844,763300
2015-04-10,232.3999938964844,232.3999938964844,234.6499938964844,231.0,231.1499938964844,633800
2015-04-13,232.6999969482422,232.6999969482422,236.0,232.1000061035156,233.5,660900
2015-04-15,229.9499969482422,229.9499969482422,233.8000030517578,228.8000030517578,233.3500061035156,543900
2015-04-16,224.3000030517578,224.3000030517578,230.8999938964844,223.4499969482422,230.6999969482422,609200
2015-04-17,222.1499938964844,222.1499938964844,225.5500030517578,221.4499969482422,224.6499938964844,499100
2015-04-20,216.0500030517578,216.0500030517578,223.25,213.75,222.8500061035156,822200
2015-04-21,215.3000030517578,215.3000030517578,218.9499969482422,214.5500030517578,216.8999938964844,597000
2015-04-22,215.3500061035156,215.3500061035156,218.25,211.8500061035156,216.1000061035156,693100
2015-04-23,213.5500030517578,213.5500030517578,218.1999969482422,212.6000061035156,217.0500030517578,503900
2015-04-24,205.0,205.0,214.1000061035156,204.25,213.8500061035156,727700
2015-04-27,196.5500030517578,196.5500030517578,206.3000030517578,196.0,205.8000030517578,716900
2015-04-28,200.0,200.0,200.3999938964844,194.8999938964844,195.3999938964844,649600
2015-04-29,201.6000061035156,201.6000061035156,202.6499938964844,200.1000061035156,200.1999969482422,565400
2015-04-30,204.8000030517578,204.8000030517578,206.5,199.3500061035156,202.1000061035156,806500
2015-05-04,210.1999969482422,210.1999969482422,210.9499969482422,207.6999969482422,207.6999969482422,675800
2015-05-05,212.8500061035156,212.8500061035156,213.8000030517578,210.25,211.3500061035156,549800
2015-05-06,203.9499969482422,203.9499969482422,212.3000030517578,203.3999938964844,212.3000030517578,1093200
2015-05-07,199.1000061035156,199.1000061035156,204.3000030517578,197.3500061035156,204.0,923000
2015-05-08,207.3500061035156,207.3500061035156,209.5,201.6999969482422,201.6999969482422,820400
2015-05-11,209.25,209.25,212.6000061035156,208.3500061035156,208.3500061035156,501200
2015-05-12,201.8999938964844,201.8999938964844,209.5,201.5,209.4499969482422,631700
2015-05-13,200.3500061035156,200.3500061035156,204.3000030517578,198.5,203.3000030517578,837800
2015-05-14,202.5500030517578,202.5500030517578,203.4499969482422,197.8999938964844,199.8999938964844,709400
2015-05-15,200.1499938964844,200.1499938964844,204.3000030517578,198.1499938964844,203.1999969482422,902600
2015-05-18,200.25,200.25,201.3999938964844,198.6999969482422,200.75,562800
2015-05-19,200.9499969482422,200.9499969482422,202.3500061035156,199.8000030517578,200.0,547100
2015-05-20,200.5500030517578,200.5500030517578,202.6999969482422,200.0500030517578,202.0,443900
2015-05-21,202.6999969482422,202.6999969482422,203.1999969482422,200.25,201.3500061035156,541200
2015-05-22,202.25,202.25,204.6000061035156,201.8000030517578,204.3500061035156,510000
2015-05-25,201.0500030517578,201.0500030517578,203.1999969482422,200.6999969482422,202.75,332800
2015-05-26,199.75,199.75,201.4499969482422,199.1499938964844,201.3000030517578,393000
2015-05-27,200.8000030517578,200.8000030517578,201.8999938964844,197.6000061035156,198.3500061035156,489700
2015-05-28,200.5500030517578,200.5500030517578,201.8000030517578,198.25,201.1999969482422,489200
2015-05-29,199.5,199.5,203.9499969482422,198.5,201.1999969482422,920400
2015-06-01,203.5500030517578,203.5500030517578,204.8000030517578,201.1000061035156,201.3999938964844,508100
2015-06-02,195.4499969482422,195.4499969482422,204.3500061035156,194.5500030517578,204.0500030517578,673800
2015-06-03,183.75,183.75,196.5,173.10000610351562,196.5,6241300
2015-06-04,185.3999938964844,185.3999938964844,186.4499969482422,179.6999969482422,184.8999938964844,3149600
2015-06-05,182.25,182.25,185.3999938964844,181.75,183.5,1559000
2015-06-08,180.8000030517578,180.8000030517578,183.1999969482422,179.25,182.8500061035156,974800
2015-06-09,177.8000030517578,177.8000030517578,180.6999969482422,177.1999969482422,180.25,1254100
2015-06-10,179.25,179.25,182.1999969482422,177.8000030517578,178.85000610351562,1169500
2015-06-11,174.85000610351562,174.85000610351562,182.6000061035156,174.25,181.0500030517578,1330000
2015-06-12,174.5500030517578,174.5500030517578,175.4499969482422,171.0,174.5,979500
2015-06-15,174.6999969482422,174.6999969482422,176.39999389648438,173.64999389648438,175.4499969482422,900500
2015-06-16,174.89999389648438,174.89999389648438,175.64999389648438,172.3000030517578,174.5500030517578,707400
2015-06-17,175.75,175.75,177.35000610351562,175.14999389648438,175.9499969482422,997700
2015-06-18,175.35000610351562,175.35000610351562,177.4499969482422,174.89999389648438,176.14999389648438,805800
2015-06-19,173.8000030517578,173.8000030517578,177.25,173.1999969482422,176.0,669600
2015-06-22,183.25,183.25,184.25,175.89999389648438,175.89999389648438,1881700
2015-06-23,183.6499938964844,183.6499938964844,185.3500061035156,182.5,184.6000061035156,1193300
2015-06-24,181.25,181.25,184.6000061035156,180.5500030517578,183.8999938964844,961000
2015-06-25,182.3999938964844,182.3999938964844,183.5,179.10000610351562,179.9499969482422,1403900
2015-06-26,183.8500061035156,183.8500061035156,186.8000030517578,178.89999389648438,181.9499969482422,1525200
2015-06-29,180.1499938964844,180.1499938964844,181.25,176.64999389648438,178.1999969482422,1108800
2015-06-30,180.9499969482422,180.9499969482422,181.6000061035156,179.14999389648438,179.14999389648438,750600
2015-07-01,182.6000061035156,182.6000061035156,184.3999938964844,182.0,182.1499938964844,718000
2015-07-02,182.3999938964844,182.3999938964844,184.9499969482422,182.0500030517578,182.5500030517578,847700
2015-07-03,181.3000030517578,181.3000030517578,184.0,180.8500061035156,182.3000030517578,666900
2015-07-06,182.9499969482422,182.9499969482422,183.3500061035156,178.10000610351562,178.10000610351562,831600
2015-07-07,185.3500061035156,185.3500061035156,186.3500061035156,183.1000061035156,183.1000061035156,804700
2015-07-08,181.6499938964844,181.6499938964844,184.5500030517578,180.8500061035156,183.4499969482422,1018700
2015-07-09,181.25,181.25,183.3999938964844,180.8500061035156,182.6999969482422,553500
2015-07-10,179.60000610351562,179.60000610351562,183.1499938964844,179.0,182.5500030517578,444600
2015-07-13,181.1499938964844,181.1499938964844,181.3500061035156,179.0,181.3000030517578,531600
2015-07-14,180.0500030517578,180.0500030517578,182.1999969482422,179.35000610351562,181.75,482800
2015-07-15,181.0,181.0,182.6499938964844,180.4499969482422,181.1499938964844,533500
2015-07-16,180.9499969482422,180.9499969482422,182.3000030517578,180.6499938964844,181.3999938964844,352400
2015-07-17,180.10000610351562,180.10000610351562,182.5,179.6999969482422,182.3999938964844,475000
2015-07-20,176.4499969482422,176.4499969482422,181.5500030517578,175.85000610351562,181.5,487600
2015-07-21,172.35000610351562,172.35000610351562,177.1999969482422,172.0,176.9499969482422,1013700
2015-07-22,174.0500030517578,174.0500030517578,174.6999969482422,171.64999389648438,172.3000030517578,585700
2015-07-23,174.1999969482422,174.1999969482422,175.9499969482422,173.5500030517578,174.9499969482422,468400
2015-07-24,171.5500030517578,171.5500030517578,174.5500030517578,171.0500030517578,174.5500030517578,491500
2015-07-27,167.0500030517578,167.0500030517578,171.5,166.5500030517578,171.1999969482422,571400
2015-07-28,162.4499969482422,162.4499969482422,168.60000610351562,162.14999389648438,168.60000610351562,659400
2015-07-29,164.5500030517578,164.5500030517578,165.8000030517578,160.85000610351562,163.39999389648438,735100
2015-07-30,171.3000030517578,171.3000030517578,171.89999389648438,165.0500030517578,165.9499969482422,1590300
2015-07-31,176.5500030517578,176.5500030517578,178.1999969482422,171.4499969482422,171.64999389648438,857000
2015-08-03,176.8000030517578,176.8000030517578,179.3000030517578,175.89999389648438,176.3000030517578,1043100
2015-08-04,176.1999969482422,176.1999969482422,178.4499969482422,174.39999389648438,177.75,856600
2015-08-05,181.6000061035156,181.6000061035156,184.3000030517578,177.14999389648438,177.14999389648438,1374100
2015-08-06,182.9499969482422,182.9499969482422,184.5,180.6999969482422,181.6499938964844,1031300
2015-08-07,182.75,182.75,183.8500061035156,180.8000030517578,182.5500030517578,815800
2015-08-10,183.6499938964844,183.6499938964844,186.3000030517578,182.8000030517578,183.1999969482422,925400
2015-08-11,181.5500030517578,181.5500030517578,185.3500061035156,180.3500061035156,184.1999969482422,592800
2015-08-12,171.39999389648438,171.39999389648438,180.1499938964844,170.89999389648438,180.1499938964844,767800
2015-08-13,169.0500030517578,169.0500030517578,175.3000030517578,167.39999389648438,172.10000610351562,914200
2015-08-14,183.3000030517578,183.3000030517578,184.1999969482422,168.39999389648438,170.5500030517578,1588800
2015-08-17,180.3999938964844,180.3999938964844,182.1499938964844,177.89999389648438,182.0,912700
2015-08-18,179.6999969482422,179.6999969482422,181.8999938964844,177.10000610351562,181.1000061035156,725600
2015-08-19,178.14999389648438,178.14999389648438,181.8000030517578,177.6999969482422,180.1499938964844,1014700
2015-08-20,170.9499969482422,170.9499969482422,178.75,169.8000030517578,177.39999389648438,1294700
2015-08-21,166.5,166.5,170.14999389648438,164.8000030517578,168.0,906400
2015-08-24,148.0500030517578,148.0500030517578,158.64999389648438,146.6999969482422,157.9499969482422,1285000
2015-08-25,158.1999969482422,158.1999969482422,159.75,146.4499969482422,150.9499969482422,2195300
2015-08-26,157.89999389648438,157.89999389648438,160.9499969482422,155.25,157.64999389648438,1234800
2015-08-27,164.4499969482422,164.4499969482422,164.85000610351562,159.35000610351562,161.60000610351562,1330800
2015-08-28,163.64999389648438,163.64999389648438,168.8000030517578,161.8000030517578,166.85000610351562,1068700
2015-08-31,161.35000610351562,161.35000610351562,165.35000610351562,160.60000610351562,162.8000030517578,734300
2015-09-01,156.0,156.0,161.14999389648438,154.60000610351562,159.3000030517578,705300
2015-09-02,157.10000610351562,157.10000610351562,161.10000610351562,156.14999389648438,158.25,712100
2015-09-03,164.5,164.5,166.0500030517578,159.0,159.0,1052000
2015-09-04,158.5500030517578,158.5500030517578,163.60000610351562,154.60000610351562,163.60000610351562,1033300
2015-09-07,155.35000610351562,155.35000610351562,161.0,154.89999389648438,158.85000610351562,547200
2015-09-08,160.10000610351562,160.10000610351562,162.0500030517578,154.10000610351562,156.75,750000
2015-09-09,164.4499969482422,164.4499969482422,166.39999389648438,162.85000610351562,163.8000030517578,606700
2015-09-10,163.4499969482422,163.4499969482422,164.39999389648438,158.9499969482422,160.8000030517578,569700
2015-09-11,165.10000610351562,165.10000610351562,167.0500030517578,164.25,165.10000610351562,590600
2015-09-14,168.39999389648438,168.39999389648438,168.75,165.1999969482422,165.75,481700
2015-09-15,167.60000610351562,167.60000610351562,170.5500030517578,166.85000610351562,168.4499969482422,482100
2015-09-16,167.14999389648438,167.14999389648438,170.3000030517578,166.35000610351562,169.0,477100
2015-09-18,171.10000610351562,171.10000610351562,174.14999389648438,169.10000610351562,169.6999969482422,917000
2015-09-21,171.85000610351562,171.85000610351562,172.64999389648438,168.14999389648438,168.6999969482422,669500
2015-09-22,167.64999389648438,167.64999389648438,173.8000030517578,166.85000610351562,173.64999389648438,709300
2015-09-23,169.0500030517578,169.0500030517578,169.64999389648438,165.25,165.5,658700
2015-09-24,169.8000030517578,169.8000030517578,171.5,168.8000030517578,169.4499969482422,446400
2015-09-28,171.85000610351562,171.85000610351562,174.9499969482422,168.9499969482422,170.1999969482422,772100
2015-09-29,175.25,175.25,177.10000610351562,167.10000610351562,169.0500030517578,1261500
2015-09-30,179.14999389648438,179.14999389648438,179.89999389648438,177.25,177.5,673100
2015-10-01,176.14999389648438,176.14999389648438,180.75,175.14999389648438,180.75,526900
2015-10-05,177.89999389648438,177.89999389648438,179.35000610351562,177.0500030517578,177.25,604100
2015-10-06,179.39999389648438,179.39999389648438,181.0,178.39999389648438,178.6999969482422,622700
2015-10-07,183.75,183.75,185.25,179.0500030517578,179.8000030517578,1851200
2015-10-08,182.1000061035156,182.1000061035156,184.8999938964844,180.9499969482422,184.6000061035156,837900
2015-10-09,182.1999969482422,182.1999969482422,185.3500061035156,181.5,184.3000030517578,728500
2015-10-12,181.3000030517578,181.3000030517578,183.75,179.9499969482422,182.1499938964844,1009100
2015-10-13,183.25,183.25,183.9499969482422,181.25,181.4499969482422,685300
2015-10-14,183.3999938964844,183.3999938964844,186.1999969482422,183.0,183.3999938964844,878500
2015-10-15,185.25,185.25,186.6000061035156,184.5500030517578,184.8000030517578,633500
2015-10-16,182.6499938964844,182.6499938964844,184.5500030517578,181.1499938964844,183.6499938964844,588600
2015-10-19,187.6000061035156,187.6000061035156,188.1499938964844,182.5,183.3999938964844,860500
2015-10-20,186.5500030517578,186.5500030517578,188.8500061035156,185.3500061035156,188.8000030517578,829600
2015-10-21,183.5500030517578,183.5500030517578,187.5500030517578,182.5,186.8999938964844,1015000
2015-10-23,183.0,183.0,186.5500030517578,182.8000030517578,186.4499969482422,687400
2015-10-26,181.6499938964844,181.6499938964844,184.5,181.1000061035156,184.25,586800
2015-10-27,181.8500061035156,181.8500061035156,182.8999938964844,180.6499938964844,181.4499969482422,666100
2015-10-28,179.25,179.25,181.9499969482422,178.6999969482422,181.8999938964844,602200
2015-10-29,178.5,178.5,181.1000061035156,178.0,179.64999389648438,938200
2015-10-30,176.0500030517578,176.0500030517578,181.1499938964844,175.1999969482422,179.14999389648438,653800
2015-11-02,177.5500030517578,177.5500030517578,177.9499969482422,174.60000610351562,176.25,614300
2015-11-03,177.39999389648438,177.39999389648438,179.5,176.89999389648438,178.35000610351562,494700
2015-11-04,177.10000610351562,177.10000610351562,180.8000030517578,176.8000030517578,179.5,588500
2015-11-05,172.25,172.25,177.39999389648438,171.85000610351562,176.9499969482422,759400
2015-11-06,172.5,172.5,174.0500030517578,171.85000610351562,172.85000610351562,620800
2015-11-09,168.8000030517578,168.8000030517578,169.5500030517578,166.14999389648438,166.75,709200
2015-11-10,164.35000610351562,164.35000610351562,169.60000610351562,163.8000030517578,169.1999969482422,714700
2015-11-13,166.5500030517578,166.5500030517578,168.25,165.4499969482422,167.5500030517578,464500
2015-11-16,166.5500030517578,166.5500030517578,167.60000610351562,164.8000030517578,165.25,491400
2015-11-17,166.60000610351562,166.60000610351562,168.6999969482422,166.1999969482422,167.5500030517578,467600
2015-11-18,164.0500030517578,164.0500030517578,167.89999389648438,163.64999389648438,166.5500030517578,779500
2015-11-19,164.1999969482422,164.1999969482422,166.10000610351562,163.9499969482422,164.75,420000
2015-11-20,163.85000610351562,163.85000610351562,166.0,163.4499969482422,164.4499969482422,559300
2015-11-23,165.3000030517578,165.3000030517578,166.39999389648438,164.3000030517578,164.3000030517578,380000
2015-11-24,167.0500030517578,167.0500030517578,168.64999389648438,165.64999389648438,165.64999389648438,537700
2015-11-26,170.5500030517578,170.5500030517578,172.64999389648438,167.75,168.25,1526000
2015-11-27,171.1999969482422,171.1999969482422,172.89999389648438,169.6999969482422,171.85000610351562,854400
2015-11-30,173.3000030517578,173.3000030517578,174.14999389648438,171.64999389648438,171.75,1242800
2015-12-01,173.89999389648438,173.89999389648438,175.25,173.0,174.3000030517578,799800
2015-12-02,174.14999389648438,174.14999389648438,175.14999389648438,173.35000610351562,175.0,502100
2015-12-03,174.6999969482422,174.6999969482422,176.5,172.9499969482422,173.85000610351562,476200
2015-12-04,172.14999389648438,172.14999389648438,173.9499969482422,171.85000610351562,173.14999389648438,377100
2015-12-07,173.1999969482422,173.1999969482422,174.0500030517578,172.3000030517578,172.85000610351562,379400
2015-12-08,166.10000610351562,166.10000610351562,173.1999969482422,165.5,172.60000610351562,582300
2015-12-09,164.0500030517578,164.0500030517578,166.35000610351562,161.8000030517578,166.35000610351562,758300
2015-12-10,166.85000610351562,166.85000610351562,167.3000030517578,164.8000030517578,166.39999389648438,518700
2015-12-11,162.10000610351562,162.10000610351562,167.3000030517578,161.60000610351562,167.3000030517578,697000
2015-12-14,161.8000030517578,161.8000030517578,163.6999969482422,160.39999389648438,161.1999969482422,454800
2015-12-15,163.1999969482422,163.1999969482422,163.5,162.10000610351562,162.35000610351562,356900
2015-12-16,165.0500030517578,165.0500030517578,167.39999389648438,164.0500030517578,164.0500030517578,547800
2015-12-17,167.3000030517578,167.3000030517578,167.8000030517578,165.60000610351562,166.3000030517578,460600
2015-12-18,167.75,167.75,169.14999389648438,167.0500030517578,167.10000610351562,437400
2015-12-21,169.75,169.75,170.64999389648438,167.85000610351562,168.10000610351562,505300
2015-12-22,169.5,169.5,172.75,169.0,171.4499969482422,580500
2015-12-23,171.5500030517578,171.5500030517578,171.9499969482422,170.39999389648438,170.85000610351562,429200
2015-12-24,170.89999389648438,170.89999389648438,172.25,170.5,172.0500030517578,339500
2015-12-28,171.8000030517578,171.8000030517578,172.25,170.6999969482422,171.14999389648438,278500
2015-12-29,169.60000610351562,169.60000610351562,173.0,169.39999389648438,171.9499969482422,335800
2015-12-30,169.5500030517578,169.5500030517578,170.60000610351562,169.3000030517578,169.9499969482422,334600
2015-12-31,172.60000610351562,172.60000610351562,173.25,169.5,169.89999389648438,763800
2016-01-01,175.85000610351562,175.85000610351562,176.14999389648438,172.14999389648438,172.8000030517578,504000
2016-01-04,172.39999389648438,172.39999389648438,178.0500030517578,171.89999389648438,175.6999969482422,715800
2016-01-05,175.5500030517578,175.5500030517578,176.1999969482422,172.35000610351562,173.39999389648438,903500
2016-01-06,173.5500030517578,173.5500030517578,176.85000610351562,172.64999389648438,175.85000610351562,898300
2016-01-07,164.9499969482422,164.9499969482422,171.0500030517578,164.1999969482422,171.0500030517578,927000
2016-01-08,169.35000610351562,169.35000610351562,170.85000610351562,165.9499969482422,166.0,850600
2016-01-11,169.75,169.75,171.10000610351562,165.0500030517578,166.85000610351562,672200
2016-01-12,166.75,166.75,170.6999969482422,165.75,170.3000030517578,829300
2016-01-13,165.10000610351562,165.10000610351562,170.0500030517578,160.9499969482422,168.5,1030900
2016-01-14,162.4499969482422,162.4499969482422,164.35000610351562,160.0500030517578,162.0,911500
2016-01-15,155.10000610351562,155.10000610351562,164.0500030517578,154.3000030517578,163.35000610351562,653800
2016-01-18,149.39999389648438,149.39999389648438,156.10000610351562,149.0500030517578,155.35000610351562,814900
2016-01-19,152.25,152.25,153.39999389648438,148.85000610351562,150.89999389648438,648500
2016-01-20,147.0500030517578,147.0500030517578,149.8000030517578,144.64999389648438,149.8000030517578,584900
2016-01-21,147.64999389648438,147.64999389648438,149.89999389648438,145.4499969482422,149.10000610351562,654600
2016-01-22,150.3000030517578,150.3000030517578,151.85000610351562,148.8000030517578,149.60000610351562,614200
2016-01-25,151.14999389648438,151.14999389648438,152.75,150.14999389648438,152.0,408900
2016-01-27,152.39999389648438,152.39999389648438,153.35000610351562,150.8000030517578,152.3000030517578,462800
2016-01-28,151.1999969482422,151.1999969482422,152.6999969482422,150.14999389648438,152.1999969482422,990800
2016-01-29,153.5500030517578,153.5500030517578,154.5,150.14999389648438,151.5500030517578,618800
2016-02-01,153.85000610351562,153.85000610351562,154.89999389648438,152.85000610351562,154.14999389648438,394100
2016-02-02,150.64999389648438,150.64999389648438,154.5500030517578,150.10000610351562,153.89999389648438,590000
2016-02-03,146.14999389648438,146.14999389648438,150.0,145.85000610351562,149.75,768000
2016-02-04,145.60000610351562,145.60000610351562,148.60000610351562,144.8000030517578,147.8000030517578,576600
2016-02-05,147.35000610351562,147.35000610351562,147.9499969482422,145.0,145.89999389648438,384000
2016-02-08,147.64999389648438,147.64999389648438,151.75,146.85000610351562,147.75,787700
2016-02-09,145.1999969482422,145.1999969482422,147.39999389648438,144.85000610351562,146.35000610351562,431200
2016-02-10,139.9499969482422,139.9499969482422,144.35000610351562,139.0,144.14999389648438,728700
2016-02-11,131.5,131.5,139.89999389648438,130.14999389648438,139.10000610351562,1675600
2016-02-12,129.1999969482422,129.1999969482422,132.6999969482422,124.75,132.6999969482422,2031300
2016-02-15,137.85000610351562,137.85000610351562,138.64999389648438,131.5,131.5,743700
2016-02-16,133.25,133.25,139.6999969482422,132.64999389648438,139.14999389648438,731700
2016-02-17,134.3000030517578,134.3000030517578,134.89999389648438,130.1999969482422,133.64999389648438,706500
2016-02-18,134.75,134.75,137.3000030517578,132.60000610351562,135.8000030517578,494300
2016-02-19,134.85000610351562,134.85000610351562,137.0,133.8000030517578,134.5,640500
2016-02-22,135.14999389648438,135.14999389648438,136.0,134.8000030517578,135.5,507300
2016-02-23,131.4499969482422,131.4499969482422,135.3000030517578,131.14999389648438,135.25,497200
2016-02-24,131.0500030517578,131.0500030517578,132.0500030517578,130.0500030517578,131.14999389648438,511700
2016-02-25,128.25,128.25,131.75,127.5500030517578,131.6999969482422,1481900
2016-02-26,130.10000610351562,130.10000610351562,130.64999389648438,127.6500015258789,129.35000610351562,526600
2016-02-29,130.3000030517578,130.3000030517578,132.9499969482422,127.9000015258789,130.8000030517578,747500
2016-03-01,136.64999389648438,136.64999389648438,136.9499969482422,130.5,131.39999389648438,800800
2016-03-02,144.39999389648438,144.39999389648438,146.1999969482422,138.89999389648438,139.0,1234500
2016-03-03,146.14999389648438,146.14999389648438,146.4499969482422,144.39999389648438,145.25,583500
2016-03-04,147.64999389648438,147.64999389648438,148.85000610351562,144.8000030517578,146.64999389648438,745500
2016-03-08,149.0500030517578,149.0500030517578,150.75,147.35000610351562,147.64999389648438,1618400
2016-03-09,151.39999389648438,151.39999389648438,152.5,148.5,148.8000030517578,1279500
2016-03-10,150.0,150.0,153.1999969482422,149.4499969482422,152.35000610351562,796700
2016-03-11,149.25,149.25,155.0500030517578,148.64999389648438,149.0500030517578,1277000
2016-03-14,148.89999389648438,148.89999389648438,152.10000610351562,148.0,151.35000610351562,859300
2016-03-15,148.89999389648438,148.89999389648438,150.39999389648438,148.3000030517578,149.5,579800
2016-03-16,148.0,148.0,150.8000030517578,146.5,149.6999969482422,700300
2016-03-17,146.60000610351562,146.60000610351562,150.35000610351562,146.1999969482422,150.0,643200
2016-03-18,149.35000610351562,149.35000610351562,149.6999969482422,146.64999389648438,147.9499969482422,633400
2016-03-21,152.3000030517578,152.3000030517578,153.14999389648438,149.75,150.14999389648438,523300
2016-03-22,156.64999389648438,156.64999389648438,157.14999389648438,152.0500030517578,153.39999389648438,771600
2016-03-23,156.4499969482422,156.4499969482422,158.10000610351562,156.0,156.60000610351562,515900
2016-03-28,149.25,149.25,156.6999969482422,148.6999969482422,155.9499969482422,792900
2016-03-29,149.85000610351562,149.85000610351562,151.0,148.89999389648438,149.64999389648438,672600
2016-03-30,155.6999969482422,155.6999969482422,156.35000610351562,151.3000030517578,151.39999389648438,799200
2016-03-31,156.5500030517578,156.5500030517578,157.39999389648438,154.5500030517578,155.1999969482422,972300
2016-04-01,161.35000610351562,161.35000610351562,161.6999969482422,155.8000030517578,157.0,1166800
2016-04-04,160.1999969482422,160.1999969482422,164.1999969482422,159.39999389648438,163.25,672800
2016-04-05,155.5,155.5,160.89999389648438,155.10000610351562,158.64999389648438,769600
2016-04-06,157.5500030517578,157.5500030517578,158.10000610351562,155.75,155.9499969482422,559600
2016-04-07,157.0500030517578,157.0500030517578,159.6999969482422,156.75,158.0,588500
2016-04-08,159.10000610351562,159.10000610351562,159.89999389648438,156.25,156.6999969482422,527000
2016-04-11,161.64999389648438,161.64999389648438,162.64999389648438,159.9499969482422,159.9499969482422,531900
2016-04-12,161.89999389648438,161.89999389648438,162.9499969482422,161.0500030517578,162.60000610351562,356700
2016-04-13,164.5500030517578,164.5500030517578,166.35000610351562,163.39999389648438,163.39999389648438,856000
2016-04-18,172.39999389648438,172.39999389648438,173.35000610351562,163.8000030517578,164.60000610351562,670000
2016-04-20,171.8000030517578,171.8000030517578,172.8000030517578,170.64999389648438,172.1999969482422,579600
2016-04-21,168.8000030517578,168.8000030517578,173.6999969482422,168.25,172.6999969482422,527800
2016-04-22,168.39999389648438,168.39999389648438,169.89999389648438,167.64999389648438,168.10000610351562,367100
2016-04-25,167.4499969482422,167.4499969482422,170.0500030517578,166.89999389648438,168.60000610351562,528300
2016-04-26,170.3000030517578,170.3000030517578,170.75,166.9499969482422,167.64999389648438,623400
2016-04-27,169.9499969482422,169.9499969482422,171.75,169.75,170.85000610351562,402800
2016-04-28,172.8000030517578,172.8000030517578,175.6999969482422,171.1999969482422,171.1999969482422,1613000
2016-04-29,174.8000030517578,174.8000030517578,175.5,170.60000610351562,173.0,904400
2016-05-02,173.8000030517578,173.8000030517578,175.8000030517578,172.3000030517578,173.85000610351562,575000
2016-05-03,173.85000610351562,173.85000610351562,176.9499969482422,173.5,174.5,708700
2016-05-04,169.60000610351562,169.60000610351562,174.35000610351562,168.9499969482422,173.85000610351562,767500
2016-05-05,171.0,171.0,174.1999969482422,168.8000030517578,169.64999389648438,788500
2016-05-06,171.5500030517578,171.5500030517578,172.6999969482422,168.60000610351562,170.5,630800
2016-05-09,174.85000610351562,174.85000610351562,175.3000030517578,173.0,173.10000610351562,496200
2016-05-10,175.64999389648438,175.64999389648438,176.8000030517578,174.64999389648438,175.0,455700
2016-05-11,173.75,173.75,174.8000030517578,172.25,173.0,1213300
2016-05-12,176.3000030517578,176.3000030517578,177.60000610351562,174.0,174.0,593300
2016-05-13,171.9499969482422,171.9499969482422,176.75,170.75,176.10000610351562,574900
2016-05-16,174.4499969482422,174.4499969482422,174.75,170.25,172.5500030517578,570700
2016-05-17,175.75,175.75,178.0,175.1999969482422,175.8000030517578,970900
2016-05-18,179.8000030517578,179.8000030517578,180.0500030517578,174.14999389648438,175.3000030517578,821200
2016-05-19,178.25,178.25,183.9499969482422,177.89999389648438,179.89999389648438,1430300
2016-05-20,175.85000610351562,175.85000610351562,179.39999389648438,175.35000610351562,178.5,672400
2016-05-23,174.14999389648438,174.14999389648438,177.75,173.35000610351562,176.75,558200
2016-05-24,173.8000030517578,173.8000030517578,174.89999389648438,170.9499969482422,174.10000610351562,728400
2016-05-25,176.75,176.75,177.60000610351562,176.0,176.1999969482422,594200
2016-05-26,180.6000061035156,180.6000061035156,181.3999938964844,176.10000610351562,177.6999969482422,1062200
2016-05-27,183.3500061035156,183.3500061035156,185.1999969482422,181.6000061035156,181.8999938964844,724800
2016-05-30,181.6499938964844,181.6499938964844,186.4499969482422,181.3500061035156,184.3999938964844,498700
2016-05-31,183.1499938964844,183.1499938964844,184.6499938964844,179.6999969482422,182.1999969482422,721500
2016-06-01,184.1000061035156,184.1000061035156,184.6499938964844,181.75,183.1000061035156,697000
2016-06-02,184.3500061035156,184.3500061035156,184.8000030517578,182.3000030517578,183.6999969482422,428500
2016-06-03,182.0500030517578,182.0500030517578,186.25,181.0,185.0,483100
2016-06-06,183.8000030517578,183.8000030517578,184.6000061035156,182.6499938964844,182.8000030517578,423900
2016-06-07,187.25,187.25,187.75,184.0500030517578,185.3000030517578,465900
2016-06-08,187.6000061035156,187.6000061035156,188.3000030517578,186.3000030517578,187.1999969482422,352500
2016-06-09,187.8999938964844,187.8999938964844,189.0500030517578,186.8999938964844,188.3999938964844,319800
2016-06-10,186.25,186.25,189.5,185.6999969482422,187.3500061035156,619700
2016-06-13,183.1999969482422,183.1999969482422,184.8500061035156,181.75,184.3000030517578,1154400
2016-06-14,185.5500030517578,185.5500030517578,186.8500061035156,184.6499938964844,184.6499938964844,1515900
2016-06-15,186.3500061035156,186.3500061035156,187.5500030517578,185.3999938964844,186.8000030517578,707700
2016-06-16,185.0,185.0,186.6000061035156,182.6499938964844,186.1000061035156,913200
2016-06-17,191.9499969482422,191.9499969482422,192.5,186.8500061035156,187.3999938964844,1897600
2016-06-20,194.0,194.0,195.5,191.0,191.5,1533100
2016-06-21,194.8000030517578,194.8000030517578,195.3500061035156,193.1499938964844,194.3500061035156,1038300
2016-06-22,195.0500030517578,195.0500030517578,197.1999969482422,193.6499938964844,195.3500061035156,949200
2016-06-23,192.8000030517578,192.8000030517578,195.1000061035156,190.8999938964844,194.3999938964844,785500
2016-06-24,184.9499969482422,184.9499969482422,185.9499969482422,178.39999389648438,185.6000061035156,1621300
2016-06-27,187.8000030517578,187.8000030517578,188.8500061035156,184.3999938964844,184.5,969800
2016-06-28,189.75,189.75,190.3500061035156,187.3999938964844,188.0,743700
2016-06-29,195.4499969482422,195.4499969482422,198.3000030517578,193.3999938964844,193.3999938964844,1769000
2016-06-30,200.25,200.25,200.8500061035156,197.3500061035156,197.8000030517578,1561200
2016-07-01,201.3999938964844,201.3999938964844,202.5,200.3999938964844,201.5,1038200
2016-07-04,206.0500030517578,206.0500030517578,208.25,201.8500061035156,201.8500061035156,895400
2016-07-05,205.1000061035156,205.1000061035156,208.8000030517578,203.75,206.0,1459100
2016-07-07,204.0500030517578,204.0500030517578,208.1999969482422,203.3999938964844,206.1000061035156,961800
2016-07-08,203.1499938964844,203.1499938964844,206.3000030517578,201.6999969482422,205.75,966200
2016-07-11,207.1000061035156,207.1000061035156,207.9499969482422,205.9499969482422,206.1499938964844,561100
2016-07-12,209.8999938964844,209.8999938964844,210.8999938964844,205.75,207.8999938964844,1737000
2016-07-13,206.4499969482422,206.4499969482422,211.1499938964844,201.8999938964844,210.8999938964844,2039200
2016-07-14,205.8000030517578,205.8000030517578,207.25,204.9499969482422,206.0500030517578,1414200
2016-07-15,204.6999969482422,204.6999969482422,206.8000030517578,203.8000030517578,206.6999969482422,1199000
2016-07-18,202.1999969482422,202.1999969482422,207.9499969482422,201.4499969482422,205.1000061035156,2278300
2016-07-19,201.1999969482422,201.1999969482422,203.1499938964844,198.8999938964844,202.5500030517578,1326300
2016-07-20,206.6000061035156,206.6000061035156,207.3000030517578,201.5,201.6499938964844,769800
2016-07-21,204.3500061035156,204.3500061035156,208.3000030517578,203.8500061035156,207.4499969482422,1173600
2016-07-22,205.8999938964844,205.8999938964844,206.6000061035156,203.8999938964844,203.8999938964844,903300
2016-07-25,208.9499969482422,208.9499969482422,209.8500061035156,206.1999969482422,206.75,1018800
2016-07-26,206.25,206.25,209.75,205.8999938964844,209.1999969482422,1730200
2016-07-27,205.6999969482422,205.6999969482422,208.4499969482422,204.25,207.0,1120100
2016-07-28,207.6999969482422,207.6999969482422,208.8999938964844,206.25,206.25,1540700
2016-07-29,207.3999938964844,207.3999938964844,209.9499969482422,207.0,208.3999938964844,604700
2016-08-01,207.5,207.5,210.1499938964844,204.0,208.9499969482422,637100
2016-08-02,205.0,205.0,209.1499938964844,204.1000061035156,208.6499938964844,687300
2016-08-03,202.0500030517578,202.0500030517578,205.6000061035156,201.0,204.8000030517578,731600
2016-08-04,206.8500061035156,206.8500061035156,208.25,200.8000030517578,203.4499969482422,557400
2016-08-05,211.8000030517578,211.8000030517578,212.3000030517578,207.5500030517578,208.6499938964844,687000
2016-08-08,213.6000061035156,213.6000061035156,214.5500030517578,211.8000030517578,212.8000030517578,468300
2016-08-09,214.3999938964844,214.3999938964844,215.0500030517578,211.8500061035156,214.3500061035156,560500
2016-08-10,211.25,211.25,216.0500030517578,208.8000030517578,214.6999969482422,630500
2016-08-11,210.1000061035156,210.1000061035156,212.1999969482422,207.0,211.5,648000
2016-08-12,209.0500030517578,209.0500030517578,212.3000030517578,208.4499969482422,211.0,362700
2016-08-16,207.6499938964844,207.6499938964844,209.1999969482422,205.1499938964844,208.9499969482422,1043200
2016-08-17,208.6999969482422,208.6999969482422,210.8000030517578,206.8999938964844,207.8500061035156,1001000
2016-08-18,211.3500061035156,211.3500061035156,212.6000061035156,209.25,209.5,546600
2016-08-19,210.1499938964844,210.1499938964844,213.0500030517578,209.8000030517578,211.6000061035156,470300
2016-08-22,210.25,210.25,212.6499938964844,209.6499938964844,211.8500061035156,365200
2016-08-23,209.5500030517578,209.5500030517578,210.1999969482422,207.8999938964844,210.1000061035156,403700
2016-08-24,210.1000061035156,210.1000061035156,210.8500061035156,209.3500061035156,209.5,338900
2016-08-25,208.6000061035156,208.6000061035156,212.1499938964844,208.0500030517578,210.6999969482422,553000
2016-08-26,206.1499938964844,206.1499938964844,210.4499969482422,205.8000030517578,209.8000030517578,449500
2016-08-29,206.25,206.25,206.6499938964844,204.8999938964844,206.1000061035156,553400
2016-08-30,208.0,208.0,209.4499969482422,206.1000061035156,206.6000061035156,531800
2016-08-31,205.5500030517578,205.5500030517578,210.6000061035156,204.8500061035156,209.4499969482422,665300
2016-09-01,201.25,201.25,205.5,200.25,205.4499969482422,464400
2016-09-02,202.8000030517578,202.8000030517578,204.3000030517578,201.8000030517578,202.3999938964844,383300
2016-09-06,206.0500030517578,206.0500030517578,206.3500061035156,204.6000061035156,205.8000030517578,323000
2016-09-07,207.3999938964844,207.3999938964844,209.25,204.8999938964844,207.1000061035156,1608700
2016-09-08,213.3500061035156,213.3500061035156,214.0,208.3500061035156,208.3500061035156,1080000
2016-09-09,214.6499938964844,214.6499938964844,216.0,210.5,212.9499969482422,756900
2016-09-12,204.0,204.0,210.3000030517578,203.1499938964844,208.75,788900
2016-09-14,204.0500030517578,204.0500030517578,207.1000061035156,203.3500061035156,204.3500061035156,574100
2016-09-15,203.6000061035156,203.6000061035156,206.5,202.6499938964844,204.6000061035156,904800
2016-09-16,205.5500030517578,205.5500030517578,207.6000061035156,203.1000061035156,205.75,787600
2016-09-19,208.6000061035156,208.6000061035156,209.1499938964844,204.1499938964844,206.6499938964844,914900
2016-09-20,205.5,205.5,209.1499938964844,203.0500030517578,209.1000061035156,661600
2016-09-21,206.1000061035156,206.1000061035156,208.6000061035156,205.3500061035156,206.6000061035156,465300
2016-09-22,208.8999938964844,208.8999938964844,209.5,207.1999969482422,208.3500061035156,420500
2016-09-23,210.5500030517578,210.5500030517578,213.5,209.25,210.0500030517578,645000
2016-09-26,205.5500030517578,205.5500030517578,210.5,205.0,209.6000061035156,501900
2016-09-27,206.1000061035156,206.1000061035156,207.6999969482422,204.8000030517578,206.6499938964844,413400
2016-09-28,209.8000030517578,209.8000030517578,210.8000030517578,206.1499938964844,206.6000061035156,624600
2016-09-29,195.1499938964844,195.1499938964844,212.4499969482422,194.3999938964844,211.5500030517578,1239800
2016-09-30,202.6999969482422,202.6999969482422,203.5500030517578,194.6999969482422,194.8000030517578,730700
2016-10-03,209.0,209.0,209.4499969482422,204.4499969482422,204.8999938964844,603100
2016-10-04,209.8000030517578,209.8000030517578,210.3999938964844,207.6499938964844,209.8500061035156,512600
2016-10-05,213.6499938964844,213.6499938964844,214.6000061035156,208.8999938964844,210.6999969482422,618200
2016-10-06,210.4499969482422,210.4499969482422,215.75,209.0,214.0500030517578,487400
2016-10-07,211.25,211.25,212.25,209.6999969482422,211.25,381900
2016-10-10,208.5,208.5,212.3999938964844,208.0,212.1000061035156,312300
2016-10-13,203.6999969482422,203.6999969482422,207.5,200.3000030517578,207.4499969482422,485600
2016-10-14,205.3999938964844,205.3999938964844,206.1499938964844,202.6499938964844,204.75,350200
2016-10-17,203.3000030517578,203.3000030517578,206.6999969482422,201.8000030517578,206.0,478100
2016-10-18,205.75,205.75,207.0,204.3999938964844,204.5,415100
2016-10-19,204.6000061035156,204.6000061035156,207.1999969482422,203.75,207.1999969482422,290000
2016-10-20,207.9499969482422,207.9499969482422,208.3000030517578,205.9499969482422,206.25,592800
2016-10-21,209.6499938964844,209.6499938964844,210.75,208.3000030517578,209.1000061035156,721500
2016-10-24,210.8000030517578,210.8000030517578,212.0500030517578,208.9499969482422,210.25,523400
2016-10-25,209.5,209.5,211.1000061035156,208.1499938964844,211.1000061035156,266700
2016-10-26,208.9499969482422,208.9499969482422,212.75,207.8999938964844,209.6000061035156,457900
2016-10-27,207.6000061035156,207.6000061035156,209.6999969482422,205.6000061035156,208.5500030517578,429600
2016-10-28,210.4499969482422,210.4499969482422,210.8999938964844,207.1999969482422,208.0500030517578,419100
2016-11-01,209.0500030517578,209.0500030517578,211.8500061035156,208.5,211.25,293900
2016-11-02,203.3999938964844,203.3999938964844,207.4499969482422,202.9499969482422,207.3999938964844,452600
2016-11-03,201.0500030517578,201.0500030517578,205.4499969482422,200.6999969482422,203.5,457900
2016-11-04,195.3999938964844,195.3999938964844,202.1000061035156,194.5,201.8999938964844,457200
2016-11-07,198.6000061035156,198.6000061035156,199.9499969482422,197.8999938964844,198.25,319100
2016-11-08,198.1999969482422,198.1999969482422,200.4499969482422,196.3999938964844,199.25,239100
2016-11-09,175.1999969482422,175.1999969482422,177.5500030517578,164.5,175.4499969482422,1459800
2016-11-10,177.35000610351562,177.35000610351562,185.1000061035156,176.3000030517578,176.5500030517578,987400
2016-11-11,168.35000610351562,168.35000610351562,172.9499969482422,166.1999969482422,172.8000030517578,954000
2016-11-15,159.6999969482422,159.6999969482422,168.0,158.6999969482422,167.1999969482422,715800
2016-11-16,158.10000610351562,158.10000610351562,163.75,157.60000610351562,162.10000610351562,586000
2016-11-17,160.10000610351562,160.10000610351562,161.5500030517578,156.39999389648438,157.25,588800
2016-11-18,162.3000030517578,162.3000030517578,163.14999389648438,158.8000030517578,161.35000610351562,475800
2016-11-21,153.85000610351562,153.85000610351562,163.3000030517578,153.1999969482422,162.85000610351562,580400
2016-11-22,158.4499969482422,158.4499969482422,159.75,151.5,154.60000610351562,608500
2016-11-23,163.10000610351562,163.10000610351562,163.6999969482422,158.14999389648438,159.85000610351562,629900
2016-11-24,160.9499969482422,160.9499969482422,163.35000610351562,160.1999969482422,161.64999389648438,681700
2016-11-25,163.4499969482422,163.4499969482422,164.0,160.75,163.3000030517578,580900
2016-11-28,166.39999389648438,166.39999389648438,167.64999389648438,162.5500030517578,163.10000610351562,376700
2016-11-29,167.1999969482422,167.1999969482422,170.14999389648438,166.60000610351562,167.14999389648438,462900
2016-11-30,167.85000610351562,167.85000610351562,168.85000610351562,166.1999969482422,168.0,381300
2016-12-01,165.75,165.75,169.0,165.1999969482422,168.1999969482422,350000
2016-12-02,162.6999969482422,162.6999969482422,164.75,162.0500030517578,164.14999389648438,413800
2016-12-05,163.85000610351562,163.85000610351562,164.6999969482422,161.3000030517578,162.5,449200
2016-12-06,166.1999969482422,166.1999969482422,167.39999389648438,164.8000030517578,164.8000030517578,340800
2016-12-07,164.1999969482422,164.1999969482422,168.39999389648438,163.4499969482422,166.4499969482422,525200
2016-12-08,166.64999389648438,166.64999389648438,167.0500030517578,164.8000030517578,165.0500030517578,385400
2016-12-09,169.64999389648438,169.64999389648438,170.0500030517578,166.8000030517578,167.35000610351562,250400
2016-12-12,168.75,168.75,170.4499969482422,168.10000610351562,169.64999389648438,336900
2016-12-13,166.75,166.75,169.6999969482422,166.35000610351562,169.5,303900
2016-12-14,167.4499969482422,167.4499969482422,169.85000610351562,166.6999969482422,166.75,252800
2016-12-15,167.85000610351562,167.85000610351562,170.0500030517578,165.35000610351562,165.89999389648438,461000
2016-12-16,167.6999969482422,167.6999969482422,168.9499969482422,166.60000610351562,168.35000610351562,380500
2016-12-19,165.9499969482422,165.9499969482422,167.85000610351562,165.5,167.60000610351562,271200
2016-12-20,165.89999389648438,165.89999389648438,168.0500030517578,165.25,167.5,445100
2016-12-21,167.64999389648438,167.64999389648438,168.64999389648438,165.5500030517578,166.39999389648438,367100
2016-12-22,166.8000030517578,166.8000030517578,168.14999389648438,165.75,167.3000030517578,440500
2016-12-23,164.64999389648438,164.64999389648438,167.0,164.1999969482422,165.85000610351562,387900
2016-12-26,158.64999389648438,158.64999389648438,164.3000030517578,158.0,164.0,403500
2016-12-27,159.6999969482422,159.6999969482422,160.1999969482422,154.9499969482422,157.8000030517578,623000
2016-12-28,161.4499969482422,161.4499969482422,162.10000610351562,159.14999389648438,160.35000610351562,435200
2016-12-29,163.14999389648438,163.14999389648438,163.9499969482422,160.85000610351562,161.39999389648438,515500
2016-12-30,165.35000610351562,165.35000610351562,166.4499969482422,163.5500030517578,163.5500030517578,581700
2017-01-02,172.60000610351562,172.60000610351562,173.10000610351562,168.10000610351562,168.89999389648438,799400
2017-01-03,173.39999389648438,173.39999389648438,174.4499969482422,171.9499969482422,173.0500030517578,432800
2017-01-04,177.25,177.25,177.64999389648438,173.5500030517578,173.85000610351562,735700
2017-01-05,179.25,179.25,179.60000610351562,177.5,178.4499969482422,675800
2017-01-06,177.75,177.75,180.8000030517578,177.35000610351562,179.14999389648438,467800
2017-01-09,179.25,179.25,180.3500061035156,177.75,177.8000030517578,355700
2017-01-10,178.75,178.75,180.6999969482422,178.3000030517578,179.6999969482422,352200
2017-01-11,179.5,179.5,179.85000610351562,178.64999389648438,179.60000610351562,367200
2017-01-12,179.0,179.0,180.1999969482422,178.10000610351562,180.0500030517578,263300
2017-01-13,178.8000030517578,178.8000030517578,179.60000610351562,177.64999389648438,179.39999389648438,278300
2017-01-16,181.1999969482422,181.1999969482422,182.9499969482422,179.39999389648438,179.60000610351562,557000
2017-01-17,181.8999938964844,181.8999938964844,183.1999969482422,181.3500061035156,181.8000030517578,400500
2017-01-18,182.0,182.0,182.6499938964844,181.1499938964844,181.5500030517578,357600
2017-01-19,181.3999938964844,181.3999938964844,182.3000030517578,180.8500061035156,182.1000061035156,268900
2017-01-20,177.35000610351562,177.35000610351562,182.5500030517578,176.89999389648438,180.75,353400
2017-01-23,178.60000610351562,178.60000610351562,180.10000610351562,176.4499969482422,176.60000610351562,347700
2017-01-24,179.1999969482422,179.1999969482422,179.8000030517578,178.1999969482422,178.9499969482422,212400
2017-01-25,182.5,182.5,183.25,179.75,179.89999389648438,560800
2017-01-27,181.3999938964844,181.3999938964844,183.5,180.3000030517578,182.6999969482422,728200
2017-01-30,180.6999969482422,180.6999969482422,183.3000030517578,180.3999938964844,181.3999938964844,460000
2017-01-31,179.5500030517578,179.5500030517578,181.1999969482422,178.75,181.1000061035156,470300
2017-02-01,188.4499969482422,188.4499969482422,189.25,180.25,180.8500061035156,1413300
2017-02-02,188.75,188.75,190.6000061035156,186.75,188.6999969482422,786200
2017-02-03,190.3999938964844,190.3999938964844,191.3999938964844,188.0,189.3500061035156,1493600
2017-02-06,194.1000061035156,194.1000061035156,196.8000030517578,191.5,192.3999938964844,1591100
2017-02-07,193.0500030517578,193.0500030517578,195.0500030517578,191.8999938964844,194.6999969482422,1954900
2017-02-08,194.5,194.5,195.0500030517578,191.0500030517578,193.6999969482422,1418700
2017-02-09,196.3500061035156,196.3500061035156,197.8500061035156,193.5,194.9499969482422,874900
2017-02-10,196.0500030517578,196.0500030517578,197.5500030517578,195.1999969482422,197.3500061035156,492400
2017-02-13,194.0,194.0,197.5,192.0,196.8000030517578,657700
2017-02-14,192.6000061035156,192.6000061035156,194.6999969482422,191.6000061035156,194.1999969482422,828900
2017-02-15,185.0500030517578,185.0500030517578,191.1000061035156,184.3500061035156,190.3000030517578,872800
2017-02-16,188.5,188.5,189.5,184.5500030517578,184.8999938964844,567400
2017-02-17,189.25,189.25,190.1499938964844,187.6999969482422,189.5,447600
2017-02-20,191.9499969482422,191.9499969482422,193.0,189.5,190.1000061035156,512500
2017-02-21,192.8000030517578,192.8000030517578,193.1999969482422,191.5500030517578,192.8999938964844,368400
2017-02-22,193.0,193.0,196.3000030517578,192.3999938964844,192.8000030517578,541200
2017-02-23,194.5,194.5,194.8500061035156,193.1999969482422,193.75,448500
2017-02-27,194.8500061035156,194.8500061035156,195.75,193.5500030517578,194.75,408200
2017-02-28,197.1999969482422,197.1999969482422,198.1499938964844,194.6999969482422,195.3500061035156,735800
2017-03-01,204.8500061035156,204.8500061035156,205.3500061035156,198.6499938964844,199.5,1374200
2017-03-02,196.1999969482422,196.1999969482422,206.6499938964844,195.3500061035156,206.4499969482422,1011400
2017-03-03,198.1999969482422,198.1999969482422,198.6499938964844,194.9499969482422,195.1499938964844,500200
2017-03-06,199.9499969482422,199.9499969482422,200.25,197.6000061035156,198.25,501100
2017-03-07,201.6000061035156,201.6000061035156,201.9499969482422,198.6999969482422,200.1999969482422,510600
2017-03-08,198.8000030517578,198.8000030517578,202.5,197.5,201.3500061035156,446700
2017-03-09,198.3999938964844,198.3999938964844,200.1499938964844,197.75,198.4499969482422,436100
2017-03-10,198.25,198.25,200.6000061035156,197.5,199.8999938964844,395300
2017-03-14,203.3999938964844,203.3999938964844,204.1499938964844,201.1999969482422,203.1499938964844,619500
2017-03-15,203.8999938964844,203.8999938964844,206.0500030517578,202.5,203.75,466900
2017-03-16,206.4499969482422,206.4499969482422,206.75,205.0,205.6999969482422,358600
2017-03-17,208.0,208.0,208.8500061035156,206.1999969482422,206.8500061035156,343400
2017-03-20,207.1999969482422,207.1999969482422,209.1499938964844,206.8999938964844,208.5,274900
2017-03-21,210.5,210.5,211.1999969482422,206.5,206.9499969482422,421900
2017-03-22,211.8000030517578,211.8000030517578,214.5500030517578,207.5500030517578,209.5500030517578,532100
2017-03-23,212.25,212.25,215.25,211.6499938964844,212.3000030517578,272100
2017-03-24,213.1999969482422,213.1999969482422,214.25,212.4499969482422,212.8000030517578,386200
2017-03-27,213.0500030517578,213.0500030517578,213.8500061035156,211.4499969482422,213.3500061035156,321800
2017-03-28,212.1499938964844,212.1499938964844,214.8000030517578,211.9499969482422,213.8999938964844,333000
2017-03-29,211.3999938964844,211.3999938964844,213.3999938964844,210.8999938964844,213.0,423400
2017-03-30,215.3000030517578,215.3000030517578,217.5,211.5500030517578,211.5500030517578,849400
2017-03-31,214.9499969482422,214.9499969482422,216.4499969482422,214.5500030517578,215.6999969482422,328600
2017-04-03,219.1000061035156,219.1000061035156,219.4499969482422,213.8000030517578,214.9499969482422,953500
2017-04-05,225.8999938964844,225.8999938964844,227.8500061035156,219.8500061035156,219.8999938964844,1177900
2017-04-06,227.9499969482422,227.9499969482422,230.1999969482422,224.6999969482422,226.1499938964844,1073000
2017-04-07,224.6000061035156,224.6000061035156,230.6000061035156,223.6000061035156,227.5,694100
2017-04-10,223.3500061035156,223.3500061035156,226.3000030517578,222.1499938964844,225.5,456600
2017-04-11,226.1000061035156,226.1000061035156,226.8999938964844,223.6000061035156,223.8000030517578,636700
2017-04-12,226.3999938964844,226.3999938964844,227.25,221.3999938964844,226.8500061035156,967500
2017-04-13,228.0,228.0,229.6999969482422,226.5500030517578,226.9499969482422,902600
2017-04-17,246.3000030517578,246.3000030517578,247.1499938964844,227.9499969482422,228.3500061035156,3559000
2017-04-18,237.9499969482422,237.9499969482422,250.6999969482422,236.8999938964844,247.6999969482422,1884100
2017-04-19,241.4499969482422,241.4499969482422,242.6999969482422,234.6999969482422,235.0500030517578,1203200
2017-04-20,246.5500030517578,246.5500030517578,247.3999938964844,242.1499938964844,242.6499938964844,635900
2017-04-21,252.5,252.5,257.04998779296875,246.8999938964844,248.1499938964844,1382900
2017-04-24,258.54998779296875,258.54998779296875,262.45001220703125,253.3500061035156,253.3999938964844,1462700
2017-04-25,262.45001220703125,262.45001220703125,264.04998779296875,259.79998779296875,261.45001220703125,881600
2017-04-26,254.6499938964844,254.6499938964844,264.04998779296875,249.3999938964844,263.6499938964844,1114200
2017-04-27,255.6499938964844,255.6499938964844,256.8999938964844,252.5,255.5500030517578,715200
2017-04-28,251.0500030517578,251.0500030517578,256.04998779296875,249.75,255.75,776200
2017-05-02,255.6499938964844,255.6499938964844,258.54998779296875,251.8500061035156,252.3999938964844,710100
2017-05-03,259.6000061035156,259.6000061035156,262.45001220703125,256.95001220703125,256.95001220703125,748900
2017-05-04,257.3500061035156,257.3500061035156,260.95001220703125,255.75,260.29998779296875,445600
2017-05-05,254.9499969482422,254.9499969482422,259.70001220703125,252.6999969482422,258.75,496500
2017-05-08,265.6499938964844,265.6499938964844,266.6000061035156,252.5,256.04998779296875,1074900
2017-05-09,266.8500061035156,266.8500061035156,270.75,266.45001220703125,267.6499938964844,1177900
2017-05-10,267.1499938964844,267.1499938964844,268.6499938964844,264.8999938964844,268.25,552700
2017-05-11,267.8500061035156,267.8500061035156,271.8999938964844,267.04998779296875,268.0,636900
2017-05-12,269.5,269.5,270.3999938964844,262.75,268.29998779296875,892500
2017-05-15,271.54998779296875,271.54998779296875,273.04998779296875,269.6499938964844,271.29998779296875,651200
2017-05-16,274.1000061035156,274.1000061035156,274.6499938964844,270.1000061035156,272.6499938964844,1637000
2017-05-17,273.6499938964844,273.6499938964844,276.3999938964844,272.70001220703125,274.25,748300
2017-05-18,264.70001220703125,264.70001220703125,271.20001220703125,263.5,270.3500061035156,619500
2017-05-19,264.5,264.5,270.25,259.45001220703125,266.29998779296875,653000
2017-05-22,260.6000061035156,260.6000061035156,268.75,259.8999938964844,266.3999938964844,472000
2017-05-23,253.4499969482422,253.4499969482422,262.04998779296875,250.4499969482422,261.8999938964844,789300
2017-05-24,249.4499969482422,249.4499969482422,256.0,246.3000030517578,253.8000030517578,842500
2017-05-25,254.6999969482422,254.6999969482422,255.25,249.8999938964844,251.4499969482422,615100
2017-05-26,256.1499938964844,256.1499938964844,257.54998779296875,253.4499969482422,255.3500061035156,506200
2017-05-29,245.1000061035156,245.1000061035156,256.3999938964844,244.5,253.6999969482422,637900
2017-05-30,247.6000061035156,247.6000061035156,248.3500061035156,240.6999969482422,244.3999938964844,674700
2017-05-31,250.3999938964844,250.3999938964844,253.5500030517578,248.25,248.8000030517578,954500
2017-06-01,250.6999969482422,250.6999969482422,252.9499969482422,249.6000061035156,250.8000030517578,561000
2017-06-02,254.0,254.0,255.1000061035156,249.6999969482422,251.6999969482422,502500
2017-06-05,255.9499969482422,255.9499969482422,257.8500061035156,253.8999938964844,254.3000030517578,449500
2017-06-06,252.4499969482422,252.4499969482422,257.25,250.1000061035156,257.1000061035156,484500
2017-06-07,252.75,252.75,255.3000030517578,251.75,253.1499938964844,492500
2017-06-08,252.25,252.25,254.75,250.0,253.6999969482422,587100
2017-06-09,259.6499938964844,259.6499938964844,260.5,251.3500061035156,252.0500030517578,869900
2017-06-12,259.04998779296875,259.04998779296875,263.20001220703125,257.8999938964844,258.5,781700
2017-06-13,260.95001220703125,260.95001220703125,262.29998779296875,259.45001220703125,260.0,448200
2017-06-14,264.5,264.5,265.79998779296875,260.1499938964844,262.3500061035156,452900
2017-06-15,270.20001220703125,270.20001220703125,271.1000061035156,265.0,265.25,760900
2017-06-16,270.95001220703125,270.95001220703125,275.6499938964844,269.54998779296875,272.1000061035156,935600
2017-06-19,270.1000061035156,270.1000061035156,272.79998779296875,267.8999938964844,271.5,711000
2017-06-20,270.6000061035156,270.6000061035156,272.25,267.1499938964844,270.45001220703125,482700
2017-06-21,272.1000061035156,272.1000061035156,274.1000061035156,271.04998779296875,271.54998779296875,654700
2017-06-22,267.79998779296875,267.79998779296875,275.25,262.45001220703125,273.20001220703125,1520200
2017-06-23,263.45001220703125,263.45001220703125,270.0,258.75,268.1000061035156,998900
2017-06-27,260.04998779296875,260.04998779296875,265.6499938964844,257.6000061035156,263.79998779296875,782000
2017-06-28,262.1000061035156,262.1000061035156,263.29998779296875,257.3999938964844,259.8999938964844,1094700
2017-06-29,264.54998779296875,264.54998779296875,265.3500061035156,263.1000061035156,263.8500061035156,845400
2017-06-30,263.45001220703125,263.45001220703125,264.70001220703125,259.5,261.8500061035156,663500
2017-07-03,267.1000061035156,267.1000061035156,268.25,263.8500061035156,264.6000061035156,428700
2017-07-04,265.75,265.75,269.6499938964844,264.6000061035156,268.20001220703125,856900
2017-07-05,269.8500061035156,269.8500061035156,270.45001220703125,265.20001220703125,266.0,744100
2017-07-06,274.6000061035156,274.6000061035156,276.75,271.75,272.1000061035156,1149100
2017-07-07,279.45001220703125,279.45001220703125,280.20001220703125,273.45001220703125,274.04998779296875,2225400
2017-07-10,281.5,281.5,285.54998779296875,278.6499938964844,282.0,490400
2017-07-11,277.20001220703125,277.20001220703125,283.25,276.45001220703125,281.6499938964844,1236500
2017-07-12,277.6499938964844,277.6499938964844,279.79998779296875,276.70001220703125,278.54998779296875,852300
2017-07-13,278.29998779296875,278.29998779296875,282.70001220703125,277.75,278.95001220703125,574800
2017-07-14,276.29998779296875,276.29998779296875,279.04998779296875,274.1499938964844,278.45001220703125,818200
2017-07-17,280.3999938964844,280.3999938964844,281.8500061035156,274.54998779296875,276.70001220703125,2953700
2017-07-18,277.54998779296875,277.54998779296875,282.1499938964844,276.54998779296875,279.20001220703125,1352800
2017-07-19,281.29998779296875,281.29998779296875,283.5,278.20001220703125,278.6000061035156,1038400
2017-07-20,282.04998779296875,282.04998779296875,283.54998779296875,281.20001220703125,281.95001220703125,894000
2017-07-21,279.8999938964844,279.8999938964844,283.6000061035156,276.45001220703125,283.3999938964844,1107700
2017-07-24,280.0,280.0,283.45001220703125,279.20001220703125,280.54998779296875,1498900
2017-07-25,281.04998779296875,281.04998779296875,281.95001220703125,279.29998779296875,281.29998779296875,1584400
2017-07-26,282.54998779296875,282.54998779296875,285.8999938964844,281.70001220703125,282.70001220703125,1221100
2017-07-27,281.8999938964844,281.8999938964844,289.1499938964844,279.45001220703125,283.70001220703125,1485900
2017-07-28,281.20001220703125,281.20001220703125,283.20001220703125,278.45001220703125,281.1499938964844,744800
2017-07-31,282.95001220703125,282.95001220703125,283.54998779296875,279.29998779296875,280.95001220703125,554200
2017-08-01,282.95001220703125,282.95001220703125,284.8500061035156,281.6000061035156,284.1000061035156,607700
2017-08-02,282.3500061035156,282.3500061035156,285.45001220703125,280.79998779296875,284.8500061035156,686200
2017-08-03,279.95001220703125,279.95001220703125,283.45001220703125,278.45001220703125,281.45001220703125,1064000
2017-08-04,280.6000061035156,280.6000061035156,281.70001220703125,278.8999938964844,280.1000061035156,1284200
2017-08-07,284.95001220703125,284.95001220703125,286.79998779296875,280.8500061035156,280.95001220703125,1371800
2017-08-08,272.3999938964844,272.3999938964844,286.29998779296875,270.95001220703125,284.25,1663700
2017-08-09,271.04998779296875,271.04998779296875,276.04998779296875,265.29998779296875,270.75,2811500
2017-08-10,257.29998779296875,257.29998779296875,272.6499938964844,249.6000061035156,269.3500061035156,1539700
2017-08-11,254.8999938964844,254.8999938964844,260.75,250.8999938964844,253.6499938964844,1219000
2017-08-14,269.6499938964844,269.6499938964844,272.1499938964844,258.45001220703125,259.3999938964844,1283900
2017-08-16,271.95001220703125,271.95001220703125,273.0,268.6499938964844,271.45001220703125,776800
2017-08-17,273.5,273.5,276.8500061035156,271.70001220703125,272.95001220703125,692300
2017-08-18,271.29998779296875,271.29998779296875,273.54998779296875,268.25,271.25,708100
2017-08-21,268.54998779296875,268.54998779296875,273.79998779296875,267.54998779296875,272.3999938964844,620300
2017-08-22,266.1499938964844,266.1499938964844,271.8500061035156,263.95001220703125,270.79998779296875,735400
2017-08-23,275.29998779296875,275.29998779296875,276.29998779296875,269.25,270.29998779296875,937700
2017-08-24,273.6499938964844,273.6499938964844,276.79998779296875,273.0,275.1000061035156,745700
2017-08-28,274.5,274.5,277.75,273.6499938964844,276.45001220703125,780900
2017-08-29,272.04998779296875,272.04998779296875,275.3999938964844,270.95001220703125,272.6000061035156,723100
2017-08-30,276.6499938964844,276.6499938964844,277.95001220703125,274.29998779296875,274.5,459200
2017-08-31,280.3999938964844,280.3999938964844,281.70001220703125,275.45001220703125,277.29998779296875,486900
2017-09-01,287.6499938964844,287.6499938964844,289.45001220703125,281.0,281.04998779296875,976700
2017-09-04,282.8999938964844,282.8999938964844,288.3999938964844,277.6000061035156,286.79998779296875,869400
2017-09-05,286.8999938964844,286.8999938964844,287.3999938964844,283.29998779296875,283.8500061035156,487600
2017-09-06,287.1000061035156,287.1000061035156,288.75,283.04998779296875,284.1000061035156,970300
2017-09-07,289.3999938964844,289.3999938964844,292.25,288.6000061035156,288.75,755200
2017-09-08,285.1499938964844,285.1499938964844,291.20001220703125,283.5,290.45001220703125,564400
2017-09-11,287.04998779296875,287.04998779296875,288.79998779296875,286.45001220703125,287.95001220703125,446400
2017-09-12,292.8999938964844,292.8999938964844,293.75,289.0,289.1000061035156,677600
2017-09-13,289.20001220703125,289.20001220703125,294.8500061035156,288.3500061035156,294.1499938964844,460300
2017-09-14,287.70001220703125,287.70001220703125,292.70001220703125,287.20001220703125,291.20001220703125,387500
2017-09-15,286.75,286.75,288.1000061035156,283.5,285.8500061035156,507600
2017-09-18,288.75,288.75,289.79998779296875,285.3500061035156,289.20001220703125,846500
2017-09-19,291.29998779296875,291.29998779296875,293.1000061035156,287.70001220703125,289.0,955200
2017-09-20,289.75,289.75,293.8500061035156,288.79998779296875,292.1000061035156,708300
2017-09-21,285.3500061035156,285.3500061035156,292.29998779296875,284.25,290.3999938964844,672100
2017-09-22,272.95001220703125,272.95001220703125,283.95001220703125,271.25,282.8999938964844,680500
2017-09-25,264.3999938964844,264.3999938964844,275.6000061035156,261.25,274.45001220703125,925900
2017-09-26,271.5,271.5,274.6499938964844,265.20001220703125,265.6000061035156,600500
2017-09-27,263.54998779296875,263.54998779296875,275.79998779296875,262.04998779296875,273.0,620200
2017-09-28,266.45001220703125,266.45001220703125,267.8999938964844,263.1499938964844,264.8500061035156,505600
2017-09-29,273.5,273.5,275.6000061035156,268.1499938964844,268.8500061035156,631600
2017-10-03,274.25,274.25,277.95001220703125,273.3999938964844,276.6000061035156,424100
2017-10-04,275.54998779296875,275.54998779296875,276.95001220703125,273.29998779296875,275.45001220703125,299100
2017-10-05,278.04998779296875,278.04998779296875,280.20001220703125,276.29998779296875,276.29998779296875,404800
2017-10-06,278.45001220703125,278.45001220703125,280.6499938964844,277.45001220703125,278.0,345900
2017-10-09,284.95001220703125,284.95001220703125,286.6000061035156,276.1499938964844,279.04998779296875,559700
2017-10-10,282.5,282.5,286.54998779296875,281.8999938964844,285.8500061035156,417500
2017-10-11,277.04998779296875,277.04998779296875,285.5,275.45001220703125,284.04998779296875,530100
2017-10-12,281.70001220703125,281.70001220703125,282.3999938964844,278.20001220703125,278.29998779296875,461800
2017-10-13,282.54998779296875,282.54998779296875,286.25,279.70001220703125,282.45001220703125,331600
2017-10-16,285.70001220703125,285.70001220703125,287.6000061035156,282.54998779296875,283.95001220703125,335700
2017-10-17,288.25,288.25,289.3999938964844,283.8500061035156,285.25,435600
2017-10-18,287.95001220703125,287.95001220703125,289.8500061035156,286.75,288.79998779296875,390000
2017-10-19,287.25,287.25,290.1000061035156,285.3500061035156,289.1000061035156,86200
2017-10-23,289.95001220703125,289.95001220703125,292.54998779296875,286.20001220703125,289.1499938964844,588700
2017-10-24,291.6000061035156,291.6000061035156,295.6000061035156,290.79998779296875,290.95001220703125,401600
2017-10-25,290.3999938964844,290.3999938964844,296.75,287.25,296.0,368700
2017-10-26,291.6499938964844,291.6499938964844,293.6499938964844,287.04998779296875,290.95001220703125,466400
2017-10-27,290.1499938964844,290.1499938964844,294.20001220703125,289.1000061035156,293.95001220703125,440200
2017-10-30,295.95001220703125,295.95001220703125,296.79998779296875,290.54998779296875,291.79998779296875,804500
2017-10-31,304.5,304.5,305.25,294.8500061035156,296.1000061035156,826200
2017-11-01,312.3999938964844,312.3999938964844,316.8999938964844,305.75,307.75,1051600
2017-11-02,312.5,312.5,314.3500061035156,309.8500061035156,312.70001220703125,419600
2017-11-03,314.6499938964844,314.6499938964844,316.29998779296875,312.25,313.5,586700
2017-11-06,316.04998779296875,316.04998779296875,319.1499938964844,313.5,316.8500061035156,559800
2017-11-07,308.95001220703125,308.95001220703125,319.3500061035156,307.20001220703125,318.25,580900
2017-11-08,306.54998779296875,306.54998779296875,311.1499938964844,303.75,309.6499938964844,447300
2017-11-09,306.25,306.25,310.20001220703125,303.3999938964844,309.04998779296875,396000
2017-11-10,306.29998779296875,306.29998779296875,311.8999938964844,303.79998779296875,305.95001220703125,454600
2017-11-13,302.04998779296875,302.04998779296875,306.45001220703125,299.75,304.6000061035156,579800
2017-11-14,303.5,303.5,304.8500061035156,300.29998779296875,301.8500061035156,475200
2017-11-15,298.04998779296875,298.04998779296875,304.54998779296875,295.1499938964844,303.3999938964844,448100
2017-11-16,302.0,302.0,303.0,296.95001220703125,299.79998779296875,607700
2017-11-17,313.04998779296875,313.04998779296875,316.25,307.0,307.8500061035156,1117600
2017-11-20,319.70001220703125,319.70001220703125,321.3500061035156,312.3999938964844,313.3999938964844,740000
2017-11-21,316.04998779296875,316.04998779296875,323.04998779296875,314.70001220703125,321.25,444400
2017-11-22,316.8999938964844,316.8999938964844,320.79998779296875,315.8999938964844,318.45001220703125,633100
2017-11-23,317.1000061035156,317.1000061035156,320.0,313.5,318.04998779296875,609000
2017-11-24,317.79998779296875,317.79998779296875,318.6000061035156,316.20001220703125,318.1000061035156,543800
2017-11-27,320.54998779296875,320.54998779296875,321.75,316.6000061035156,318.45001220703125,587200
2017-11-28,319.1499938964844,319.1499938964844,323.1000061035156,317.5,320.75,513100
2017-11-29,322.0,322.0,326.29998779296875,318.8999938964844,319.1499938964844,655700
2017-11-30,325.6000061035156,325.6000061035156,327.25,318.8500061035156,319.8999938964844,1126700
2017-12-01,319.1499938964844,319.1499938964844,330.3999938964844,316.75,328.3500061035156,490600
2017-12-04,317.95001220703125,317.95001220703125,322.20001220703125,316.04998779296875,321.70001220703125,375300
2017-12-05,316.20001220703125,316.20001220703125,320.6000061035156,315.79998779296875,317.8999938964844,371400
2017-12-06,315.1499938964844,315.1499938964844,319.5,314.3500061035156,315.3500061035156,411500
2017-12-07,321.04998779296875,321.04998779296875,321.6000061035156,315.95001220703125,316.3500061035156,502600
2017-12-08,323.3999938964844,323.3999938964844,324.3999938964844,322.1499938964844,322.8500061035156,1582500
2017-12-11,322.8500061035156,322.8500061035156,327.1499938964844,322.3500061035156,326.29998779296875,2168000
2017-12-12,317.79998779296875,317.79998779296875,323.3999938964844,317.1499938964844,322.95001220703125,1043700
2017-12-13,311.0,311.0,318.95001220703125,309.5,318.1499938964844,2157300
2017-12-14,312.0,312.0,315.75,308.6000061035156,314.04998779296875,650900
2017-12-15,317.25,317.25,318.3999938964844,313.6499938964844,314.79998779296875,546600
2017-12-18,315.6499938964844,315.6499938964844,320.95001220703125,305.29998779296875,314.5,581300
2017-12-19,320.75,320.75,321.6499938964844,316.8500061035156,318.0,639900
2017-12-20,330.20001220703125,330.20001220703125,332.45001220703125,321.29998779296875,321.8999938964844,1213300
2017-12-21,332.70001220703125,332.70001220703125,333.95001220703125,328.3999938964844,331.54998779296875,2124400
2017-12-22,333.25,333.25,336.29998779296875,332.1499938964844,334.6499938964844,929400
2017-12-26,337.04998779296875,337.04998779296875,338.54998779296875,333.79998779296875,334.04998779296875,753200
2017-12-27,334.8999938964844,334.8999938964844,339.5,332.79998779296875,339.04998779296875,566200
2017-12-28,345.1000061035156,345.1000061035156,346.29998779296875,335.1000061035156,335.75,1534200
2017-12-29,346.8999938964844,346.8999938964844,348.6499938964844,344.20001220703125,346.5,2842300
2018-01-01,347.70001220703125,347.70001220703125,355.6000061035156,346.25,349.3500061035156,3037900
2018-01-02,343.8500061035156,343.8500061035156,352.70001220703125,341.79998779296875,350.29998779296875,2528500
2018-01-03,345.45001220703125,345.45001220703125,349.5,344.1000061035156,345.1499938964844,1198100
2018-01-04,344.79998779296875,344.79998779296875,347.70001220703125,342.5,346.6000061035156,1327700
2018-01-05,347.29998779296875,347.29998779296875,351.45001220703125,345.20001220703125,346.04998779296875,2275000
2018-01-08,350.54998779296875,350.54998779296875,354.29998779296875,349.29998779296875,351.95001220703125,1049900
2018-01-09,360.3999938964844,360.3999938964844,361.5,350.79998779296875,352.45001220703125,1150700
2018-01-10,364.9500122070313,364.9500122070313,365.8500061035156,360.8999938964844,362.2999877929688,1150200
2018-01-11,372.25,372.25,373.5,365.5499877929688,365.8500061035156,844500
2018-01-12,366.7999877929688,366.7999877929688,375.1499938964844,362.6499938964844,374.5499877929688,857300
2018-01-15,366.8999938964844,366.8999938964844,371.4500122070313,366.0,368.8999938964844,904000
2018-01-16,354.5,354.5,368.4500122070313,352.8999938964844,368.3500061035156,1033200
2018-01-17,357.54998779296875,357.54998779296875,358.45001220703125,344.25,355.54998779296875,1418600
2018-01-18,343.54998779296875,343.54998779296875,360.9500122070313,340.8500061035156,360.3999938964844,984900
2018-01-19,347.29998779296875,347.29998779296875,348.0,340.79998779296875,343.1000061035156,683000
2018-01-22,353.95001220703125,353.95001220703125,355.04998779296875,347.29998779296875,348.6499938964844,475300
2018-01-23,356.29998779296875,356.29998779296875,358.04998779296875,353.6000061035156,356.1499938964844,588800
2018-01-24,356.0,356.0,360.1499938964844,354.04998779296875,356.8999938964844,613000
2018-01-25,349.75,349.75,357.1000061035156,349.0,356.6000061035156,447000
2018-01-29,348.54998779296875,348.54998779296875,353.6000061035156,347.25,352.0,683100
2018-01-30,344.79998779296875,344.79998779296875,349.20001220703125,344.25,346.95001220703125,691100
2018-01-31,344.70001220703125,344.70001220703125,351.25,343.25,345.1000061035156,527000
2018-02-01,341.8999938964844,341.8999938964844,349.45001220703125,335.8500061035156,347.29998779296875,663800
2018-02-02,320.79998779296875,320.79998779296875,337.8999938964844,313.20001220703125,337.75,1028400
2018-02-05,319.3500061035156,319.3500061035156,320.70001220703125,307.20001220703125,311.79998779296875,730800
2018-02-06,313.3500061035156,313.3500061035156,315.95001220703125,299.75,303.25,766000
2018-02-07,318.6499938964844,318.6499938964844,322.1499938964844,317.20001220703125,319.0,504300
2018-02-08,326.8500061035156,326.8500061035156,329.79998779296875,320.3500061035156,321.3999938964844,596300
2018-02-09,328.0,328.0,331.95001220703125,317.79998779296875,318.0,664000
2018-02-12,333.54998779296875,333.54998779296875,336.6499938964844,331.3999938964844,331.8999938964844,571000
2018-02-14,334.70001220703125,334.70001220703125,339.6499938964844,333.6000061035156,336.95001220703125,836300
2018-02-15,331.29998779296875,331.29998779296875,337.70001220703125,329.45001220703125,336.25,488900
2018-02-16,327.20001220703125,327.20001220703125,336.6499938964844,324.8999938964844,334.3999938964844,516300
2018-02-19,322.54998779296875,322.54998779296875,328.8500061035156,320.5,328.6499938964844,455300
2018-02-20,320.8500061035156,320.8500061035156,324.25,318.04998779296875,323.8500061035156,398300
2018-02-21,318.6499938964844,318.6499938964844,324.1000061035156,317.29998779296875,323.45001220703125,451100
2018-02-22,319.6499938964844,319.6499938964844,321.6000061035156,315.6499938964844,316.45001220703125,630400
2018-02-23,322.54998779296875,322.54998779296875,323.25,320.6000061035156,320.6000061035156,400100
2018-02-26,332.6499938964844,332.6499938964844,334.70001220703125,324.1000061035156,324.6000061035156,396400
2018-02-27,327.1499938964844,327.1499938964844,333.20001220703125,326.29998779296875,333.1499938964844,324100
2018-02-28,326.8999938964844,326.8999938964844,329.25,322.54998779296875,325.0,372800
2018-03-01,324.75,324.75,329.0,323.8999938964844,326.6499938964844,295600
2018-03-05,321.54998779296875,321.54998779296875,324.45001220703125,319.75,322.79998779296875,329000
2018-03-06,314.25,314.25,327.70001220703125,311.70001220703125,324.0,365400
2018-03-07,311.3999938964844,311.3999938964844,314.0,307.3999938964844,312.04998779296875,707700
2018-03-08,315.8500061035156,315.8500061035156,317.95001220703125,307.3999938964844,313.75,487200
2018-03-09,315.70001220703125,315.70001220703125,318.3500061035156,313.45001220703125,317.5,424200
2018-03-12,317.3999938964844,317.3999938964844,320.1000061035156,313.6499938964844,319.3500061035156,612600
2018-03-13,321.95001220703125,321.95001220703125,324.79998779296875,316.5,317.75,612100
2018-03-14,320.29998779296875,320.29998779296875,321.45001220703125,318.29998779296875,320.70001220703125,387400
2018-03-15,319.95001220703125,319.95001220703125,323.5,318.6499938964844,320.5,544100
2018-03-16,314.79998779296875,314.79998779296875,323.3999938964844,313.6000061035156,320.6000061035156,553900
2018-03-19,305.54998779296875,305.54998779296875,316.8500061035156,304.29998779296875,315.20001220703125,372700
2018-03-20,304.29998779296875,304.29998779296875,305.6000061035156,301.3500061035156,303.0,289700
2018-03-21,306.70001220703125,306.70001220703125,312.79998779296875,305.20001220703125,307.1000061035156,304700
2018-03-22,303.0,303.0,308.1499938964844,301.8999938964844,306.29998779296875,320500
2018-03-23,292.95001220703125,292.95001220703125,297.5,290.8500061035156,295.45001220703125,410800
2018-03-26,296.3999938964844,296.3999938964844,297.8999938964844,292.20001220703125,294.79998779296875,520400
2018-03-27,297.25,297.25,300.3500061035156,296.25,298.5,378700
2018-03-28,294.04998779296875,294.04998779296875,297.3500061035156,291.54998779296875,296.04998779296875,552900
2018-04-02,296.3999938964844,296.3999938964844,297.79998779296875,293.20001220703125,296.45001220703125,325400
2018-04-03,297.8999938964844,297.8999938964844,298.6000061035156,295.0,295.8500061035156,516800
2018-04-04,294.0,294.0,305.45001220703125,293.04998779296875,300.0,1391700
2018-04-05,301.70001220703125,301.70001220703125,302.70001220703125,298.1499938964844,299.3500061035156,567300
2018-04-06,303.3999938964844,303.3999938964844,305.29998779296875,302.25,304.8500061035156,525500
2018-04-09,303.29998779296875,303.29998779296875,305.8999938964844,302.70001220703125,304.25,301900
2018-04-10,306.6000061035156,306.6000061035156,307.3500061035156,302.54998779296875,305.54998779296875,449800
2018-04-11,305.3999938964844,305.3999938964844,308.1499938964844,304.5,307.3999938964844,342100
2018-04-12,299.54998779296875,299.54998779296875,305.20001220703125,298.79998779296875,305.20001220703125,350700
2018-04-13,300.8999938964844,300.8999938964844,303.20001220703125,298.75,300.6000061035156,268200
2018-04-16,305.79998779296875,305.79998779296875,306.8999938964844,297.95001220703125,298.45001220703125,426200
2018-04-17,309.45001220703125,309.45001220703125,310.1499938964844,305.1000061035156,307.6499938964844,376700
2018-04-18,311.20001220703125,311.20001220703125,313.70001220703125,309.6499938964844,312.54998779296875,420700
2018-04-19,313.20001220703125,313.20001220703125,314.70001220703125,312.04998779296875,314.1000061035156,290600
2018-04-20,310.20001220703125,310.20001220703125,312.8500061035156,309.04998779296875,312.29998779296875,233200
2018-04-23,315.20001220703125,315.20001220703125,317.54998779296875,310.45001220703125,311.45001220703125,265300
2018-04-24,316.45001220703125,316.45001220703125,319.3500061035156,314.5,317.3500061035156,285300
2018-04-25,318.3500061035156,318.3500061035156,325.6499938964844,313.54998779296875,316.1499938964844,661500
2018-04-26,316.1499938964844,316.1499938964844,324.29998779296875,315.25,321.6499938964844,821900
2018-04-27,317.25,317.25,322.0,315.8500061035156,317.04998779296875,284400
2018-04-30,322.25,322.25,323.6000061035156,317.75,319.8999938964844,395300
2018-05-02,315.79998779296875,315.79998779296875,323.8500061035156,313.3999938964844,322.1000061035156,403800
2018-05-03,310.54998779296875,310.54998779296875,315.20001220703125,308.04998779296875,314.8999938964844,328200
2018-05-04,310.1000061035156,310.1000061035156,313.6499938964844,308.95001220703125,311.0,261700
2018-05-07,313.54998779296875,313.54998779296875,315.3500061035156,311.20001220703125,311.25,213800
2018-05-08,317.25,317.25,317.95001220703125,313.45001220703125,314.6499938964844,343000
2018-05-09,316.95001220703125,316.95001220703125,318.75,315.20001220703125,317.04998779296875,196600
2018-05-10,310.70001220703125,310.70001220703125,318.25,309.8500061035156,317.70001220703125,300400
2018-05-11,309.1499938964844,309.1499938964844,312.70001220703125,307.6000061035156,312.45001220703125,228900
2018-05-14,307.0,307.0,312.6499938964844,305.5,310.1000061035156,352900
2018-05-15,300.8500061035156,300.8500061035156,312.45001220703125,299.6000061035156,305.1000061035156,438700
2018-05-16,307.04998779296875,307.04998779296875,308.1499938964844,300.79998779296875,300.8500061035156,529800
2018-05-17,307.3500061035156,307.3500061035156,308.95001220703125,305.20001220703125,308.5,649300
2018-05-18,302.75,302.75,308.1000061035156,300.3500061035156,307.54998779296875,444300
2018-05-21,292.79998779296875,292.79998779296875,302.79998779296875,291.25,302.45001220703125,331600
2018-05-22,296.3999938964844,296.3999938964844,297.70001220703125,289.1000061035156,293.20001220703125,429000
2018-05-23,293.8500061035156,293.8500061035156,298.04998779296875,292.3999938964844,295.54998779296875,278300
2018-05-24,291.79998779296875,291.79998779296875,294.95001220703125,290.1000061035156,294.70001220703125,228200
2018-05-25,295.5,295.5,297.45001220703125,291.6499938964844,292.0,226800
2018-05-28,300.04998779296875,300.04998779296875,301.25,296.8999938964844,296.8999938964844,197100
2018-05-29,297.1000061035156,297.1000061035156,301.1000061035156,296.25,300.29998779296875,243100
2018-05-30,297.04998779296875,297.04998779296875,297.79998779296875,293.6000061035156,294.8999938964844,162800
2018-05-31,294.95001220703125,294.95001220703125,298.6499938964844,293.95001220703125,297.79998779296875,354600
2018-06-01,291.25,291.25,295.8999938964844,290.29998779296875,294.54998779296875,198000
2018-06-04,281.54998779296875,281.54998779296875,292.6499938964844,281.1000061035156,292.20001220703125,302300
2018-06-05,278.6000061035156,278.6000061035156,281.6000061035156,274.75,281.6000061035156,515500
2018-06-06,282.79998779296875,282.79998779296875,283.45001220703125,276.6499938964844,276.75,391100
2018-06-07,291.20001220703125,291.20001220703125,291.75,283.45001220703125,283.6000061035156,581700
2018-06-08,292.25,292.25,293.0,287.6000061035156,289.29998779296875,704900
2018-06-11,290.45001220703125,290.45001220703125,294.8500061035156,289.54998779296875,293.8999938964844,372800
2018-06-12,291.6499938964844,291.6499938964844,292.1499938964844,288.95001220703125,290.79998779296875,324100
2018-06-13,291.5,291.5,293.20001220703125,290.20001220703125,291.70001220703125,340700
2018-06-14,291.5,291.5,291.6499938964844,289.54998779296875,290.8500061035156,299900
2018-06-15,287.79998779296875,287.79998779296875,293.45001220703125,286.8500061035156,292.1499938964844,401100
2018-06-18,286.70001220703125,286.70001220703125,288.25,284.79998779296875,288.04998779296875,215500
2018-06-19,280.95001220703125,280.95001220703125,286.20001220703125,280.3999938964844,286.20001220703125,223100
2018-06-20,284.04998779296875,284.04998779296875,285.0,282.45001220703125,283.04998779296875,166500
2018-06-21,281.79998779296875,281.79998779296875,285.3500061035156,280.45001220703125,284.75,182000
2018-06-22,282.25,282.25,282.75,279.0,281.8999938964844,163000
2018-06-25,278.04998779296875,278.04998779296875,284.45001220703125,276.8500061035156,282.20001220703125,163300
2018-06-26,276.04998779296875,276.04998779296875,279.5,274.8500061035156,277.54998779296875,206900
2018-06-27,271.1000061035156,271.1000061035156,277.5,269.25,276.20001220703125,277700
2018-06-28,265.1000061035156,265.1000061035156,269.79998779296875,263.1499938964844,269.79998779296875,282600
2018-06-29,271.54998779296875,271.54998779296875,272.70001220703125,267.5,267.6000061035156,231600
2018-07-02,267.8500061035156,267.8500061035156,272.6499938964844,265.6499938964844,272.04998779296875,200700
2018-07-03,268.25,268.25,270.0,265.3500061035156,266.95001220703125,175700
2018-07-04,269.5,269.5,270.20001220703125,266.20001220703125,267.95001220703125,152200
2018-07-05,264.6499938964844,264.6499938964844,269.45001220703125,263.5,268.6499938964844,160000
2018-07-06,267.29998779296875,267.29998779296875,270.25,265.0,265.45001220703125,190100
2018-07-09,269.3500061035156,269.3500061035156,270.8500061035156,267.8999938964844,268.5,152700
2018-07-10,274.20001220703125,274.20001220703125,275.3500061035156,270.70001220703125,270.8999938964844,247600
2018-07-11,274.45001220703125,274.45001220703125,276.79998779296875,273.04998779296875,273.6000061035156,220400
2018-07-12,271.45001220703125,271.45001220703125,276.5,270.70001220703125,275.6499938964844,150800
2018-07-13,266.8500061035156,266.8500061035156,272.3500061035156,266.1499938964844,271.8500061035156,146400
2018-07-16,258.0,258.0,268.25,257.1000061035156,267.70001220703125,196800
2018-07-17,260.6499938964844,260.6499938964844,261.3999938964844,255.8999938964844,257.04998779296875,240500
2018-07-18,254.3999938964844,254.3999938964844,262.79998779296875,253.4499969482422,262.3999938964844,213500
2018-07-19,253.8999938964844,253.8999938964844,256.6000061035156,251.3500061035156,255.5500030517578,198700
2018-07-20,257.1000061035156,257.1000061035156,257.70001220703125,252.6999969482422,254.8000030517578,160400
2018-07-23,261.5,261.5,262.1499938964844,256.8500061035156,257.0,192400
2018-07-24,268.04998779296875,268.04998779296875,268.8999938964844,261.8999938964844,262.45001220703125,330500
2018-07-25,264.29998779296875,264.29998779296875,268.95001220703125,263.70001220703125,268.75,214900
2018-07-26,266.3999938964844,266.3999938964844,267.3999938964844,264.04998779296875,265.0,163400
2018-07-27,267.8500061035156,267.8500061035156,269.6000061035156,266.45001220703125,267.29998779296875,184500
2018-07-30,268.3500061035156,268.3500061035156,269.54998779296875,266.8500061035156,267.8500061035156,158300
2018-07-31,272.8500061035156,272.8500061035156,275.0,269.5,269.8500061035156,925400
2018-08-01,273.3500061035156,273.3500061035156,274.29998779296875,270.45001220703125,273.29998779296875,317200
2018-08-02,268.79998779296875,268.79998779296875,272.8999938964844,268.45001220703125,272.8999938964844,281200
2018-08-03,270.3999938964844,270.3999938964844,272.1000061035156,269.45001220703125,269.54998779296875,284000
2018-08-06,268.79998779296875,268.79998779296875,272.0,268.3999938964844,271.6499938964844,142500
2018-08-07,267.1499938964844,267.1499938964844,270.6000061035156,266.0,270.20001220703125,176500
2018-08-08,267.0,267.0,268.8500061035156,265.70001220703125,266.1000061035156,193200
2018-08-09,272.54998779296875,272.54998779296875,274.29998779296875,266.8500061035156,267.79998779296875,463400
2018-08-10,272.29998779296875,272.29998779296875,275.0,271.3500061035156,273.8500061035156,351700
2018-08-13,269.70001220703125,269.70001220703125,271.75,268.1499938964844,269.8500061035156,179800
2018-08-14,275.04998779296875,275.04998779296875,275.70001220703125,269.54998779296875,269.6499938964844,509700
2018-08-16,273.6499938964844,273.6499938964844,275.3999938964844,270.3999938964844,272.45001220703125,885300
2018-08-17,276.04998779296875,276.04998779296875,277.0,274.79998779296875,275.0,884200
2018-08-20,277.8500061035156,277.8500061035156,279.3999938964844,276.8999938964844,277.6499938964844,561700
2018-08-21,272.8500061035156,272.8500061035156,278.6000061035156,272.3500061035156,278.0,423800
2018-08-23,273.95001220703125,273.95001220703125,275.45001220703125,271.6499938964844,273.75,333500
2018-08-24,273.45001220703125,273.45001220703125,276.04998779296875,272.45001220703125,273.1499938964844,306700
2018-08-27,273.6499938964844,273.6499938964844,276.5,272.79998779296875,274.70001220703125,285700
2018-08-28,271.20001220703125,271.20001220703125,274.8500061035156,270.5,274.45001220703125,327600
2018-08-29,274.3999938964844,274.3999938964844,277.54998779296875,270.1000061035156,271.20001220703125,663900
2018-08-30,276.04998779296875,276.04998779296875,276.95001220703125,273.25,275.1000061035156,418900
2018-08-31,275.8500061035156,275.8500061035156,278.6000061035156,273.75,275.95001220703125,432400
2018-09-03,273.1000061035156,273.1000061035156,276.8999938964844,270.75,272.5,498100
2018-09-04,268.04998779296875,268.04998779296875,273.95001220703125,266.54998779296875,272.6000061035156,419000
2018-09-05,265.04998779296875,265.04998779296875,267.54998779296875,261.1499938964844,267.20001220703125,470000
2018-09-06,266.45001220703125,266.45001220703125,269.70001220703125,263.79998779296875,267.3500061035156,305500
2018-09-07,268.1499938964844,268.1499938964844,269.20001220703125,265.6000061035156,267.1499938964844,209800
2018-09-10,264.1000061035156,264.1000061035156,268.1499938964844,263.25,267.75,185100
2018-09-11,258.8500061035156,258.8500061035156,265.3999938964844,258.3500061035156,264.3999938964844,309200
2018-09-12,257.25,257.25,259.25,252.6000061035156,258.29998779296875,564800
2018-09-14,266.1499938964844,266.1499938964844,267.5,259.04998779296875,259.54998779296875,285800
2018-09-17,269.1499938964844,269.1499938964844,270.04998779296875,264.1499938964844,266.20001220703125,259900
2018-09-18,260.95001220703125,260.95001220703125,271.29998779296875,259.8999938964844,269.25,183400
2018-09-19,257.75,257.75,262.3500061035156,256.29998779296875,261.79998779296875,164700
2018-09-21,248.6999969482422,248.6999969482422,260.54998779296875,238.75,259.8500061035156,590500
2018-09-24,235.5500030517578,235.5500030517578,249.0500030517578,234.25,248.8999938964844,410900
2018-09-25,231.5,231.5,235.3000030517578,221.3500061035156,234.9499969482422,591700
2018-09-26,237.1000061035156,237.1000061035156,238.6499938964844,230.75,233.9499969482422,632000
2018-09-27,230.5500030517578,230.5500030517578,237.6499938964844,229.4499969482422,236.6999969482422,359500
2018-09-28,219.6000061035156,219.6000061035156,231.5,218.0,231.3000030517578,444900
2018-10-01,216.3000030517578,216.3000030517578,219.0,211.3500061035156,217.5,518100
2018-10-03,216.1999969482422,216.1999969482422,218.6000061035156,214.0,215.1999969482422,416000
2018-10-04,214.6499938964844,214.6499938964844,215.5500030517578,209.5500030517578,211.8999938964844,316900
2018-10-05,208.8000030517578,208.8000030517578,216.0,206.5,212.3000030517578,280400
2018-10-08,202.1000061035156,202.1000061035156,210.6499938964844,198.6999969482422,209.1499938964844,390400
2018-10-09,200.1000061035156,200.1000061035156,203.5,198.4499969482422,202.5,238200
2018-10-10,208.5,208.5,209.6499938964844,200.8500061035156,201.0,278800
2018-10-11,202.6499938964844,202.6499938964844,205.25,198.25,200.3999938964844,280200
2018-10-12,209.5500030517578,209.5500030517578,210.1999969482422,204.1999969482422,204.6000061035156,197400
2018-10-15,209.8500061035156,209.8500061035156,211.3000030517578,207.6499938964844,211.1000061035156,157600
2018-10-16,212.0,212.0,212.9499969482422,209.5,210.3000030517578,361400
2018-10-17,205.8500061035156,205.8500061035156,215.6000061035156,204.9499969482422,214.4499969482422,331000
2018-10-19,204.3000030517578,204.3000030517578,205.75,201.5500030517578,203.4499969482422,376200
2018-10-22,203.6499938964844,203.6499938964844,206.1499938964844,201.75,204.5,233900
2018-10-23,204.0,204.0,205.9499969482422,200.6999969482422,201.0,205300
2018-10-24,210.25,210.25,211.3999938964844,205.0500030517578,205.4499969482422,316000
2018-10-25,206.0,206.0,208.0500030517578,204.5,206.9499969482422,311400
2018-10-26,205.3999938964844,205.3999938964844,207.75,202.9499969482422,206.3999938964844,278000
2018-10-29,212.1999969482422,212.1999969482422,213.0,204.5,206.0500030517578,257400
2018-10-30,213.5,213.5,215.3000030517578,211.5500030517578,211.8999938964844,212400
2018-10-31,214.8999938964844,214.8999938964844,215.8500061035156,210.8000030517578,214.3500061035156,179100
2018-11-01,220.8500061035156,220.8500061035156,221.6999969482422,215.0,215.6000061035156,239700
2018-11-02,221.3000030517578,221.3000030517578,225.3000030517578,220.6499938964844,224.9499969482422,434900
2018-11-05,224.6499938964844,224.6499938964844,225.5500030517578,220.3000030517578,222.6499938964844,174700
2018-11-06,225.5500030517578,225.5500030517578,227.75,224.1999969482422,227.0500030517578,97500
2018-11-07,227.1499938964844,227.1499938964844,227.3999938964844,226.3500061035156,227.0,2600
2018-11-09,226.0500030517578,226.0500030517578,228.6999969482422,224.0,227.6999969482422,117400
2018-11-12,222.75,222.75,227.8000030517578,222.25,226.5,112500
2018-11-13,221.3999938964844,221.3999938964844,223.1999969482422,219.75,222.3000030517578,138500
2018-11-14,218.1000061035156,218.1000061035156,223.6000061035156,217.3000030517578,222.8000030517578,155100
2018-11-15,221.8000030517578,221.8000030517578,222.4499969482422,216.75,218.8500061035156,132200
2018-11-16,222.3500061035156,222.3500061035156,222.8999938964844,219.9499969482422,222.0500030517578,93600
2018-11-19,226.1499938964844,226.1499938964844,227.6000061035156,222.3999938964844,223.5,113300
2018-11-20,226.25,226.25,227.3500061035156,223.6999969482422,224.8999938964844,164100
2018-11-21,229.6499938964844,229.6499938964844,230.25,225.8000030517578,226.1999969482422,147500
2018-11-22,226.5500030517578,226.5500030517578,230.1499938964844,226.0,229.9499969482422,88900
2018-11-26,227.3500061035156,227.3500061035156,228.3500061035156,224.25,228.1000061035156,78900
2018-11-27,227.5500030517578,227.5500030517578,231.0,226.4499969482422,227.5,113100
2018-11-28,224.3000030517578,224.3000030517578,228.1499938964844,223.1999969482422,227.6499938964844,111300
2018-11-29,227.0,227.0,227.6000061035156,224.25,225.25,117300
2018-11-30,232.0,232.0,233.1999969482422,226.75,227.25,119300
2018-12-03,237.6000061035156,237.6000061035156,239.0,233.6000061035156,234.0,106700
2018-12-04,236.75,236.75,237.6499938964844,234.8000030517578,236.5,103000
2018-12-05,234.9499969482422,234.9499969482422,236.8500061035156,233.3500061035156,236.1499938964844,146500
2018-12-06,229.3000030517578,229.3000030517578,233.6499938964844,226.3999938964844,233.6499938964844,167100
2018-12-07,230.4499969482422,230.4499969482422,231.4499969482422,228.1999969482422,230.4499969482422,115400
2018-12-10,223.4499969482422,223.4499969482422,226.9499969482422,223.0,226.9499969482422,106300
2018-12-11,223.5500030517578,223.5500030517578,224.5500030517578,220.0,220.6999969482422,98200
2018-12-12,233.3000030517578,233.3000030517578,234.1499938964844,224.6499938964844,224.8000030517578,146300
2018-12-13,236.5,236.5,237.6499938964844,232.75,233.5500030517578,144700
2018-12-14,237.1999969482422,237.1999969482422,238.8500061035156,235.0500030517578,236.75,100000
2018-12-17,236.6499938964844,236.6499938964844,238.9499969482422,235.0500030517578,238.6000061035156,77800
2018-12-18,237.1499938964844,237.1499938964844,237.8999938964844,235.3000030517578,236.1000061035156,87800
2018-12-19,244.1499938964844,244.1499938964844,244.9499969482422,237.8000030517578,238.1499938964844,287700
2018-12-20,243.3500061035156,243.3500061035156,245.3000030517578,242.3000030517578,244.8000030517578,173100
2018-12-21,238.5,238.5,244.25,238.1000061035156,243.6999969482422,216700
2018-12-24,233.3999938964844,233.3999938964844,237.9499969482422,232.6499938964844,237.8000030517578,135300
2018-12-26,233.9499969482422,233.9499969482422,235.0,228.9499969482422,233.0500030517578,148800
2018-12-27,232.6000061035156,232.6000061035156,236.3500061035156,231.6499938964844,235.9499969482422,119200
2018-12-28,233.1999969482422,233.1999969482422,235.8000030517578,232.5500030517578,234.6499938964844,105100
2018-12-31,232.3500061035156,232.3500061035156,236.0500030517578,231.9499969482422,234.4499969482422,80900
2019-01-01,237.5,237.5,238.3500061035156,232.6000061035156,232.75,115200
2019-01-02,234.1000061035156,234.1000061035156,238.4499969482422,233.5,237.3000030517578,132400
2019-01-03,233.9499969482422,233.9499969482422,235.8000030517578,233.3000030517578,234.8500061035156,106900
2019-01-04,235.8999938964844,235.8999938964844,236.75,233.25,234.3999938964844,111300
2019-01-07,239.0500030517578,239.0500030517578,242.1000061035156,237.6000061035156,237.75,190200
2019-01-08,239.0,239.0,241.3999938964844,238.1999969482422,239.75,106200
2019-01-09,240.5500030517578,240.5500030517578,241.25,236.6999969482422,240.0,105300
2019-01-10,239.8999938964844,239.8999938964844,242.9499969482422,238.1000061035156,242.0,171200
2019-01-11,236.6499938964844,236.6499938964844,240.0500030517578,236.1000061035156,239.8500061035156,100900
2019-01-14,234.3500061035156,234.3500061035156,236.6999969482422,232.9499969482422,236.6999969482422,83200
2019-01-15,238.5500030517578,238.5500030517578,239.6000061035156,235.0,235.1499938964844,127200
2019-01-16,238.5500030517578,238.5500030517578,240.1999969482422,237.5500030517578,238.5500030517578,76900
2019-01-17,241.3999938964844,241.3999938964844,242.4499969482422,238.5500030517578,238.6999969482422,121500
2019-01-18,238.3000030517578,238.3000030517578,242.8999938964844,237.1499938964844,242.6999969482422,87000
2019-01-21,234.8999938964844,234.8999938964844,238.4499969482422,233.9499969482422,238.1499938964844,89200
2019-01-22,236.6499938964844,236.6499938964844,236.9499969482422,233.3999938964844,233.6999969482422,115800
2019-01-23,235.5,235.5,237.4499969482422,234.8000030517578,237.3000030517578,127600
2019-01-24,240.6000061035156,240.6000061035156,242.1499938964844,236.3500061035156,236.6499938964844,169100
2019-01-25,230.0500030517578,230.0500030517578,241.8999938964844,225.3999938964844,240.8999938964844,261900
2019-01-28,229.3000030517578,229.3000030517578,232.0,227.5,231.3999938964844,158400
2019-01-29,228.1999969482422,228.1999969482422,231.0500030517578,226.6499938964844,228.8999938964844,101800
2019-01-30,226.5,226.5,229.3000030517578,224.6499938964844,229.25,94800
2019-01-31,228.5500030517578,228.5500030517578,230.6000061035156,226.1999969482422,227.6000061035156,169700
2019-02-01,231.3999938964844,231.3999938964844,241.3999938964844,228.3999938964844,229.0500030517578,276100
2019-02-04,229.1000061035156,229.1000061035156,231.75,227.3500061035156,231.75,95300
2019-02-05,223.9499969482422,223.9499969482422,230.1499938964844,223.25,228.6999969482422,122900
2019-02-06,225.1000061035156,225.1000061035156,226.1999969482422,220.6499938964844,224.0500030517578,169600
2019-02-07,224.9499969482422,224.9499969482422,227.4499969482422,224.4499969482422,225.25,109400
2019-02-08,226.6499938964844,226.6499938964844,230.0,223.8999938964844,225.4499969482422,164000
2019-02-11,224.3500061035156,224.3500061035156,226.9499969482422,222.6499938964844,226.6499938964844,124000
2019-02-12,221.1999969482422,221.1999969482422,225.25,220.75,223.4499969482422,105600
2019-02-14,223.1000061035156,223.1000061035156,223.8000030517578,220.8500061035156,221.8000030517578,344300
2019-02-15,222.5500030517578,222.5500030517578,224.1999969482422,220.6000061035156,223.4499969482422,180200
2019-02-18,224.25,224.25,226.5500030517578,223.3000030517578,223.3500061035156,194000
2019-02-19,228.1000061035156,228.1000061035156,230.6000061035156,226.6499938964844,227.0,246300
2019-02-20,228.6999969482422,228.6999969482422,231.1000061035156,226.1499938964844,229.5,216200
2019-02-21,229.6000061035156,229.6000061035156,230.6999969482422,227.6499938964844,228.6499938964844,267100
2019-02-22,233.1499938964844,233.1499938964844,233.6999969482422,230.1499938964844,230.3500061035156,213400
2019-02-25,231.4499969482422,231.4499969482422,239.6499938964844,230.6000061035156,238.8000030517578,198400
2019-02-26,227.6499938964844,227.6499938964844,228.75,223.1499938964844,226.8500061035156,97600
2019-02-27,228.0,228.0,231.4499969482422,226.0500030517578,228.3000030517578,85200
2019-02-28,230.25,230.25,231.3500061035156,226.8500061035156,227.75,82400
2019-03-01,230.3500061035156,230.3500061035156,232.8000030517578,229.5,232.0,65000
2019-03-05,234.9499969482422,234.9499969482422,235.6499938964844,230.5,230.6999969482422,130500
2019-03-06,236.8500061035156,236.8500061035156,239.3000030517578,235.0,235.0,202000
2019-03-07,236.0500030517578,236.0500030517578,238.6000061035156,235.4499969482422,237.1499938964844,90600
2019-03-08,236.5,236.5,237.5500030517578,234.75,235.0500030517578,74200
2019-03-11,238.6499938964844,238.6499938964844,239.3999938964844,237.3000030517578,237.3500061035156,79100
2019-03-12,244.8999938964844,244.8999938964844,247.75,240.3500061035156,240.8999938964844,296500
2019-03-13,246.3500061035156,246.3500061035156,249.5500030517578,245.8000030517578,246.8999938964844,245700
2019-03-14,251.8000030517578,251.8000030517578,252.3500061035156,245.6499938964844,247.5500030517578,343200
2019-03-15,251.6000061035156,251.6000061035156,254.0,250.75,253.3000030517578,157500
2019-03-18,258.70001220703125,258.70001220703125,259.29998779296875,252.1499938964844,252.1999969482422,230400
2019-03-19,259.0,259.0,261.25,258.1000061035156,259.95001220703125,205700
2019-03-20,265.29998779296875,265.29998779296875,266.29998779296875,260.8500061035156,261.1000061035156,224500
2019-03-22,266.95001220703125,266.95001220703125,271.6000061035156,265.29998779296875,266.0,219800
2019-03-25,261.79998779296875,261.79998779296875,264.8500061035156,260.45001220703125,264.3500061035156,130500
2019-03-26,264.04998779296875,264.04998779296875,269.1000061035156,262.79998779296875,263.5,363500
2019-03-27,262.8500061035156,262.8500061035156,266.3500061035156,260.79998779296875,265.95001220703125,178500
2019-03-28,266.6499938964844,266.6499938964844,268.8999938964844,263.8500061035156,263.95001220703125,148400
2019-04-01,267.20001220703125,267.20001220703125,271.1499938964844,266.5,269.6499938964844,223000
2019-04-02,273.3999938964844,273.3999938964844,274.95001220703125,268.8500061035156,270.04998779296875,277800
2019-04-03,272.6000061035156,272.6000061035156,279.54998779296875,271.5,273.8999938964844,411100
2019-04-04,272.3999938964844,272.3999938964844,275.1499938964844,269.54998779296875,273.8999938964844,196700
2019-04-05,276.0,276.0,278.3999938964844,273.25,273.6000061035156,236600
2019-04-08,269.95001220703125,269.95001220703125,278.1499938964844,268.95001220703125,277.5,1305500
2019-04-09,273.75,273.75,274.45001220703125,268.04998779296875,270.1499938964844,562300
2019-04-10,276.8500061035156,276.8500061035156,281.45001220703125,272.6000061035156,273.25,649300
2019-04-11,274.8500061035156,274.8500061035156,280.70001220703125,274.1000061035156,277.3999938964844,513700
2019-04-12,275.70001220703125,275.70001220703125,277.5,274.5,274.70001220703125,365600
2019-04-15,280.25,280.25,281.0,277.1499938964844,277.1499938964844,277600
2019-04-16,277.45001220703125,277.45001220703125,282.8999938964844,276.54998779296875,281.79998779296875,301500
2019-04-18,270.3999938964844,270.3999938964844,278.1000061035156,268.45001220703125,277.75,227800
2019-04-22,263.70001220703125,263.70001220703125,269.6499938964844,263.0,269.3999938964844,337000
2019-04-23,263.1499938964844,263.1499938964844,266.8999938964844,262.1499938964844,264.5,191800
2019-04-24,264.8500061035156,264.8500061035156,265.70001220703125,262.8999938964844,263.95001220703125,428000
2019-04-25,265.70001220703125,265.70001220703125,268.1000061035156,264.8999938964844,265.8999938964844,751700
2019-04-26,264.3999938964844,264.3999938964844,268.6499938964844,263.54998779296875,268.04998779296875,385200
2019-04-30,258.29998779296875,258.29998779296875,263.70001220703125,255.8999938964844,263.70001220703125,353700
2019-05-02,258.6000061035156,258.6000061035156,260.1499938964844,256.8999938964844,257.6000061035156,185900
2019-05-03,262.6499938964844,262.6499938964844,263.54998779296875,259.8500061035156,260.0,212400
2019-05-06,258.79998779296875,258.79998779296875,261.75,257.8999938964844,259.8500061035156,110800
2019-05-07,255.75,255.75,261.3500061035156,255.1999969482422,260.1499938964844,157100
2019-05-08,250.3500061035156,250.3500061035156,255.3999938964844,249.1000061035156,254.75,173100
2019-05-09,251.1999969482422,251.1999969482422,253.0500030517578,248.6999969482422,249.8999938964844,144400
2019-05-10,251.1999969482422,251.1999969482422,255.1999969482422,250.3500061035156,252.8000030517578,130000
2019-05-13,246.3999938964844,246.3999938964844,251.4499969482422,245.4499969482422,250.1999969482422,125400
2019-05-14,248.3000030517578,248.3000030517578,249.5500030517578,242.1499938964844,245.5,152200
2019-05-15,249.1000061035156,249.1000061035156,251.0500030517578,247.1999969482422,249.5,131100
2019-05-16,251.8500061035156,251.8500061035156,252.8500061035156,248.6999969482422,250.5500030517578,227900
2019-05-17,252.5500030517578,252.5500030517578,255.6499938964844,251.3999938964844,252.0500030517578,130900
2019-05-20,267.0,267.0,268.04998779296875,259.04998779296875,260.1499938964844,245800
2019-05-21,265.95001220703125,265.95001220703125,269.70001220703125,263.95001220703125,267.75,192100
2019-05-22,266.95001220703125,266.95001220703125,272.04998779296875,265.95001220703125,268.29998779296875,298300
2019-05-23,268.20001220703125,268.20001220703125,276.3999938964844,266.70001220703125,270.95001220703125,346400
2019-05-24,280.1000061035156,280.1000061035156,280.95001220703125,269.75,270.25,411400
2019-05-27,286.20001220703125,286.20001220703125,288.1000061035156,280.1000061035156,280.3500061035156,231200
2019-05-28,286.54998779296875,286.54998779296875,287.3999938964844,282.8999938964844,287.1499938964844,200900
2019-05-29,284.95001220703125,284.95001220703125,286.79998779296875,283.04998779296875,286.5,141800
2019-05-30,284.6000061035156,284.6000061035156,287.54998779296875,282.8500061035156,287.20001220703125,175500
2019-05-31,283.95001220703125,283.95001220703125,286.75,279.20001220703125,285.20001220703125,190700
2019-06-03,286.75,286.75,287.3999938964844,281.54998779296875,284.29998779296875,151700
2019-06-04,285.70001220703125,285.70001220703125,291.8999938964844,284.3999938964844,286.45001220703125,223400
2019-06-06,280.70001220703125,280.70001220703125,287.1000061035156,278.1499938964844,287.04998779296875,366300
2019-06-07,279.3500061035156,279.3500061035156,285.70001220703125,277.45001220703125,282.6499938964844,447100
2019-06-10,280.20001220703125,280.20001220703125,282.95001220703125,277.75,281.1499938964844,158000
2019-06-11,280.5,280.5,281.0,276.8500061035156,279.95001220703125,161400
2019-06-12,274.75,274.75,279.45001220703125,274.1000061035156,279.1000061035156,171900
2019-06-13,276.5,276.5,277.25,273.0,273.75,250500
2019-06-14,270.70001220703125,270.70001220703125,275.45001220703125,269.3500061035156,275.04998779296875,203000
2019-06-17,267.1000061035156,267.1000061035156,271.04998779296875,266.29998779296875,270.8999938964844,160000
2019-06-18,267.29998779296875,267.29998779296875,269.25,265.6499938964844,267.3500061035156,172600
2019-06-19,270.25,270.25,272.8500061035156,263.75,269.0,403300
2019-06-20,275.45001220703125,275.45001220703125,276.3500061035156,268.3999938964844,270.25,190800
2019-06-21,274.1499938964844,274.1499938964844,276.04998779296875,271.3500061035156,275.1000061035156,220000
2019-06-24,271.5,271.5,274.70001220703125,270.79998779296875,274.70001220703125,134100
2019-06-25,274.04998779296875,274.04998779296875,274.8500061035156,270.3500061035156,270.70001220703125,100600
2019-06-26,278.1499938964844,278.1499938964844,278.8500061035156,272.20001220703125,273.1499938964844,174800
2019-06-27,283.45001220703125,283.45001220703125,284.3500061035156,277.6499938964844,277.8999938964844,341900
2019-06-28,284.79998779296875,284.79998779296875,286.70001220703125,280.3999938964844,281.5,197300
2019-07-01,291.79998779296875,291.79998779296875,293.1000061035156,284.75,285.3500061035156,135100
2019-07-02,287.5,287.5,292.5,285.5,292.29998779296875,174100
2019-07-03,289.8999938964844,289.8999938964844,291.0,287.54998779296875,288.20001220703125,133100
2019-07-04,292.54998779296875,292.54998779296875,295.0,289.8999938964844,290.0,184100
2019-07-05,282.1000061035156,282.1000061035156,295.5,281.0,295.3500061035156,229000
2019-07-08,272.25,272.25,281.0,271.04998779296875,280.3999938964844,122200
2019-07-09,279.95001220703125,279.95001220703125,280.54998779296875,269.04998779296875,271.25,100000
2019-07-10,275.54998779296875,275.54998779296875,281.45001220703125,274.45001220703125,279.95001220703125,151600
2019-07-11,279.1000061035156,279.1000061035156,280.3500061035156,276.8500061035156,277.25,165300
2019-07-12,280.54998779296875,280.54998779296875,282.54998779296875,278.54998779296875,278.54998779296875,103600
2019-07-15,280.25,280.25,282.04998779296875,279.0,281.1499938964844,68700
2019-07-16,285.54998779296875,285.54998779296875,287.1499938964844,279.0,279.8999938964844,111200
2019-07-17,286.04998779296875,286.04998779296875,286.75,285.0,285.25,79600
2019-07-18,281.70001220703125,281.70001220703125,286.1499938964844,281.29998779296875,285.75,98800
2019-07-19,277.54998779296875,277.54998779296875,283.45001220703125,275.95001220703125,282.6000061035156,96400
2019-07-22,273.6499938964844,273.6499938964844,275.8500061035156,270.79998779296875,275.6000061035156,174600
2019-07-23,276.3500061035156,276.3500061035156,278.20001220703125,273.1499938964844,274.25,94300
2019-07-24,273.45001220703125,273.45001220703125,278.1499938964844,270.0,276.70001220703125,146900
2019-07-25,273.79998779296875,273.79998779296875,275.54998779296875,270.6000061035156,271.75,119200
2019-07-26,274.3999938964844,274.3999938964844,275.04998779296875,271.95001220703125,273.6000061035156,82900
2019-07-29,271.8500061035156,271.8500061035156,273.1499938964844,269.79998779296875,272.6000061035156,154500
2019-07-30,268.04998779296875,268.04998779296875,273.8999938964844,267.1499938964844,270.5,230600
2019-07-31,267.45001220703125,267.45001220703125,267.95001220703125,259.45001220703125,266.54998779296875,258500
2019-08-01,264.54998779296875,264.54998779296875,269.04998779296875,262.3999938964844,265.8999938964844,176100
2019-08-02,262.6000061035156,262.6000061035156,265.45001220703125,256.95001220703125,261.3500061035156,219600
2019-08-05,257.8999938964844,257.8999938964844,259.0,253.8000030517578,258.3500061035156,276700
2019-08-06,262.45001220703125,262.45001220703125,263.79998779296875,256.45001220703125,256.95001220703125,143900
2019-08-07,258.70001220703125,258.70001220703125,265.45001220703125,258.20001220703125,261.75,258400
2019-08-08,263.5,263.5,264.1499938964844,258.70001220703125,261.1499938964844,151500
2019-08-09,265.6499938964844,265.6499938964844,267.70001220703125,263.95001220703125,264.1499938964844,140900
2019-08-13,263.0,263.0,266.75,261.29998779296875,265.3999938964844,135100
2019-08-14,264.3500061035156,264.3500061035156,266.25,262.54998779296875,264.25,91600
2019-08-16,265.1000061035156,265.1000061035156,267.0,262.0,263.5,112200
2019-08-19,266.75,266.75,269.3500061035156,265.8500061035156,266.3999938964844,96800
2019-08-20,263.79998779296875,263.79998779296875,267.1499938964844,262.75,266.0,85300
2019-08-21,258.54998779296875,258.54998779296875,263.54998779296875,255.25,263.3999938964844,111600
2019-08-22,242.6000061035156,242.6000061035156,256.8999938964844,239.3500061035156,256.6000061035156,918600
2019-08-23,244.5500030517578,244.5500030517578,245.9499969482422,235.9499969482422,239.0,486000
2019-08-26,253.6999969482422,253.6999969482422,254.25,242.5500030517578,249.5500030517578,369500
2019-08-27,256.6000061035156,256.6000061035156,257.5,252.4499969482422,254.0,195300
2019-08-28,262.70001220703125,262.70001220703125,263.1000061035156,256.3500061035156,257.5,230800
2019-08-29,263.79998779296875,263.79998779296875,264.8999938964844,260.70001220703125,262.3999938964844,186100
2019-08-30,267.20001220703125,267.20001220703125,267.95001220703125,263.0,264.29998779296875,147400
2019-09-03,261.1499938964844,261.1499938964844,266.95001220703125,259.45001220703125,263.79998779296875,108800
2019-09-04,260.70001220703125,260.70001220703125,261.54998779296875,256.75,260.29998779296875,171600
2019-09-05,256.0,256.0,261.45001220703125,255.0,261.29998779296875,138500
2019-09-06,254.3000030517578,254.3000030517578,256.8500061035156,251.5500030517578,256.54998779296875,419000
2019-09-09,256.0,256.0,256.70001220703125,253.75,255.25,127000
2019-09-11,266.6000061035156,266.6000061035156,269.1499938964844,255.3999938964844,257.0,249500
2019-09-12,264.25,264.25,268.79998779296875,263.25,267.3999938964844,203500
2019-09-13,268.1000061035156,268.1000061035156,271.20001220703125,263.45001220703125,265.29998779296875,211000
2019-09-16,265.54998779296875,265.54998779296875,269.1000061035156,264.20001220703125,265.8500061035156,175200
2019-09-17,255.6499938964844,255.6499938964844,266.6499938964844,254.9499969482422,265.5,160400
2019-09-18,259.3999938964844,259.3999938964844,259.95001220703125,255.1499938964844,257.1000061035156,241600
2019-09-19,255.3999938964844,255.3999938964844,259.45001220703125,254.5,259.45001220703125,111800
2019-09-20,265.29998779296875,265.29998779296875,267.20001220703125,251.9499969482422,255.1000061035156,435300
2019-09-23,272.79998779296875,272.79998779296875,276.3500061035156,267.25,269.6499938964844,196500
2019-09-24,269.20001220703125,269.20001220703125,273.95001220703125,267.29998779296875,272.3500061035156,120800
2019-09-25,260.95001220703125,260.95001220703125,270.1499938964844,259.75,270.1499938964844,195900
2019-09-26,267.79998779296875,267.79998779296875,268.8500061035156,260.6499938964844,261.25,177700
2019-09-27,261.70001220703125,261.70001220703125,267.25,261.0,267.1499938964844,157000
2019-09-30,258.75,258.75,261.6499938964844,253.8000030517578,261.5,135000
2019-10-01,248.1000061035156,248.1000061035156,259.25,241.0,258.6499938964844,204100
2019-10-03,251.1999969482422,251.1999969482422,256.1000061035156,246.1999969482422,248.3500061035156,145200
2019-10-04,248.1499938964844,248.1499938964844,253.4499969482422,246.4499969482422,252.75,237000
2019-10-07,245.25,245.25,248.3999938964844,244.5500030517578,248.1000061035156,109600
2019-10-09,250.25,250.25,251.4499969482422,243.4499969482422,245.9499969482422,192800
2019-10-10,244.9499969482422,244.9499969482422,250.25,243.9499969482422,250.0,175000
2019-10-11,247.3000030517578,247.3000030517578,248.8000030517578,243.1000061035156,245.6499938964844,151800
2019-10-14,252.0500030517578,252.0500030517578,255.8000030517578,248.3000030517578,249.6000061035156,202500
2019-10-15,253.6999969482422,253.6999969482422,255.1000061035156,250.6000061035156,252.8000030517578,122000
2019-10-16,256.3500061035156,256.3500061035156,258.20001220703125,253.8500061035156,254.3000030517578,149600
2019-10-17,257.8500061035156,257.8500061035156,259.1499938964844,254.0,255.1499938964844,157800
2019-10-18,262.79998779296875,262.79998779296875,263.5,257.79998779296875,259.0,173700
2019-10-22,263.8500061035156,263.8500061035156,267.70001220703125,260.3500061035156,262.25,266500
2019-10-23,261.54998779296875,261.54998779296875,265.1000061035156,260.25,264.1000061035156,141600
2019-10-24,263.95001220703125,263.95001220703125,265.25,261.1000061035156,262.75,108200
2019-10-25,264.8999938964844,264.8999938964844,265.5,261.29998779296875,264.0,118400
2019-10-29,267.29998779296875,267.29998779296875,268.5,264.3500061035156,264.75,92400
2019-10-30,265.8500061035156,265.8500061035156,268.6499938964844,265.1499938964844,268.20001220703125,94700
2019-10-31,269.0,269.0,272.5,268.3999938964844,270.04998779296875,202400
2019-11-01,271.1499938964844,271.1499938964844,273.3500061035156,268.95001220703125,270.6000061035156,70600
2019-11-04,269.6000061035156,269.6000061035156,273.45001220703125,268.75,272.70001220703125,100100
2019-11-05,267.70001220703125,267.70001220703125,270.95001220703125,266.6000061035156,269.1499938964844,139600
2019-11-06,274.04998779296875,274.04998779296875,275.95001220703125,271.1000061035156,271.45001220703125,209400
2019-11-07,276.45001220703125,276.45001220703125,282.6000061035156,275.20001220703125,282.6000061035156,281100
2019-11-08,281.04998779296875,281.04998779296875,284.95001220703125,278.20001220703125,278.3500061035156,555000
2019-11-11,283.3999938964844,283.3999938964844,284.04998779296875,279.1499938964844,279.54998779296875,211900
2019-11-13,278.29998779296875,278.29998779296875,286.1499938964844,277.20001220703125,284.45001220703125,282100
2019-11-14,277.6499938964844,277.6499938964844,278.8500061035156,276.29998779296875,278.25,156700
2019-11-15,276.95001220703125,276.95001220703125,279.20001220703125,276.04998779296875,277.75,179100
2019-11-18,277.8999938964844,277.8999938964844,278.75,275.79998779296875,277.5,152500
2019-11-19,278.04998779296875,278.04998779296875,279.29998779296875,276.70001220703125,279.0,132000
2019-11-20,273.95001220703125,273.95001220703125,278.95001220703125,273.3500061035156,278.1499938964844,126500
2019-11-21,275.45001220703125,275.45001220703125,276.29998779296875,272.25,275.0,154000
2019-11-22,275.8500061035156,275.8500061035156,276.6000061035156,273.75,275.54998779296875,114400
2019-11-25,280.70001220703125,280.70001220703125,282.70001220703125,277.95001220703125,278.25,279700
2019-11-26,278.1000061035156,278.1000061035156,282.6499938964844,275.54998779296875,281.75,776100
2019-11-27,276.29998779296875,276.29998779296875,280.6000061035156,274.45001220703125,277.29998779296875,103900
2019-11-28,279.29998779296875,279.29998779296875,280.0,276.3500061035156,277.45001220703125,161100
2019-11-29,282.04998779296875,282.04998779296875,284.0,278.6000061035156,280.1000061035156,189700
2019-12-02,281.04998779296875,281.04998779296875,282.29998779296875,277.95001220703125,281.70001220703125,97700
2019-12-03,284.79998779296875,284.79998779296875,285.54998779296875,280.25,281.6000061035156,145800
2019-12-04,285.3500061035156,285.3500061035156,286.45001220703125,281.8999938964844,283.6499938964844,138200
2019-12-05,285.8500061035156,285.8500061035156,287.70001220703125,284.1499938964844,285.70001220703125,133500
2019-12-06,283.3999938964844,283.3999938964844,286.8999938964844,281.1000061035156,286.70001220703125,113300
2019-12-09,280.45001220703125,280.45001220703125,284.8500061035156,278.8999938964844,283.5,110300
2019-12-10,277.8999938964844,277.8999938964844,280.3999938964844,277.04998779296875,278.8500061035156,107200
2019-12-11,280.5,280.5,282.3999938964844,277.70001220703125,278.6499938964844,147700
2019-12-12,282.8999938964844,282.8999938964844,283.70001220703125,280.0,282.5,139100
2019-12-13,287.6499938964844,287.6499938964844,288.54998779296875,284.1499938964844,284.1499938964844,180900
2019-12-16,289.3500061035156,289.3500061035156,289.8500061035156,287.04998779296875,287.1499938964844,97000
2019-12-17,288.6000061035156,288.6000061035156,290.6499938964844,287.6499938964844,289.45001220703125,86600
2019-12-18,290.54998779296875,290.54998779296875,290.95001220703125,287.20001220703125,289.0,112900
2019-12-19,290.3999938964844,290.3999938964844,291.1499938964844,288.3999938964844,289.8500061035156,66200
2019-12-20,291.95001220703125,291.95001220703125,292.70001220703125,289.6000061035156,290.6499938964844,93500
2019-12-23,290.70001220703125,290.70001220703125,294.25,288.45001220703125,291.70001220703125,98200
2019-12-24,291.95001220703125,291.95001220703125,292.54998779296875,290.3500061035156,290.75,74700
2019-12-26,291.3999938964844,291.3999938964844,293.04998779296875,290.25,292.3999938964844,65300
2019-12-27,296.1000061035156,296.1000061035156,296.8999938964844,291.20001220703125,291.5,89000
2019-12-30,296.45001220703125,296.45001220703125,297.79998779296875,293.95001220703125,296.8999938964844,66600
2019-12-31,298.54998779296875,298.54998779296875,299.04998779296875,295.79998779296875,296.1499938964844,139500
2020-01-01,297.8500061035156,297.8500061035156,300.6499938964844,296.8999938964844,299.45001220703125,128800
2020-01-02,301.0,301.0,302.3999938964844,298.20001220703125,299.1499938964844,122400
2020-01-03,299.6499938964844,299.6499938964844,302.1499938964844,298.3500061035156,300.70001220703125,97100
2020-01-06,292.3999938964844,292.3999938964844,299.75,292.04998779296875,299.1000061035156,171600
2020-01-07,298.04998779296875,298.04998779296875,298.95001220703125,293.95001220703125,294.3999938964844,102900
2020-01-08,297.04998779296875,297.04998779296875,297.8999938964844,291.3500061035156,292.25,133800
2020-01-09,305.1499938964844,305.1499938964844,305.79998779296875,300.20001220703125,300.6499938964844,181000
2020-01-10,310.6499938964844,310.6499938964844,311.75,305.8999938964844,308.04998779296875,232400
2020-01-13,317.1499938964844,317.1499938964844,317.6499938964844,311.8500061035156,312.0,216000
2020-01-14,316.75,316.75,318.45001220703125,314.6499938964844,317.3500061035156,131200
2020-01-15,320.8999938964844,320.8999938964844,322.6499938964844,315.6000061035156,315.6000061035156,152900
2020-01-16,323.79998779296875,323.79998779296875,324.79998779296875,320.70001220703125,321.75,109300
2020-01-17,324.1499938964844,324.1499938964844,325.04998779296875,322.3500061035156,323.25,105600
2020-01-20,325.79998779296875,325.79998779296875,327.0,323.20001220703125,324.95001220703125,143700
2020-01-21,321.1499938964844,321.1499938964844,325.29998779296875,320.1000061035156,325.1499938964844,100
2020-01-22,320.8500061035156,320.8500061035156,323.04998779296875,318.8500061035156,322.6499938964844,100
2020-01-23,327.6499938964844,327.6499938964844,328.04998779296875,321.1499938964844,321.3500061035156,112400
2020-01-24,328.6499938964844,328.6499938964844,330.25,326.79998779296875,329.20001220703125,112500
2020-01-27,326.79998779296875,326.79998779296875,332.3999938964844,325.54998779296875,328.79998779296875,115500
2020-01-28,326.95001220703125,326.95001220703125,329.25,325.20001220703125,326.79998779296875,112500
2020-01-29,328.5,328.5,331.8500061035156,327.6000061035156,329.45001220703125,93900
2020-01-30,327.1499938964844,327.1499938964844,330.04998779296875,323.54998779296875,329.75,98000
2020-01-31,331.04998779296875,331.04998779296875,331.8999938964844,326.5,329.8500061035156,194700
2020-02-03,310.0,310.0,312.54998779296875,298.70001220703125,303.5,250600
2020-02-04,318.6000061035156,318.6000061035156,322.20001220703125,308.6000061035156,310.1000061035156,227700
2020-02-05,326.3999938964844,326.3999938964844,329.95001220703125,318.75,321.3500061035156,175300
2020-02-06,326.25,326.25,329.79998779296875,322.29998779296875,324.1000061035156,236800
2020-02-07,320.29998779296875,320.29998779296875,326.79998779296875,319.45001220703125,325.79998779296875,171200
2020-02-10,317.1000061035156,317.1000061035156,321.0,315.1000061035156,320.5,112300
2020-02-11,317.79998779296875,317.79998779296875,320.8999938964844,316.25,318.8999938964844,117000
2020-02-12,315.20001220703125,315.20001220703125,318.6499938964844,311.3999938964844,318.0,100900
2020-02-13,313.79998779296875,313.79998779296875,316.70001220703125,311.79998779296875,315.75,94200
2020-02-14,310.29998779296875,310.29998779296875,315.3999938964844,309.04998779296875,314.95001220703125,108300
2020-02-17,305.70001220703125,305.70001220703125,312.5,304.1499938964844,311.95001220703125,124000
2020-02-18,302.8500061035156,302.8500061035156,305.3500061035156,300.3500061035156,304.6000061035156,102100
2020-02-19,306.20001220703125,306.20001220703125,308.45001220703125,301.8999938964844,306.1000061035156,100100
2020-02-20,306.25,306.25,309.0,304.6499938964844,305.8999938964844,131200
2020-02-24,299.75,299.75,305.79998779296875,298.70001220703125,304.1499938964844,106200
2020-02-25,302.54998779296875,302.54998779296875,304.70001220703125,300.3999938964844,300.70001220703125,118900
2020-02-26,297.5,297.5,302.0,295.04998779296875,300.70001220703125,100300
2020-02-27,290.29998779296875,290.29998779296875,297.1000061035156,288.0,296.70001220703125,127400
2020-02-28,280.54998779296875,280.54998779296875,284.1000061035156,275.79998779296875,282.75,182700
2020-03-02,279.6499938964844,279.6499938964844,289.1000061035156,277.20001220703125,284.8999938964844,163900
2020-03-03,284.1499938964844,284.1499938964844,287.1000061035156,280.0,280.8500061035156,160800
2020-03-04,281.04998779296875,281.04998779296875,288.25,273.6000061035156,286.29998779296875,140000
2020-03-05,277.8500061035156,277.8500061035156,284.8500061035156,275.45001220703125,283.6000061035156,140400
2020-03-06,269.75,269.75,271.1499938964844,265.1000061035156,268.45001220703125,125200
2020-03-09,260.0,260.0,264.04998779296875,256.6499938964844,263.04998779296875,141000
2020-03-11,255.25,255.25,260.54998779296875,252.6999969482422,258.3500061035156,114300
2020-03-12,230.3000030517578,230.3000030517578,244.8500061035156,227.4499969482422,243.5,165200
2020-03-13,235.8500061035156,235.8500061035156,236.9499969482422,203.3999938964844,208.5500030517578,146200
2020-03-16,216.1499938964844,216.1499938964844,225.0,214.6499938964844,223.75,107200
2020-03-17,211.0,211.0,220.0,210.5,214.6499938964844,119200
2020-03-18,197.75,197.75,215.8999938964844,195.6999969482422,215.3000030517578,129500
2020-03-19,191.1999969482422,191.1999969482422,195.25,181.9499969482422,187.4499969482422,149300
2020-03-20,196.3999938964844,196.3999938964844,198.6499938964844,183.1999969482422,191.4499969482422,384400
2020-03-23,174.10000610351562,174.10000610351562,185.3500061035156,171.10000610351562,178.5500030517578,93500
2020-03-24,170.64999389648438,170.64999389648438,181.6000061035156,166.14999389648438,175.5500030517578,151900
2020-03-25,175.10000610351562,175.10000610351562,176.39999389648438,165.35000610351562,166.5,171100
2020-03-26,185.8000030517578,185.8000030517578,189.6999969482422,173.0,177.75,226300
2020-03-27,185.0500030517578,185.0500030517578,199.4499969482422,181.6499938964844,191.8999938964844,193000
2020-03-30,171.60000610351562,171.60000610351562,182.1999969482422,170.0500030517578,181.25,133700
2020-03-31,175.5,175.5,178.35000610351562,171.89999389648438,177.35000610351562,127400
2020-04-01,172.10000610351562,172.10000610351562,177.60000610351562,170.85000610351562,175.5500030517578,91600
2020-04-03,172.0500030517578,172.0500030517578,175.39999389648438,168.8000030517578,173.39999389648438,105300
2020-04-07,183.0,183.0,183.9499969482422,177.10000610351562,178.0500030517578,123400
2020-04-08,180.5,180.5,188.5500030517578,178.85000610351562,180.3500061035156,156000
2020-04-09,185.75,185.75,187.0500030517578,179.9499969482422,183.5500030517578,111800
2020-04-13,176.6999969482422,176.6999969482422,186.6999969482422,173.89999389648438,186.6000061035156,172000
2020-04-15,179.9499969482422,179.9499969482422,182.9499969482422,177.0,177.60000610351562,148000
2020-04-16,181.3000030517578,181.3000030517578,184.5500030517578,178.60000610351562,179.0500030517578,176700
2020-04-17,187.8000030517578,187.8000030517578,192.5,186.8999938964844,188.9499969482422,353600
2020-04-20,188.8999938964844,188.8999938964844,192.1499938964844,187.8000030517578,189.8999938964844,235900
2020-04-21,185.4499969482422,185.4499969482422,186.4499969482422,182.3000030517578,186.1999969482422,183900
2020-04-22,184.0500030517578,184.0500030517578,186.6999969482422,181.8000030517578,186.0500030517578,153700
2020-04-23,185.4499969482422,185.4499969482422,189.3999938964844,183.6999969482422,185.8000030517578,153300
2020-04-24,177.6999969482422,177.6999969482422,183.1999969482422,177.0,182.75,173500
2020-04-27,180.10000610351562,180.10000610351562,182.5,178.4499969482422,180.3999938964844,122300
2020-04-28,181.5,181.5,182.6000061035156,179.75,182.25,143000
2020-04-29,183.1499938964844,183.1499938964844,184.6999969482422,182.4499969482422,182.8500061035156,145100
2020-04-30,187.3000030517578,187.3000030517578,191.75,185.0500030517578,185.6499938964844,187300
2020-05-04,174.3000030517578,174.3000030517578,182.1999969482422,173.89999389648438,181.4499969482422,101700
2020-05-05,169.3000030517578,169.3000030517578,177.25,169.0,177.10000610351562,118500
2020-05-06,171.0,171.0,171.8000030517578,168.60000610351562,169.6999969482422,120900
2020-05-07,170.64999389648438,170.64999389648438,173.5500030517578,170.14999389648438,171.1999969482422,98400
2020-05-08,169.5500030517578,169.5500030517578,173.6999969482422,168.64999389648438,173.5500030517578,111100
2020-05-11,171.10000610351562,171.10000610351562,173.85000610351562,170.6999969482422,173.14999389648438,110200
2020-05-12,172.4499969482422,172.4499969482422,173.10000610351562,167.3000030517578,169.89999389648438,107100
2020-05-13,178.39999389648438,178.39999389648438,180.6999969482422,175.64999389648438,180.1499938964844,159600
2020-05-14,175.1999969482422,175.1999969482422,178.60000610351562,173.1999969482422,178.60000610351562,124100
2020-05-15,172.5,172.5,177.4499969482422,171.75,177.35000610351562,126100
2020-05-18,163.3000030517578,163.3000030517578,172.60000610351562,162.60000610351562,172.1999969482422,110900
2020-05-19,162.14999389648438,162.14999389648438,165.85000610351562,160.85000610351562,165.35000610351562,106900
2020-05-20,165.75,165.75,166.64999389648438,162.1999969482422,162.25,155000
2020-05-21,165.5,165.5,168.4499969482422,164.5500030517578,166.5,96400
2020-05-22,163.5500030517578,163.5500030517578,167.0,161.5500030517578,165.60000610351562,132600
2020-05-26,165.5,165.5,165.89999389648438,163.89999389648438,164.6999969482422,72400
2020-05-27,168.39999389648438,168.39999389648438,168.89999389648438,164.39999389648438,166.39999389648438,105700
2020-05-28,172.6999969482422,172.6999969482422,173.4499969482422,168.9499969482422,169.0500030517578,189500
2020-05-29,180.10000610351562,180.10000610351562,182.1499938964844,171.0500030517578,171.25,218700
2020-06-01,185.6000061035156,185.6000061035156,189.1000061035156,182.8000030517578,182.8999938964844,167900
2020-06-02,194.75,194.75,195.1499938964844,185.8500061035156,186.3500061035156,172300
2020-06-03,200.8500061035156,200.8500061035156,205.1999969482422,194.6499938964844,197.0500030517578,235600
2020-06-04,197.3500061035156,197.3500061035156,201.6999969482422,196.1999969482422,199.6499938964844,152200
2020-06-05,202.0,202.0,202.6000061035156,194.5,196.3500061035156,320300
2020-06-08,202.6499938964844,202.6499938964844,208.3999938964844,201.9499969482422,207.1999969482422,191800
2020-06-09,202.6499938964844,202.6499938964844,207.4499969482422,201.8500061035156,203.8000030517578,160500
2020-06-10,206.6000061035156,206.6000061035156,207.6499938964844,202.6000061035156,203.1499938964844,119800
2020-06-11,202.3000030517578,202.3000030517578,208.8000030517578,201.5,206.1499938964844,176800
2020-06-12,204.6499938964844,204.6499938964844,205.6999969482422,193.0500030517578,193.5,152500
2020-06-15,198.5,198.5,205.25,198.0500030517578,204.1999969482422,136100
2020-06-16,196.8500061035156,196.8500061035156,204.0,194.0,201.6999969482422,124000
2020-06-17,198.3500061035156,198.3500061035156,200.25,195.1999969482422,196.5,113800
2020-06-18,200.1499938964844,200.1499938964844,200.6999969482422,198.3000030517578,199.1999969482422,105500
2020-06-19,212.9499969482422,212.9499969482422,213.6999969482422,201.1000061035156,201.1000061035156,295200
2020-06-22,215.0500030517578,215.0500030517578,218.1499938964844,213.25,217.1000061035156,187200
2020-06-23,221.25,221.25,222.6000061035156,214.75,217.25,212000
2020-06-24,215.3999938964844,215.3999938964844,223.6499938964844,214.0500030517578,222.9499969482422,302100
2020-06-25,213.1999969482422,213.1999969482422,216.4499969482422,210.8500061035156,213.3500061035156,167200
2020-06-26,211.1999969482422,211.1999969482422,215.5500030517578,210.4499969482422,215.1999969482422,142000
2020-06-29,203.6999969482422,203.6999969482422,212.25,203.1499938964844,210.8999938964844,136500
2020-06-30,202.6499938964844,202.6499938964844,207.6000061035156,202.1999969482422,204.0,114600
2020-07-01,201.1999969482422,201.1999969482422,203.3000030517578,200.6499938964844,203.1499938964844,101000
2020-07-02,201.0500030517578,201.0500030517578,203.0500030517578,199.1000061035156,202.6000061035156,83200
2020-07-03,203.1000061035156,203.1000061035156,203.6999969482422,201.25,202.0,118000
2020-07-06,209.1999969482422,209.1999969482422,209.3999938964844,205.0500030517578,205.8999938964844,146600
2020-07-07,207.75,207.75,210.4499969482422,205.6999969482422,209.75,188800
2020-07-08,203.6999969482422,203.6999969482422,208.8999938964844,203.0500030517578,208.4499969482422,202100
2020-07-09,204.75,204.75,207.8000030517578,203.0500030517578,206.5,269500
2020-07-10,206.1000061035156,206.1000061035156,206.3999938964844,202.6000061035156,203.4499969482422,214900
2020-07-13,202.8000030517578,202.8000030517578,208.4499969482422,202.0500030517578,207.75,189400
2020-07-14,199.6999969482422,199.6999969482422,203.25,198.5,203.0,156400
2020-07-15,195.6000061035156,195.6000061035156,201.3999938964844,195.0500030517578,199.5500030517578,198600
2020-07-16,195.6000061035156,195.6000061035156,196.6499938964844,192.3999938964844,195.8999938964844,197200
2020-07-17,196.3999938964844,196.3999938964844,196.8999938964844,195.1000061035156,196.25,191000
2020-07-20,197.25,197.25,199.6499938964844,196.8999938964844,197.1499938964844,151200
2020-07-21,201.1000061035156,201.1000061035156,203.8000030517578,198.3999938964844,198.5,253900
2020-07-22,199.0500030517578,199.0500030517578,202.0500030517578,197.8999938964844,201.6499938964844,147100
2020-07-23,201.8500061035156,201.8500061035156,202.1499938964844,198.6499938964844,199.1999969482422,103500
2020-07-24,198.3999938964844,198.3999938964844,201.1499938964844,196.75,200.6999969482422,141200
2020-07-27,195.1000061035156,195.1000061035156,199.3500061035156,194.25,198.9499969482422,118100
2020-07-28,198.25,198.25,198.6999969482422,195.8999938964844,196.1000061035156,161600
2020-07-29,198.3000030517578,198.3000030517578,200.5500030517578,197.1000061035156,197.8500061035156,129000
2020-07-30,198.1499938964844,198.1499938964844,200.6499938964844,197.3999938964844,199.5500030517578,130800
2020-07-31,201.0,201.0,201.6499938964844,196.4499969482422,198.75,136400
2020-08-03,198.5500030517578,198.5500030517578,201.5500030517578,197.6999969482422,200.4499969482422,109600
2020-08-04,202.25,202.25,202.8999938964844,198.8500061035156,199.3999938964844,137200
2020-08-05,202.3999938964844,202.3999938964844,204.8999938964844,200.8999938964844,203.25,183700
2020-08-06,204.6000061035156,204.6000061035156,205.8999938964844,202.25,202.3999938964844,227100
2020-08-07,203.9499969482422,203.9499969482422,206.75,203.5,206.1000061035156,173200
2020-08-10,209.75,209.75,210.0,204.6000061035156,204.6000061035156,233600
2020-08-11,208.6000061035156,208.6000061035156,211.3999938964844,208.3500061035156,210.9499969482422,159500
2020-08-12,207.0500030517578,207.0500030517578,208.3999938964844,206.0,207.8500061035156,116600
2020-08-13,208.9499969482422,208.9499969482422,209.6499938964844,207.25,208.3999938964844,189100
2020-08-14,207.1000061035156,207.1000061035156,211.8500061035156,205.75,210.1499938964844,201700
2020-08-17,209.1499938964844,209.1499938964844,211.1499938964844,207.5500030517578,210.1000061035156,178300
2020-08-18,217.6000061035156,217.6000061035156,219.75,210.0,210.1000061035156,559600
2020-08-19,220.3500061035156,220.3500061035156,221.4499969482422,217.6999969482422,219.5,328200
2020-08-20,221.3000030517578,221.3000030517578,224.1499938964844,217.3000030517578,218.1000061035156,309300
2020-08-21,224.0500030517578,224.0500030517578,225.5,222.6000061035156,223.3500061035156,180000
2020-08-24,221.8000030517578,221.8000030517578,227.8500061035156,221.4499969482422,225.75,369700
2020-08-25,217.0500030517578,217.0500030517578,222.6499938964844,216.1999969482422,220.8999938964844,339100
2020-08-26,218.8000030517578,218.8000030517578,220.1000061035156,216.5,218.1499938964844,208900
2020-08-27,232.8000030517578,232.8000030517578,236.5,224.25,225.6000061035156,988300
2020-08-28,233.1000061035156,233.1000061035156,236.1999969482422,232.0,233.8000030517578,332500
2020-08-31,222.75,222.75,237.6000061035156,221.1999969482422,237.6000061035156,324500
2020-09-01,224.5,224.5,225.3500061035156,217.1999969482422,221.6499938964844,236800
2020-09-02,225.75,225.75,228.3999938964844,221.75,224.5,216800
2020-09-03,225.3000030517578,225.3000030517578,226.8500061035156,224.25,226.25,119400
2020-09-04,220.0500030517578,220.0500030517578,223.1999969482422,218.8000030517578,220.6000061035156,140200
2020-09-07,218.0,218.0,222.0,216.6999969482422,221.1000061035156,155400
2020-09-08,214.25,214.25,219.0,213.1499938964844,218.6000061035156,116000
2020-09-09,211.0500030517578,211.0500030517578,213.0,208.8500061035156,212.9499969482422,141000
2020-09-10,212.25,212.25,215.6499938964844,210.6000061035156,212.8999938964844,154300
2020-09-11,214.9499969482422,214.9499969482422,218.6499938964844,211.9499969482422,212.1499938964844,231000
2020-09-14,222.9499969482422,222.9499969482422,226.3000030517578,216.8500061035156,216.9499969482422,194900
2020-09-15,221.3500061035156,221.3500061035156,224.1999969482422,219.8999938964844,223.8000030517578,126500
2020-09-16,226.3500061035156,226.3500061035156,227.0500030517578,221.1999969482422,222.0500030517578,216500
2020-09-17,222.5,222.5,226.0,221.8999938964844,224.75,146600
2020-09-18,226.75,226.75,230.0500030517578,223.3999938964844,223.6999969482422,275600
2020-09-21,213.9499969482422,213.9499969482422,228.0,212.3999938964844,227.1999969482422,206200
2020-09-22,210.0,210.0,216.1000061035156,203.3000030517578,214.3500061035156,179400
2020-09-23,211.6499938964844,211.6499938964844,215.1000061035156,206.8999938964844,211.6999969482422,275400
2020-09-24,205.1000061035156,205.1000061035156,208.75,204.3500061035156,208.25,128000
2020-09-25,209.3999938964844,209.3999938964844,210.5500030517578,206.3999938964844,207.3500061035156,154800
2020-09-28,215.75,215.75,217.4499969482422,211.1499938964844,211.3500061035156,140600
2020-09-29,213.1499938964844,213.1499938964844,218.75,212.1999969482422,217.5,113400
2020-09-30,211.8999938964844,211.8999938964844,213.8999938964844,210.8500061035156,213.5,129500
2020-10-01,215.6999969482422,215.6999969482422,216.8999938964844,213.6499938964844,213.6999969482422,123900
2020-10-05,216.25,216.25,219.3000030517578,215.1000061035156,216.9499969482422,123900
2020-10-06,221.8500061035156,221.8500061035156,222.6499938964844,218.3000030517578,218.5500030517578,204100
2020-10-07,217.75,217.75,222.6000061035156,217.5500030517578,222.5500030517578,110700
2020-10-08,219.0,219.0,221.1999969482422,218.0500030517578,218.4499969482422,115300
2020-10-09,215.4499969482422,215.4499969482422,220.8000030517578,215.1999969482422,219.3500061035156,169400
2020-10-12,213.1000061035156,213.1000061035156,218.1000061035156,212.1499938964844,216.75,119900
2020-10-13,212.4499969482422,212.4499969482422,214.8500061035156,211.9499969482422,213.0500030517578,97200
2020-10-14,214.6999969482422,214.6999969482422,215.8500061035156,209.8999938964844,212.3500061035156,136900
2020-10-15,209.6000061035156,209.6000061035156,218.3000030517578,208.8500061035156,216.0500030517578,222900
2020-10-16,215.1000061035156,215.1000061035156,215.8500061035156,208.1000061035156,210.3500061035156,170500
2020-10-19,218.3500061035156,218.3500061035156,219.3500061035156,215.9499969482422,218.6000061035156,177500
2020-10-20,226.9499969482422,226.9499969482422,227.75,217.1000061035156,218.1000061035156,246300
2020-10-21,236.8500061035156,236.8500061035156,238.6499938964844,226.3500061035156,228.1499938964844,405000
2020-10-22,237.6999969482422,237.6999969482422,239.3000030517578,233.8999938964844,235.1499938964844,262400
2020-10-23,235.1000061035156,235.1000061035156,238.8999938964844,234.1999969482422,238.0500030517578,133900
2020-10-26,230.6499938964844,230.6499938964844,235.8999938964844,228.6499938964844,235.6999969482422,135500
2020-10-27,229.0,229.0,231.0500030517578,226.6999969482422,229.8000030517578,129600
2020-10-28,224.3500061035156,224.3500061035156,229.1999969482422,223.6499938964844,228.6499938964844,184500
2020-10-29,223.3999938964844,223.3999938964844,225.0500030517578,221.3000030517578,223.3500061035156,169400
2020-10-30,228.1999969482422,228.1999969482422,229.5,223.8000030517578,223.8999938964844,206400
2020-11-02,235.3999938964844,235.3999938964844,237.6999969482422,227.6000061035156,229.9499969482422,388000
2020-11-03,229.9499969482422,229.9499969482422,237.4499969482422,228.8500061035156,234.8000030517578,181800
2020-11-04,225.6999969482422,225.6999969482422,229.4499969482422,224.4499969482422,228.3500061035156,139500
2020-11-05,224.5500030517578,224.5500030517578,228.8500061035156,223.1999969482422,227.75,227400
2020-11-06,226.9499969482422,226.9499969482422,228.8500061035156,224.1999969482422,224.6999969482422,189400
2020-11-09,230.3000030517578,230.3000030517578,231.25,227.3999938964844,228.8500061035156,167400
2020-11-10,235.0500030517578,235.0500030517578,236.1999969482422,231.3999938964844,232.0500030517578,211300
2020-11-11,236.8500061035156,236.8500061035156,237.3000030517578,232.1999969482422,234.9499969482422,202400
2020-11-12,238.6000061035156,238.6000061035156,241.5,235.6000061035156,236.8000030517578,437000
2020-11-13,241.8000030517578,241.8000030517578,242.6499938964844,239.1999969482422,239.5500030517578,423500
2020-11-17,248.3500061035156,248.3500061035156,250.8500061035156,243.25,244.8999938964844,285400
2020-11-18,253.4499969482422,253.4499969482422,253.8999938964844,249.3500061035156,249.5500030517578,334400
2020-11-19,250.0,250.0,261.6499938964844,248.5,251.8999938964844,478500
2020-11-20,251.3000030517578,251.3000030517578,255.75,249.4499969482422,252.3999938964844,198000
2020-11-23,253.75,253.75,255.5500030517578,251.3999938964844,253.1000061035156,186800
2020-11-24,258.29998779296875,258.29998779296875,260.8999938964844,254.6000061035156,255.4499969482422,257700
2020-11-25,252.5,252.5,262.1499938964844,251.5500030517578,260.1000061035156,258900
2020-11-26,254.4499969482422,254.4499969482422,255.3000030517578,251.3999938964844,253.6000061035156,173400
2020-11-27,261.20001220703125,261.20001220703125,262.75,255.0500030517578,255.3000030517578,354800
2020-12-01,269.8999938964844,269.8999938964844,270.54998779296875,262.75,264.04998779296875,373000
2020-12-02,277.8999938964844,277.8999938964844,278.8999938964844,271.0,271.29998779296875,297300
2020-12-03,280.20001220703125,280.20001220703125,282.45001220703125,277.3500061035156,279.45001220703125,260600
2020-12-04,283.3999938964844,283.3999938964844,284.79998779296875,280.20001220703125,281.04998779296875,292900
2020-12-07,282.45001220703125,282.45001220703125,284.8999938964844,281.3999938964844,283.8500061035156,206900
2020-12-08,284.79998779296875,284.79998779296875,286.79998779296875,281.6000061035156,283.25,207100
2020-12-09,289.0,289.0,290.6000061035156,286.04998779296875,286.29998779296875,208300
2020-12-10,290.25,290.25,291.25,283.45001220703125,289.04998779296875,203200
2020-12-11,292.5,292.5,293.25,287.70001220703125,291.25,287500
2020-12-14,289.8999938964844,289.8999938964844,293.6499938964844,289.0,293.3500061035156,135200
2020-12-15,289.0,289.0,290.04998779296875,285.1499938964844,289.75,170800
2020-12-16,303.8500061035156,303.8500061035156,307.45001220703125,289.8500061035156,290.25,1070000
2020-12-17,305.6499938964844,305.6499938964844,308.25,301.25,304.54998779296875,367100
2020-12-18,303.79998779296875,303.79998779296875,305.95001220703125,300.20001220703125,305.70001220703125,188300
2020-12-21,287.8500061035156,287.8500061035156,306.25,281.75,301.8999938964844,310500
2020-12-22,289.1499938964844,289.1499938964844,293.3999938964844,281.0,287.25,282300
2020-12-23,300.54998779296875,300.54998779296875,301.6000061035156,290.20001220703125,290.6499938964844,294900
2020-12-24,299.25,299.25,304.54998779296875,297.5,301.8500061035156,249400
2020-12-28,307.0,307.0,310.5,302.45001220703125,302.79998779296875,512300
2020-12-29,306.1000061035156,306.1000061035156,310.29998779296875,302.0,309.04998779296875,209900
2020-12-30,310.04998779296875,310.04998779296875,310.70001220703125,302.79998779296875,306.70001220703125,213000
2020-12-31,313.8500061035156,313.8500061035156,315.95001220703125,311.04998779296875,312.1499938964844,317900
2021-01-04,317.45001220703125,317.45001220703125,318.6499938964844,311.3999938964844,317.70001220703125,258200
2021-01-05,316.3500061035156,316.3500061035156,319.25,313.95001220703125,315.5,262000
2021-01-06,318.6000061035156,318.6000061035156,321.6000061035156,312.6499938964844,317.1499938964844,233900
2021-01-07,322.8999938964844,322.8999938964844,329.95001220703125,320.3999938964844,327.8500061035156,755200
2021-01-08,327.5,327.5,332.70001220703125,324.25,325.54998779296875,425600
2021-01-11,329.54998779296875,329.54998779296875,331.6499938964844,325.75,329.8500061035156,252300
2021-01-12,338.6499938964844,338.6499938964844,344.1499938964844,327.75,328.95001220703125,712800
2021-01-13,337.6000061035156,337.6000061035156,346.5,333.75,341.29998779296875,662200
2021-01-14,337.3999938964844,337.3999938964844,341.6000061035156,334.75,338.29998779296875,258800
2021-01-15,331.25,331.25,340.20001220703125,329.5,338.0,277300
2021-01-18,324.54998779296875,324.54998779296875,331.29998779296875,316.8999938964844,330.20001220703125,228900
2021-01-19,338.1499938964844,338.1499938964844,341.8500061035156,327.04998779296875,327.3500061035156,732900
2021-01-20,338.3999938964844,338.3999938964844,340.5,336.8999938964844,339.3999938964844,265700
2021-01-21,329.75,329.75,341.79998779296875,328.45001220703125,340.8999938964844,240100
2021-01-25,317.8999938964844,317.8999938964844,329.20001220703125,313.95001220703125,326.70001220703125,264300
2021-01-27,311.0,311.0,318.95001220703125,309.54998779296875,318.95001220703125,259900
2021-01-28,304.1499938964844,304.1499938964844,311.5,301.04998779296875,305.6000061035156,251700
2021-01-29,305.6499938964844,305.6499938964844,311.70001220703125,304.3500061035156,308.6499938964844,218000
2021-02-01,324.95001220703125,324.95001220703125,328.5,304.70001220703125,308.1000061035156,464800
2021-02-02,337.25,337.25,339.25,325.20001220703125,328.5,374200
2021-02-03,335.79998779296875,335.79998779296875,341.3500061035156,334.29998779296875,340.45001220703125,329900
2021-02-04,339.0,339.0,346.8500061035156,333.5,334.70001220703125,556800
2021-02-05,341.29998779296875,341.29998779296875,346.1499938964844,338.70001220703125,340.95001220703125,379700
2021-02-08,348.1499938964844,348.1499938964844,349.8500061035156,344.25,346.95001220703125,373600
2021-02-09,345.79998779296875,345.79998779296875,353.25,344.1000061035156,349.75,342200
2021-02-10,351.45001220703125,351.45001220703125,352.0,346.0,347.79998779296875,283400
2021-02-11,350.54998779296875,350.54998779296875,354.5,349.8500061035156,351.54998779296875,195600
2021-02-12,350.6000061035156,350.6000061035156,354.25,349.5,351.3500061035156,217400
2021-02-16,356.79998779296875,356.79998779296875,362.7000122070313,354.29998779296875,357.8999938964844,270600
2021-02-18,352.6499938964844,352.6499938964844,356.95001220703125,350.04998779296875,356.3999938964844,211200
2021-02-19,348.04998779296875,348.04998779296875,354.3500061035156,343.20001220703125,353.45001220703125,293900
2021-02-22,338.29998779296875,338.29998779296875,350.45001220703125,335.45001220703125,347.95001220703125,175000
2021-02-23,347.45001220703125,347.45001220703125,351.8500061035156,341.5,341.6499938964844,298900
2021-02-24,350.45001220703125,350.45001220703125,352.1000061035156,346.79998779296875,349.5,170000
2021-02-25,356.3500061035156,356.3500061035156,357.1499938964844,353.3500061035156,353.79998779296875,450900
2021-02-26,349.79998779296875,349.79998779296875,354.0,345.6499938964844,350.6000061035156,322200
2021-03-01,354.45001220703125,354.45001220703125,356.5,351.04998779296875,353.29998779296875,269700
2021-03-02,357.1000061035156,357.1000061035156,359.29998779296875,353.8500061035156,357.1000061035156,270400
2021-03-03,362.4500122070313,362.4500122070313,364.0499877929688,358.75,360.75,421200
2021-03-04,362.8500061035156,362.8500061035156,365.6000061035156,357.8999938964844,358.8999938964844,548400
2021-03-05,357.70001220703125,357.70001220703125,363.7999877929688,354.6000061035156,361.8500061035156,367500
2021-03-08,353.95001220703125,353.95001220703125,362.1499938964844,353.0,360.1499938964844,217700
2021-03-09,350.1000061035156,350.1000061035156,358.1000061035156,347.45001220703125,356.79998779296875,263700
2021-03-10,352.25,352.25,356.6499938964844,350.8500061035156,353.8500061035156,208200
2021-03-12,349.3500061035156,349.3500061035156,357.70001220703125,348.0,356.25,278100
2021-03-15,347.95001220703125,347.95001220703125,351.6000061035156,342.70001220703125,351.6000061035156,314300
2021-03-16,346.0,346.0,350.79998779296875,344.6000061035156,346.8999938964844,100
2021-03-17,335.75,335.75,348.04998779296875,334.20001220703125,345.79998779296875,100
2021-03-18,330.79998779296875,330.79998779296875,341.3500061035156,327.3500061035156,339.29998779296875,246000
2021-03-19,329.04998779296875,329.04998779296875,330.20001220703125,317.0,328.8999938964844,267500
2021-03-22,337.95001220703125,337.95001220703125,339.6499938964844,327.54998779296875,328.8500061035156,248700
2021-03-23,341.5,341.5,342.79998779296875,337.8500061035156,339.1499938964844,289700
2021-03-24,331.45001220703125,331.45001220703125,340.6000061035156,329.8999938964844,339.0,240800
2021-03-25,323.1499938964844,323.1499938964844,332.79998779296875,319.79998779296875,332.0,257700
2021-03-26,328.6000061035156,328.6000061035156,329.54998779296875,326.1000061035156,327.5,244000
2021-03-30,328.5,328.5,332.29998779296875,323.1000061035156,331.95001220703125,193000
2021-03-31,334.1499938964844,334.1499938964844,334.8999938964844,324.3999938964844,327.70001220703125,274900
2021-04-01,335.79998779296875,335.79998779296875,336.5,331.3500061035156,333.3500061035156,343900
2021-04-05,324.45001220703125,324.45001220703125,334.1499938964844,319.6000061035156,334.1499938964844,212500
2021-04-06,328.25,328.25,329.6499938964844,322.1499938964844,327.45001220703125,256000
2021-04-07,331.3999938964844,331.3999938964844,333.6499938964844,327.8999938964844,328.6499938964844,240000
2021-04-08,334.1000061035156,334.1000061035156,336.3999938964844,332.8500061035156,333.20001220703125,153000
2021-04-09,332.04998779296875,332.04998779296875,336.95001220703125,329.6000061035156,333.3999938964844,161000
2021-04-12,307.1499938964844,307.1499938964844,324.25,305.70001220703125,322.75,339700
2021-04-13,315.6499938964844,315.6499938964844,316.3500061035156,307.29998779296875,308.04998779296875,264900
2021-04-15,314.45001220703125,314.45001220703125,315.70001220703125,309.3500061035156,313.04998779296875,181200
2021-04-16,313.04998779296875,313.04998779296875,317.20001220703125,311.75,315.1499938964844,186000
2021-04-19,300.29998779296875,300.29998779296875,305.8500061035156,298.54998779296875,304.25,210400
2021-04-20,301.25,301.25,305.04998779296875,299.25,303.75,197500
2021-04-22,305.1499938964844,305.1499938964844,306.04998779296875,298.3500061035156,298.79998779296875,270900
2021-04-23,301.79998779296875,301.79998779296875,306.75,299.5,304.25,144500
2021-04-26,312.04998779296875,312.04998779296875,314.3500061035156,304.20001220703125,304.20001220703125,212800
2021-04-27,314.29998779296875,314.29998779296875,316.3500061035156,313.20001220703125,314.1000061035156,170300
2021-04-28,312.45001220703125,312.45001220703125,316.3500061035156,311.70001220703125,315.95001220703125,158500
2021-04-29,312.20001220703125,312.20001220703125,316.04998779296875,311.20001220703125,314.6000061035156,142800
2021-04-30,309.6000061035156,309.6000061035156,313.3500061035156,307.70001220703125,308.5,135200
2021-05-03,307.6499938964844,307.6499938964844,309.75,305.04998779296875,305.8999938964844,149200
2021-05-04,306.25,306.25,312.3999938964844,305.5,309.45001220703125,141000
2021-05-06,305.3500061035156,305.3500061035156,305.79998779296875,302.54998779296875,304.6000061035156,103000
2021-05-07,307.6499938964844,307.6499938964844,312.0,306.25,307.1499938964844,267800
2021-05-10,310.04998779296875,310.04998779296875,312.29998779296875,307.75,310.20001220703125,306700
2021-05-12,310.3500061035156,310.3500061035156,315.79998779296875,309.6000061035156,312.45001220703125,180400
2021-05-14,300.45001220703125,300.45001220703125,314.04998779296875,299.8999938964844,313.75,189900
2021-05-17,304.6499938964844,304.6499938964844,305.95001220703125,300.95001220703125,303.6499938964844,147900
2021-05-18,307.20001220703125,307.20001220703125,309.1499938964844,306.20001220703125,308.20001220703125,161500
2021-05-19,313.79998779296875,313.79998779296875,314.6499938964844,308.25,308.25,190700
2021-05-21,320.6499938964844,320.6499938964844,326.1000061035156,318.29998779296875,320.29998779296875,329200
2021-05-24,325.0,325.0,327.29998779296875,321.54998779296875,323.8500061035156,236800
2021-05-26,335.45001220703125,335.45001220703125,336.29998779296875,327.8999938964844,328.25,587400
2021-05-27,331.45001220703125,331.45001220703125,336.79998779296875,330.3999938964844,336.75,300300
2021-05-28,331.6000061035156,331.6000061035156,334.3999938964844,330.75,333.79998779296875,209700
2021-06-01,334.3999938964844,334.3999938964844,338.6000061035156,330.75,338.5,157200
2021-06-02,339.25,339.25,340.0,334.1000061035156,334.1000061035156,214100
2021-06-03,352.1000061035156,352.1000061035156,354.04998779296875,341.70001220703125,342.8999938964844,581200
2021-06-04,353.79998779296875,353.79998779296875,356.79998779296875,351.3999938964844,355.29998779296875,430000
2021-06-07,352.79998779296875,352.79998779296875,358.1000061035156,351.8999938964844,356.95001220703125,341100
2021-06-08,355.79998779296875,355.79998779296875,356.5,349.0,353.95001220703125,304700
2021-06-09,349.8999938964844,349.8999938964844,361.5499877929688,348.20001220703125,359.1000061035156,411300
2021-06-10,361.6000061035156,361.6000061035156,363.25,351.6000061035156,351.70001220703125,435300
2021-06-11,357.8500061035156,357.8500061035156,364.7999877929688,357.0,364.4500122070313,292200
2021-06-14,352.3999938964844,352.3999938964844,360.0,344.25,359.95001220703125,376700
2021-06-15,357.04998779296875,357.04998779296875,358.6000061035156,354.04998779296875,355.0,214900
2021-06-16,352.54998779296875,352.54998779296875,359.0,350.95001220703125,357.20001220703125,223400
2021-06-17,346.75,346.75,354.75,345.25,349.6000061035156,280400
2021-06-18,343.8500061035156,343.8500061035156,349.45001220703125,331.6000061035156,349.1499938964844,313100
2021-06-21,351.8500061035156,351.8500061035156,352.6000061035156,337.1499938964844,339.45001220703125,241600
2021-06-22,349.45001220703125,349.45001220703125,357.3500061035156,347.75,354.04998779296875,261300
2021-06-23,348.20001220703125,348.20001220703125,352.3999938964844,347.3999938964844,351.3500061035156,333500
2021-06-24,345.54998779296875,345.54998779296875,350.95001220703125,344.8999938964844,350.45001220703125,406700
2021-06-25,346.54998779296875,346.54998779296875,349.6499938964844,345.45001220703125,346.70001220703125,229100
2021-06-28,346.70001220703125,346.70001220703125,348.8500061035156,345.75,346.5,186000
2021-06-29,345.45001220703125,345.45001220703125,348.6000061035156,343.75,347.3500061035156,246300
2021-06-30,343.95001220703125,343.95001220703125,347.3500061035156,343.1000061035156,346.8500061035156,284200
2021-07-01,342.79998779296875,342.79998779296875,347.5,342.29998779296875,345.3500061035156,171200
2021-07-02,344.6000061035156,344.6000061035156,346.79998779296875,343.8999938964844,344.70001220703125,163600
2021-07-06,352.79998779296875,352.79998779296875,357.8500061035156,351.29998779296875,355.5,367100
2021-07-07,359.70001220703125,359.70001220703125,362.1499938964844,352.3500061035156,353.54998779296875,332800
2021-07-08,357.6499938964844,357.6499938964844,363.3500061035156,355.70001220703125,362.0,294300
2021-07-09,366.1499938964844,366.1499938964844,367.4500122070313,356.8999938964844,358.79998779296875,402800
2021-07-12,379.3500061035156,379.3500061035156,382.25,367.8999938964844,369.2000122070313,1460500
2021-07-13,380.7999877929688,380.7999877929688,386.8500061035156,379.3999938964844,383.8500061035156,730100
2021-07-14,377.2000122070313,377.2000122070313,381.2000122070313,376.5,381.2000122070313,272141000
2021-07-15,393.0499877929688,393.0499877929688,394.2999877929688,376.2999877929688,378.7000122070313,620700
2021-07-16,397.5499877929688,397.5499877929688,402.1000061035156,390.0499877929688,395.4500122070313,803800
2021-07-19,399.25,399.25,404.7000122070313,391.6499938964844,393.4500122070313,1152200
2021-07-20,389.1499938964844,389.1499938964844,400.7999877929688,386.7000122070313,400.5499877929688,649500
2021-07-22,395.9500122070313,395.9500122070313,401.1000061035156,391.5499877929688,392.0,434100
2021-07-23,401.0499877929688,401.0499877929688,403.0,391.4500122070313,397.3500061035156,438500
2021-07-26,397.2000122070313,397.2000122070313,406.8999938964844,396.2000122070313,401.1499938964844,349000
2021-07-27,394.2999877929688,394.2999877929688,404.4500122070313,391.9500122070313,400.0499877929688,476200
2021-07-28,391.2000122070313,391.2000122070313,397.4500122070313,385.75,396.1499938964844,303500
2021-07-29,397.5,397.5,400.1499938964844,392.4500122070313,393.3999938964844,296000
2021-07-30,398.6499938964844,398.6499938964844,403.0499877929688,394.9500122070313,396.6000061035156,224500
2021-08-02,417.75,417.75,420.75,400.1000061035156,400.6499938964844,585700
2021-08-03,418.8500061035156,418.8500061035156,423.1499938964844,415.7000122070313,419.3500061035156,362300
2021-08-04,411.8500061035156,411.8500061035156,419.6000061035156,409.75,419.0499877929688,239600
2021-08-05,407.3500061035156,407.3500061035156,413.1000061035156,402.8999938964844,412.1000061035156,230000
2021-08-06,403.4500122070313,403.4500122070313,410.2000122070313,402.75,407.0,151000
2021-08-09,400.5,400.5,407.7999877929688,398.5,405.4500122070313,168915700
2021-08-10,392.3999938964844,392.3999938964844,402.0499877929688,386.3999938964844,400.8500061035156,207600
2021-08-11,393.4500122070313,393.4500122070313,394.1499938964844,376.4500122070313,392.3999938964844,399500
2021-08-12,398.2000122070313,398.2000122070313,399.1000061035156,393.0499877929688,393.8999938964844,226000
2021-08-13,394.5499877929688,394.5499877929688,400.1000061035156,392.75,398.3500061035156,157200
2021-08-16,393.0,393.0,396.8500061035156,391.7999877929688,394.5499877929688,227500
2021-08-17,390.25,390.25,394.9500122070313,385.8500061035156,393.0,263700
2021-08-18,387.25,387.25,392.25,386.1000061035156,390.7999877929688,163300
2021-08-20,373.3999938964844,373.3999938964844,385.7000122070313,371.6499938964844,382.7000122070313,196800
2021-08-23,369.7000122070313,369.7000122070313,379.1000061035156,365.5499877929688,375.7000122070313,177300
2021-08-24,376.4500122070313,376.4500122070313,377.3500061035156,369.8500061035156,371.7000122070313,180700
2021-08-25,373.5,373.5,379.75,370.7000122070313,377.8500061035156,186600
2021-08-26,374.5,374.5,375.8500061035156,371.7999877929688,374.7000122070313,149300
2021-08-27,377.25,377.25,379.5499877929688,373.9500122070313,374.1499938964844,175600
2021-08-30,384.5499877929688,384.5499877929688,385.8500061035156,377.3999938964844,377.3999938964844,170800
2021-08-31,386.7999877929688,386.7999877929688,388.25,382.8999938964844,384.8999938964844,207000
2021-09-01,408.3500061035156,408.3500061035156,411.3500061035156,388.25,389.3500061035156,560800
2021-09-02,413.4500122070313,413.4500122070313,414.3500061035156,405.2000122070313,409.4500122070313,334300
2021-09-03,417.8500061035156,417.8500061035156,423.3999938964844,413.8500061035156,415.6000061035156,373300
2021-09-06,431.0499877929688,431.0499877929688,432.8500061035156,419.1499938964844,420.25,394300
2021-09-07,421.0,421.0,433.6000061035156,417.7000122070313,433.3999938964844,243800
2021-09-08,420.7000122070313,420.7000122070313,424.25,416.9500122070313,421.7000122070313,253400
2021-09-09,417.6000061035156,417.6000061035156,419.8999938964844,415.8999938964844,417.75,164700
2021-09-13,420.2999877929688,420.2999877929688,420.9500122070313,415.0499877929688,417.1000061035156,209100
2021-09-14,422.0499877929688,422.0499877929688,425.6000061035156,419.8500061035156,421.8999938964844,285800
2021-09-15,422.7000122070313,422.7000122070313,425.7999877929688,421.5499877929688,423.1499938964844,179700
2021-09-16,423.5,423.5,425.5499877929688,421.5499877929688,424.5499877929688,195200
2021-09-17,413.5499877929688,413.5499877929688,429.3999938964844,411.75,425.0499877929688,271500
2021-09-20,404.7000122070313,404.7000122070313,416.7999877929688,403.3500061035156,408.3999938964844,217600
2021-09-21,419.1499938964844,419.1499938964844,421.6000061035156,405.0499877929688,406.0,383700
2021-09-22,454.5499877929688,454.5499877929688,456.1499938964844,421.9500122070313,423.4500122070313,905200
2021-09-23,493.8999938964844,493.8999938964844,507.6499938964844,457.5,458.1000061035156,1504900
2021-09-24,501.2999877929688,501.2999877929688,510.0499877929688,492.25,496.5499877929688,958300
2021-09-27,516.2999877929688,516.2999877929688,520.0499877929688,503.0499877929688,504.25,621800
2021-09-28,500.7000122070313,500.7000122070313,517.75,490.1000061035156,517.25,463300
2021-09-29,506.3500061035156,506.3500061035156,515.5,493.25,496.2000122070313,416500
2021-09-30,513.7999877929688,513.7999877929688,516.5499877929688,508.25,509.1499938964844,324200
2021-10-01,506.0499877929688,506.0499877929688,516.5,503.6499938964844,513.25,333600
2021-10-04,517.0499877929688,517.0499877929688,525.0499877929688,507.2999877929688,508.0,393400
2021-10-05,510.0,510.0,517.7999877929688,507.1499938964844,516.5,222400
2021-10-06,501.75,501.75,515.0,500.3500061035156,512.25,239300
2021-10-07,532.6500244140625,532.6500244140625,536.0499877929688,509.25,509.25,490100
2021-10-08,520.9000244140625,520.9000244140625,538.9000244140625,515.6500244140625,538.3499755859375,259900
2021-10-11,529.9000244140625,529.9000244140625,541.5499877929688,520.9000244140625,523.8499755859375,339200
2021-10-12,533.75,533.75,538.7000122070312,522.3499755859375,530.3499755859375,273700
2021-10-13,532.4500122070312,532.4500122070312,539.25,529.2999877929688,535.9000244140625,226800
2021-10-14,539.25,539.25,550.7000122070312,533.9500122070312,535.9500122070312,518100
2021-10-18,541.7999877929688,541.7999877929688,550.75,538.25,543.0999755859375,432700
2021-10-19,516.0999755859375,516.0999755859375,545.7999877929688,511.1000061035156,543.8499755859375,276400
2021-10-20,504.9500122070313,504.9500122070313,518.6500244140625,498.9500122070313,517.0499877929688,277400
2021-10-21,497.8500061035156,497.8500061035156,514.0999755859375,493.3999938964844,507.5499877929688,301600
2021-10-22,510.6000061035156,510.6000061035156,515.5999755859375,502.5,502.7000122070313,295100
2021-10-25,496.4500122070313,496.4500122070313,513.5499877929688,484.8999938964844,513.0999755859375,221300
2021-10-26,514.4000244140625,514.4000244140625,515.9500122070312,496.1499938964844,497.1499938964844,197000
2021-10-27,515.9500122070312,515.9500122070312,521.0499877929688,510.3500061035156,516.0999755859375,192400
2021-10-28,496.5,496.5,517.0999755859375,493.9500122070313,516.9500122070312,195000
2021-10-29,498.7000122070313,498.7000122070313,504.5499877929688,483.7999877929688,498.0,267700
2021-11-01,518.7999877929688,518.7999877929688,526.5999755859375,502.8500061035156,503.3500061035156,374400
2021-11-02,536.3499755859375,536.3499755859375,539.2000122070312,519.75,522.0,704500
2021-11-03,546.75,546.75,553.6500244140625,533.7999877929688,537.7000122070312,471500
2021-11-04,548.0499877929688,548.0499877929688,552.4000244140625,545.9500122070312,549.9000244140625,127900
2021-11-08,555.5999755859375,555.5999755859375,556.8499755859375,543.0,552.9500122070312,346400
2021-11-09,556.1500244140625,556.1500244140625,560.9000244140625,553.5999755859375,557.5499877929688,377300
2021-11-10,548.5999755859375,548.5999755859375,553.5999755859375,545.9500122070312,553.5999755859375,205900
2021-11-11,535.7999877929688,535.7999877929688,551.8499755859375,532.5999755859375,549.2999877929688,247500
2021-11-12,544.6500244140625,544.6500244140625,546.5499877929688,533.9000244140625,539.1500244140625,285700
2021-11-15,545.8499755859375,545.8499755859375,549.2999877929688,540.5,548.2000122070312,161700
2021-11-16,545.0999755859375,545.0999755859375,553.7999877929688,542.7999877929688,548.1500244140625,204000
2021-11-17,536.1500244140625,536.1500244140625,546.1500244140625,534.0999755859375,542.7999877929688,188100
2021-11-18,526.9000244140625,526.9000244140625,542.0,523.1500244140625,535.5999755859375,237100
2021-11-22,505.1000061035156,505.1000061035156,527.8499755859375,496.6499938964844,526.3499755859375,304500
2021-11-23,516.0,516.0,517.25,500.0499877929688,503.0499877929688,289500
2021-11-24,515.6500244140625,515.6500244140625,524.4000244140625,512.8499755859375,519.3499755859375,232900
2021-11-25,525.7000122070312,525.7000122070312,526.5499877929688,515.2000122070312,517.4500122070312,204700
2021-11-26,492.7999877929688,492.7999877929688,519.4500122070312,489.5499877929688,519.2000122070312,362500
2021-11-29,484.6000061035156,484.6000061035156,491.6499938964844,470.6499938964844,488.3500061035156,305900
2021-11-30,487.6000061035156,487.6000061035156,506.7000122070313,483.75,489.8999938964844,480100
2021-12-01,494.6499938964844,494.6499938964844,497.4500122070313,485.2000122070313,489.75,297600
2021-12-02,497.3500061035156,497.3500061035156,498.5499877929688,488.2999877929688,496.1000061035156,185700
2021-12-03,496.2999877929688,496.2999877929688,505.25,493.1499938964844,498.5,229200
2021-12-06,489.5,489.5,506.1499938964844,488.5,498.0499877929688,222600
2021-12-07,500.4500122070313,500.4500122070313,501.5,493.1000061035156,495.1000061035156,206400
2021-12-08,509.0499877929688,509.0499877929688,509.8500061035156,504.0499877929688,504.8999938964844,152100
2021-12-09,507.6499938964844,507.6499938964844,511.9500122070313,503.7000122070313,510.75,140100
2021-12-10,519.4000244140625,519.4000244140625,520.6500244140625,505.1000061035156,507.7999877929688,404600
2021-12-13,512.4000244140625,512.4000244140625,525.4000244140625,511.0,522.2999877929688,296100
2021-12-14,509.2000122070313,509.2000122070313,511.25,498.7000122070313,511.25,192500
2021-12-15,499.6000061035156,499.6000061035156,510.4500122070313,498.0499877929688,508.7999877929688,172000
2021-12-16,495.3999938964844,495.3999938964844,506.7000122070313,493.25,503.1499938964844,177800
2021-12-17,475.9500122070313,475.9500122070313,497.6499938964844,474.3500061035156,496.3500061035156,297200
2021-12-20,452.6499938964844,452.6499938964844,467.3999938964844,442.0,465.5,308500
2021-12-21,459.9500122070313,459.9500122070313,466.1000061035156,456.3500061035156,458.8500061035156,234700
2021-12-22,473.5,473.5,474.75,462.1000061035156,463.0,188600
2021-12-23,484.4500122070313,484.4500122070313,486.0,476.7999877929688,477.2000122070313,168500
2021-12-24,477.2999877929688,477.2999877929688,486.3999938964844,473.7999877929688,485.2999877929688,172500
2021-12-27,479.6000061035156,479.6000061035156,480.5499877929688,466.5,475.8500061035156,168600
2021-12-28,483.3999938964844,483.3999938964844,486.5,480.5499877929688,481.7999877929688,150600
2021-12-29,483.0499877929688,483.0499877929688,486.7000122070313,480.1000061035156,483.1499938964844,154000
2021-12-30,478.3500061035156,478.3500061035156,482.8999938964844,476.7000122070313,482.5,122200
2021-12-31,484.1499938964844,484.1499938964844,486.8999938964844,480.5,480.9500122070313,125600
2022-01-03,489.6499938964844,489.6499938964844,495.25,486.1000061035156,486.1000061035156,174400
2022-01-04,487.0499877929688,487.0499877929688,493.5,484.25,492.3500061035156,142300
2022-01-05,492.8999938964844,492.8999938964844,494.5499877929688,483.8500061035156,487.8500061035156,184300
2022-01-06,485.6499938964844,485.6499938964844,490.9500122070313,480.9500122070313,490.9500122070313,175500
2022-01-07,485.7999877929688,485.7999877929688,492.0,482.0,488.75,275900
2022-01-10,495.1499938964844,495.1499938964844,497.7999877929688,490.5,491.3999938964844,291300
2022-01-11,497.9500122070313,497.9500122070313,503.6499938964844,494.0,496.1000061035156,304100
2022-01-12,507.4500122070313,507.4500122070313,515.0,503.1499938964844,504.7999877929688,367100
2022-01-13,503.7999877929688,503.7999877929688,508.8500061035156,500.4500122070313,508.7999877929688,161800
2022-01-14,509.6000061035156,509.6000061035156,511.0499877929688,498.5499877929688,501.3500061035156,246400
2022-01-17,516.0999755859375,516.0999755859375,517.75,505.7000122070313,510.9500122070313,214700
2022-01-18,502.6499938964844,502.6499938964844,527.2000122070312,498.75,520.8499755859375,338300
2022-01-19,501.8999938964844,501.8999938964844,503.1499938964844,492.6499938964844,501.6000061035156,240500
2022-01-20,503.0499877929688,503.0499877929688,506.5,499.6499938964844,503.2000122070313,195900
2022-01-21,491.2000122070313,491.2000122070313,500.3500061035156,485.1499938964844,498.2000122070313,233100
2022-01-24,462.2000122070313,462.2000122070313,491.3999938964844,453.1499938964844,491.1000061035156,295100
2022-01-25,470.6000061035156,470.6000061035156,472.7999877929688,446.9500122070313,457.1000061035156,258900
2022-01-27,462.1000061035156,462.1000061035156,465.1499938964844,451.5,462.25,298800
2022-01-28,465.6499938964844,465.6499938964844,478.1000061035156,464.1499938964844,467.0,171100
2022-01-31,480.25,480.25,481.6499938964844,470.1000061035156,470.1499938964844,141700
2022-02-01,488.6499938964844,488.6499938964844,491.1499938964844,475.8500061035156,486.1499938964844,276300
2022-02-02,495.5,495.5,496.4500122070313,490.7999877929688,491.3999938964844,170600
2022-02-03,486.8999938964844,486.8999938964844,499.3999938964844,484.7999877929688,495.7999877929688,226500
2022-02-04,473.4500122070313,473.4500122070313,484.25,471.6499938964844,479.3999938964844,245400
2022-02-07,468.2000122070313,468.2000122070313,477.7999877929688,465.75,474.8500061035156,189600
2022-02-08,464.25,464.25,473.6499938964844,458.1000061035156,472.1000061035156,184800
2022-02-09,467.0,467.0,470.75,464.0499877929688,467.3500061035156,148600
2022-02-10,471.2000122070313,471.2000122070313,474.25,465.1499938964844,470.2000122070313,145900
2022-02-11,461.8500061035156,461.8500061035156,469.0499877929688,460.5499877929688,466.75,119900
2022-02-14,437.3999938964844,437.3999938964844,452.75,434.8500061035156,452.0,241100
2022-02-15,450.7000122070313,450.7000122070313,452.75,431.7000122070313,440.8999938964844,262400
2022-02-16,455.7999877929688,455.7999877929688,461.7999877929688,452.25,454.5,209200
2022-02-17,454.7000122070313,454.7000122070313,460.7999877929688,452.5499877929688,459.0,153100
2022-02-18,449.0,449.0,456.7999877929688,447.7000122070313,452.3500061035156,134100
2022-02-21,442.8999938964844,442.8999938964844,449.6499938964844,437.3999938964844,445.5,510100
2022-02-22,430.0,430.0,439.6499938964844,427.5,430.8999938964844,969700
2022-02-23,443.5499877929688,443.5499877929688,445.4500122070313,434.4500122070313,434.75,411500
2022-02-24,411.75,411.75,431.7000122070313,408.8500061035156,421.3500061035156,508900
2022-02-25,433.75,433.75,434.6499938964844,423.8500061035156,425.1000061035156,448300
2022-02-28,436.3999938964844,436.3999938964844,437.5499877929688,423.0499877929688,427.3500061035156,253000
2022-03-02,431.25,431.25,436.0499877929688,427.5,431.7999877929688,203400
2022-03-03,429.0,429.0,439.4500122070313,427.0,437.7999877929688,242900
2022-03-04,416.4500122070313,416.4500122070313,427.1499938964844,414.5499877929688,424.6000061035156,223300
2022-03-07,393.6499938964844,393.6499938964844,406.6000061035156,389.2999877929688,406.1499938964844,293100
2022-03-08,406.4500122070313,406.4500122070313,407.7999877929688,390.75,394.1000061035156,322500
2022-03-09,418.8500061035156,418.8500061035156,421.0499877929688,408.2999877929688,409.7000122070313,254100
2022-03-10,428.2000122070313,428.2000122070313,436.2000122070313,426.7000122070313,428.8500061035156,280800
2022-03-11,430.2000122070313,430.2000122070313,432.3999938964844,425.5499877929688,427.3999938964844,139600
2022-03-14,422.9500122070313,422.9500122070313,431.7000122070313,420.8500061035156,429.75,219500
2022-03-15,421.7000122070313,421.7000122070313,432.8500061035156,418.0,425.8999938964844,354900
2022-03-16,437.0499877929688,437.0499877929688,438.0499877929688,427.1000061035156,428.2000122070313,230300
2022-03-17,450.75,450.75,451.8500061035156,442.1000061035156,442.25,278500
2022-03-21,447.6000061035156,447.6000061035156,456.3999938964844,446.5,455.0499877929688,171300
2022-03-22,443.1000061035156,443.1000061035156,448.1000061035156,433.5,447.9500122070313,195700
2022-03-23,441.5499877929688,441.5499877929688,451.25,440.0,446.7000122070313,197100
2022-03-24,443.75,443.75,447.1499938964844,437.8500061035156,440.2000122070313,177400
2022-03-25,449.1499938964844,449.1499938964844,450.8999938964844,444.7000122070313,445.7000122070313,208200
2022-03-28,451.0,451.0,452.5499877929688,444.0,451.9500122070313,248000
2022-03-29,455.3999938964844,455.3999938964844,457.3500061035156,452.4500122070313,452.75,296700
2022-03-30,462.3500061035156,462.3500061035156,465.9500122070313,459.5,459.7999877929688,266400
2022-03-31,463.5499877929688,463.5499877929688,464.8500061035156,459.25,463.1499938964844,192600
2022-04-01,474.5499877929688,474.5499877929688,475.5,463.4500122070313,463.6499938964844,325500
2022-04-04,476.1499938964844,476.1499938964844,477.8500061035156,472.5499877929688,476.2000122070313,344200
2022-04-05,474.8999938964844,474.8999938964844,478.6000061035156,472.2999877929688,477.8999938964844,298800
2022-04-06,473.7000122070313,473.7000122070313,475.7000122070313,468.0499877929688,471.7000122070313,287700
2022-04-07,473.8500061035156,473.8500061035156,481.7999877929688,472.75,478.5,298500
2022-04-08,474.5,474.5,478.1499938964844,471.5499877929688,476.0,340800
2022-04-11,479.8500061035156,479.8500061035156,482.5,473.8999938964844,475.0,216800
2022-04-12,466.6000061035156,466.6000061035156,479.3999938964844,461.1000061035156,478.8999938964844,209500
2022-04-13,464.1000061035156,464.1000061035156,472.6000061035156,463.0,469.5,211500
2022-04-18,458.2000122070313,458.2000122070313,461.7000122070313,450.2999877929688,460.3999938964844,230300
2022-04-19,446.8999938964844,446.8999938964844,462.2999877929688,441.7999877929688,461.1499938964844,248500
2022-04-20,449.3500061035156,449.3500061035156,454.1000061035156,446.9500122070313,449.3500061035156,258400
2022-04-21,454.3999938964844,454.3999938964844,455.9500122070313,450.6499938964844,453.7000122070313,140500
2022-04-22,448.1000061035156,448.1000061035156,454.5,447.1499938964844,450.8999938964844,159400
2022-04-25,431.25,431.25,444.2000122070313,429.9500122070313,444.0499877929688,183100
2022-04-26,446.6499938964844,446.6499938964844,447.8999938964844,435.5499877929688,436.0499877929688,232500
2022-04-27,445.2999877929688,445.2999877929688,446.8500061035156,437.7999877929688,444.1499938964844,139500
2022-04-28,449.1000061035156,449.1000061035156,450.2000122070313,441.6000061035156,449.5499877929688,174400
2022-04-29,443.75,443.75,455.1499938964844,440.2000122070313,450.8500061035156,161400
2022-05-02,444.7000122070313,444.7000122070313,447.4500122070313,437.6499938964844,438.6000061035156,143500
2022-05-04,430.1499938964844,430.1499938964844,450.4500122070313,428.3500061035156,449.1499938964844,225700
2022-05-05,423.2000122070313,423.2000122070313,434.1000061035156,421.6499938964844,432.2999877929688,196200
2022-05-06,408.1499938964844,408.1499938964844,415.2000122070313,406.6000061035156,413.3999938964844,241500
2022-05-09,402.9500122070313,402.9500122070313,407.8999938964844,400.8999938964844,405.4500122070313,213100
2022-05-10,391.1000061035156,391.1000061035156,409.7000122070313,389.8500061035156,403.6000061035156,181600
2022-05-11,393.9500122070313,393.9500122070313,395.4500122070313,380.1000061035156,392.6000061035156,349200
2022-05-12,385.5,385.5,392.2999877929688,378.5,392.2999877929688,262700
2022-05-13,384.4500122070313,384.4500122070313,394.6499938964844,383.2000122070313,391.2999877929688,196500
2022-05-16,394.5,394.5,396.5,382.9500122070313,387.1499938964844,188900
2022-05-17,402.2000122070313,402.2000122070313,403.0499877929688,392.3500061035156,396.2999877929688,161800
2022-05-18,395.1499938964844,395.1499938964844,406.8500061035156,394.25,404.25,287900
2022-05-19,384.8500061035156,384.8500061035156,389.8500061035156,379.7000122070313,384.7000122070313,203000
2022-05-20,401.0499877929688,401.0499877929688,401.8500061035156,390.25,391.0,192600
2022-05-23,396.7999877929688,396.7999877929688,410.5,394.6000061035156,404.8500061035156,295500
2022-05-24,392.0,392.0,398.3999938964844,390.3500061035156,397.5499877929688,130000
2022-05-25,380.7000122070313,380.7000122070313,396.6499938964844,377.9500122070313,393.8500061035156,169800
2022-05-26,386.0,386.0,390.25,369.6499938964844,380.0,221200
2022-05-27,387.8500061035156,387.8500061035156,392.7999877929688,384.6000061035156,389.3500061035156,219800
2022-05-30,403.6000061035156,403.6000061035156,404.1499938964844,391.0,392.1499938964844,264900
2022-05-31,411.7000122070313,411.7000122070313,413.7000122070313,401.5499877929688,402.3500061035156,344900
2022-06-01,407.1000061035156,407.1000061035156,415.9500122070313,404.1499938964844,413.5499877929688,336600
2022-06-02,410.7999877929688,410.7999877929688,411.4500122070313,404.75,405.5499877929688,171000
2022-06-03,406.8500061035156,406.8500061035156,414.8999938964844,405.3999938964844,413.6499938964844,443900
2022-06-06,403.5,403.5,407.7000122070313,398.8500061035156,405.75,156500
2022-06-07,396.75,396.75,401.3999938964844,394.6000061035156,400.8999938964844,160000
2022-06-08,404.25,404.25,407.25,394.6000061035156,398.1000061035156,258600
2022-06-09,405.2999877929688,405.2999877929688,406.25,398.6000061035156,400.75,121100
2022-06-10,400.4500122070313,400.4500122070313,405.4500122070313,399.2000122070313,400.0,119100
2022-06-13,387.8500061035156,387.8500061035156,392.6499938964844,384.1000061035156,391.25,189600
2022-06-14,391.0,391.0,395.5,382.2999877929688,385.5499877929688,218700
2022-06-15,388.6000061035156,388.6000061035156,395.3999938964844,386.5,392.7999877929688,150800
2022-06-16,377.7000122070313,377.7000122070313,395.0,375.3999938964844,393.8500061035156,184700
2022-06-17,377.6499938964844,377.6499938964844,382.1499938964844,368.7999877929688,374.8999938964844,323100
2022-06-20,370.75,370.75,380.0499877929688,365.75,379.5,194200
2022-06-21,384.2999877929688,384.2999877929688,385.3999938964844,372.8999938964844,373.5,140400
2022-06-22,375.8999938964844,375.8999938964844,383.9500122070313,373.3999938964844,383.3999938964844,169400
2022-06-23,382.1499938964844,382.1499938964844,383.9500122070313,373.3999938964844,376.5499877929688,153700
2022-06-24,383.2000122070313,383.2000122070313,385.7000122070313,381.8500061035156,385.2999877929688,144000
2022-06-27,386.5,386.5,391.2000122070313,385.1499938964844,388.8500061035156,103400
2022-06-28,389.1000061035156,389.1000061035156,390.3500061035156,380.3500061035156,386.0499877929688,162600
2022-06-29,389.9500122070313,389.9500122070313,390.8999938964844,384.0499877929688,385.0499877929688,100700
2022-06-30,385.2999877929688,385.2999877929688,391.9500122070313,380.2000122070313,390.0499877929688,163200
2022-07-01,391.3999938964844,391.3999938964844,392.2999877929688,382.2999877929688,382.6499938964844,144800
2022-07-04,392.6000061035156,392.6000061035156,394.7999877929688,390.2000122070313,391.0,128200
2022-07-05,391.8500061035156,391.8500061035156,397.5,390.7000122070313,392.8500061035156,129700
2022-07-06,400.75,400.75,401.3999938964844,390.2000122070313,392.0,183600
2022-07-07,411.25,411.25,412.5,404.8999938964844,406.0499877929688,288500
2022-07-08,411.0,411.0,413.4500122070313,407.2000122070313,413.25,141600
2022-07-11,417.0499877929688,417.0499877929688,418.1499938964844,408.7000122070313,408.8999938964844,143700
2022-07-12,417.4500122070313,417.4500122070313,419.4500122070313,413.4500122070313,415.1000061035156,126000
2022-07-13,418.6000061035156,418.6000061035156,423.8500061035156,416.1499938964844,418.3999938964844,152500
2022-07-14,417.6499938964844,417.6499938964844,421.0499877929688,413.2999877929688,419.75,121400
2022-07-15,420.0,420.0,421.75,417.75,418.2000122070313,107700
2022-07-18,425.1000061035156,425.1000061035156,425.8999938964844,420.9500122070313,424.3999938964844,132600
2022-07-19,435.9500122070313,435.9500122070313,436.8500061035156,423.75,424.3500061035156,195900
2022-07-20,435.2000122070313,435.2000122070313,440.0,433.4500122070313,439.4500122070313,271800
2022-07-21,438.0,438.0,440.3500061035156,434.9500122070313,435.0,192800
2022-07-22,439.5,439.5,441.1000061035156,436.7000122070313,438.7000122070313,127100
2022-07-25,437.5,437.5,439.5499877929688,434.6499938964844,438.6499938964844,95600
2022-07-26,433.1000061035156,433.1000061035156,438.5499877929688,430.6499938964844,437.0499877929688,146000
2022-07-27,437.75,437.75,438.7999877929688,431.3999938964844,431.5499877929688,134700
2022-07-28,446.7999877929688,446.7999877929688,448.3999938964844,439.8999938964844,440.0499877929688,235300
2022-07-29,450.9500122070313,450.9500122070313,454.7999877929688,448.3999938964844,449.7000122070313,173000
2022-08-01,452.6499938964844,452.6499938964844,453.6000061035156,446.3500061035156,451.5499877929688,213900
2022-08-02,445.0,445.0,452.4500122070313,442.1499938964844,452.1000061035156,168200
2022-08-03,441.6000061035156,441.6000061035156,448.1499938964844,438.8500061035156,447.1499938964844,136700
2022-08-04,436.5499877929688,436.5499877929688,443.5499877929688,429.4500122070313,442.0,224000
2022-08-05,437.8999938964844,437.8999938964844,439.8500061035156,435.6499938964844,437.75,149800
2022-08-08,438.6000061035156,438.6000061035156,440.7000122070313,436.0499877929688,437.2000122070313,98200
2022-08-10,434.7999877929688,434.7999877929688,440.3999938964844,434.3500061035156,438.75,128300
2022-08-11,440.3999938964844,440.3999938964844,441.6000061035156,437.5499877929688,439.4500122070313,134600
2022-08-12,443.25,443.25,447.2000122070313,442.3999938964844,443.3999938964844,147100
2022-08-16,452.0,452.0,452.5499877929688,444.3500061035156,444.6499938964844,0
2022-08-17,452.3500061035156,452.3500061035156,455.6499938964844,451.25,454.2999877929688,256000
2022-08-18,459.3500061035156,459.3500061035156,460.25,452.2000122070313,452.6499938964844,472400
2022-08-19,450.3999938964844,450.3999938964844,461.4500122070313,447.3500061035156,461.0499877929688,230700
2022-08-22,439.1000061035156,439.1000061035156,447.8999938964844,437.7999877929688,447.6499938964844,166100
2022-08-23,440.8500061035156,440.8500061035156,441.8500061035156,434.2999877929688,435.1499938964844,136500
2022-08-24,448.8500061035156,448.8500061035156,450.0499877929688,441.75,441.8999938964844,302300
2022-08-25,455.4500122070313,455.4500122070313,460.2999877929688,451.0,451.3999938964844,286700
2022-08-26,453.75,453.75,459.6000061035156,452.8999938964844,456.6000061035156,124400
2022-08-29,447.6000061035156,447.6000061035156,448.3999938964844,438.25,438.7999877929688,124400
2022-08-30,463.2000122070313,463.2000122070313,464.5499877929688,450.5499877929688,451.0499877929688,278300
2022-09-01,468.2000122070313,468.2000122070313,471.5,458.5499877929688,459.9500122070313,265200
2022-09-02,467.3500061035156,467.3500061035156,473.75,466.6499938964844,470.3500061035156,181800
2022-09-05,471.5,471.5,472.8999938964844,467.6499938964844,468.7999877929688,192900
2022-09-06,473.2000122070313,473.2000122070313,475.75,468.7000122070313,473.8500061035156,229600
2022-09-07,473.6000061035156,473.6000061035156,474.5499877929688,468.6499938964844,469.9500122070313,175200
2022-09-08,472.25,472.25,477.25,471.3500061035156,476.1499938964844,153400
2022-09-09,470.0499877929688,470.0499877929688,477.2000122070313,468.6000061035156,474.2999877929688,249200
2022-09-12,480.3999938964844,480.3999938964844,481.75,470.7999877929688,473.7000122070313,226900
2022-09-13,479.5499877929688,479.5499877929688,483.5499877929688,478.3999938964844,483.1499938964844,164200
2022-09-14,476.25,476.25,477.4500122070313,470.8999938964844,471.8999938964844,178200
2022-09-15,471.8999938964844,471.8999938964844,478.7999877929688,467.7000122070313,477.3500061035156,155100
2022-09-16,454.3500061035156,454.3500061035156,475.3999938964844,452.0,469.3999938964844,260000
2022-09-19,450.0499877929688,450.0499877929688,456.7000122070313,447.9500122070313,455.25,194100
2022-09-20,457.2000122070313,457.2000122070313,461.6000061035156,453.7999877929688,453.8500061035156,146000
2022-09-21,451.2999877929688,451.2999877929688,458.75,449.1000061035156,456.7999877929688,157800
2022-09-22,450.0499877929688,450.0499877929688,453.9500122070313,445.25,449.2999877929688,157600
2022-09-23,436.75,436.75,450.8500061035156,434.9500122070313,450.3999938964844,118200
2022-09-26,418.2000122070313,418.2000122070313,431.7000122070313,415.4500122070313,430.9500122070313,188200
2022-09-27,417.0499877929688,417.0499877929688,422.1499938964844,412.0,419.5499877929688,139100
2022-09-28,414.25,414.25,420.3999938964844,411.8500061035156,415.6000061035156,122400
2022-09-29,415.7999877929688,415.7999877929688,421.6000061035156,412.0499877929688,418.25,146300
2022-09-30,424.0,424.0,428.1499938964844,410.9500122070313,412.0,266100
2022-10-03,418.75,418.75,426.6499938964844,415.9500122070313,425.8500061035156,183500
2022-10-04,428.25,428.25,428.9500122070313,423.1000061035156,424.8500061035156,176800
2022-10-06,437.1499938964844,437.1499938964844,439.5499877929688,432.4500122070313,433.2999877929688,238900
2022-10-07,438.5499877929688,438.5499877929688,439.7000122070313,432.6499938964844,437.9500122070313,156000
2022-10-10,434.25,434.25,437.1000061035156,431.6000061035156,433.6499938964844,112300
2022-10-11,420.8999938964844,420.8999938964844,434.8999938964844,419.6499938964844,434.7000122070313,129200
2022-10-12,427.7000122070313,427.7000122070313,428.6000061035156,418.8999938964844,422.6499938964844,162200
2022-10-13,423.4500122070313,423.4500122070313,428.3500061035156,421.6499938964844,426.8999938964844,120700
2022-10-14,420.0499877929688,420.0499877929688,430.7000122070313,419.1000061035156,429.5,109400
2022-10-17,418.25,418.25,421.1000061035156,412.0,417.9500122070313,140400
2022-10-18,425.4500122070313,425.4500122070313,426.3999938964844,419.8999938964844,420.8500061035156,114800
2022-10-19,427.1499938964844,427.1499938964844,430.6499938964844,423.8999938964844,426.7999877929688,186700
2022-10-20,426.6000061035156,426.6000061035156,427.3999938964844,420.8999938964844,424.2999877929688,108100
2022-10-21,426.7999877929688,426.7999877929688,429.5,421.3500061035156,426.7999877929688,103300
2022-10-24,428.0,428.0,430.7999877929688,426.8999938964844,430.4500122070313,22300
2022-10-25,425.3500061035156,425.3500061035156,429.3999938964844,424.25,429.2000122070313,120400
2022-10-27,437.9500122070313,437.9500122070313,439.0499877929688,427.2000122070313,428.1000061035156,152200
2022-10-28,436.1499938964844,436.1499938964844,439.2999877929688,433.2000122070313,438.9500122070313,147200
2022-10-31,438.6499938964844,438.6499938964844,440.1000061035156,435.7000122070313,437.75,106700
2022-11-01,442.7000122070313,442.7000122070313,443.7999877929688,438.5,440.2999877929688,118000
2022-11-02,439.1499938964844,439.1499938964844,446.5,437.9500122070313,442.1499938964844,279000
2022-11-03,441.7000122070313,441.7000122070313,443.2999877929688,435.0499877929688,437.3999938964844,119300
2022-11-04,443.0499877929688,443.0499877929688,444.2000122070313,440.5499877929688,442.2000122070313,126700
2022-11-07,447.7000122070313,447.7000122070313,448.8500061035156,442.75,444.2000122070313,133100
2022-11-09,441.5499877929688,441.5499877929688,454.7000122070313,440.3500061035156,453.0,167800
2022-11-10,440.8999938964844,440.8999938964844,442.7999877929688,437.4500122070313,439.4500122070313,158400
2022-11-11,448.25,448.25,451.7999877929688,444.6000061035156,445.0,154300
2022-11-14,453.2999877929688,453.2999877929688,454.5499877929688,447.2999877929688,450.3500061035156,228200
2022-11-15,452.7999877929688,452.7999877929688,454.1000061035156,447.9500122070313,454.1000061035156,162500
2022-11-16,448.1499938964844,448.1499938964844,453.2000122070313,445.6000061035156,452.4500122070313,118600
2022-11-17,448.3500061035156,448.3500061035156,449.8500061035156,444.7000122070313,447.75,96200
2022-11-18,448.7999877929688,448.7999877929688,449.8500061035156,443.0,449.0,250800
2022-11-21,443.1000061035156,443.1000061035156,448.6499938964844,440.5,448.5499877929688,237100
2022-11-22,437.7000122070313,437.7000122070313,443.0499877929688,436.0,441.9500122070313,162900
2022-11-23,438.7999877929688,438.7999877929688,439.7999877929688,437.0,438.9500122070313,96100
2022-11-24,439.75,439.75,440.4500122070313,436.4500122070313,440.0499877929688,99000
2022-11-25,444.8999938964844,444.8999938964844,445.5499877929688,439.3500061035156,440.25,199300
2022-11-28,445.2000122070313,445.2000122070313,447.8999938964844,443.0499877929688,445.1499938964844,151300
2022-11-29,443.7000122070313,443.7000122070313,447.7000122070313,442.0499877929688,445.2000122070313,134600
2022-11-30,450.1499938964844,450.1499938964844,451.6499938964844,442.6000061035156,443.7999877929688,191500
2022-12-01,459.0499877929688,459.0499877929688,460.7999877929688,450.7999877929688,452.75,178900
2022-12-02,463.3500061035156,463.3500061035156,464.0,458.6000061035156,460.9500122070313,229800
2022-12-05,466.5499877929688,466.5499877929688,467.4500122070313,462.5499877929688,465.25,239400
2022-12-06,463.3999938964844,463.3999938964844,467.5499877929688,462.1499938964844,465.7999877929688,177200
2022-12-07,457.8999938964844,457.8999938964844,465.3500061035156,456.0499877929688,463.75,243100
2022-12-08,454.3500061035156,454.3500061035156,460.5499877929688,452.6000061035156,458.7999877929688,207500
2022-12-09,447.5499877929688,447.5499877929688,455.8999938964844,442.3999938964844,455.3500061035156,265800
2022-12-12,449.6000061035156,449.6000061035156,450.75,442.2999877929688,445.7000122070313,118000
2022-12-13,446.0,446.0,451.5,445.0,450.3999938964844,94300
2022-12-14,452.4500122070313,452.4500122070313,454.25,447.25,447.7000122070313,166900
2022-12-15,446.5499877929688,446.5499877929688,454.8500061035156,445.1499938964844,452.75,117900
2022-12-16,439.7999877929688,439.7999877929688,448.1499938964844,438.5,444.7000122070313,132300
2022-12-19,443.0499877929688,443.0499877929688,443.6499938964844,438.6000061035156,441.2000122070313,127500
2022-12-20,437.7000122070313,437.7000122070313,442.4500122070313,433.5,442.0,123800
2022-12-21,430.6000061035156,430.6000061035156,444.25,428.9500122070313,440.0,149000
2022-12-22,424.5,424.5,434.2999877929688,422.7000122070313,432.2000122070313,118100
2022-12-23,409.8500061035156,409.8500061035156,422.2999877929688,406.8500061035156,421.8999938964844,162200
2022-12-27,425.0499877929688,425.0499877929688,426.0,420.75,421.3500061035156,117300
2022-12-28,427.1499938964844,427.1499938964844,429.5499877929688,422.1000061035156,423.8500061035156,106100
2022-12-29,427.75,427.75,428.8500061035156,421.1000061035156,425.8500061035156,113700
2022-12-30,431.7999877929688,431.7999877929688,434.8999938964844,429.8500061035156,430.6499938964844,122300
2023-01-02,436.1000061035156,436.1000061035156,436.8500061035156,430.7000122070313,431.8999938964844,101256900
2023-01-03,436.6499938964844,436.6499938964844,440.25,434.6499938964844,436.8999938964844,92600
2023-01-04,427.7000122070313,427.7000122070313,437.8500061035156,426.3999938964844,437.3999938964844,102100
2023-01-05,428.7000122070313,428.7000122070313,430.6000061035156,425.1000061035156,429.5,128900
2023-01-06,425.8500061035156,425.8500061035156,430.2000122070313,424.0499877929688,428.9500122070313,120100
2023-01-09,428.4500122070313,428.4500122070313,430.5499877929688,425.75,429.4500122070313,86400
2023-01-10,425.1499938964844,425.1499938964844,429.5,423.5499877929688,428.6000061035156,81400
2023-01-11,424.9500122070313,424.9500122070313,427.0499877929688,422.7000122070313,424.9500122070313,75900
2023-01-12,425.1499938964844,425.1499938964844,427.4500122070313,423.1499938964844,426.75,95100
2023-01-13,426.3999938964844,426.3999938964844,427.2999877929688,422.9500122070313,425.6499938964844,103500
2023-01-16,425.7999877929688,425.7999877929688,429.25,423.8999938964844,427.25,73800
2023-01-17,430.7999877929688,430.7999877929688,431.75,422.9500122070313,426.2000122070313,96900
2023-01-18,430.9500122070313,430.9500122070313,431.7999877929688,426.25,431.0499877929688,90300
2023-01-19,430.5499877929688,430.5499877929688,431.8500061035156,426.1000061035156,429.2000122070313,96200
2023-01-20,427.4500122070313,427.4500122070313,430.8999938964844,426.7000122070313,430.3500061035156,91200
2023-01-23,424.75,424.75,428.6499938964844,423.1000061035156,428.3999938964844,72600
2023-01-24,420.4500122070313,420.4500122070313,425.1000061035156,418.0499877929688,424.6000061035156,78000
2023-01-25,412.75,412.75,418.6499938964844,411.2000122070313,418.1499938964844,125000
2023-01-27,407.5499877929688,407.5499877929688,415.8500061035156,401.7999877929688,413.5499877929688,131900
2023-01-30,407.0,407.0,412.3999938964844,401.4500122070313,407.8500061035156,115900
2023-01-31,411.5499877929688,411.5499877929688,414.25,403.5,408.75,123100
2023-02-01,407.7000122070313,407.7000122070313,419.7000122070313,402.2999877929688,414.75,155300
2023-02-02,409.25,409.25,411.1000061035156,401.3500061035156,406.6499938964844,119100
2023-02-03,405.8999938964844,405.8999938964844,412.7000122070313,401.2000122070313,411.0,141400
2023-02-06,408.0,408.0,408.5499877929688,403.4500122070313,405.8500061035156,81600
2023-02-07,411.6000061035156,411.6000061035156,412.6000061035156,406.2999877929688,408.8500061035156,100400
2023-02-08,411.6499938964844,411.6499938964844,413.2000122070313,406.75,411.6000061035156,92200
2023-02-09,409.25,409.25,414.3500061035156,408.0499877929688,414.0499877929688,91700
2023-02-10,414.7999877929688,414.7999877929688,415.3500061035156,405.4500122070313,407.6000061035156,156600
2023-02-13,407.8500061035156,407.8500061035156,415.9500122070313,406.25,414.7999877929688,127300
2023-02-14,400.3500061035156,400.3500061035156,406.6499938964844,398.7000122070313,406.2999877929688,440500
2023-02-15,405.5499877929688,405.5499877929688,406.2000122070313,398.7000122070313,398.8999938964844,189900
2023-02-16,410.9500122070313,410.9500122070313,413.0499877929688,407.2000122070313,407.2000122070313,166400
2023-02-17,403.6499938964844,403.6499938964844,410.5499877929688,402.3999938964844,409.6499938964844,132200
2023-02-20,400.8500061035156,400.8500061035156,405.2999877929688,399.4500122070313,404.0499877929688,98100
2023-02-21,396.0499877929688,396.0499877929688,402.3500061035156,395.25,402.0499877929688,97600
2023-02-22,389.4500122070313,389.4500122070313,395.7000122070313,388.0499877929688,394.75,113500
2023-02-23,382.5,382.5,389.75,382.0499877929688,389.25,155200
2023-02-24,380.4500122070313,380.4500122070313,386.75,379.7999877929688,384.2999877929688,451900
2023-02-27,388.75,388.75,390.5499877929688,379.0,381.0,309700
2023-02-28,393.2000122070313,393.2000122070313,395.0499877929688,387.9500122070313,389.3500061035156,234000
2023-03-01,397.75,397.75,401.4500122070313,391.5,392.5,142100
2023-03-02,405.9500122070313,405.9500122070313,407.0,396.1000061035156,397.4500122070313,186000
2023-03-03,412.0,412.0,416.4500122070313,405.2000122070313,407.5499877929688,219700
2023-03-06,409.8500061035156,409.8500061035156,416.7999877929688,408.7000122070313,412.0,132900
2023-03-08,407.0499877929688,407.0499877929688,407.7999877929688,402.75,406.9500122070313,157500
2023-03-09,402.2999877929688,402.2999877929688,409.0,401.5499877929688,408.1499938964844,92100
2023-03-10,398.1499938964844,398.1499938964844,401.2000122070313,396.4500122070313,400.0499877929688,104500
2023-03-13,390.25,390.25,399.5499877929688,389.2999877929688,398.3999938964844,115500
2023-03-14,386.2999877929688,386.2999877929688,392.2999877929688,384.0499877929688,391.2000122070313,143500
2023-03-15,383.0,383.0,390.75,382.0499877929688,389.0,111800
2023-03-16,387.25,387.25,388.6000061035156,378.6000061035156,383.5499877929688,149700
2023-03-17,399.0,399.0,400.3999938964844,389.7999877929688,389.8999938964844,201600
2023-03-20,395.0,395.0,400.3999938964844,389.8999938964844,399.3999938964844,134200
2023-03-21,394.7000122070313,394.7000122070313,397.7999877929688,394.0499877929688,396.7999877929688,91000
2023-03-22,394.2999877929688,394.2999877929688,397.1499938964844,393.1499938964844,396.0,0
2023-03-23,390.0499877929688,390.0499877929688,395.1499938964844,387.9500122070313,393.7999877929688,145100
2023-03-24,380.9500122070313,380.9500122070313,389.75,379.6000061035156,388.6000061035156,139600
2023-03-27,376.5499877929688,376.5499877929688,383.5499877929688,375.25,382.1499938964844,173700
2023-03-28,372.0,372.0,379.1499938964844,371.25,377.5,157800
2023-03-29,381.1499938964844,381.1499938964844,381.75,370.6499938964844,371.7000122070313,216800
2023-03-31,387.3500061035156,387.3500061035156,389.3999938964844,382.8999938964844,383.3500061035156,306400
2023-04-03,390.8500061035156,390.8500061035156,391.5,387.3500061035156,389.0,138300
2023-04-05,392.8500061035156,392.8500061035156,396.25,389.75,390.7999877929688,231100
2023-04-06,404.0,404.0,405.4500122070313,391.2000122070313,392.6499938964844,246500
2023-04-10,421.3500061035156,421.3500061035156,421.9500122070313,407.25,407.7000122070313,387300
2023-04-11,420.1499938964844,420.1499938964844,427.3999938964844,419.4500122070313,423.7999877929688,265000
2023-04-12,420.4500122070313,420.4500122070313,425.1000061035156,418.9500122070313,421.25,194900
2023-04-13,425.2000122070313,425.2000122070313,426.2000122070313,419.6000061035156,421.1499938964844,187100
2023-04-17,429.3999938964844,429.3999938964844,429.7999877929688,425.1000061035156,426.3999938964844,168200
2023-04-18,433.8500061035156,433.8500061035156,437.8999938964844,429.2999877929688,429.3500061035156,257300
2023-04-19,434.5499877929688,434.5499877929688,436.7999877929688,432.9500122070313,435.3500061035156,130300
2023-04-20,432.7000122070313,432.7000122070313,435.6000061035156,430.3999938964844,434.4500122070313,193900
2023-04-21,423.5,423.5,434.0,421.9500122070313,433.7000122070313,162000
2023-04-24,428.0,428.0,429.3999938964844,423.2000122070313,425.0499877929688,603100
2023-04-25,430.1000061035156,430.1000061035156,431.3999938964844,428.1000061035156,429.6499938964844,438800
2023-04-26,435.9500122070313,435.9500122070313,436.7999877929688,429.25,429.5,315800
2023-04-27,442.6000061035156,442.6000061035156,445.0,436.0,436.6499938964844,251900
2023-04-28,445.1000061035156,445.1000061035156,445.7999877929688,441.8999938964844,444.8999938964844,175400
2023-05-02,444.9500122070313,444.9500122070313,447.3500061035156,443.7999877929688,446.1000061035156,143300
2023-05-03,446.2000122070313,446.2000122070313,450.2000122070313,443.2000122070313,444.5,157900
2023-05-04,446.3999938964844,446.3999938964844,446.8999938964844,442.2000122070313,446.5499877929688,92500
2023-05-05,445.0499877929688,445.0499877929688,449.6499938964844,443.75,446.8999938964844,121200
2023-05-08,452.3500061035156,452.3500061035156,458.6499938964844,445.75,446.0499877929688,166600
2023-05-09,448.5,448.5,456.1499938964844,447.6499938964844,453.5499877929688,485200
2023-05-10,452.3500061035156,452.3500061035156,452.8500061035156,446.8999938964844,448.8999938964844,358800
2023-05-11,454.5,454.5,456.2999877929688,451.25,453.1499938964844,184200
2023-05-12,452.8999938964844,452.8999938964844,456.7000122070313,451.6000061035156,453.6000061035156,94700
2023-05-15,472.4500122070313,472.4500122070313,477.3999938964844,454.75,455.1499938964844,488400
2023-05-16,472.1000061035156,472.1000061035156,479.5499877929688,471.0,475.75,233500
2023-05-17,465.7999877929688,465.7999877929688,471.9500122070313,462.0,471.7000122070313,154200
2023-05-18,454.75,454.75,468.7999877929688,452.9500122070313,467.75,142900
2023-05-19,458.7000122070313,458.7000122070313,459.3999938964844,449.25,455.6000061035156,152300
2023-05-22,461.9500122070313,461.9500122070313,463.3500061035156,457.7999877929688,458.7999877929688,154900
2023-05-23,461.6000061035156,461.6000061035156,464.4500122070313,459.1000061035156,463.2999877929688,139000
2023-05-24,461.5499877929688,461.5499877929688,464.2000122070313,458.0,461.4500122070313,319700
2023-05-25,466.7000122070313,466.7000122070313,467.9500122070313,462.1000061035156,463.0499877929688,263400
2023-05-26,472.5499877929688,472.5499877929688,473.8999938964844,464.7999877929688,467.7000122070313,266900
2023-05-29,476.2000122070313,476.2000122070313,479.2000122070313,471.0,474.8500061035156,193200
2023-05-30,475.2000122070313,475.2000122070313,477.4500122070313,474.2000122070313,476.6000061035156,205200
2023-05-31,478.7999877929688,478.7999877929688,480.0499877929688,473.5,475.75,316800
2023-06-01,484.0,484.0,487.1499938964844,479.5,479.7999877929688,214400
2023-06-02,490.8500061035156,490.8500061035156,492.5,484.6000061035156,485.2000122070313,310800
2023-06-05,492.5499877929688,492.5499877929688,494.0,488.5,492.8999938964844,173500
2023-06-06,498.3999938964844,498.3999938964844,499.5,492.8500061035156,493.75,186100
2023-06-07,506.2999877929688,506.2999877929688,507.25,496.9500122070313,500.1000061035156,168300
2023-06-08,498.25,498.25,507.3999938964844,497.0499877929688,506.7000122070313,159100
2023-06-09,498.4500122070313,498.4500122070313,504.3500061035156,496.4500122070313,499.0499877929688,105500
2023-06-12,505.5,505.5,506.0499877929688,500.5499877929688,500.7000122070313,101300
2023-06-13,520.7000122070312,520.7000122070312,522.4500122070312,505.6499938964844,507.2999877929688,282600
2023-06-14,522.1500244140625,522.1500244140625,525.7999877929688,517.6500244140625,522.4500122070312,262600
2023-06-15,518.2000122070312,518.2000122070312,527.1500244140625,516.7999877929688,522.75,219800
2023-06-16,517.0999755859375,517.0999755859375,524.0999755859375,516.0499877929688,520.0999755859375,180300
2023-06-19,513.3499755859375,513.3499755859375,520.75,511.1499938964844,518.2000122070312,111400
2023-06-20,515.8499755859375,515.8499755859375,518.25,510.0499877929688,513.25,141000
2023-06-21,514.1500244140625,514.1500244140625,522.0,511.0,517.0999755859375,182800
2023-06-22,510.0499877929688,510.0499877929688,515.9500122070312,508.75,515.0999755859375,115600
2023-06-23,506.8999938964844,506.8999938964844,510.8500061035156,504.5,510.5,103900
2023-06-26,508.5499877929688,508.5499877929688,509.3500061035156,502.9500122070313,507.25,110500
2023-06-27,514.8499755859375,514.8499755859375,516.0999755859375,510.75,511.1499938964844,138700
2023-06-28,517.25,517.25,518.2999877929688,514.25,517.0999755859375,144800
2023-06-30,520.0,520.0,522.5499877929688,518.1500244140625,519.4000244140625,197600
2023-07-03,523.9000244140625,523.9000244140625,525.5,518.5,519.6500244140625,107400
2023-07-04,522.9500122070312,522.9500122070312,528.5,521.5999755859375,525.6500244140625,132200
2023-07-05,525.9000244140625,525.9000244140625,527.7999877929688,518.4000244140625,524.0999755859375,118800
2023-07-06,537.75,537.75,541.5,528.7999877929688,529.2000122070312,305300
2023-07-07,531.4000244140625,531.4000244140625,542.3499755859375,529.9000244140625,538.9000244140625,209100
2023-07-10,526.9000244140625,526.9000244140625,533.0999755859375,525.0999755859375,532.8499755859375,114800
2023-07-11,526.8499755859375,526.8499755859375,529.7000122070312,525.9000244140625,527.5999755859375,150100
2023-07-12,528.2000122070312,528.2000122070312,529.7000122070312,522.0499877929688,528.4500122070312,130600
2023-07-13,533.5999755859375,533.5999755859375,541.0999755859375,528.9500122070312,530.3499755859375,300000
2023-07-14,539.7999877929688,539.7999877929688,541.4500122070312,535.75,536.1500244140625,128000
2023-07-17,539.6500244140625,539.6500244140625,541.7000122070312,537.25,540.9000244140625,404700
2023-07-18,535.0499877929688,535.0499877929688,542.9000244140625,533.5499877929688,541.2999877929688,197300
2023-07-19,536.1500244140625,536.1500244140625,539.5,535.4000244140625,536.2000122070312,120900
2023-07-20,536.2999877929688,536.2999877929688,539.4000244140625,534.2000122070312,537.4500122070312,192800
2023-07-21,536.0999755859375,536.0999755859375,538.9000244140625,531.2999877929688,533.9500122070312,150100
2023-07-24,537.1500244140625,537.1500244140625,542.7000122070312,534.0,537.1500244140625,177700
2023-07-25,535.0,535.0,542.6500244140625,533.5499877929688,539.25,153100
2023-07-26,541.3499755859375,541.3499755859375,542.2000122070312,536.0499877929688,536.7000122070312,199600
2023-07-27,552.8499755859375,552.8499755859375,554.0499877929688,542.7000122070312,543.3499755859375,194300
2023-07-28,562.9500122070312,562.9500122070312,564.25,548.8499755859375,549.7999877929688,413000
2023-07-31,566.75,566.75,568.7999877929688,563.0499877929688,563.9000244140625,187300
2023-08-01,556.7000122070312,556.7000122070312,565.0999755859375,555.0499877929688,565.0999755859375,275300
2023-08-02,548.4000244140625,548.4000244140625,561.6500244140625,541.6500244140625,553.5,382500
2023-08-03,538.6500244140625,538.6500244140625,548.5,535.0,548.3499755859375,250000
2023-08-04,539.1500244140625,539.1500244140625,542.5,536.9500122070312,540.75,204300
2023-08-07,542.2999877929688,542.2999877929688,543.4500122070312,538.7000122070312,539.4500122070312,151200
2023-08-08,541.3499755859375,541.3499755859375,546.2999877929688,538.0999755859375,543.5,122900
2023-08-09,534.6500244140625,534.6500244140625,544.0999755859375,533.1500244140625,542.5999755859375,154600
2023-08-10,533.25,533.25,537.9500122070312,530.4000244140625,537.4000244140625,152200
2023-08-11,531.1500244140625,531.1500244140625,536.5999755859375,529.5499877929688,535.4000244140625,131100
2023-08-14,527.6500244140625,527.6500244140625,530.6500244140625,520.7999877929688,530.5999755859375,160600
2023-08-16,533.4500122070312,533.4500122070312,534.75,525.0999755859375,527.5999755859375,0
2023-08-17,534.0999755859375,534.0999755859375,537.0,531.7999877929688,534.0,122600
2023-08-18,530.2000122070312,530.2000122070312,533.5,528.5499877929688,533.4000244140625,110600
2023-08-21,535.4500122070312,535.4500122070312,536.4000244140625,529.5,529.7999877929688,89700
2023-08-22,536.5999755859375,536.5999755859375,540.25,535.1500244140625,537.8499755859375,109200
2023-08-23,538.9000244140625,538.9000244140625,541.2000122070312,537.6500244140625,537.9000244140625,108100
2023-08-24,540.0,540.0,547.3499755859375,538.4000244140625,541.2999877929688,515200
2023-08-25,532.9500122070312,532.9500122070312,538.9500122070312,531.0499877929688,538.25,470800
2023-08-28,537.9500122070312,537.9500122070312,541.25,535.4000244140625,535.5499877929688,501400
2023-08-29,547.0499877929688,547.0499877929688,548.7000122070312,539.9000244140625,539.9000244140625,515300
2023-08-30,554.7999877929688,554.7999877929688,555.9500122070312,549.9000244140625,550.7999877929688,354500
2023-08-31,558.4000244140625,558.4000244140625,561.4000244140625,551.25,555.8499755859375,326900
2023-09-01,563.6500244140625,563.6500244140625,565.25,557.0,559.4000244140625,260600
2023-09-04,570.1500244140625,570.1500244140625,574.0,563.6500244140625,565.6500244140625,269161900
2023-09-05,576.2000122070312,576.2000122070312,580.0499877929688,570.1500244140625,572.2000122070312,223600
2023-09-06,570.6500244140625,570.6500244140625,577.4000244140625,569.9500122070312,577.0,475700
2023-09-07,579.0999755859375,579.0999755859375,579.9000244140625,570.1500244140625,570.9000244140625,260400
2023-09-08,591.4000244140625,591.4000244140625,593.0999755859375,579.0999755859375,580.9000244140625,315000
2023-09-11,596.5999755859375,596.5999755859375,599.0999755859375,591.9500122070312,595.0999755859375,188100
2023-09-12,577.25,577.25,599.9000244140625,575.0,599.75,364200
2023-09-13,581.1500244140625,581.1500244140625,582.5499877929688,565.2999877929688,577.1500244140625,325600
2023-09-14,589.25,589.25,594.4000244140625,585.3499755859375,585.3499755859375,248300
2023-09-15,586.9500122070312,586.9500122070312,593.0,583.0499877929688,592.0,163500
2023-09-18,578.9000244140625,578.9000244140625,587.7999877929688,578.25,587.5499877929688,114800
2023-09-20,572.1500244140625,572.1500244140625,578.7000122070312,570.25,576.75,217400
2023-09-21,565.25,565.25,579.0999755859375,563.1500244140625,570.8499755859375,154700
2023-09-22,561.5,561.5,570.75,559.9500122070312,566.5,152700
2023-09-25,570.0499877929688,570.0499877929688,572.0499877929688,557.4000244140625,562.4000244140625,729300
2023-09-26,571.7999877929688,571.7999877929688,573.9500122070312,569.4000244140625,571.7000122070312,197100
2023-09-27,576.0,576.0,577.4500122070312,569.7999877929688,570.7999877929688,311900
2023-09-28,570.4000244140625,570.4000244140625,579.4000244140625,568.5999755859375,578.9500122070312,292900
2023-09-29,575.6500244140625,575.6500244140625,578.4500122070312,571.9000244140625,571.9500122070312,194300
2023-10-03,578.2999877929688,578.2999877929688,579.25,571.7999877929688,576.0999755859375,59600
2023-10-04,568.2999877929688,568.2999877929688,578.25,561.4500122070312,576.7000122070312,113400
2023-10-05,569.9500122070312,569.9500122070312,577.7999877929688,566.5499877929688,571.5499877929688,131400
2023-10-06,587.5,587.5,588.7000122070312,571.9000244140625,571.9000244140625,167900
2023-10-09,582.8499755859375,582.8499755859375,588.6500244140625,580.9000244140625,586.5999755859375,104900
2023-10-10,606.2000122070312,606.2000122070312,612.25,585.4000244140625,587.5499877929688,334500
2023-10-11,611.2999877929688,611.2999877929688,617.4000244140625,608.5,609.75,150600
2023-10-12,610.2000122070312,610.2000122070312,614.7999877929688,606.25,612.7000122070312,106800
2023-10-13,612.7999877929688,612.7999877929688,619.9000244140625,602.4000244140625,606.5999755859375,125600
2023-10-16,610.7000122070312,610.7000122070312,615.7999877929688,608.6500244140625,613.5999755859375,98200
2023-10-17,610.9000244140625,610.9000244140625,614.0499877929688,607.5999755859375,612.8499755859375,76200
2023-10-18,608.0499877929688,608.0499877929688,611.5999755859375,602.9500122070312,610.6500244140625,86600
2023-10-19,605.9000244140625,605.9000244140625,607.9500122070312,598.9500122070312,606.2000122070312,75300
2023-10-20,599.3499755859375,599.3499755859375,608.4000244140625,593.5999755859375,603.6500244140625,101500
2023-10-23,584.4000244140625,584.4000244140625,600.4000244140625,579.75,598.75,83800
2023-10-25,578.7999877929688,578.7999877929688,587.75,572.0499877929688,583.25,241300
2023-10-26,571.8499755859375,571.8499755859375,575.75,559.2000122070312,575.75,157000
2023-10-27,583.0,583.0,586.25,575.3499755859375,575.4500122070312,348500
2023-10-30,595.4500122070312,595.4500122070312,597.5999755859375,582.3499755859375,584.4500122070312,253800
2023-10-31,603.0,603.0,607.2000122070312,597.9500122070312,598.25,207400
2023-11-01,612.3499755859375,612.3499755859375,616.4500122070312,603.8499755859375,603.8499755859375,201300
2023-11-02,627.7999877929688,627.7999877929688,630.75,614.0999755859375,614.0999755859375,134700
2023-11-03,643.75,643.75,644.4000244140625,628.2999877929688,629.3499755859375,181100
2023-11-06,651.5,651.5,656.6500244140625,647.0999755859375,651.0,139000
2023-11-07,642.7999877929688,642.7999877929688,653.2000122070312,640.5499877929688,652.1500244140625,102600
2023-11-08,652.5499877929688,652.5499877929688,654.6500244140625,641.7999877929688,646.5499877929688,142400
2023-11-09,660.5999755859375,660.5999755859375,666.1500244140625,655.1500244140625,655.6500244140625,212300
2023-11-10,662.0999755859375,662.0999755859375,666.7000122070312,656.1500244140625,659.5999755859375,209300
2023-11-13,663.4500122070312,663.4500122070312,666.5,660.25,665.9000244140625,291800
2023-11-15,683.0499877929688,683.0499877929688,684.2999877929688,670.7999877929688,671.0499877929688,166600
2023-11-16,689.3499755859375,689.3499755859375,690.6500244140625,682.4000244140625,684.6500244140625,119500
2023-11-17,692.7000122070312,692.7000122070312,694.0499877929688,687.8499755859375,689.7999877929688,115200
2023-11-20,691.0,691.0,700.75,689.7999877929688,695.5,125100
2023-11-21,698.7999877929688,698.7999877929688,703.4500122070312,694.0499877929688,694.2000122070312,149000
2023-11-22,693.9500122070312,693.9500122070312,699.5499877929688,684.5999755859375,699.0999755859375,93100
2023-11-23,701.0999755859375,701.0999755859375,705.1500244140625,695.6500244140625,696.2000122070312,108700
2023-11-24,702.9500122070312,702.9500122070312,706.6500244140625,700.5499877929688,703.5999755859375,94900
2023-11-28,706.9500122070312,706.9500122070312,708.0,700.3499755859375,703.6500244140625,124300
2023-11-29,703.4500122070312,703.4500122070312,712.9500122070312,701.6500244140625,712.0999755859375,112500
2023-11-30,713.5999755859375,713.5999755859375,717.0499877929688,698.4000244140625,705.0499877929688,609200
2023-12-01,723.0499877929688,723.0499877929688,732.0499877929688,717.2999877929688,717.8499755859375,134800
2023-12-04,737.75,737.75,743.0,727.2000122070312,734.75,215300
2023-12-05,734.3499755859375,734.3499755859375,742.4500122070312,727.7999877929688,742.1500244140625,264800
2023-12-06,732.2000122070312,732.2000122070312,737.9500122070312,726.9000244140625,735.75,203900
2023-12-07,734.7999877929688,734.7999877929688,737.3499755859375,730.3499755859375,735.2000122070312,90200
2023-12-08,738.7000122070312,738.7000122070312,747.4500122070312,730.3499755859375,736.5,343700
2023-12-11,744.9500122070312,744.9500122070312,747.9000244140625,739.75,739.9500122070312,196100
2023-12-12,731.9500122070312,731.9500122070312,749.2000122070312,729.7999877929688,747.9000244140625,148000
2023-12-13,743.7000122070312,743.7000122070312,748.5999755859375,727.9500122070312,736.0,128300
2023-12-14,772.5499877929688,772.5499877929688,773.7000122070312,751.1500244140625,752.0,307700
2023-12-15,767.0499877929688,767.0499877929688,777.4500122070312,765.0999755859375,775.0999755859375,246500
2023-12-18,759.7000122070312,759.7000122070312,769.25,757.75,769.25,99800
2023-12-19,755.6500244140625,755.6500244140625,764.5499877929688,753.7999877929688,760.25,131400
2023-12-20,737.2999877929688,737.2999877929688,760.8499755859375,734.5499877929688,759.75,174900
2023-12-21,744.0999755859375,744.0999755859375,745.9000244140625,722.4500122070312,731.0499877929688,179300
2023-12-22,763.0499877929688,763.0499877929688,765.0499877929688,746.7999877929688,748.0499877929688,168900
2023-12-26,764.9000244140625,764.9000244140625,767.1500244140625,760.4000244140625,766.5999755859375,110300
2023-12-27,770.0999755859375,770.0999755859375,772.5499877929688,766.0999755859375,767.5,255600
2023-12-28,777.4000244140625,777.4000244140625,779.0499877929688,766.4000244140625,772.25,155400
2023-12-29,783.0499877929688,783.0499877929688,784.5,772.5499877929688,778.2000122070312,137600
2024-01-02,778.4500122070312,778.4500122070312,790.75,774.2999877929688,788.4500122070312,81100
2024-01-03,788.0,788.0,790.5,773.75,778.4500122070312,102500
2024-01-04,841.2999877929688,841.2999877929688,844.4000244140625,789.9500122070312,791.4000244140625,531100
2024-01-05,844.3499755859375,844.3499755859375,863.0,839.8499755859375,842.75,346300
2024-01-08,845.4500122070312,845.4500122070312,855.75,841.2999877929688,846.3499755859375,281100
2024-01-09,866.75,866.75,869.25,850.5,852.6500244140625,284800
2024-01-10,865.7999877929688,865.7999877929688,868.6500244140625,853.1500244140625,868.6500244140625,136700
2024-01-11,865.4500122070312,865.4500122070312,870.9500122070312,862.0499877929688,867.7999877929688,149400
2024-01-12,881.0499877929688,881.0499877929688,885.25,868.2000122070312,871.4500122070312,198000
2024-01-15,883.2999877929688,883.2999877929688,894.4000244140625,880.0499877929688,886.5499877929688,136500
2024-01-16,868.5999755859375,868.5999755859375,885.0999755859375,860.5499877929688,885.0999755859375,115900
2024-01-17,856.2999877929688,856.2999877929688,861.9500122070312,848.0499877929688,855.4500122070312,129600
2024-01-18,862.5,862.5,863.4500122070312,830.0999755859375,852.0,203400
2024-01-19,868.5,868.5,871.7999877929688,862.8499755859375,869.75,179000
2024-01-23,816.1500244140625,816.1500244140625,867.5999755859375,811.5499877929688,867.3499755859375,350200
2024-01-24,818.0999755859375,818.0999755859375,822.2000122070312,794.5,815.9500122070312,223600
2024-01-25,823.5499877929688,823.5499877929688,831.0999755859375,810.8499755859375,827.0999755859375,209800
2024-01-29,833.9000244140625,833.9000244140625,837.2999877929688,819.4500122070312,825.0499877929688,194600
2024-01-30,837.0999755859375,837.0999755859375,847.5999755859375,831.5999755859375,840.0499877929688,237300
2024-01-31,856.2000122070312,856.2000122070312,858.5499877929688,835.25,838.5499877929688,205900
2024-02-01,848.1500244140625,848.1500244140625,857.3499755859375,841.7999877929688,856.3499755859375,150600
2024-02-02,856.2000122070312,856.2000122070312,868.3499755859375,849.3499755859375,853.0,241600
2024-02-05,862.75,862.75,871.7000122070312,853.9000244140625,854.2000122070312,141100
2024-02-06,866.25,866.25,868.9000244140625,855.2999877929688,867.5499877929688,114300
2024-02-07,882.1500244140625,882.1500244140625,892.7999877929688,874.9500122070312,876.8499755859375,166900
2024-02-08,876.0499877929688,876.0499877929688,883.4500122070312,873.3499755859375,882.0999755859375,113100
2024-02-09,875.9500122070312,875.9500122070312,878.75,855.6500244140625,877.7999877929688,201500
2024-02-12,849.9500122070312,849.9500122070312,878.5499877929688,847.0499877929688,876.4500122070312,128600
2024-02-13,850.4000244140625,850.4000244140625,852.8499755859375,833.8499755859375,850.25,115100
2024-02-14,861.0,861.0,865.9000244140625,836.2999877929688,838.2000122070312,105400
2024-02-15,869.4000244140625,869.4000244140625,877.75,863.4500122070312,866.75,132800
2024-02-16,882.7000122070312,882.7000122070312,885.3499755859375,867.0,875.6500244140625,127700
2024-02-20,887.0,887.0,894.4500122070312,879.9000244140625,879.9000244140625,112100
2024-02-21,904.75,904.75,913.4000244140624,888.75,889.6500244140625,228700
2024-02-22,909.6500244140624,909.6500244140624,911.5,898.5499877929688,910.0499877929688,122300
2024-02-23,918.75,918.75,925.25,912.8499755859376,916.5499877929688,119900
2024-02-26,919.3499755859376,919.3499755859376,925.1500244140624,907.25,919.7000122070312,107400
2024-02-27,929.1500244140624,929.1500244140624,931.5499877929688,917.9500122070312,920.1500244140624,187100
2024-02-28,909.5,909.5,932.0999755859376,899.5,929.4000244140624,105200
2024-02-29,910.5499877929688,910.5499877929688,915.4500122070312,894.4500122070312,909.2000122070312,420400
2024-03-01,917.0999755859376,917.0999755859376,919.6500244140624,907.25,913.2000122070312,124100
2024-03-04,927.4500122070312,927.4500122070312,936.0,923.75,929.8499755859376,177700
2024-03-05,930.3499755859376,930.3499755859376,936.2999877929688,925.2000122070312,927.8499755859376,95600
2024-03-06,917.8499755859376,917.8499755859376,930.2000122070312,901.75,929.7000122070312,129300
2024-03-07,916.5,916.5,925.25,912.5999755859376,920.5499877929688,75300
2024-03-11,906.5499877929688,906.5499877929688,935.1500244140624,903.5999755859376,921.9000244140624,126700
2024-03-12,872.9000244140625,872.9000244140625,913.3499755859376,870.2000122070312,911.9000244140624,345700
2024-03-13,826.5,826.5,882.7999877929688,814.7000122070312,871.0999755859375,446100
2024-03-14,831.5499877929688,831.5499877929688,836.5,808.4500122070312,815.8499755859375,192500
2024-03-15,830.1500244140625,830.1500244140625,846.6500244140625,818.6500244140625,833.4500122070312,284500
2024-03-18,834.0499877929688,834.0499877929688,842.4000244140625,821.0,829.7999877929688,135400
2024-03-19,829.2000122070312,829.2000122070312,839.7000122070312,821.1500244140625,838.75,136000
2024-03-20,834.3499755859375,834.3499755859375,840.6500244140625,819.75,833.0,103400
2024-03-21,859.4000244140625,859.4000244140625,861.0499877929688,840.3499755859375,845.3499755859375,123800
2024-03-22,874.5,874.5,876.7999877929688,860.4000244140625,863.5,125600
2024-03-26,888.2000122070312,888.2000122070312,890.7000122070312,868.6500244140625,871.9000244140625,107000
2024-03-27,895.75,895.75,900.5,892.4000244140625,893.9000244140625,102400
2024-03-28,900.6500244140625,900.6500244140625,905.4000244140624,889.1500244140625,900.5999755859375,124900
2024-04-01,939.9000244140624,939.9000244140624,943.2999877929688,903.1500244140624,904.4000244140624,148900
2024-04-02,949.3499755859376,949.3499755859376,959.0999755859376,940.0499877929688,942.75,94400
2024-04-03,924.8499755859376,924.8499755859376,946.25,923.0,946.2000122070312,126200
2024-04-04,924.5,924.5,931.4500122070312,919.0499877929688,930.5999755859376,96700
2024-04-05,937.75,937.75,941.2999877929688,926.2000122070312,928.0499877929688,133000
2024-04-08,950.25,950.25,963.7999877929688,947.0499877929688,948.2000122070312,142900
2024-04-09,955.2999877929688,955.2999877929688,970.2000122070312,951.3499755859376,959.2000122070312,120400
2024-04-10,960.9000244140624,960.9000244140624,968.9500122070312,958.8499755859376,959.7999877929688,62000
2024-04-12,952.4000244140624,952.4000244140624,970.8499755859376,950.8499755859376,962.5499877929688,85200
2024-04-15,942.0499877929688,942.0499877929688,950.9500122070312,925.0,930.0,75700
2024-04-16,937.75,937.75,942.0,930.1500244140624,935.2000122070312,72500
2024-04-18,932.75,932.75,952.0499877929688,928.9000244140624,942.5,104000
2024-04-19,926.25,926.25,928.6500244140624,909.7000122070312,920.2000122070312,86800
2024-04-22,933.0999755859376,933.0999755859376,941.3499755859376,931.1500244140624,935.7999877929688,95300
2024-04-23,957.2000122070312,957.2000122070312,962.25,939.4000244140624,941.4000244140624,124700
2024-04-24,965.75,965.75,970.4000244140624,961.5999755859376,963.8499755859376,71200
2024-04-25,963.3499755859376,963.3499755859376,972.2000122070312,950.7999877929688,970.7999877929688,61400
2024-04-26,969.0499877929688,969.0499877929688,971.5499877929688,956.9500122070312,966.5,78800
2024-04-29,959.3499755859376,959.3499755859376,973.4500122070312,952.0499877929688,969.5999755859376,66100
2024-04-30,973.25,973.25,983.0999755859376,962.3499755859376,962.6500244140624,83600
2024-05-02,972.6500244140624,972.6500244140624,973.9500122070312,956.9000244140624,972.5999755859376,85800
2024-05-03,962.6500244140624,962.6500244140624,980.6500244140624,957.0999755859376,979.9000244140624,132700
2024-05-06,989.2000122070312,989.2000122070312,990.75,961.6500244140624,973.4000244140624,181800
2024-05-07,954.7000122070312,954.7000122070312,994.3499755859376,946.0,989.9500122070312,143600
2024-05-08,960.8499755859376,960.8499755859376,964.7999877929688,939.5999755859376,955.2000122070312,110400
2024-05-09,939.4500122070312,939.4500122070312,967.5999755859376,936.25,965.1500244140624,80700
2024-05-10,935.3499755859376,935.3499755859376,949.1500244140624,922.0999755859376,943.5499877929688,101100
2024-05-13,946.9000244140624,946.9000244140624,949.0,914.3499755859376,934.7999877929688,86800
2024-05-14,955.25,955.25,962.7999877929688,946.7000122070312,949.7000122070312,106400
2024-05-15,965.0,965.0,978.75,948.7999877929688,957.1500244140624,154400
2024-05-16,980.75,980.75,984.3499755859376,968.9000244140624,972.4500122070312,171700
2024-05-17,997.0999755859376,997.0999755859376,999.0,980.0499877929688,986.4000244140624,118300
2024-05-21,1004.7000122070312,1004.7000122070312,1007.4500122070312,992.5499877929688,1006.6500244140624,108200
2024-05-22,1018.9000244140624,1018.9000244140624,1023.25,1008.2999877929688,1010.0499877929688,131200
2024-05-23,1030.4000244140625,1030.4000244140625,1033.050048828125,1015.2999877929688,1028.0999755859375,117500
2024-05-24,1023.6500244140624,1023.6500244140624,1032.0,1020.7000122070312,1028.699951171875,85600
2024-05-27,1032.3499755859375,1032.3499755859375,1040.75,1026.949951171875,1029.0,99000
2024-05-28,1010.0,1010.0,1035.25,1005.6500244140624,1034.3499755859375,86100
2024-05-29,1000.9500122070312,1000.9500122070312,1012.9500122070312,998.6500244140624,1007.7999877929688,147600
2024-05-30,996.0499877929688,996.0499877929688,1002.4000244140624,992.2999877929688,998.9500122070312,90400
2024-05-31,1019.4000244140624,1019.4000244140624,1032.8499755859375,1005.25,1011.75,447500
2024-06-03,1080.050048828125,1080.050048828125,1082.449951171875,1049.800048828125,1059.5999755859375,189700
2024-06-04,976.0999755859376,976.0999755859376,1085.5999755859375,930.9000244140624,1085.5999755859375,213200
2024-06-05,1000.7999877929688,1000.7999877929688,1008.2000122070312,936.9500122070312,986.2999877929688,150900
2024-06-06,1047.75,1047.75,1053.800048828125,1011.3499755859376,1011.3499755859376,123600
2024-06-07,1069.5,1069.5,1072.449951171875,1050.5,1054.75,128800
2024-06-10,1083.6500244140625,1083.6500244140625,1089.8499755859375,1075.6500244140625,1077.050048828125,120900
2024-06-11,1095.8499755859375,1095.8499755859375,1104.199951171875,1090.800048828125,1093.3499755859375,94100
2024-06-12,1095.4000244140625,1095.4000244140625,1099.449951171875,1087.4000244140625,1095.0999755859375,143700
2024-06-13,1119.9000244140625,1119.9000244140625,1122.1500244140625,1102.3499755859375,1107.050048828125,127600
2024-06-14,1129.0999755859375,1129.0999755859375,1134.9000244140625,1121.550048828125,1126.75,95600
2024-06-18,1150.300048828125,1150.300048828125,1157.3499755859375,1128.1500244140625,1130.3499755859375,103800
2024-06-19,1117.699951171875,1117.699951171875,1149.9000244140625,1111.0,1149.25,146200
2024-06-20,1140.300048828125,1140.300048828125,1145.5999755859375,1119.449951171875,1124.6500244140625,90300
2024-06-21,1131.9000244140625,1131.9000244140625,1148.0999755859375,1126.800048828125,1140.5,109700
2024-06-24,1135.3499755859375,1135.3499755859375,1138.0,1115.699951171875,1129.0999755859375,115900
2024-06-25,1115.5,1115.5,1141.3499755859375,1105.5999755859375,1140.1500244140625,122700
2024-06-26,1099.5,1099.5,1118.8499755859375,1097.1500244140625,1116.75,98600
2024-06-27,1098.949951171875,1098.949951171875,1107.949951171875,1088.3499755859375,1097.4000244140625,149500
2024-06-28,1104.75,1104.75,1113.5999755859375,1090.6500244140625,1099.25,96300
2024-07-01,1101.050048828125,1101.050048828125,1113.6500244140625,1097.0999755859375,1112.5,0
2024-07-02,1110.1500244140625,1110.1500244140625,1121.699951171875,1101.449951171875,1106.4000244140625,0
2024-07-03,1113.8499755859375,1113.8499755859375,1117.4000244140625,1105.9000244140625,1116.949951171875,0
2024-07-04,1119.5,1119.5,1123.550048828125,1112.050048828125,1120.199951171875,57900
2024-07-05,1119.1500244140625,1119.1500244140625,1123.5,1112.4000244140625,1122.199951171875,84600
2024-07-08,1114.300048828125,1114.300048828125,1125.699951171875,1110.199951171875,1122.4000244140625,63700
2024-07-09,1127.050048828125,1127.050048828125,1129.949951171875,1112.550048828125,1116.1500244140625,54400
2024-07-10,1126.6500244140625,1126.6500244140625,1140.5,1104.300048828125,1134.300048828125,103400
2024-07-11,1109.9000244140625,1109.9000244140625,1132.25,1105.5999755859375,1128.699951171875,56000
2024-07-12,1093.199951171875,1093.199951171875,1115.449951171875,1090.25,1114.8499755859375,90300
2024-07-15,1107.9000244140625,1107.9000244140625,1118.4000244140625,1079.3499755859375,1099.4000244140625,104000
2024-07-16,1126.25,1126.25,1132.699951171875,1110.1500244140625,1112.25,186700
2024-07-18,1122.699951171875,1122.699951171875,1129.3499755859375,1105.1500244140625,1125.5999755859375,97600
2024-07-19,1096.199951171875,1096.199951171875,1125.0999755859375,1084.550048828125,1124.4000244140625,93200
2024-07-22,1090.9000244140625,1090.9000244140625,1097.3499755859375,1076.75,1085.9000244140625,98500
2024-07-23,1065.949951171875,1065.949951171875,1105.699951171875,1043.8499755859375,1096.550048828125,224400
2024-07-24,1074.25,1074.25,1084.949951171875,1059.300048828125,1063.550048828125,147700
2024-07-25,1065.3499755859375,1065.3499755859375,1073.4000244140625,1059.0,1068.949951171875,96700
2024-07-26,1077.6500244140625,1077.6500244140625,1090.9000244140625,1068.25,1070.9000244140625,113500
2024-07-29,1093.050048828125,1093.050048828125,1104.449951171875,1080.0,1088.25,142900
2024-07-30,1097.800048828125,1097.800048828125,1110.5,1093.5,1096.8499755859375,101600
2024-07-31,1093.75,1093.75,1109.75,1086.050048828125,1106.449951171875,133100
2024-08-01,1075.1500244140625,1075.1500244140625,1099.050048828125,1069.25,1097.5,123900
2024-08-02,1037.1500244140625,1037.1500244140625,1067.300048828125,1034.449951171875,1063.550048828125,103100
2024-08-05,992.2999877929688,992.2999877929688,1013.75,981.9500122070312,1010.7999877929688,161800
2024-08-06,1000.5999755859376,1000.5999755859376,1025.300048828125,997.5499877929688,1010.1500244140624,153300
2024-08-07,1018.9500122070312,1018.9500122070312,1034.199951171875,1010.2999877929688,1033.949951171875,70400
2024-08-08,1006.6500244140624,1006.6500244140624,1025.949951171875,1003.8499755859376,1018.7000122070312,63900
2024-08-09,1022.25,1022.25,1029.050048828125,1014.0,1020.5,64600
2024-08-12,1035.699951171875,1035.699951171875,1038.9000244140625,1015.8499755859376,1019.25,92800
2024-08-13,1028.0999755859375,1028.0999755859375,1043.75,1024.6500244140625,1039.4000244140625,63700
2024-08-14,1023.1500244140624,1023.1500244140624,1033.3499755859375,1016.7000122070312,1033.300048828125,75700
2024-08-16,1048.6500244140625,1048.6500244140625,1051.949951171875,1031.0999755859375,1033.550048828125,139200
2024-08-19,1050.199951171875,1050.199951171875,1062.199951171875,1045.0,1054.449951171875,44000
2024-08-20,1052.3499755859375,1052.3499755859375,1054.5,1045.050048828125,1052.6500244140625,69100
2024-08-21,1038.550048828125,1038.550048828125,1051.9000244140625,1035.0,1050.449951171875,58700
2024-08-22,1043.449951171875,1043.449951171875,1045.800048828125,1032.449951171875,1042.6500244140625,48000
2024-08-23,1018.0999755859376,1018.0999755859376,1046.050048828125,1016.7999877929688,1042.5999755859375,80800
2024-08-26,1036.0,1036.0,1038.050048828125,1011.75,1023.0999755859376,86000
2024-08-27,1038.0999755859375,1038.0999755859375,1049.0,1033.699951171875,1036.6500244140625,94900
2024-08-28,1036.199951171875,1036.199951171875,1044.699951171875,1027.449951171875,1040.300048828125,57400
2024-08-29,1034.5,1034.5,1039.25,1028.9000244140625,1036.3499755859375,103500
2024-08-30,1053.4000244140625,1053.4000244140625,1058.4000244140625,1039.0999755859375,1039.0999755859375,341800
2024-09-02,1050.9000244140625,1050.9000244140625,1059.199951171875,1046.9000244140625,1057.1500244140625,64800
2024-09-03,1045.4000244140625,1045.4000244140625,1064.75,1043.5,1053.050048828125,74100
2024-09-04,1052.199951171875,1052.199951171875,1054.5,1034.550048828125,1039.9000244140625,64000
2024-09-05,1041.949951171875,1041.949951171875,1055.550048828125,1039.6500244140625,1054.3499755859375,83300
2024-09-06,1032.0999755859375,1032.0999755859375,1049.699951171875,1028.8499755859375,1046.050048828125,90500
2024-09-09,1029.6500244140625,1029.6500244140625,1038.0,1022.25,1030.949951171875,75200
2024-09-10,1038.75,1038.75,1041.75,1030.5999755859375,1034.4000244140625,60300
2024-09-11,1026.6500244140625,1026.6500244140625,1039.949951171875,1024.300048828125,1038.75,55200
2024-09-12,1035.699951171875,1035.699951171875,1038.050048828125,1024.6500244140625,1032.050048828125,53700
2024-09-13,1053.6500244140625,1053.6500244140625,1056.300048828125,1039.0,1040.6500244140625,108600
2024-09-16,1059.699951171875,1059.699951171875,1070.3499755859375,1052.800048828125,1063.9000244140625,89800
2024-09-17,1066.199951171875,1066.199951171875,1070.1500244140625,1050.3499755859375,1062.1500244140625,76200
2024-09-18,1063.75,1063.75,1071.550048828125,1055.300048828125,1069.0999755859375,54100
2024-09-19,1069.0,1069.0,1081.3499755859375,1042.949951171875,1072.5999755859375,167500
2024-09-20,1101.5999755859375,1101.5999755859375,1114.300048828125,1076.25,1078.449951171875,143100
2024-09-23,1126.1500244140625,1126.1500244140625,1130.4000244140625,1104.800048828125,1112.449951171875,144900
2024-09-24,1122.75,1122.75,1133.9000244140625,1116.6500244140625,1127.949951171875,114200
2024-09-25,1130.1500244140625,1130.1500244140625,1132.4000244140625,1103.949951171875,1112.5999755859375,109500
2024-09-26,1131.300048828125,1131.300048828125,1140.4000244140625,1118.699951171875,1131.9000244140625,118000
2024-09-27,1117.800048828125,1117.800048828125,1128.5,1101.6500244140625,1123.6500244140625,140100
2024-09-30,1099.0,1099.0,1108.550048828125,1088.050048828125,1105.9000244140625,116900
2024-10-01,1096.8499755859375,1096.8499755859375,1104.199951171875,1087.949951171875,1102.050048828125,70500
2024-10-03,1049.0,1049.0,1083.8499755859375,1045.050048828125,1073.4000244140625,119100
2024-10-04,1031.800048828125,1031.800048828125,1048.3499755859375,1011.7999877929688,1047.1500244140625,157900
2024-10-07,1020.1500244140624,1020.1500244140624,1043.6500244140625,1014.3499755859376,1038.0,151400
2024-10-08,1029.949951171875,1029.949951171875,1032.300048828125,1012.75,1014.0,88000
2024-10-09,1052.050048828125,1052.050048828125,1058.25,1028.4000244140625,1035.550048828125,89100
2024-10-10,1047.8499755859375,1047.8499755859375,1066.5999755859375,1046.199951171875,1058.050048828125,87000
2024-10-11,1040.5999755859375,1040.5999755859375,1050.25,1036.0999755859375,1050.0,52900
2024-10-14,1057.3499755859375,1057.3499755859375,1059.8499755859375,1040.1500244140625,1044.449951171875,96400
2024-10-15,1079.050048828125,1079.050048828125,1082.0999755859375,1050.0,1061.5999755859375,75700
2024-10-16,1084.949951171875,1084.949951171875,1086.550048828125,1068.449951171875,1081.1500244140625,87900
2024-10-17,1044.1500244140625,1044.1500244140625,1086.300048828125,1042.4000244140625,1084.5999755859375,99600
2024-10-18,1047.300048828125,1047.300048828125,1051.050048828125,1023.3499755859376,1038.949951171875,70700
2024-10-21,1032.6500244140625,1032.6500244140625,1059.3499755859375,1029.0999755859375,1051.5999755859375,71700
2024-10-22,997.75,997.75,1031.449951171875,993.9000244140624,1030.9000244140625,113200
2024-10-23,997.1500244140624,997.1500244140624,1003.5,973.6500244140624,991.0499877929688,117100
2024-10-24,985.8499755859376,985.8499755859376,1011.0,984.4000244140624,1000.9000244140624,82100
2024-10-25,974.3499755859376,974.3499755859376,993.0,957.0,989.0999755859376,76500
2024-10-28,987.75,987.75,996.0999755859376,961.2000122070312,975.9000244140624,198800
2024-10-29,1001.8499755859376,1001.8499755859376,1002.9500122070312,978.0499877929688,990.2999877929688,112200
2024-10-30,1001.0499877929688,1001.0499877929688,1013.9000244140624,992.25,995.0999755859376,74800
2024-10-31,999.5499877929688,999.5499877929688,1007.2000122070312,990.9000244140624,1001.0,81100
2024-11-01,1009.0999755859376,1009.0999755859376,1014.7000122070312,1004.2000122070312,1009.5999755859376,13100
2024-11-04,979.5,979.5,1010.2999877929688,976.4000244140624,1003.9500122070312,89700
2024-11-05,985.5999755859376,985.5999755859376,988.6500244140624,966.6500244140624,978.75,90800
2024-11-06,1011.0499877929688,1011.0499877929688,1018.5,992.4500122070312,993.5,87300
2024-11-07,996.5499877929688,996.5499877929688,1025.5,994.9500122070312,1013.9000244140624,86300
2024-11-08,967.6500244140624,967.6500244140624,1001.6500244140624,965.7999877929688,1000.4500122070312,65100
2024-11-11,966.2000122070312,966.2000122070312,979.1500244140624,952.6500244140624,965.7999877929688,64300
2024-11-12,967.9500122070312,967.9500122070312,987.7999877929688,961.6500244140624,968.7999877929688,103800
2024-11-13,937.25,937.25,965.8499755859376,929.75,962.3499755859376,94300
2024-11-14,946.9500122070312,946.9500122070312,954.25,937.5999755859376,938.7999877929688,69700
2024-11-18,952.25,952.25,962.7000122070312,946.5999755859376,961.0499877929688,94200
2024-11-19,966.2999877929688,966.2999877929688,977.4000244140624,953.4000244140624,954.7000122070312,73100
2024-11-21,975.2999877929688,975.2999877929688,982.5999755859376,953.9500122070312,968.5,109000
2024-11-22,1006.25,1006.25,1008.9500122070312,963.9500122070312,972.0999755859376,146700
2024-11-25,1028.5,1028.5,1044.199951171875,1023.7999877929688,1034.4000244140625,377500
2024-11-26,1029.1500244140625,1029.1500244140625,1043.0,1027.699951171875,1034.6500244140625,82300
2024-11-27,1024.9000244140625,1024.9000244140625,1031.449951171875,1019.9000244140624,1028.8499755859375,79300
2024-11-28,1025.3499755859375,1025.3499755859375,1041.199951171875,1022.0999755859376,1028.4000244140625,99800
2024-11-29,1020.1500244140624,1020.1500244140624,1028.5,1016.3499755859376,1027.699951171875,81200
2024-12-02,1051.199951171875,1051.199951171875,1054.300048828125,1016.1500244140624,1022.3499755859376,122500
2024-12-03,1054.5999755859375,1054.5999755859375,1062.25,1046.3499755859375,1060.949951171875,90400
2024-12-04,1077.1500244140625,1077.1500244140625,1079.4000244140625,1055.199951171875,1058.4000244140625,118100
2024-12-05,1074.449951171875,1074.449951171875,1083.5,1067.0,1083.4000244140625,66900
2024-12-06,1073.9000244140625,1073.9000244140625,1077.25,1061.949951171875,1076.75,68600
2024-12-09,1076.9000244140625,1076.9000244140625,1084.4000244140625,1070.9000244140625,1071.4000244140625,91700
2024-12-10,1092.3499755859375,1092.3499755859375,1093.6500244140625,1080.0999755859375,1080.550048828125,199900
2024-12-11,1094.3499755859375,1094.3499755859375,1098.5,1089.050048828125,1090.300048828125,144400
2024-12-12,1089.8499755859375,1089.8499755859375,1097.550048828125,1085.9000244140625,1093.050048828125,77400
2024-12-13,1085.050048828125,1085.050048828125,1092.449951171875,1061.050048828125,1085.199951171875,92300
2024-12-16,1118.6500244140625,1118.6500244140625,1123.199951171875,1088.1500244140625,1088.699951171875,179000
2024-12-17,1117.5999755859375,1117.5999755859375,1137.5,1114.5999755859375,1116.5,148700
2024-12-18,1112.4000244140625,1112.4000244140625,1123.4000244140625,1105.699951171875,1122.9000244140625,90400
2024-12-19,1103.25,1103.25,1108.75,1088.0999755859375,1090.1500244140625,81700
2024-12-20,1060.0999755859375,1060.0999755859375,1109.949951171875,1056.25,1106.75,107600
2024-12-23,1075.6500244140625,1075.6500244140625,1086.699951171875,1062.800048828125,1064.550048828125,98400
2024-12-24,1074.75,1074.75,1086.9000244140625,1065.449951171875,1078.75,77200
2024-12-26,1077.25,1077.25,1080.0,1060.0,1073.25,40700
2024-12-27,1071.3499755859375,1071.3499755859375,1081.949951171875,1069.550048828125,1076.949951171875,32700
2024-12-30,1054.8499755859375,1054.8499755859375,1078.9000244140625,1046.25,1068.6500244140625,135800
2024-12-31,1052.3499755859375,1052.3499755859375,1054.550048828125,1040.75,1048.300048828125,51800
2025-01-02,1051.6500244140625,1051.6500244140625,1054.4000244140625,1032.1500244140625,1044.8499755859375,73400
2025-01-03,1045.0999755859375,1045.0999755859375,1057.6500244140625,1041.25,1052.0999755859375,56400
2025-01-06,1012.0499877929688,1012.0499877929688,1056.1500244140625,1008.0999755859376,1051.4000244140625,74700
2025-01-07,1020.0999755859376,1020.0999755859376,1024.0,1008.9500122070312,1014.9500122070312,60300
2025-01-08,1018.5,1018.5,1028.4000244140625,998.9000244140624,1025.699951171875,107100
2025-01-09,990.7000122070312,990.7000122070312,1016.8499755859376,987.7000122070312,1016.0999755859376,73600
2025-01-10,963.2999877929688,963.2999877929688,997.0,961.4500122070312,993.4500122070312,99000
2025-01-13,901.0,901.0,952.0,897.5,949.25,147700
2025-01-14,908.2000122070312,908.2000122070312,917.2000122070312,899.4500122070312,904.0499877929688,114000
2025-01-15,920.8499755859376,920.8499755859376,930.25,903.0499877929688,914.9500122070312,160900
2025-01-16,927.0499877929688,927.0499877929688,952.6500244140624,925.7999877929688,932.25,65500
2025-01-17,939.25,939.25,943.8499755859376,921.5999755859376,924.9000244140624,95200
2025-01-20,945.3499755859376,945.3499755859376,950.0499877929688,934.5499877929688,943.75,54900
2025-01-21,906.4000244140624,906.4000244140624,948.4000244140624,904.5499877929688,946.2999877929688,105900
2025-01-22,865.0499877929688,865.0499877929688,909.0499877929688,854.5499877929688,908.5,176600
2025-01-23,873.7000122070312,873.7000122070312,882.9500122070312,858.0999755859375,862.5499877929688,107100
2025-01-24,853.5499877929688,853.5499877929688,880.8499755859375,851.0499877929688,875.9500122070312,144000
2025-01-27,844.5999755859375,844.5999755859375,865.5499877929688,839.75,849.0499877929688,338600
2025-01-28,862.9000244140625,862.9000244140625,874.3499755859375,842.5499877929688,855.0999755859375,193000
2025-01-29,888.0,888.0,889.4000244140625,860.9000244140625,861.6500244140625,105600
2025-01-30,903.7999877929688,903.7999877929688,914.8499755859376,893.25,894.5,125900
2025-01-31,921.3499755859376,921.3499755859376,927.2000122070312,894.3499755859375,899.9500122070312,123500
2025-02-03,949.7000122070312,949.7000122070312,954.7999877929688,929.5499877929688,943.4000244140624,103800
2025-02-04,954.9500122070312,954.9500122070312,962.5499877929688,947.5999755859376,952.5,84700
2025-02-05,937.2999877929688,937.2999877929688,968.25,934.5,960.1500244140624,83000
2025-02-06,916.7999877929688,916.7999877929688,945.8499755859376,914.4000244140624,942.3499755859376,108900
2025-02-07,917.7000122070312,917.7000122070312,933.0,909.4500122070312,918.2999877929688,105500
2025-02-10,890.2999877929688,890.2999877929688,918.4000244140624,883.9000244140625,915.9000244140624,66200
2025-02-11,863.0,863.0,890.9500122070312,853.5999755859375,890.0499877929688,85500
2025-02-12,839.3499755859375,839.3499755859375,862.6500244140625,835.3499755859375,862.4500122070312,182400
2025-02-13,846.1500244140625,846.1500244140625,855.7999877929688,831.25,839.4500122070312,140900
2025-02-14,831.4500122070312,831.4500122070312,850.9000244140625,818.75,847.7000122070312,99600
2025-02-17,831.5499877929688,831.5499877929688,838.0999755859375,806.0499877929688,823.6500244140625,82000
2025-02-18,832.0499877929688,832.0499877929688,835.4500122070312,820.2999877929688,832.5499877929688,79000
2025-02-19,845.9500122070312,845.9500122070312,857.5,821.9000244140625,827.4500122070312,86700
2025-02-20,855.4000244140625,855.4000244140625,859.0,836.7999877929688,843.3499755859375,60100
2025-02-21,844.5,844.5,866.4500122070312,839.6500244140625,853.5999755859375,87300
2025-02-24,837.6500244140625,837.6500244140625,844.2000122070312,824.2000122070312,837.5499877929688,83200
2025-02-25,826.6500244140625,826.6500244140625,839.0499877929688,823.0999755859375,836.25,92300
2025-02-27,809.3499755859375,809.3499755859375,829.5999755859375,804.9500122070312,825.3499755859375,111900
2025-02-28,797.9000244140625,797.9000244140625,808.0499877929688,787.2000122070312,800.7000122070312,192700
2025-03-03,807.9500122070312,807.9500122070312,810.75,783.0,798.25,93000
2025-03-04,808.75,808.75,815.4000244140625,785.9000244140625,798.0999755859375,72500
2025-03-05,827.5499877929688,827.5499877929688,830.0,806.2999877929688,806.2999877929688,67600
2025-03-06,826.1500244140625,826.1500244140625,840.25,824.2999877929688,835.6500244140625,62200
2025-03-07,816.3499755859375,816.3499755859375,835.5,813.75,828.8499755859375,111600
2025-03-10,799.7000122070312,799.7000122070312,823.9500122070312,795.8499755859375,816.6500244140625,71300
2025-03-11,828.7000122070312,828.7000122070312,832.25,790.5,794.0,111800
2025-03-12,815.0499877929688,815.0499877929688,834.7999877929688,808.4000244140625,829.2999877929688,86500
2025-03-13,800.1500244140625,800.1500244140625,818.5999755859375,798.0999755859375,817.4500122070312,74500
2025-03-17,797.0999755859375,797.0999755859375,806.25,792.0,801.8499755859375,63800
2025-03-18,822.2999877929688,822.2999877929688,824.4000244140625,801.3499755859375,801.5,140200
2025-03-19,845.3499755859375,845.3499755859375,847.4000244140625,824.3499755859375,825.2000122070312,211900
2025-03-20,854.4000244140625,854.4000244140625,860.4500122070312,844.0999755859375,850.7999877929688,125400
2025-03-21,862.75,862.75,882.1500244140625,853.2000122070312,854.0999755859375,228200
2025-03-24,875.9500122070312,875.9500122070312,882.9500122070312,867.0499877929688,873.8499755859375,136200
2025-03-25,863.2000122070312,863.2000122070312,888.2999877929688,859.5499877929688,882.9000244140625,88000
2025-03-26,852.0499877929688,852.0499877929688,879.0999755859375,848.9500122070312,863.4000244140625,110200
2025-03-27,863.5499877929688,863.5499877929688,868.3499755859375,845.2999877929688,848.25,92100
2025-03-28,851.2999877929688,851.2999877929688,868.75,848.5499877929688,866.2999877929688,77100
2025-04-01,824.8499755859375,824.8499755859375,853.25,819.9500122070312,852.2000122070312,82700
2025-04-02,854.6500244140625,854.6500244140625,855.7999877929688,825.75,825.8499755859375,119700
2025-04-03,853.7999877929688,853.7999877929688,858.5499877929688,840.5999755859375,842.0999755859375,80900
2025-04-04,823.0499877929688,823.0499877929688,853.25,814.5499877929688,851.2999877929688,84000
2025-04-07,776.2000122070312,776.2000122070312,790.5999755859375,765.7999877929688,771.7999877929688,135200
2025-04-08,795.4000244140625,795.4000244140625,804.4000244140625,783.0499877929688,795.0,119800
2025-04-09,780.2999877929688,780.2999877929688,797.2000122070312,772.7000122070312,797.0999755859375,93400
2025-04-11,790.1500244140625,790.1500244140625,800.4500122070312,785.7999877929688,792.7000122070312,115700
2025-04-15,834.75,834.75,836.3499755859375,803.5999755859375,808.0,206500
2025-04-16,840.7999877929688,840.7999877929688,843.4000244140625,833.1500244140625,839.2999877929688,94200
2025-04-17,845.0999755859375,845.0999755859375,848.2999877929688,837.0999755859375,841.1500244140625,91800
2025-04-21,864.0999755859375,864.0999755859375,867.25,839.6500244140625,852.75,152400
2025-04-22,885.0,885.0,890.75,859.6500244140625,868.8499755859375,221200
2025-04-23,896.75,896.75,904.6500244140624,885.5999755859375,892.2000122070312,136600
2025-04-24,884.1500244140625,884.1500244140625,900.75,880.2999877929688,898.5,98600
2025-04-25,859.3499755859375,859.3499755859375,895.7000122070312,853.7999877929688,890.0499877929688,167800
2025-04-28,871.5,871.5,872.6500244140625,857.7999877929688,860.25,86200
2025-04-29,869.25,869.25,880.3499755859375,865.9000244140625,871.2999877929688,113300
2025-04-30,885.8499755859375,885.8499755859375,901.0999755859376,870.7999877929688,874.1500244140625,232500
2025-05-02,881.5499877929688,881.5499877929688,895.0499877929688,873.3499755859375,879.25,148800
2025-05-05,887.3499755859375,887.3499755859375,890.9000244140625,873.6500244140625,887.25,79100
2025-05-06,855.5999755859375,855.5999755859375,890.0999755859375,852.9500122070312,886.4000244140625,84800
2025-05-07,865.1500244140625,865.1500244140625,866.8499755859375,842.0999755859375,846.5,88000
2025-05-08,843.7999877929688,843.7999877929688,871.7000122070312,834.9500122070312,866.0499877929688,91300
2025-05-09,823.75,823.75,835.25,808.4000244140625,824.5,176800
2025-05-12,872.5999755859375,872.5999755859375,874.3499755859375,852.7000122070312,857.5,129300
2025-05-13,866.2999877929688,866.2999877929688,877.4000244140625,860.6500244140625,872.5999755859375,104400
2025-05-14,881.0,881.0,885.3499755859375,865.6500244140625,866.0999755859375,104100
2025-05-15,897.9500122070312,897.9500122070312,901.2999877929688,873.5,883.25,118600
2025-05-16,912.5499877929688,912.5499877929688,917.2999877929688,892.1500244140625,901.5999755859376,174200
2025-05-19,933.2000122070312,933.2000122070312,935.2999877929688,908.5,914.8499755859376,140400
2025-05-20,922.7999877929688,922.7999877929688,947.2999877929688,920.1500244140624,946.5499877929688,311400
2025-05-21,938.7000122070312,938.7000122070312,945.0499877929688,926.5,927.7000122070312,146500
2025-05-22,934.4000244140624,934.4000244140624,943.0,927.0499877929688,937.2000122070312,87000
2025-05-23,936.8499755859376,936.8499755859376,943.9500122070312,932.0999755859376,934.6500244140624,60300
2025-05-26,944.0,944.0,953.7000122070312,935.5499877929688,939.5999755859376,102200
2025-05-27,946.2999877929688,946.2999877929688,950.2000122070312,937.8499755859376,944.7999877929688,103900
2025-05-28,944.9000244140624,944.9000244140624,955.0999755859376,942.5,948.25,86800
2025-05-29,955.7000122070312,955.7000122070312,957.7999877929688,938.75,950.2999877929688,192800
2025-05-30,949.3499755859376,949.3499755859376,962.0,942.8499755859376,958.5,245700
2025-06-02,971.25,971.25,972.7999877929688,943.0,951.5,183200
2025-06-03,982.9000244140624,982.9000244140624,991.3499755859376,971.5,978.5999755859376,178200
2025-06-04,976.0,976.0,988.5499877929688,969.6500244140624,988.0499877929688,102500
2025-06-05,993.0999755859376,993.0999755859376,1000.1500244140624,976.5999755859376,980.7000122070312,176200
2025-06-06,1039.5999755859375,1039.5999755859375,1042.5999755859375,994.5499877929688,996.3499755859376,316700
2025-06-09,1038.1500244140625,1038.1500244140625,1049.699951171875,1034.050048828125,1049.6500244140625,157700
2025-06-10,1026.300048828125,1026.300048828125,1045.199951171875,1024.4000244140625,1041.75,104500
2025-06-11,1027.25,1027.25,1036.5999755859375,1019.3499755859376,1027.8499755859375,96700
2025-06-12,1006.4500122070312,1006.4500122070312,1028.300048828125,1004.0,1027.6500244140625,82900
2025-06-13,1007.0499877929688,1007.0499877929688,1010.2000122070312,981.9000244140624,982.3499755859376,109200
2025-06-16,1020.2999877929688,1020.2999877929688,1021.8499755859376,996.4500122070312,1007.0,79900
2025-06-17,1013.7000122070312,1013.7000122070312,1038.699951171875,1012.4500122070312,1023.9500122070312,129700
2025-06-18,1008.9000244140624,1008.9000244140624,1028.5999755859375,1004.7999877929688,1016.5499877929688,96500
2025-06-19,992.75,992.75,1015.5,989.5,1009.4500122070312,104000
2025-06-20,1013.6500244140624,1013.6500244140624,1017.9500122070312,993.8499755859376,994.25,163600
2025-06-23,1012.6500244140624,1012.6500244140624,1018.1500244140624,1003.6500244140624,1006.8499755859376,93400
2025-06-24,1014.25,1014.25,1029.5999755859375,1012.7999877929688,1024.550048828125,120000
2025-06-25,1019.7000122070312,1019.7000122070312,1021.25,1009.7000122070312,1019.9000244140624,105200
2025-06-26,1009.5499877929688,1009.5499877929688,1022.4500122070312,999.3499755859376,1021.25,120600
2025-06-27,993.9500122070312,993.9500122070312,1017.3499755859376,991.5,1013.0,120400
2025-06-30,986.5499877929688,986.5499877929688,1001.25,985.25,999.4500122070312,272400
2025-07-01,984.2000122070312,984.2000122070312,994.8499755859376,977.3499755859376,992.9000244140624,344200
2025-07-02,970.0499877929688,970.0499877929688,988.2000122070312,964.0,985.5,220000
2025-07-03,963.1500244140624,963.1500244140624,974.1500244140624,962.25,971.1500244140624,103900
2025-07-04,971.9500122070312,971.9500122070312,973.75,960.2999877929688,965.1500244140624,64600
2025-07-07,972.75,972.75,976.7999877929688,965.8499755859376,972.1500244140624,44800
2025-07-08,982.3499755859376,982.3499755859376,983.0499877929688,964.7000122070312,974.9000244140624,97700
2025-07-09,967.75,967.75,979.9000244140624,964.4000244140624,979.7999877929688,89500
2025-07-10,974.7000122070312,974.7000122070312,977.8499755859376,966.5,969.8499755859376,96300
2025-07-11,962.9000244140624,962.9000244140624,975.6500244140624,961.5,974.25,98600
2025-07-14,976.25,976.25,977.6500244140624,961.6500244140624,964.9500122070312,111900
2025-07-15,983.9500122070312,983.9500122070312,990.75,975.5,979.7000122070312,238900
2025-07-16,988.8499755859376,988.8499755859376,992.9000244140624,982.9000244140624,986.0499877929688,138400
2025-07-17,1001.0999755859376,1001.0999755859376,1005.0,990.5999755859376,994.1500244140624,137500
2025-07-18,999.9000244140624,999.9000244140624,1007.6500244140624,995.25,1005.4500122070312,93100
2025-07-21,1006.25,1006.25,1007.25,996.0499877929688,1000.9000244140624,102600
2025-07-22,996.0499877929688,996.0499877929688,1009.2999877929688,993.8499755859376,1007.9000244140624,90500
2025-07-23,970.2000122070312,970.2000122070312,987.4000244140624,965.9000244140624,986.9000244140624,322700
2025-07-24,960.0999755859376,960.0999755859376,971.9500122070312,954.2999877929688,970.75,79900
2025-07-25,950.5999755859376,950.5999755859376,966.7000122070312,947.9000244140624,957.0,289900
2025-07-28,911.9000244140624,911.9000244140624,946.0499877929688,909.0,945.0999755859376,199000
2025-07-29,926.5,926.5,929.3499755859376,910.4000244140624,910.8499755859376,130200
2025-07-30,917.6500244140624,917.6500244140624,928.9000244140624,915.9000244140624,926.25,71200
2025-07-31,912.3499755859376,912.3499755859376,915.25,902.9500122070312,905.75,94600
2025-08-01,896.1500244140625,896.1500244140625,918.0,893.4500122070312,912.25,78100
2025-08-04,912.0499877929688,912.0499877929688,914.5,893.5999755859375,897.4000244140625,60600
2025-08-05,907.8499755859376,907.8499755859376,915.75,898.3499755859375,913.75,87500
2025-08-06,894.1500244140625,894.1500244140625,909.7999877929688,883.7999877929688,908.75,121700
2025-08-07,893.0,893.0,896.4500122070312,879.2000122070312,887.0,96700
2025-08-08,874.1500244140625,874.1500244140625,896.5999755859375,871.4000244140625,892.25,74400
2025-08-11,890.4000244140625,890.4000244140625,892.0,871.5,875.25,83900
2025-08-12,883.9000244140625,883.9000244140625,891.5,880.7999877929688,891.4000244140625,66200
2025-08-13,886.0499877929688,886.0499877929688,893.2000122070312,884.0499877929688,885.4000244140625,60500
2025-08-14,879.3499755859375,879.3499755859375,893.1500244140625,877.25,888.9000244140625,83600
2025-08-18,898.4500122070312,898.4500122070312,906.9500122070312,887.5999755859375,890.25,104700
2025-08-19,904.2999877929688,904.2999877929688,905.25,889.6500244140625,900.25,81300
2025-08-20,913.8499755859376,913.8499755859376,916.9000244140624,902.4000244140624,905.4500122070312,82900
2025-08-21,917.3499755859376,917.3499755859376,930.5,915.2999877929688,917.75,99100
2025-08-22,909.6500244140624,909.6500244140624,919.25,908.5,918.5,57300
2025-08-25,916.4500122070312,916.4500122070312,923.6500244140624,912.25,913.5499877929688,55400
2025-08-26,895.9500122070312,895.9500122070312,915.9000244140624,893.3499755859375,915.0,70500
2025-08-28,882.5,882.5,896.7999877929688,879.4500122070312,896.25,78500
2025-08-29,870.75,870.75,886.0999755859375,867.9500122070312,878.7999877929688,88800
2025-09-01,879.7999877929688,879.7999877929688,881.2999877929688,866.9500122070312,867.2000122070312,50500
2025-09-02,886.1500244140625,886.1500244140625,895.75,881.0499877929688,884.0999755859375,75500
2025-09-03,889.6500244140625,889.6500244140625,891.25,881.2000122070312,888.6500244140625,64800
2025-09-04,882.75,882.75,904.3499755859376,880.75,899.7999877929688,84200
2025-09-05,872.5,872.5,889.1500244140625,864.9500122070312,886.5499877929688,74200
2025-09-08,876.5499877929688,876.5499877929688,883.0,875.1500244140625,878.9000244140625,48800
2025-09-09,873.9500122070312,873.9500122070312,878.9500122070312,868.9000244140625,877.8499755859375,55400
2025-09-10,883.7999877929688,883.7999877929688,889.5,875.7000122070312,877.7000122070312,85300
2025-09-11,883.7999877929688,883.7999877929688,888.9000244140625,879.3499755859375,884.9000244140625,44300
2025-09-12,884.3499755859375,884.3499755859375,891.7000122070312,878.75,890.4000244140625,84400
2025-09-15,905.6500244140624,905.6500244140624,912.6500244140624,885.7999877929688,887.7999877929688,431300
2025-09-16,915.3499755859376,915.3499755859376,918.0499877929688,905.4000244140624,908.2999877929688,230700
2025-09-17,919.0999755859376,919.0999755859376,922.2999877929688,913.3499755859376,921.2000122070312,85300
2025-09-18,918.4500122070312,918.4500122070312,928.3499755859376,915.6500244140624,920.8499755859376,90300
2025-09-19,923.5,923.5,927.6500244140624,913.7999877929688,919.9500122070312,323400
2025-09-22,921.5499877929688,921.5499877929688,933.8499755859376,918.7000122070312,924.75,318300
2025-09-23,913.3499755859376,913.3499755859376,924.9000244140624,909.9500122070312,922.3499755859376,118900
2025-09-24,890.5999755859375,890.5999755859375,915.0999755859376,888.25,912.4500122070312,323200
2025-09-25,875.9000244140625,875.9000244140625,893.4500122070312,872.6500244140625,890.7999877929688,142400
2025-09-26,867.1500244140625,867.1500244140625,879.7000122070312,866.1500244140625,875.9500122070312,207000
2025-09-29,874.75,874.75,880.0999755859375,869.4500122070312,872.9000244140625,241500
2025-09-30,867.5999755859375,867.5999755859375,877.25,862.7000122070312,877.1500244140625,140900
2025-10-01,877.1500244140625,877.1500244140625,881.0999755859375,867.2999877929688,869.0,109000
2025-10-03,876.0999755859375,876.0999755859375,880.8499755859375,870.5999755859375,879.4500122070312,188000
2025-10-06,882.0999755859375,882.0999755859375,883.25,871.5999755859375,880.0,108600
2025-10-07,891.7000122070312,891.7000122070312,892.9000244140625,876.1500244140625,883.4000244140625,208500
2025-10-08,875.4000244140625,875.4000244140625,891.4000244140625,872.9500122070312,889.4500122070312,144800
2025-10-09,881.9000244140625,881.9000244140625,889.5999755859375,874.5499877929688,881.5499877929688,139700
2025-10-10,896.6500244140625,896.6500244140625,900.5,879.0499877929688,883.0499877929688,115600
2025-10-13,896.7999877929688,896.7999877929688,899.4000244140625,884.5499877929688,895.2999877929688,82700
2025-10-14,888.3499755859375,888.3499755859375,901.75,886.3499755859375,901.75,94000
2025-10-15,915.4000244140624,915.4000244140624,920.75,889.5999755859375,890.5499877929688,181000
2025-10-16,932.7999877929688,932.7999877929688,935.0,919.25,920.8499755859376,201000
2025-10-17,933.75,933.75,939.9000244140624,925.8499755859376,930.5999755859376,163400
2025-10-20,938.2000122070312,938.2000122070312,941.2999877929688,929.0999755859376,938.6500244140624,91900
2025-10-21,937.4000244140624,937.4000244140624,942.5999755859376,935.0,941.2999877929688,18200
2025-10-23,939.2000122070312,939.2000122070312,946.75,935.9000244140624,940.5999755859376,115400
2025-10-24,940.9000244140624,940.9000244140624,948.25,938.0499877929688,940.5499877929688,82600
2025-10-27,954.6500244140624,954.6500244140624,958.4000244140624,944.75,945.9500122070312,100500
2025-10-28,944.5999755859376,944.5999755859376,956.1500244140624,940.4000244140624,955.4500122070312,72300
2025-10-29,950.5,950.5,953.8499755859376,942.2000122070312,946.75,82700
2025-10-30,950.9000244140624,950.9000244140624,956.8499755859376,945.4000244140624,953.9000244140624,98300
2025-10-31,947.5499877929688,947.5499877929688,964.0,945.7000122070312,950.0,159700
2025-11-03,968.6500244140624,968.6500244140624,974.5,945.3499755859376,948.1500244140624,8400
2025-11-04,961.0999755859376,961.0999755859376,972.5999755859376,959.6500244140624,969.1500244140624,88800
2025-11-06,946.5999755859376,946.5999755859376,963.7999877929688,944.7000122070312,961.0999755859376,94800
2025-11-07,946.4000244140624,946.4000244140624,948.4000244140624,930.5999755859376,943.1500244140624,85300
2025-11-10,944.1500244140624,944.1500244140624,952.8499755859376,942.6500244140624,947.9500122070312,79500
2025-11-11,942.5999755859376,942.5999755859376,947.0999755859376,934.0499877929688,946.4500122070312,72700
2025-11-12,937.9500122070312,937.9500122070312,950.75,935.7000122070312,945.1500244140624,85700
2025-11-13,941.9000244140624,941.9000244140624,952.1500244140624,940.25,940.25,85600
2025-11-14,941.1500244140624,941.1500244140624,943.75,932.75,940.7999877929688,56000
2025-11-17,945.3499755859376,945.3499755859376,949.5,941.5999755859376,945.7999877929688,85200
2025-11-18,927.2999877929688,927.2999877929688,948.1500244140624,926.1500244140624,947.0999755859376,54700
2025-11-19,924.0499877929688,924.0499877929688,928.4000244140624,917.25,925.7999877929688,70600
2025-11-20,922.7999877929688,922.7999877929688,927.9500122070312,918.5999755859376,926.9000244140624,52000
2025-11-21,905.5999755859376,905.5999755859376,924.5999755859376,903.2999877929688,923.0999755859376,84500
2025-11-24,887.0,887.0,907.5999755859376,884.5999755859375,905.7999877929688,137500
2025-11-25,901.3499755859376,901.3499755859376,903.7999877929688,887.2000122070312,888.5,108700
2025-11-26,911.4500122070312,911.4500122070312,913.0,899.9500122070312,901.5,119600
2025-11-27,904.9000244140624,904.9000244140624,916.25,902.9000244140624,914.3499755859376,53400
2025-11-28,903.1500244140624,903.1500244140624,908.7999877929688,899.5,906.6500244140624,63600
2025-12-01,893.9000244140625,893.9000244140625,908.5999755859376,890.3499755859375,906.7999877929688,63000
2025-12-02,892.0499877929688,892.0499877929688,897.1500244140625,888.7999877929688,893.5999755859375,80900
2025-12-03,885.3499755859375,885.3499755859375,894.0999755859375,882.0499877929688,892.5999755859375,53900
2025-12-04,890.0999755859375,890.0999755859375,895.0999755859375,881.75,885.5499877929688,66100
2025-12-05,893.1500244140625,893.1500244140625,903.0499877929688,887.2999877929688,889.25,75200
2025-12-08,861.6500244140625,861.6500244140625,898.3499755859375,857.3499755859375,893.7000122070312,118600
2025-12-09,869.8499755859375,869.8499755859375,874.8499755859375,851.5999755859375,858.1500244140625,139600
2025-12-10,866.7000122070312,866.7000122070312,879.0499877929688,864.2000122070312,871.4500122070312,105700
2025-12-11,873.2000122070312,873.2000122070312,876.5499877929688,862.4500122070312,865.0999755859375,67900
2025-12-12,886.5499877929688,886.5499877929688,888.5,873.75,876.6500244140625,243400
2025-12-15,886.1500244140625,886.1500244140625,886.9500122070312,874.7999877929688,884.7000122070312,111400
2025-12-16,874.75,874.75,885.5,872.1500244140625,885.5,50100
2025-12-17,867.4000244140625,867.4000244140625,881.6500244140625,863.8499755859375,880.7000122070312,63900
2025-12-18,870.3499755859375,870.3499755859375,874.7999877929688,856.0499877929688,866.4500122070312,59100
2025-12-19,884.9000244140625,884.9000244140625,887.0,870.0,872.25,82000
2025-12-22,885.1500244140625,885.1500244140625,891.25,883.75,888.9500122070312,50500
2025-12-23,883.6500244140625,883.6500244140625,887.75,880.2000122070312,886.9000244140625,52500
2025-12-24,885.1500244140625,885.1500244140625,892.4500122070312,881.0,884.7000122070312,70400
2025-12-26,883.1500244140625,883.1500244140625,889.2999877929688,880.0499877929688,883.4500122070312,57700
2025-12-29,877.2000122070312,877.2000122070312,886.2000122070312,875.0,883.9000244140625,50100
2025-12-30,869.7999877929688,869.7999877929688,876.1500244140625,865.7000122070312,876.0499877929688,64300
2025-12-31,877.9500122070312,877.9500122070312,881.5,869.25,871.4000244140625,57300
2026-01-02,898.7999877929688,898.7999877929688,899.7999877929688,884.9000244140625,886.5499877929688,127400
2026-01-05,917.4000244140624,917.4000244140624,919.7000122070312,898.0,902.6500244140624,152500
2026-01-06,914.3499755859376,914.3499755859376,920.3499755859376,910.0499877929688,920.1500244140624,82900
2026-01-07,909.7999877929688,909.7999877929688,917.5499877929688,903.4500122070312,914.0499877929688,95500
2026-01-08,894.25,894.25,920.0,891.9000244140625,908.7999877929688,162000
2026-01-09,874.0,874.0,893.1500244140625,868.9500122070312,891.75,141300
2026-01-12,863.2999877929688,863.2999877929688,878.3499755859375,852.1500244140625,874.25,164000
2026-01-13,857.9500122070312,857.9500122070312,871.0999755859375,848.25,865.1500244140625,152100
2026-01-14,850.0499877929688,850.0499877929688,855.75,843.5999755859375,854.5999755859375,126700
2026-01-16,853.0,853.0,867.6500244140625,847.7000122070312,853.0,127400
2026-01-19,836.0,836.0,849.9500122070312,832.5999755859375,849.0999755859375,96900
2026-01-20,793.9000244140625,793.9000244140625,834.25,789.7000122070312,834.25,212100
2026-01-21,788.2999877929688,788.2999877929688,797.6500244140625,778.4000244140625,791.8499755859375,177900
2026-01-22,782.5,782.5,797.1500244140625,777.9000244140625,794.7999877929688,182700
2026-01-23,756.3499755859375,756.3499755859375,785.9500122070312,754.5499877929688,785.8499755859375,245500
2026-01-27,759.4000244140625,759.4000244140625,763.8499755859375,742.2000122070312,759.8499755859375,283800
2026-01-28,771.2999877929688,771.2999877929688,776.0999755859375,759.25,761.7000122070312,165600
2026-01-29,776.5,776.5,779.75,764.6500244140625,772.7999877929688,179100
2026-01-30,783.0,783.0,784.5,766.5999755859375,773.25,205100
2026-02-02,778.0,778.0,780.7000122070312,760.5499877929688,764.1500244140625,362100
2026-02-03,815.2999877929688,815.2999877929688,824.5,806.0499877929688,808.1500244140625,252600
2026-02-04,824.4500122070312,824.4500122070312,826.0,802.0,815.4500122070312,121200
2026-02-05,819.7000122070312,819.7000122070312,823.5,809.6500244140625,823.2000122070312,105300
2026-02-06,824.8499755859375,824.8499755859375,826.0999755859375,807.4500122070312,819.0999755859375,99900
2026-02-09,846.3499755859375,846.3499755859375,848.4500122070312,830.2000122070312,832.25,127900
2026-02-10,849.4000244140625,849.4000244140625,854.5999755859375,844.75,851.0,119900
2026-02-11,854.75,854.75,855.5,841.4000244140625,850.0499877929688,73200
2026-02-12,842.3499755859375,842.3499755859375,853.2000122070312,839.4500122070312,852.8499755859375,94500
2026-02-13,823.5999755859375,823.5999755859375,831.2999877929688,811.2000122070312,831.2999877929688,156100
2026-02-16,836.7000122070312,836.7000122070312,838.2000122070312,817.2000122070312,819.2999877929688,89800
2026-02-17,834.1500244140625,834.1500244140625,838.5,829.6500244140625,834.4500122070312,55500
2026-02-18,839.2999877929688,839.2999877929688,842.4500122070312,826.7999877929688,834.5,103100
2026-02-19,817.8499755859375,817.8499755859375,839.6500244140625,814.5999755859375,838.0999755859375,125000
2026-02-20,820.7000122070312,820.7000122070312,824.0999755859375,812.0,814.1500244140625,91400
2026-02-23,819.1500244140625,819.1500244140625,828.6500244140625,814.0,824.4500122070312,65900
2026-02-24,798.3499755859375,798.3499755859375,818.7999877929688,791.25,815.1500244140625,92400
2026-02-25,796.8499755859375,796.8499755859375,811.2999877929688,792.1500244140625,801.9500122070312,95000
2026-02-26,798.6500244140625,798.6500244140625,803.0999755859375,791.8499755859375,799.0,72100
2026-02-27,780.5999755859375,780.5999755859375,798.7999877929688,778.2000122070312,797.75,133200
2026-03-02,768.0499877929688,768.0499877929688,770.6500244140625,751.75,751.75,135700
2026-03-04,744.1500244140625,744.1500244140625,756.0999755859375,734.0,754.6500244140625,256900
2026-03-05,757.7999877929688,757.7999877929688,760.0,745.8499755859375,749.75,166700
2026-03-06,742.0,742.0,757.3499755859375,740.5999755859375,756.4000244140625,121900
2026-03-09,732.7999877929688,732.7999877929688,734.2999877929688,714.9500122070312,726.0999755859375,134800
2026-03-10,744.1500244140625,744.1500244140625,747.0,734.5499877929688,742.4500122070312,101700
2026-03-11,731.4000244140625,731.4000244140625,754.2999877929688,729.5999755859375,746.9000244140625,96300
2026-03-12,719.5,719.5,731.25,714.2000122070312,727.2000122070312,88200
2026-03-13,709.7999877929688,709.7999877929688,717.0499877929688,704.7999877929688,715.25,109400
2026-03-16,698.6500244140625,698.6500244140625,711.25,685.0,710.4000244140625,169300
2026-03-17,711.25,711.25,714.0,695.0,701.0999755859375,118200
2026-03-18,730.7999877929688,730.7999877929688,735.5999755859375,708.9000244140625,711.2999877929688,160800
2026-03-19,702.9500122070312,702.9500122070312,717.5999755859375,698.9500122070312,717.5999755859375,95100
2026-03-20,696.4000244140625,696.4000244140625,717.0999755859375,694.9000244140625,707.6500244140625,127400
2026-03-23,663.4000244140625,663.4000244140625,688.5,661.3499755859375,686.3499755859375,151400
2026-03-24,673.9500122070312,673.9500122070312,681.5,665.7000122070312,675.6500244140625,219000
2026-03-25,692.0999755859375,692.0999755859375,700.6500244140625,682.7000122070312,683.2999877929688,266000
2026-03-27,670.1500244140625,670.1500244140625,686.9500122070312,667.6500244140625,684.2000122070312,454900
2026-03-30,651.1500244140625,651.1500244140625,667.9000244140625,648.5999755859375,661.7999877929688,231700
2026-04-01,665.0,665.0,672.0,660.3499755859375,666.4500122070312,219000
2026-04-02,672.0999755859375,672.0999755859375,675.1500244140625,638.6500244140625,656.0,207000
2026-04-06,687.0999755859375,687.0999755859375,689.0999755859375,663.4000244140625,672.0499877929688,207200
2026-04-07,698.5999755859375,698.5999755859375,700.0,674.4500122070312,682.0,153000
2026-04-08,745.75,745.75,749.75,731.0499877929688,732.6500244140625,325000
2026-04-09,743.75,743.75,750.0999755859375,731.5,744.75,137500
2026-04-10,759.25,759.25,767.0999755859375,748.4500122070312,750.25,245500
2026-04-13,757.2000122070312,757.2000122070312,761.75,729.0999755859375,739.4000244140625,127000
2026-04-15,776.5499877929688,776.5499877929688,778.4000244140625,766.8499755859375,770.5,191400
2026-04-16,779.5499877929688,779.5499877929688,791.9000244140625,770.9500122070312,784.0,152300
2026-04-17,786.9000244140625,786.9000244140625,789.4500122070312,777.0999755859375,782.3499755859375,111100
2026-04-20,782.0499877929688,782.0499877929688,789.4000244140625,773.3499755859375,785.5999755859375,102200
2026-04-21,798.75,798.75,806.4500122070312,785.2000122070312,785.2000122070312,151100
2026-04-22,803.3499755859375,803.3499755859375,807.6500244140625,797.2000122070312,800.0,109000
2026-04-23,788.6500244140625,788.6500244140625,801.5999755859375,786.4500122070312,800.2999877929688,95000
2026-04-24,778.0,778.0,796.5999755859375,774.5999755859375,788.9500122070312,135800
2026-04-27,797.1500244140625,797.1500244140625,800.1500244140625,783.2999877929688,784.5999755859375,224600
2026-04-28,793.8499755859375,793.8499755859375,802.2999877929688,791.75,799.0499877929688,115300
2026-04-29,805.5999755859375,805.5999755859375,817.2999877929688,796.0,797.5499877929688,116700
2026-04-30,793.5499877929688,793.5499877929688,804.1500244140625,785.9500122070312,802.9000244140625,109000
2026-05-04,812.7000122070312,812.7000122070312,819.9500122070312,800.4500122070312,800.4500122070312,144700
2026-05-05,801.25,801.25,815.9000244140625,798.4000244140625,813.0499877929688,154100
2026-05-06,822.2999877929688,822.2999877929688,823.4000244140625,802.0499877929688,806.1500244140625,148300
2026-05-07,827.5,827.5,828.9500122070312,813.7999877929688,824.5999755859375,136500
2026-05-08,823.5999755859375,823.5999755859375,829.2999877929688,820.2000122070312,827.3499755859375,104700
2026-05-11,798.5,798.5,819.0499877929688,796.75,819.0499877929688,119600
2026-05-12,765.7000122070312,765.7000122070312,801.9000244140625,764.6500244140625,799.2000122070312,169400
2026-05-13,764.25,764.25,773.7999877929688,758.5999755859375,764.1500244140625,99700
2026-05-14,770.0999755859375,770.0999755859375,773.5499877929688,747.2999877929688,767.0,118800
2026-05-15,756.2999877929688,756.2999877929688,773.5,753.75,772.0499877929688,65700
2026-05-18,751.9500122070312,751.9500122070312,754.0499877929688,734.9000244140625,746.4000244140625,109600
2026-05-19,762.7000122070312,762.7000122070312,771.4500122070312,748.8499755859375,750.4000244140625,111900
2026-05-20,767.0499877929688,767.0499877929688,769.2000122070312,747.3499755859375,754.4500122070312,95800
2026-05-21,775.0999755859375,775.0999755859375,779.9000244140625,770.2000122070312,772.8499755859375,94500
2026-05-22,774.4000244140625,774.4000244140625,780.3499755859375,765.7999877929688,778.4500122070312,73000
2026-05-25,786.0499877929688,786.0499877929688,787.4000244140625,780.7999877929688,783.0999755859375,69400
2026-05-26,782.0,782.0,789.9500122070312,779.7000122070312,787.3499755859375,79200
2026-05-27,784.5499877929688,784.5499877929688,793.75,780.7000122070312,783.25,77900
2026-05-29,782.5499877929688,782.5499877929688,800.0999755859375,778.6500244140625,785.3499755859375,357800
2026-06-01,768.2000122070312,768.2000122070312,788.75,766.0499877929688,786.6500244140625,163900
2026-06-02,773.3499755859375,773.3499755859375,777.4500122070312,756.2999877929688,763.75,192600
2026-06-03,762.5999755859375,762.5999755859375,773.7000122070312,753.7999877929688,773.2000122070312,106400
2026-06-04,764.5999755859375,764.5999755859375,769.9000244140625,753.7000122070312,758.0499877929688,219400
2026-06-05,768.9000244140625,768.9000244140625,779.0499877929688,766.2999877929688,767.5999755859375,119000
2026-06-08,749.2000122070312,749.2000122070312,763.8499755859375,744.7000122070312,760.75,101300
2026-06-09,761.4000244140625,761.4000244140625,763.5,750.8499755859375,750.9500122070312,79600
2026-06-10,748.1500244140625,748.1500244140625,763.5499877929688,745.4000244140625,760.7000122070312,56000
2026-06-11,743.3499755859375,743.3499755859375,748.5,738.4500122070312,744.3499755859375,59800
2026-06-12,769.5999755859375,769.5999755859375,770.9500122070312,749.0499877929688,756.0,105500
2026-06-15,800.0499877929688,800.0499877929688,804.5999755859375,785.4000244140625,786.2999877929688,180300
2026-06-16,818.0999755859375,818.0999755859375,819.5,801.0,805.5,132700
2026-06-17,814.5999755859375,814.5999755859375,817.75,809.3499755859375,814.25,197800
2026-06-18,820.2000122070312,820.2000122070312,824.5999755859375,811.0499877929688,815.0,168500
2026-06-19,811.9000244140625,811.9000244140625,817.0,805.7000122070312,817.0,106100
2026-06-22,815.1500244140625,815.1500244140625,817.9500122070312,811.9500122070312,815.6500244140625,79100
2026-06-23,806.0499877929688,806.0499877929688,832.2999877929688,803.75,814.75,146800
2026-06-24,823.5499877929688,823.5499877929688,824.7999877929688,801.2999877929688,804.9500122070312,111900
2026-06-25,826.25,826.25,839.0499877929688,824.1500244140625,829.4000244140625,145200
2026-06-29,818.8499755859375,818.8499755859375,830.0,816.4500122070312,826.4500122070312,113900
2026-06-30,829.5499877929688,829.5499877929688,835.2999877929688,818.5499877929688,823.25,120600
2026-07-01,859.25,859.25,860.6500244140625,832.1500244140625,834.5999755859375,138000
2026-07-02,871.7000122070312,871.7000122070312,872.8499755859375,860.5499877929688,861.9000244140625,177100
2026-07-03,890.7999877929688,890.7999877929688,892.2999877929688,873.0999755859375,878.0499877929688,242100
2026-07-06,906.9500122070312,906.9500122070312,909.9000244140624,891.0499877929688,898.4500122070312,248900
2026-07-07,892.5999755859375,892.5999755859375,911.0999755859376,890.7000122070312,910.4500122070312,172100
2026-07-08,875.9500122070312,875.9500122070312,905.5999755859376,871.0,885.3499755859375,300200
2026-07-09,906.9500122070312,906.9500122070312,910.2000122070312,878.0,878.8499755859375,237100
2026-07-10,938.5999755859376,938.5999755859376,939.5999755859376,896.7000122070312,915.1500244140624,293400
2026-07-13,937.1500244140624,937.1500244140624,938.8499755859376,923.2999877929688,931.2000122070312,169400
2026-07-14,918.6500244140624,918.6500244140624,935.25,917.0999755859376,931.0499877929688,104700
2026-07-15,915.1500244140624,915.1500244140624,931.5499877929688,913.9000244140624,918.7000122070312,106200
2026-07-16,906.1500244140624,906.1500244140624,918.7999877929688,904.7999877929688,918.25,132600
2026-07-17,918.7000122070312,918.7000122070312,922.2000122070312,901.6500244140624,906.0499877929688,189700
2026-09-18,844.2000122070312,844.2000122070312,851.6500244140625,835.5499877929688,836.1500244140625,0
