Date,Open,High,Low,Close,Adj Close,Volume,Return_1W,Return_4W,Return_12W,Return_26W,Return_52W
2007-09-21,6898.0,7506.35009765625,6843.0,7464.5,7464.4130859375,0,,,,,
2007-09-28,7514.39990234375,8082.85009765625,7490.2001953125,8042.2001953125,8042.10693359375,0,0.07739301966809564,,,,
2007-10-05,8008.5498046875,8235.7998046875,7789.7001953125,7845.25,7845.15869140625,0,-0.024489591222473517,,,,
2007-10-12,7853.14990234375,8177.75,7516.4501953125,7934.0,7933.90771484375,0,0.01131257767438898,,,,
2007-10-19,7962.5498046875,8491.650390625,7279.2998046875,7423.7998046875,7423.71337890625,0,-0.0643055451616461,-0.00545250121408003,,,
2007-10-26,7374.35009765625,8804.900390625,7289.2001953125,8749.900390625,8749.798828125,0,0.1786282794291112,0.08799833106927535,,,
2007-11-02,8918.0498046875,9610.7001953125,8832.5,9560.7001953125,9560.5888671875,0,0.09266388970053008,0.21866099809598172,,,
2007-11-09,9549.7998046875,9692.5,8816.9501953125,8876.25,8876.146484375,0,-0.07158996530903439,0.11876102848500136,,,
2007-11-16,8596.150390625,9651.849609375,8429.349609375,9474.150390625,9474.0400390625,0,0.06735957083509359,0.2761861364638196,,,
2007-11-23,9541.099609375,9595.4501953125,8650.0,8977.900390625,8977.7958984375,0,-0.05237936696582912,0.02605743949317274,,,
2007-11-30,9136.0498046875,9437.9501953125,8938.099609375,9375.75,9375.640625,0,0.04431432652009004,-0.01934483788155794,,,
2007-12-07,9391.2001953125,9804.5498046875,9341.0498046875,9796.099609375,9795.9853515625,0,0.04483370497026895,0.1036304305731588,,,
2007-12-14,9800.2001953125,10124.75,9723.599609375,9803.150390625,9803.0361328125,0,0.0007197539358676508,0.03472606898087216,0.31330301970996044,,
2007-12-21,9790.5498046875,9792.150390625,9125.4501953125,9245.4501953125,9245.3427734375,0,-0.05688989488989604,0.0298009326286226,0.14961701658475612,,
2007-12-28,9316.4501953125,9842.650390625,9316.4501953125,9828.349609375,9828.2353515625,0,0.06304716392913279,0.04827342979228333,0.2527771083617476,,
2008-01-04,9861.7001953125,10333.2998046875,9790.400390625,10233.2001953125,10233.0810546875,0,0.04119212299400954,0.044619859267170936,0.28979079850170164,,
2008-01-11,9983.099609375,10634.2001953125,9948.349609375,10561.5498046875,10561.4267578125,0,0.03208669850174606,0.07736282560632524,0.42266091254491767,,
2008-01-18,10614.849609375,10774.150390625,9648.4501953125,9739.900390625,9739.787109375,0,-0.07779629214055594,0.05348038060528304,0.11314414516772398,,
2008-01-25,9671.400390625,9827.2998046875,7958.9501953125,9752.25,9752.13671875,0,0.0012679400075679137,-0.007742867561651545,0.020035123032245528,,
2008-02-01,9748.349609375,10113.349609375,9002.2001953125,9327.0498046875,9326.94140625,0,-0.04360021485426435,-0.08855005016320094,0.05078719106463869,,
2008-02-08,9444.400390625,9708.599609375,8624.75,8817.0,8816.8974609375,0,-0.05468500923316222,-0.1651793379711396,-0.06936246138495683,,
2008-02-15,8841.2001953125,9403.7001953125,8216.900390625,9380.0498046875,9379.9404296875,0,0.06385956727770226,-0.036946023214351253,0.044793258620070775,,
2008-02-22,9411.25,9538.7001953125,8642.0,8685.099609375,8684.9990234375,0,-0.07408811357965417,-0.10942606994539716,-0.07366348192144634,,
2008-02-29,8715.7998046875,8903.4501953125,8248.75,8688.349609375,8688.2490234375,0,0.00037420411350175264,-0.06847826576325433,-0.11308072030421867,,
2008-03-07,8460.599609375,8460.599609375,7064.5,7268.14990234375,7268.0654296875,0,-0.16346023938755994,-0.17566633749078486,-0.25859039056521416,,
2008-03-14,7163.5,7705.64990234375,6840.64990234375,7106.0,7105.91748046875,0,-0.022309653009696673,-0.24243472604496052,-0.23140573472530457,,
2008-03-21,6956.0,6956.0,6335.0,6456.5498046875,6456.474609375,0,-0.09139462360153394,-0.25659461663305805,-0.34306876929481933,-0.13503251327115007,
2008-03-28,6461.64990234375,7230.7998046875,6456.7998046875,7037.85009765625,7037.76806640625,0,0.09003265064984434,-0.18996697715039113,-0.3122532576974246,-0.12488499083144544,
2008-04-04,6970.5498046875,6970.5498046875,6446.7001953125,6545.14990234375,6545.07373046875,0,-0.07000720226714963,-0.09947510848212626,-0.38028508851619136,-0.16571812213202253,
2008-04-11,6485.39990234375,7094.85009765625,6485.39990234375,6838.4501953125,6838.37060546875,0,0.04481185264583809,-0.037651253122361394,-0.29789321029455795,-0.13808290959005542,
2008-04-18,6773.2998046875,7213.7998046875,6687.89990234375,7165.0498046875,7164.96630859375,0,0.047759302187924346,0.1097335297383788,-0.26529264480632675,-0.03485411875420208,
2008-04-25,7174.4501953125,7651.39990234375,7117.64990234375,7616.2998046875,7616.21142578125,0,0.06297932495944192,0.0821912514482066,-0.18341812639836308,-0.1295558275328581,
2008-05-02,7643.35009765625,7900.85009765625,7567.85009765625,7871.89990234375,7871.80859375,0,0.03355961611423686,0.20270735121359174,-0.10719066549350686,-0.1766398128242479,
2008-05-09,7879.64990234375,7990.4501953125,7267.89990234375,7299.0,7298.9150390625,0,-0.07277784390692987,0.0673471022722647,-0.22185914233073,-0.1776932826362484,
2008-05-16,7274.7001953125,7666.89990234375,7140.10009765625,7644.60009765625,7644.51123046875,0,0.04734896529062205,0.06692909415019277,-0.11980282996358482,-0.193109695068716,
2008-05-23,7616.85009765625,7616.85009765625,6994.89990234375,7009.0498046875,7008.96826171875,0,-0.08313715365746899,-0.0797303172895405,-0.1932817946086658,-0.21929966921814303,
2008-05-30,6899.89990234375,6925.39990234375,6502.4501953125,6584.35009765625,6584.2734375,0,-0.06059305025157902,-0.16356277654193108,-0.0940816870696346,-0.2977255048762766,
2008-06-06,6577.2998046875,6677.14990234375,5974.10009765625,6140.0498046875,6139.978515625,0,-0.06747823040680989,-0.15878205169372517,-0.13593444910111174,-0.3732148457523452,
2008-06-13,5960.89990234375,6092.2998046875,5702.5,5993.14990234375,5993.080078125,0,-0.02392487146140121,-0.21602833035292668,-0.07177206346450216,-0.38865062112327176,
2008-06-20,6030.60009765625,6455.2001953125,5731.25,5758.60009765625,5758.533203125,0,-0.03913631537829121,-0.17840502519970347,-0.1817671564823492,-0.3771422725768513,
2008-06-27,5686.5498046875,5737.0498046875,5183.2001953125,5210.89990234375,5210.83935546875,0,-0.09510995485437757,-0.20859312991291123,-0.20385323787958154,-0.46980926509032483,
2008-07-04,5214.10009765625,5214.10009765625,4633.9501953125,4990.89990234375,4990.841796875,0,-0.04221919517222905,-0.1871564464292218,-0.27017090717940395,-0.5122835665200882,
2008-07-11,5009.10009765625,5404.64990234375,4843.60009765625,5240.7001953125,5240.63916015625,0,0.050051152669169374,-0.12555162465350456,-0.268574491710589,-0.5037943964448726,
2008-07-18,5179.9501953125,5418.39990234375,4676.4501953125,5389.14990234375,5389.08740234375,0,0.028326311656604597,-0.06415625135401681,-0.2924188857393766,-0.44669353009698143,
2008-07-25,5448.2001953125,6468.39990234375,5406.2998046875,5917.25,5917.18115234375,0,0.0979932099173153,0.13555242105851018,-0.2483072608382355,-0.39324258504447696,
2008-08-01,5900.2998046875,5989.4501953125,5394.9501953125,5961.89990234375,5961.83056640625,0,0.007545718423887848,0.19455409224777553,-0.18318949139008767,-0.3607946749306008,
2008-08-08,5932.4501953125,6725.7001953125,5888.85009765625,6447.5,6447.42529296875,0,0.08145056200379175,0.23027453578949464,-0.1565942079852245,-0.2687422025632301,
2008-08-15,6574.5,6754.4501953125,6010.0498046875,6030.0498046875,6029.9794921875,0,-0.06474605588406357,0.11892411863789909,-0.13967656490973512,-0.3571409608428626,
2008-08-22,5999.14990234375,6114.14990234375,5649.89990234375,5776.0498046875,5775.98291015625,0,-0.04212237182561107,-0.023862469105158657,-0.12276083151417949,-0.33494720101394926,
2008-08-29,5897.2001953125,6112.25,5686.60009765625,6102.0498046875,6101.97900390625,0,0.05643995654875367,0.023507590640469145,-0.006188874880296513,-0.2976744630414966,
2008-09-05,6070.89990234375,6624.0,5941.4501953125,6288.60009765625,6288.52685546875,0,0.03057174210958502,-0.024645196175843376,0.049297981883776654,-0.1347729226624269,
2008-09-12,6608.0,6631.9501953125,6168.7998046875,6194.14990234375,6194.078125,0,-0.015019271991504324,0.027213721772030075,0.07563466767987048,-0.1283211508100549,
2008-09-19,6006.7001953125,6357.2001953125,5551.7001953125,6312.0498046875,6311.9765625,0,0.019034073150076436,0.09279698377341106,0.21131664836787145,-0.022380374096253708,-0.15439080920523818
2008-09-26,6396.2001953125,6396.2001953125,5797.5,5828.60009765625,5828.5322265625,0,-0.07659155456476707,-0.04481276223297792,0.1678455211892973,-0.17182093724938885,-0.275248071907794
2008-10-03,5863.0498046875,6040.14990234375,5296.60009765625,5793.35009765625,5793.28271484375,0,-0.006047764370414543,-0.07875361643437606,0.10545344739202278,-0.11486364955801676,-0.261546783384054
2008-10-10,5702.85009765625,5798.89990234375,4662.2001953125,4938.0,4937.9423828125,0,-0.14764343311520034,-0.20279617415594775,-0.0837144838275039,-0.2779065637730589,-0.377615326443156
2008-10-17,5034.64990234375,5799.0,5034.64990234375,5183.5498046875,5183.48974609375,0,0.049726570410591364,-0.1787850278307287,-0.12399344210782037,-0.27655076433713943,-0.3017659499095695
2008-10-24,5237.60009765625,5478.39990234375,4229.64990234375,4310.0498046875,4309.99951171875,0,-0.1685138626834628,-0.26053430798578503,-0.2770677342313098,-0.43410187161555114,-0.5074172719376939
2008-10-31,4280.5498046875,4621.64990234375,3799.35009765625,4521.7001953125,4521.6474609375,0,0.04910625171774452,-0.21950164946154505,-0.2986893842089957,-0.42558972403012574,-0.5270534476617689
2008-11-07,4791.7998046875,5431.89990234375,4779.60009765625,5043.5498046875,5043.4912109375,0,0.11541004198287719,0.021375011074827865,-0.1635973220707294,-0.30900811005788464,-0.43179272725672435
2008-11-14,5097.85009765625,5274.85009765625,4668.0498046875,4719.39990234375,4719.34521484375,0,-0.06427018962764752,-0.08954286537847433,-0.182936425078301,-0.3826492109390175,-0.501865633565015
2008-11-21,4736.25,4736.25,3972.14990234375,4300.7001953125,4300.650390625,0,-0.08871884470381819,-0.0021692578505314586,-0.2952040161965298,-0.38640752810227064,-0.5209681542241855
2008-11-28,4274.2998046875,4355.60009765625,4005.35009765625,4291.14990234375,4291.10009765625,0,-0.002220636764952655,-0.05098752305775467,-0.31763034129916234,-0.3482804166395681,-0.5423139586333093
2008-12-05,4317.7998046875,4611.4501953125,3919.0,4357.0,4356.94921875,0,0.01534555985105146,-0.13612432339805924,-0.2965943561760762,-0.2903966354354758,-0.5552311456867698
2008-12-12,4502.0498046875,4687.5,4407.2001953125,4655.2998046875,4655.24560546875,0,0.06846449499368834,-0.01358225600344154,-0.26247416469522344,-0.2232298740155081,-0.5251220659493829
2008-12-19,4714.9501953125,5226.85009765625,4677.2998046875,5144.14990234375,5144.09033203125,0,0.10500936957143314,0.19611915937561952,-0.11742960296550897,-0.10670131366867808,-0.44360201032158875
2008-12-26,5119.25,5213.2998046875,4770.2001953125,4789.4501953125,4789.39453125,0,-0.06895205500711465,0.11612278860185876,-0.17328486720488145,-0.08087848834741407,-0.5126902902656238
2009-01-02,4774.7001953125,5258.64990234375,4684.7998046875,5195.10009765625,5195.03955078125,0,0.08469654883158939,0.19235714887680744,0.05206563338522674,0.04091450425936349,-0.49232889042511274
2009-01-09,5273.4501953125,5448.7998046875,4840.0,4906.7001953125,4906.64306640625,0,-0.055513829747738774,0.054003050538627084,-0.05340926967165316,-0.06373194183073927,-0.5354185431067348
2009-01-16,4862.0,4881.5,4442.7001953125,4581.25,4581.19677734375,0,-0.06632771156945994,-0.1094252525742464,0.06292275207992937,-0.14991230843150105,-0.5296409802702278
2009-01-23,4585.7001953125,4622.0,4049.89990234375,4082.14990234375,4082.1025390625,0,-0.10894408680081857,-0.1476788074048655,-0.09720907490160835,-0.31012718706430353,-0.5814145553750416
2009-01-30,4167.64990234375,4487.85009765625,4111.2998046875,4456.5498046875,4456.498046875,0,0.09171635322083338,-0.14216286098162845,-0.11638628004712859,-0.25249503049597743,-0.5221908429771899
2009-02-06,4403.89990234375,4405.35009765625,4191.10009765625,4334.14990234375,4334.099609375,0,-0.02746517097486645,-0.11668744169772638,-0.0816311412407914,-0.32777822375436216,-0.5084325845135818
2009-02-13,4365.5498046875,4602.14990234375,4365.5498046875,4565.85009765625,4565.796875,0,0.05345920204264387,-0.003361506650750301,0.0616527286958406,-0.2428171830177993,-0.5132381818085279
2009-02-20,4538.60009765625,4551.75,3912.35009765625,3934.39990234375,3934.354248046875,0,-0.13829849465198985,-0.03619416325578095,-0.083136224116792,-0.3188424554180914,-0.546994268425336
2009-02-27,3923.85009765625,3976.050048828125,3758.39990234375,3892.39990234375,3892.354736328125,0,-0.01067507143210844,-0.12658893697325324,-0.10663302677444342,-0.36211600577994807,-0.5519977812421673
2009-03-06,3831.25,3831.25,3338.800048828125,3455.35009765625,3455.309814453125,0,-0.11228286292586154,-0.2027617467066095,-0.2577599203864379,-0.4505374735238685,-0.524590144110538
2009-03-13,3424.35009765625,3646.64990234375,3314.550048828125,3632.75,3632.707763671875,0,0.051340644892706955,-0.20436503119873128,-0.29380945949011594,-0.41351919839307805,-0.4887770897832817
2009-03-20,3651.300048828125,3802.10009765625,3615.60009765625,3691.699951171875,3691.656982421875,0,0.016227362513763666,-0.061686650364976114,-0.22920172449334753,-0.4151345338830631,-0.4282240418107399
2009-03-27,3763.75,4423.64990234375,3743.0,4406.7998046875,4406.74853515625,0,0.19370476013052662,0.1321549468835439,-0.15173919234479982,-0.24393512492656222,-0.37384290038302237
2009-04-03,4368.0498046875,4489.85009765625,3871.449951171875,4426.0498046875,4425.99853515625,0,0.004368249263223545,0.28092658619156174,-0.0979579700190727,-0.23601202584354486,-0.32376647277359105
2009-04-10,4501.25,4639.5,4259.64990234375,4584.7998046875,4584.74658203125,0,0.035867196937520385,0.2620741324581928,0.0007748550477488791,-0.07152697353432569,-0.3295557218753735
2009-04-17,4661.9501953125,5193.2998046875,4661.9501953125,5056.89990234375,5056.84130859375,0,0.1029707114307532,0.36980252166444694,0.23878348990573595,-0.02443304436454341,-0.2942268316075851
2009-04-24,5107.0,5201.89990234375,4725.7001953125,5125.35009765625,5125.29052734375,0,0.013535999650848396,0.1630548980701212,0.1500713157665805,0.189162615263065,-0.327055101677875
2009-05-01,5042.0,5288.7001953125,4909.39990234375,5130.9501953125,5130.890625,0,0.00109262734243476,0.15926173941342925,0.18384234761651164,0.1347391409610903,-0.34819417688672205
2009-05-08,5291.25,5649.39990234375,5291.25,5409.75,5409.68701171875,0,0.05433687603169557,0.17993156309007663,0.1848286483993291,0.07260762944625854,-0.2588368269625976
2009-05-15,5463.60009765625,5719.4501953125,5313.14990234375,5695.0498046875,5694.9833984375,0,0.052738075638892656,0.12619389639252754,0.4475015112965304,0.206731771524431,-0.2550231886644353
2009-05-22,6304.25,7567.89990234375,6304.25,7036.2998046875,7036.21826171875,0,0.2355115488008621,0.3728427659810205,0.8077021840563448,0.63608237848261,0.0038878308414609375
2009-05-29,7033.7001953125,7496.75,6813.10009765625,7414.35009765625,7414.26416015625,0,0.05372856522072822,0.44502476450264594,1.145759442056356,0.727823605883976,0.1260564805470239
2009-06-05,7559.2998046875,7559.2998046875,7111.9501953125,7348.39990234375,7348.314453125,0,-0.008894939467903984,0.3583621983166967,1.0228201506692587,0.6865733078594789,0.19679809384180547
2009-06-12,7322.10009765625,7402.0,6909.5,7083.10009765625,7083.017578125,0,-0.03610307117375078,0.24372926323247768,0.9186554138582756,0.521513198897342,0.1818659991945557
2009-06-19,7013.5498046875,7339.25,6967.0,7223.5498046875,7223.4658203125,0,0.019828846845991066,0.02661199852161733,0.639182655178443,0.40422614850246585,0.25439337376934446
2009-06-26,7261.5,7417.5,6989.10009765625,7398.4501953125,7398.3642578125,0,0.024212526438386783,-0.002144476877181223,0.6715695759855702,0.5447389352860301,0.4198027853087021
2009-07-03,7446.4501953125,7626.9501953125,7270.2998046875,7566.0498046875,7565.9619140625,0,0.02265334021998111,0.0296186796086495,0.6502464942857418,0.4563819103506581,0.51596905422496
2009-07-10,7566.0498046875,7711.39990234375,6469.0,6520.60009765625,6520.5244140625,0,-0.1381764241604051,-0.07941437961410813,0.2894461475565515,0.3289175694666553,0.24422307223155904
2009-07-17,6456.89990234375,7253.2998046875,6393.5,7231.0498046875,7230.9658203125,0,0.1089546508589927,0.0010382706844678236,0.4108401703122986,0.5784010487721691,0.341779303920031
2009-07-24,7273.9501953125,7614.75,7239.39990234375,7385.5498046875,7385.4638671875,0,0.021366192209026913,-0.0017436612107186722,0.43941171197388407,0.8092304254792595,0.2481388828742237
2009-07-31,7441.60009765625,7611.7001953125,7092.0498046875,7544.5,7544.412109375,0,0.021521782333878026,-0.002848224006422595,0.39461158094181803,0.6929015338422839,0.2654523094280896
2009-08-07,7564.0498046875,7720.35009765625,7226.7001953125,7249.5,7249.41552734375,0,-0.03910133209622901,0.1117841749880879,0.2729476033788252,0.6726463466526007,0.12438929817758826
2009-08-14,7363.60009765625,7502.9501953125,6988.5498046875,7418.9501953125,7418.86376953125,0,0.0233740527363957,0.02598521593686076,0.05438233180031404,0.6248781796670917,0.23032983733323875
2009-08-21,7311.89990234375,7404.7001953125,6998.7998046875,7377.10009765625,7377.01416015625,0,-0.005640972988697479,-0.0011440863923072309,-0.005024041151196146,0.8750254881974908,0.2771877575690973
2009-08-28,7472.60009765625,7536.10009765625,7366.0,7482.39990234375,7482.31298828125,0,0.01427387500421129,-0.008231174717509449,0.018235262340208447,0.9223101659822608,0.22621088680657553
2009-09-04,7382.0,7577.39990234375,7292.7001953125,7444.14990234375,7444.0634765625,0,-0.005111996217686654,0.02685011412424987,0.05097341555387147,1.1543836925216597,0.18375310669192846
2009-09-11,7503.14990234375,7944.64990234375,7495.39990234375,7914.9501953125,7914.8583984375,0,0.06324433268337604,0.06685582015544278,0.09571476757540132,1.1787764628208657,0.2778105664374755
2009-09-18,7879.4501953125,8495.9501953125,7877.9501953125,8379.25,8379.15234375,0,0.058661115134050146,0.13584604913550513,0.13256827832792784,1.2697538019957801,0.3275006153749518
2009-09-25,8377.7998046875,8584.2001953125,8341.099609375,8456.25,8456.1513671875,0,0.009189366590088621,0.1301521049885621,0.11765719474394443,0.9189094977732166,0.4508200697111404
2009-10-02,8490.400390625,8911.75,8465.900390625,8861.0498046875,8860.947265625,0,0.0478698956023651,0.1903373683941596,0.3589316430971585,1.0020221632623794,0.529520856727149
2009-10-09,8765.900390625,8971.5,8555.0,8696.7998046875,8696.6982421875,0,-0.018536178401018732,0.0987813681806915,0.20270224097334166,0.8968766740471177,0.7611988263846698
2009-10-16,8720.7001953125,9555.900390625,8698.5498046875,9526.7001953125,9526.58984375,0,0.09542595083972039,0.13693948686487456,0.28991076456705267,0.883901279299024,0.8378718357634909
2009-10-23,9548.0498046875,9630.349609375,9057.099609375,9188.400390625,9188.2939453125,0,-0.03551070126610645,0.08658097745750193,0.21789388171847035,0.7927361478831905,1.1318548060934077
2009-10-30,9193.2001953125,9225.2001953125,8370.150390625,8438.599609375,8438.501953125,0,-0.08160297215770307,-0.047674960035663405,0.16402505129664124,0.6446465641167753,0.8662448293504781
2009-11-06,8372.099609375,8780.0,8207.75,8723.75,8723.6484375,0,0.03379119804525477,0.0030988634805615423,0.1758739134698477,0.6125976246591802,0.7296845154363507
2009-11-13,8750.7001953125,9355.400390625,8750.7001953125,9155.650390625,9155.5439453125,0,0.04950857035391887,-0.038948407851657874,0.24109070900824658,0.6076506272322917,0.9400030893923861
2009-11-20,9201.849609375,9339.099609375,8890.099609375,9219.0498046875,9218.9423828125,0,0.0069246215569152,0.0033356637455386196,0.23209797992750558,0.3102127624729518,1.1436160127450177
2009-11-27,9256.75,9340.75,8591.75,8945.0498046875,8944.9462890625,0,-0.029721067333933093,0.06001590533455947,0.20162139694032755,0.20645096156372755,1.0845344507312298
2009-12-04,9121.7001953125,9435.900390625,8989.0,9245.0498046875,9244.9423828125,0,0.033538102811097925,0.05975638970482877,0.1680490181937886,0.2581037950505143,1.1218842792489099
2009-12-11,9257.599609375,9309.75,9054.75,9097.2001953125,9097.0947265625,0,-0.01599229993331519,-0.006384057147087119,0.08568191607989983,0.2843529061974859,0.9541598988216344
2009-12-18,9072.849609375,9131.5498046875,8577.7001953125,8599.9501953125,8599.8505859375,0,-0.054659674331034025,-0.06715438385637251,0.0169933712121213,0.1905434900901255,0.6717922997139405
2009-12-25,8601.0,9012.4501953125,8560.150390625,8968.099609375,8967.9951171875,0,0.0428083193159845,0.002576822397950318,0.012080939284515813,0.21215921883977762,0.8724695411077039
2010-01-01,8990.349609375,9093.650390625,8937.2998046875,9029.5,9029.3955078125,0,0.006846533078291639,-0.023315158840811256,0.03825547359767634,0.19342328336324566,0.7380800812815185
2010-01-08,9031.900390625,9265.5498046875,9031.900390625,9160.7001953125,9160.59375,0,0.014530172801650254,0.006980169572691208,-0.03841833924616267,0.40488606234343405,0.8669777713470161
2010-01-15,9209.150390625,9248.0,8836.7001953125,8911.099609375,8910.99609375,0,-0.027246889497073545,0.036180373955199796,-0.030179440322706474,0.23233829804330952,0.9451240620736698
2010-01-22,8887.150390625,9202.5,8659.900390625,8772.650390625,8772.548828125,0,-0.01553671542447388,-0.021793827818959888,0.039586044689083444,0.18781277259238416,1.149027007947018
2010-01-29,8724.7998046875,8751.2001953125,8294.599609375,8651.5498046875,8651.44921875,0,-0.013804332846424128,-0.04185726732515638,-0.008276279732053249,0.14673600698356415,0.9413111451346519
2010-02-05,8597.4501953125,8718.650390625,8150.4501953125,8223.25,8223.154296875,0,-0.04950555846715954,-0.10233390192074954,-0.10183879362407056,0.1343196082488447,0.8973155486738396
2010-02-12,8279.75,8451.9501953125,8160.9501953125,8381.400390625,8381.302734375,0,0.019232102955035968,-0.05944263244378112,-0.09086071035613563,0.12972862331932133,0.8356713889769081
2010-02-19,8441.599609375,8602.0,8282.0498046875,8487.099609375,8487.0009765625,0,0.012611164462233537,-0.03255011524854079,-0.05119593577584325,0.15046556194505256,1.1571522519404227
2010-02-26,8565.2998046875,8851.349609375,8453.400390625,8722.75,8722.6484375,0,0.027765715199653984,0.008229761940909519,-0.05649507744378823,0.16576901981244396,1.2409696379726367
2010-03-05,8826.900390625,9095.2998046875,8826.900390625,9038.4501953125,9038.3447265625,0,0.036192736844745,0.09913357800291855,-0.006458030903867762,0.2141682144883721,1.6157842012718895
2010-03-12,9102.150390625,9230.0,9073.5,9172.900390625,9172.7939453125,0,0.014875359426357093,0.09443529280444962,0.06662250156108951,0.15893343157831885,1.5250568826990571
2010-03-19,9118.2001953125,9294.099609375,8986.75,9270.7998046875,9270.6923828125,0,0.010672678203565322,0.09234016700438041,0.0337529921050459,0.10639971413760185,1.5112549576908663
2010-03-26,9171.2001953125,9473.2001953125,9066.7001953125,9456.2001953125,9456.08984375,0,0.01999831670739538,0.08408474337938143,0.047256237367794496,0.11824983832224678,1.1458202356399236
2010-04-02,9452.099609375,9587.650390625,9440.349609375,9507.75,9507.6396484375,0,0.005451429075396863,0.0519225967446153,0.037884637340831695,0.07298234515851565,1.1481344357965924
2010-04-09,9593.5498046875,9793.2001953125,9492.2998046875,9656.5,9656.3876953125,0,0.01564513160316583,0.052720468857293534,0.08364853085479984,0.1103509586129865,1.1061988333988308
2010-04-16,9661.2001953125,9667.400390625,9266.150390625,9353.75,9353.6416015625,0,-0.03135193910837264,0.008947469156928456,0.06623991422204623,-0.018154260317502002,0.8497004450621546
2010-04-23,9273.849609375,9824.9501953125,9206.0,9813.2998046875,9813.185546875,0,0.04913000718294791,0.03776354159168682,0.13428229926741575,0.06800959769886505,0.9146594120809393
2010-04-30,9890.7998046875,9923.150390625,9603.5,9870.349609375,9870.2353515625,0,0.005813518981683252,0.03813726795245986,0.20029788822849848,0.16966677722324608,0.9236884463217534
2010-05-07,9809.400390625,9863.4501953125,9239.7998046875,9276.099609375,9275.9921875,0,-0.06020556753486961,-0.039393195321803964,0.1067481777568775,0.06331561649233408,0.7147002374185498
2010-05-14,9419.5,9849.0498046875,9402.0498046875,9589.0498046875,9588.9384765625,0,0.03373726118639486,0.025155665341440647,0.12983825405975757,0.047336824318486626,0.6837517025390918
2010-05-21,9485.349609375,9572.0498046875,8969.2001953125,9135.7001953125,9135.59375,0,-0.047277844896934984,-0.06904910915402096,0.04734174375197053,-0.009041019534640093,0.29836710329289895
2010-05-28,9524.5,9524.5,8806.650390625,9312.599609375,9312.4912109375,0,0.01936353101355781,-0.056507623546610874,0.030331462600156733,0.041089743792694255,0.2560237224728308
2010-06-04,9305.5498046875,9490.9501953125,9083.650390625,9455.9501953125,9455.83984375,0,0.0153931868597883,0.019388600113320553,0.030857176316531953,0.0228122503480801,0.2868039737870762
2010-06-11,9221.7998046875,9463.0498046875,9143.5,9451.75,9451.640625,0,-0.00044418543094504326,-0.01431839519911371,0.01951829390394222,0.03897350801076005,0.33440864447581653
2010-06-18,9496.349609375,9636.7998046875,9422.9501953125,9576.25,9576.138671875,0,0.01317216388499487,0.048222883333402855,0.012695353546661403,0.1135238905476037,0.32569861895127894
2010-06-25,9626.400390625,9793.150390625,9429.7001953125,9451.099609375,9450.990234375,0,-0.013068830766218564,0.014872324142505944,-0.0059583382635218785,0.05385756414827125,0.2774431617263593
2010-07-02,9456.099609375,9551.900390625,9301.400390625,9357.150390625,9357.0419921875,0,-0.009940559578570873,-0.010448426931909727,-0.03099980421218873,0.036286659352677386,0.2367286275102014
2010-07-09,9335.4501953125,9726.5,9312.099609375,9713.7001953125,9713.5869140625,0,0.038104528601435206,0.027714465079218042,0.03848191316985172,0.06036656458672973,0.4896942075628854
2010-07-16,9745.900390625,10061.9501953125,9737.650390625,10013.4501953125,10013.333984375,0,0.030858477611307,0.04565463467562991,0.020395829599478388,0.12370533764180602,0.3847851232916857
2010-07-23,10001.900390625,10120.599609375,9914.849609375,10093.900390625,10093.783203125,0,0.008034213357366093,0.06801333260866027,0.02264871966010884,0.15061012820161745,0.36670940655204154
2010-07-30,10108.900390625,10243.900390625,9951.5498046875,10161.0,10160.8818359375,0,0.006647540274651531,0.08590752267703028,0.09539574043929688,0.17447165298576484,0.3468089336602824
2010-08-06,10258.349609375,10542.900390625,10255.400390625,10383.650390625,10383.529296875,0,0.021912251808384964,0.06896961835777016,0.082865414417711,0.26271855903991725,0.4323264212187048
2010-08-13,10407.5498046875,10782.2001953125,10308.150390625,10737.349609375,10737.224609375,0,0.0340630900929928,0.07229270630430373,0.17531764175933673,0.2810925512382445,0.4472869242550188
2010-08-20,10732.0498046875,11126.9501953125,10645.4501953125,11033.75,11033.6220703125,0,0.027604613932492805,0.09311064831270888,0.18481954156950087,0.3000613292922738,0.49567578776726773
2010-08-27,11024.5,11125.7998046875,10681.599609375,10727.4501953125,10727.3251953125,0,-0.02776026325478642,0.055747485022389576,0.13446559824630921,0.22982433238514233,0.43369110650612064
2010-09-03,10834.400390625,11017.150390625,10653.2998046875,10991.2001953125,10991.072265625,0,0.024586457657500782,0.05851023309067038,0.16287462060597235,0.21604920730909494,0.4764882947684841
2010-09-10,11033.599609375,11468.75,11033.599609375,11446.7001953125,11446.5673828125,0,0.041442243968430326,0.06606384366195472,0.19532177995692468,0.24788231724519716,0.44621253613088063
2010-09-17,11489.5,12236.849609375,11489.5,12104.099609375,12103.958984375,0,0.057431347274361944,0.09700687521241647,0.2807080773297914,0.30561546623571,0.4445325786168213
2010-09-24,12109.0498046875,12340.0,12067.400390625,12263.5498046875,12263.4072265625,0,0.013173238857767,0.14319335735962846,0.31060732089701615,0.29687924868242765,0.4502350101626016
2010-10-01,12323.4501953125,12579.9501953125,12163.349609375,12556.75,12556.6044921875,0,0.023908264734280316,0.14243665631303593,0.29268453293004226,0.3206857563566563,0.4170725000730131
2010-10-08,12605.4501953125,12738.5,12414.7998046875,12473.400390625,12473.255859375,0,-0.006637832988233394,0.08969398846778054,0.24566459585169276,0.2917102874359241,0.4342517559047345
2010-10-15,12514.900390625,12827.349609375,12324.400390625,12346.4501953125,12346.306640625,0,-0.010177673395934228,0.020022190312263488,0.22315950400893803,0.31994656638380325,0.2959839128124788
2010-10-22,12451.5498046875,12535.849609375,12139.900390625,12384.7998046875,12384.65625,0,0.0031061243327705768,0.009887023083125168,0.2188563925487157,0.2620423355222141,0.34787332704001583
2010-10-29,12423.349609375,12580.5,11955.5498046875,12330.75,12330.6064453125,0,-0.00436420495606582,-0.017998287773508315,0.1875159058834417,0.2492718584444138,0.4612317885423729
2010-11-05,12485.5,13204.5498046875,12485.5,13182.900390625,13182.7470703125,0,0.06910775018753923,0.05688104107788128,0.22776112078112276,0.4211684809099663,0.5111506394182548
2010-11-12,13288.0498046875,13301.4501953125,12428.7998046875,12457.2998046875,12457.1552734375,0,-0.055041042899293235,0.008978257525153799,0.12901776863600323,0.29911722834079857,0.3606133123478863
2010-11-19,12467.5,12826.900390625,12013.650390625,12062.9501953125,12062.8095703125,0,-0.031656106504445836,-0.02598746967659371,0.12449370313399966,0.32041878973895876,0.3084808576670228
2010-11-26,12120.7998046875,12414.5498046875,11362.900390625,11668.849609375,11668.7138671875,0,-0.03267033184723267,-0.05367884278125823,0.061653814144109864,0.2530174278756665,0.3045035929548585
2010-12-03,11731.349609375,12535.849609375,11707.849609375,12349.2001953125,12349.056640625,0,0.05830485512392691,-0.06324102971341461,0.07884368286063603,0.305971366202229,0.3357635119554585
2010-12-10,12427.9501953125,12429.4501953125,10977.900390625,11447.0,11446.8671875,0,-0.07305737870011664,-0.08110102674958009,-0.05428735970299314,0.21109847382759805,0.25829922989913734
2010-12-17,11527.349609375,11623.7001953125,11147.4501953125,11424.150390625,11424.017578125,0,-0.0019961220734689977,-0.052955520361489095,-0.06844669181688778,0.19296701638167346,0.3283972733762879
2010-12-24,11401.0498046875,11634.650390625,11237.2001953125,11477.0498046875,11476.916015625,0,0.004630489993016074,-0.016436907759390773,-0.0859856408156967,0.21436132080365145,0.2797638635380135
2010-12-31,11491.400390625,11828.400390625,11392.900390625,11791.4501953125,11791.3134765625,0,0.02739383343066004,-0.04516486826504851,-0.05467235669152848,0.2601539681489402,0.30588074592308545
2011-01-07,11882.099609375,11912.150390625,11007.900390625,11053.349609375,11053.220703125,0,-0.0625962518360057,-0.03438895698654665,-0.1047346051279131,0.13791339933560742,0.2066053220507056
2011-01-14,11024.5,11161.150390625,10387.900390625,10432.900390625,10432.779296875,0,-0.05613223508498821,-0.08676794038123392,-0.1576044380889976,0.04188867844060917,0.17077586919227983
2011-01-21,10459.599609375,10923.7001953125,10373.7998046875,10889.400390625,10889.2734375,0,0.0437558093059347,-0.05120213156367848,-0.11689066840013784,0.07880997129106238,0.24128967937239243
2011-01-28,10923.75,11256.9501953125,10481.099609375,10578.25,10578.126953125,0,-0.028573693634488695,-0.10288812446451989,-0.19757794669201123,0.041063871666174645,0.22270000621953234
2011-02-04,10444.349609375,10772.4501953125,10385.900390625,10433.849609375,10433.728515625,0,-0.013650688027320168,-0.05604635896747223,-0.16243088205608613,0.0048344480853594884,0.2688231063600157
2011-02-11,10457.7998046875,10509.7998046875,10017.849609375,10447.75,10447.62890625,0,0.001332239887041231,0.0014233443068567553,-0.13389760955327035,-0.02697123777381194,0.24653989942853838
2011-02-18,10477.849609375,11300.4501953125,10477.849609375,10949.7001953125,10949.5732421875,0,0.04804385588404192,0.005537477044136763,-0.06162984682609329,-0.007617519400702433,0.290158086894287
2011-02-25,10935.2998046875,11070.349609375,10169.0,10435.849609375,10435.728515625,0,-0.0469282790187695,-0.013461620837567634,-0.15493720691836932,-0.027182655768928088,0.19639444090166513
2011-03-04,10512.2001953125,11134.099609375,10364.349609375,10963.400390625,10963.2734375,0,0.050551780736287855,0.05075315449958073,-0.042246842786319516,-0.0025292783493613413,0.21297348037729003
2011-03-11,10886.099609375,11054.0,10658.2998046875,10740.9501953125,10740.8251953125,0,-0.02029025552170116,0.028063477333636344,-0.05980315138998471,-0.06165532318991018,0.1709437296724705
2011-03-18,10730.400390625,11018.2998046875,10591.2998046875,10715.900390625,10715.775390625,0,-0.002332177715378636,-0.021352164946725094,-0.06631925686613549,-0.11468835052173532,0.1558765819974699
2011-03-25,10795.650390625,11420.400390625,10661.150390625,11387.2998046875,11387.1669921875,0,0.06265450308309006,0.09117132106405301,-0.03427486729203699,-0.07145157918835787,0.20421517834745706
2011-04-01,11348.849609375,11898.400390625,11348.150390625,11590.9501953125,11590.8154296875,0,0.017883993055242797,0.057240434749070035,0.04863689333426402,-0.07691479122284828,0.21910548713549471
2011-04-08,11614.4501953125,11861.150390625,11614.4501953125,11673.25,11673.1142578125,0,0.007100350126668875,0.08679863398811483,0.11888828254217576,-0.06414853733280246,0.20884896183917578
2011-04-15,11591.0,11950.7001953125,11490.5498046875,11735.650390625,11735.513671875,0,0.005345588471505458,0.09516232540684566,0.07771318618503198,-0.04947169388974648,0.2546465739008419
2011-04-22,11754.2001953125,11926.0498046875,11482.150390625,11894.75,11894.611328125,0,0.013556948620597753,0.04456282033635506,0.12445347765462156,-0.03956864966860607,0.21210502448098634
2011-04-29,11860.349609375,11978.0498046875,11406.849609375,11483.75,11483.6162109375,0,-0.03455305912272222,-0.009248611503468673,0.1006244511787524,-0.06869006345923812,0.16345929521002667
2011-05-06,11509.2998046875,11543.349609375,10677.2998046875,11145.099609375,11144.9697265625,0,-0.02948953004245125,-0.04524450265564428,0.06674639126845494,-0.15457909267820757,0.2014855465880372
2011-05-13,11194.4501953125,11213.5,10838.150390625,11020.9501953125,11020.822265625,0,-0.01113937231732487,-0.06089992216225504,0.006507027473729554,-0.11530184164264257,0.14932661940341907
2011-05-20,10975.150390625,10975.150390625,10524.349609375,10664.099609375,10663.9755859375,0,-0.032379293945931975,-0.10346164405515035,0.021871721857217308,-0.11596256001132077,0.16729964659377905
2011-05-27,10612.5498046875,10735.2001953125,10339.9501953125,10722.650390625,10722.525390625,0,0.00549045708449003,-0.06627622591705673,-0.021959427861986125,-0.08108761792506125,0.15141322943064162
2011-06-03,10742.0,11056.400390625,10715.099609375,10782.0,10781.875,19900,0.00553497570217254,-0.03257930589239144,0.0038218038386785835,-0.12690701993051956,0.14023443200291474
2011-06-10,10734.25,10918.25,10627.599609375,10714.25,10714.125,0,-0.006283620849564131,-0.027828834163768135,-0.00015401324805552896,-0.06401240499694238,0.13357314782976704
2011-06-17,10675.2998046875,10830.400390625,10502.400390625,10598.25,10598.126953125,0,-0.010826702755675877,-0.006174886937206581,-0.06929209015491922,-0.07229425054687288,0.10672236000522117
2011-06-24,10592.650390625,10875.25,10340.400390625,10854.5,10854.3740234375,0,0.024178520038685702,0.012296363732074989,-0.06353665427794941,-0.054243016740524674,0.14849069935025327
2011-07-01,10808.900390625,11359.9501953125,10774.099609375,11255.0,11254.869140625,0,0.0368971394352573,0.04386941198293459,-0.03582978176600349,-0.04549484469058407,0.202823459081781
2011-07-08,11379.0498046875,11451.25,11232.150390625,11285.150390625,11285.01953125,0,0.002678844124833324,0.053284214072380154,-0.03838730577385652,0.02097108925726876,0.1617766828001166
2011-07-15,11275.0,11385.349609375,10941.2998046875,11234.5498046875,11234.4189453125,0,-0.004483820258127547,0.060038195427311036,-0.05550349484541495,0.0768385956011679,0.12194594126474234
2011-07-22,11234.7001953125,11388.5,11021.7001953125,11291.9501953125,11291.8193359375,0,0.005109273769123401,0.040301275536643866,-0.0167018443180581,0.036967123096517396,0.11869047229752971
2011-07-29,11286.25,11433.099609375,10758.400390625,10893.650390625,10893.5234375,0,-0.0352728977544412,-0.032105696079520185,-0.022561415111847616,0.02981593275116401,0.07210416205343972
2011-08-05,11014.150390625,11064.900390625,10150.2998046875,10354.5,10354.3798828125,0,-0.04949216940989676,-0.08246681332648664,-0.060471210149915966,-0.007605017548240611,-0.0028073355254062404
2011-08-12,10121.400390625,10516.900390625,9920.7998046875,10182.7001953125,10182.58203125,0,-0.016591801119078653,-0.0936263248337843,-0.04514205902946489,-0.025369079915532056,-0.05165608220283935
2011-08-19,10315.099609375,10315.099609375,9280.25,9404.849609375,9404.740234375,0,-0.07638942235533708,-0.16711910283848674,-0.1228987921122725,-0.14108610814740308,-0.14762890138212303
2011-08-26,9422.650390625,9561.900390625,8917.9501953125,8974.5498046875,8974.4453125,0,-0.045752970282328165,-0.17616689696495724,-0.16763589272050639,-0.1400269129381424,-0.16340326533428728
2011-09-02,9099.849609375,9707.4501953125,9099.849609375,9581.349609375,9581.23828125,0,0.06761339765149699,-0.07466805646095898,-0.10573772225074085,-0.12606041301126025,-0.12827084948728074
2011-09-09,9509.0,9972.0,9364.599609375,9678.7001953125,9678.587890625,0,0.010160425191274358,-0.049495712368317735,-0.08676430587007289,-0.09889720934220336,-0.15445499312753974
2011-09-16,9550.9501953125,9798.75,9260.900390625,9720.25,9720.13671875,0,0.004292911635761065,0.033535931325324064,-0.10449583122207384,-0.09291336745683665,-0.19694563712352753
2011-09-23,9664.349609375,9962.9501953125,9284.650390625,9375.7001953125,9375.5908203125,0,-0.035446599077955776,0.044698664485150585,-0.16697466056752552,-0.17665290664841715,-0.23548235668853212
2011-09-30,9373.9501953125,9688.650390625,9165.7998046875,9468.2998046875,9468.189453125,0,0.009876554011538863,-0.011798943707980847,-0.16099480494711227,-0.18312997250936525,-0.24595936013000974
2011-10-07,9332.599609375,9332.599609375,8626.4501953125,9038.25,9038.14453125,0,-0.04541996066438392,-0.06617109553849776,-0.19549513268178464,-0.225729766774463,-0.27539806973620895
2011-10-14,9051.0,9691.849609375,8982.900390625,9660.400390625,9660.2880859375,0,0.06883527127762568,-0.0061572088552249715,-0.14448786759303867,-0.17683297737446313,-0.21755644433792765
2011-10-21,9717.349609375,9865.849609375,9492.9501953125,9695.349609375,9695.2373046875,0,0.00361778159670445,0.03409339114984844,-0.1099999300768133,-0.1849051380335862,-0.2171573410734161
2011-10-28,9819.5,9932.400390625,9323.0,9917.0498046875,9916.9345703125,0,0.02286665300837898,0.047394992686842885,-0.04224735094041243,-0.13642757769130298,-0.1957464221813353
2011-11-04,9932.0,10080.0498046875,9648.650390625,9836.349609375,9836.2353515625,0,-0.008137520422087152,0.08830244896689066,-0.03401362892889048,-0.11742829098621155,-0.2538554249890179
2011-11-11,9855.9501953125,9896.150390625,9270.349609375,9292.5498046875,9292.44140625,0,-0.05528471702238047,-0.03807819252445099,-0.011940627373302926,-0.15682861822205985,-0.25404783136142806
2011-11-18,9416.349609375,9458.349609375,8706.0,8850.25,8850.1474609375,0,-0.0475972487620554,-0.0871654600838554,-0.013850255154033153,-0.17008933485396294,-0.2663279001649954
2011-11-25,8806.7001953125,8806.7001953125,8240.4501953125,8488.599609375,8488.5009765625,28200,-0.040863296587666964,-0.1440398327572494,-0.11404969493345529,-0.2083487477315561,-0.272541862005396
2011-12-02,8598.7001953125,9200.650390625,8490.349609375,9172.75,9172.6435546875,0,0.08059637892090099,-0.06746401213134234,-0.05227460145501117,-0.14925338527174925,-0.2572191028628894
2011-12-09,9154.900390625,9273.099609375,8689.849609375,8811.099609375,8810.9970703125,0,-0.03942660495761907,-0.05181034327840128,-0.09353158515727478,-0.17762796188487295,-0.23026997384685943
2011-12-16,8900.900390625,8920.25,8127.2001953125,8171.89990234375,8171.8046875,0,-0.07254482815642471,-0.07664756336332312,-0.12839577502388622,-0.22893874910067702,-0.28468204436017785
2011-12-23,8122.25,8451.9501953125,7766.35009765625,8296.4501953125,8296.353515625,0,0.015241289596930496,-0.022636173562749495,-0.1237655792009088,-0.23566721679372615,-0.27712693274851585
2011-12-30,8301.349609375,8420.2001953125,7925.14990234375,7968.64990234375,7968.55712890625,9800,-0.039510909515729664,-0.13126925923591615,-0.1183415039035488,-0.29199023524266987,-0.32420102952972163
2012-01-06,8009.85009765625,8586.650390625,7888.25,8488.25,8488.1513671875,11200,0.06520553720190736,-0.03664123931041352,-0.121335590992949,-0.24783900026254768,-0.2320653648012171
2012-01-13,8450.400390625,9073.0,8329.900390625,8975.0498046875,8974.9453125,0,0.0573498429814745,0.09828190652621704,-0.07429332965889135,-0.2011206536337795,-0.1397358866042202
2012-01-20,8913.25,9560.150390625,8813.849609375,9516.849609375,9516.7392578125,0,0.06036733126589766,0.14709898635346796,-0.04035476307917074,-0.15720053270110756,-0.12604466104779
2012-01-27,9503.099609375,9969.25,9456.25,9813.650390625,9813.5361328125,0,0.031186873117930114,0.23153238138101617,-0.0023076872672729287,-0.09914032131317896,-0.07228034971521757
2012-02-03,9741.25,10158.9501953125,9509.150390625,10133.650390625,10133.5322265625,0,0.03260764213749612,0.19384447802845117,0.09051343319281635,-0.02132885309527255,-0.02877166434143974
2012-02-10,10219.599609375,10555.0,10183.4501953125,10442.650390625,10442.529296875,0,0.030492466987598776,0.1635200492337101,0.17992716483997628,0.025528611304117987,-0.0004881059917206665
2012-02-17,10451.099609375,11203.349609375,10335.7001953125,11074.900390625,11074.771484375,0,0.060544974345555946,0.16371497346298014,0.30467932288779775,0.17757336380852373,0.011434120850733143
2012-02-24,11042.599609375,11226.75,10435.5498046875,10506.7998046875,10506.677734375,0,-0.05129622532934042,0.0706311501298913,0.1454361892221525,0.17073279811759368,0.006798698521753632
2012-03-02,10527.650390625,10667.2998046875,10073.900390625,10434.2998046875,10434.1787109375,0,-0.006900293271758673,0.02966842179010265,0.18422220463668548,0.08902192593806602,-0.04826062782400464
2012-03-09,10406.849609375,10526.5498046875,9939.9501953125,10505.650390625,10505.5283203125,0,0.006838080874908892,0.006032951180340085,0.2855823634858665,0.08544021186987494,-0.021906795991865624
2012-03-16,10765.9501953125,10912.0498046875,10348.0498046875,10391.349609375,10391.228515625,0,-0.010879933845123868,-0.06172071595593143,0.2525055131706955,0.0690413939327692,-0.03028684192827502
2012-03-23,10440.849609375,10583.75,10125.75,10294.5498046875,10294.4296875,0,-0.009315421800472179,-0.02020120340594167,0.2918813012050703,0.09800330537812951,-0.09596217002648666
2012-03-30,10260.2001953125,10263.099609375,9845.400390625,10212.75,10212.630859375,0,-0.007945933162638474,-0.021232838698766465,0.20316319618295875,0.0786255410864729,-0.11890312460059216
2012-04-06,10186.7998046875,10502.7001953125,10180.9501953125,10340.099609375,10339.9794921875,0,0.012469668735159534,-0.015758261039957477,0.15209384174944196,0.14403779596437372,-0.11420558889983512
2012-04-13,10256.650390625,10587.9501953125,10060.7001953125,10306.25,10306.1298828125,0,-0.003273625076523401,-0.00818946648645369,0.08294765841916485,0.06685536657484392,-0.12179984432450996
2012-04-20,10274.150390625,10645.849609375,10248.5498046875,10456.5,10456.37890625,0,0.01457853244390539,0.015731644256921085,0.06550565628352878,0.07850675027633858,-0.12091468925366233
2012-04-27,10432.599609375,10521.4501953125,10029.4501953125,10148.7001953125,10148.58203125,0,-0.029436217155596966,-0.006271553174952871,0.0014851316265482861,0.023358800771122956,-0.11625556152715799
2012-05-04,10210.099609375,10382.349609375,9757.75,9802.349609375,9802.2353515625,0,-0.03412758080068945,-0.05200626882863302,-0.061315926254204234,-0.0034565668515477155,-0.12047895909970241
2012-05-11,9664.849609375,9924.150390625,9296.650390625,9398.099609375,9397.990234375,0,-0.04124011243318382,-0.08811647210430562,-0.15140549549948334,0.01135854064879549,-0.14725142180823403
2012-05-18,9412.599609375,9498.7998046875,8995.25,9310.25,9310.1416015625,0,-0.009347592920526893,-0.10962081002247404,-0.1138833733325414,0.05197593288325186,-0.1269539538232376
2012-05-25,9299.900390625,9522.2998046875,9157.2001953125,9456.2998046875,9456.189453125,18400,0.015686990648747345,-0.06822552418533434,-0.09372933673619799,0.1139999811327832,-0.11810051990920944
2012-06-01,9483.099609375,9783.4501953125,9252.599609375,9267.599609375,9267.4921875,35000,-0.019954971734183036,-0.054553247059109466,-0.11784618136110903,0.010340367869504874,-0.14045635231172326
2012-06-08,9174.5498046875,10031.2001953125,9110.4501953125,9998.849609375,9998.7333984375,0,0.07890392667161361,0.06392249762927893,-0.037771802004033184,0.13480156310300195,-0.06677092569475229
2012-06-15,10070.150390625,10224.5498046875,9813.650390625,10064.7998046875,10064.6826171875,0,0.006595778303402522,0.08104506374023246,-0.022317634511359263,0.23163522864503694,-0.05033379994928411
2012-06-22,10178.849609375,10197.7998046875,9619.150390625,10038.349609375,10038.2333984375,0,-0.002627990206042763,0.06155153883752473,-0.01707673159775769,0.20995719531308388,-0.07519004934589346
2012-06-29,10068.900390625,10360.0,9892.7998046875,10340.650390625,10340.5302734375,0,0.030114589849279172,0.1157851899605713,5.32665323167425e-05,0.29766654544373883,-0.0812394144269214
2012-07-06,10366.5,10687.900390625,10303.650390625,10655.349609375,10655.2255859375,0,0.03043321327595705,0.0656575531833643,0.033872612189205675,0.2553058179689571,-0.05580792098022891
2012-07-13,10594.9501953125,10782.5498046875,10524.75,10594.4501953125,10594.3271484375,0,-0.005715383942814789,0.052624036334863344,0.013192769599053245,0.18043358263919806,-0.05697599107246154
2012-07-20,10614.099609375,10708.599609375,10463.400390625,10481.599609375,10481.4775390625,0,-0.010651858648354495,0.04415566475051236,0.0328021724610863,0.10137283235511352,-0.07176356359363789
2012-07-27,10401.7001953125,10402.25,10056.150390625,10140.5498046875,10140.431640625,0,-0.03253795388086156,-0.01935087043643935,0.03450195195946115,0.03331068471470999,-0.06913206858424736
2012-08-03,10222.5498046875,10467.9501953125,10209.150390625,10315.599609375,10315.4794921875,0,0.01726235835916734,-0.03188539207583341,0.09762611997480386,0.017954953223798586,-0.0037568584311169495
2012-08-10,10426.75,10640.75,10272.0498046875,10358.9501953125,10358.830078125,0,0.0042024300650542745,-0.02222861929203246,0.11263931637845381,-0.008015225271511772,0.017308768462134916
2012-08-17,10339.2001953125,10551.0498046875,10284.0498046875,10417.900390625,10417.779296875,0,0.005690749950624907,-0.0060772421313466385,0.1016888852721054,-0.05932333265553846,0.10771578742100929
2012-08-24,10436.849609375,10560.849609375,10318.5498046875,10332.849609375,10332.7294921875,0,-0.008163908087135963,0.018963449555625456,0.11494346377700704,-0.016555963618426817,0.15135018850505966
2012-08-31,10338.25,10338.25,9948.7001953125,9990.5,9990.3837890625,18000,-0.03313215834133365,-0.03151533809818907,-0.0008350570016746328,-0.0425327825531836,0.04270279316649317
2012-09-07,10030.849609375,10134.75,9814.0498046875,10122.0,10121.8828125,0,0.013162504379160112,-0.022873958349536427,0.005683192554496674,-0.036518480661355435,0.04580158448364746
2012-09-14,10153.7998046875,10664.5498046875,10006.5,10642.900390625,10642.7763671875,0,0.05146220021981818,0.021597442052956772,0.060224120973570994,0.02420771032696778,0.0949204383246316
2012-09-21,10797.099609375,11433.099609375,10797.099609375,11358.5,11358.3681640625,0,0.06723727396766299,0.09926113602722197,0.0984318752617146,0.10335082305668597,0.21148285070792117
2012-09-28,11359.2998046875,11536.849609375,11321.2001953125,11456.7998046875,11456.6669921875,0,0.008654294553638309,0.1467694114095892,0.07521575778305323,0.12181340037575583,0.2100165859783556
2012-10-05,11462.099609375,11745.2001953125,10043.599609375,11511.400390625,11511.2666015625,0,0.0047657798746871816,0.13726540116824748,0.08655005011191652,0.11327751428893618,0.273631553743811
2012-10-12,11530.650390625,11530.650390625,11244.7001953125,11388.4501953125,11388.3173828125,0,-0.010680733111553598,0.07005137484366863,0.0865183387778321,0.10500426394784723,0.17887972908084615
2012-10-19,11397.7001953125,11605.650390625,11288.400390625,11491.2001953125,11491.06640625,0,0.00902229875337146,0.011682897857331564,0.13319301385420523,0.09895282315425802,0.18522803800710674
2012-10-26,11422.099609375,11656.7998046875,11419.400390625,11614.5,11614.365234375,0,0.0107299326956114,0.0137647683472637,0.12591613089020393,0.14443226979594148,0.1711648351821491
2012-11-02,11506.5,11600.0498046875,11125.2001953125,11460.4501953125,11460.3173828125,0,-0.01326357610637563,-0.004426064039436461,0.10633316882809574,0.16915338179243133,0.16511212496855276
2012-11-09,11449.7001953125,11719.099609375,11401.2998046875,11475.599609375,11475.4658203125,0,0.001321886470803335,0.007652438441393183,0.10152710038404833,0.22105532888027768,0.2349247354677928
2012-11-16,11488.099609375,11608.7998046875,11306.0498046875,11335.5,11335.3681640625,0,-0.01220847834918759,-0.013549515513271881,0.09703522537628873,0.21752906742568667,0.2808112765176125
2012-11-23,11342.650390625,11570.849609375,11256.400390625,11475.7998046875,11475.666015625,0,0.012377028334656703,-0.011941985906625319,0.14867121812596973,0.21356133389499043,0.3519073030624944
2012-11-30,11534.2001953125,12175.2998046875,11411.099609375,12158.900390625,12158.7587890625,0,0.05952531392700622,0.06094439427852283,0.2012349723992295,0.3119794664332707,0.3255458167534273
2012-12-07,12126.599609375,12480.599609375,12053.4501953125,12363.7001953125,12363.556640625,0,0.016843612342231973,0.07739034265468492,0.16168523067295637,0.23651226674318582,0.40319605309620354
2012-12-14,12380.0,12538.900390625,12238.0,12424.7001953125,12424.5556640625,0,0.004933798056922178,0.09608752991156111,0.0938680455440859,0.23447067367658114,0.5204175704292489
2012-12-21,12403.650390625,12571.599609375,12197.2001953125,12315.0498046875,12314.90625,0,-0.00882519408125182,0.0731321576085,0.07491184402548878,0.22680024943405508,0.4843757890146212
2012-12-28,12363.849609375,12523.5,12265.75,12458.150390625,12458.005859375,0,0.011619976224783946,0.02461160058772527,0.08224455477815207,0.20477435364411511,0.5633953735325719
2013-01-04,12442.849609375,12837.7998046875,12427.7001953125,12787.349609375,12787.201171875,14500,0.02642440558413295,0.03426558452324158,0.12283492398625828,0.20008728743392723,0.5064765539863929
2013-01-11,12837.4501953125,12837.4501953125,12582.650390625,12617.849609375,12617.703125,0,-0.01325528785697172,0.01554559957393331,0.09804453798673562,0.19098673142639822,0.4058807342534114
2013-01-18,12622.0498046875,12908.2001953125,12583.349609375,12680.0,12679.8525390625,0,0.004925592913932242,0.029634487972073575,0.09173877480735282,0.20973901623361924,0.33237368671971
2013-01-25,12678.0,12748.9501953125,12509.4501953125,12693.25,12693.1025390625,0,0.001044952681388045,0.018871148766346435,0.1075699282033209,0.25173193214163847,0.2934279798805435
2013-02-01,12705.7998046875,12960.650390625,12580.849609375,12606.25,12606.103515625,0,-0.006854036594252877,-0.01416240385280676,0.09852647609814769,0.22205693099441515,0.24399890602723873
2013-02-08,12656.849609375,12723.2998046875,12245.9501953125,12280.150390625,12280.0078125,0,-0.025868089985126463,-0.02676361101174407,0.0833355732543779,0.18546282770833833,0.17596107609325262
2013-02-15,12298.099609375,12485.9501953125,12256.7998046875,12336.5498046875,12336.40625,0,0.00459272991522619,-0.02708597754830444,0.07500566536969488,0.18416853128957533,0.11391970758766345
2013-02-22,12353.0,12470.7001953125,12024.400390625,12068.9501953125,12068.8095703125,0,-0.021691608562494524,-0.04918360582888548,-0.007397888988535106,0.16801759936216776,0.14867994248144556
2013-03-01,12119.9501953125,12137.849609375,11401.2001953125,11540.0498046875,11539.916015625,0,-0.0438232308581753,-0.08457711018839864,-0.06661843765325803,0.15510232768004606,0.10597261155015447
2013-03-08,11515.400390625,12219.4501953125,11453.099609375,12197.25,12197.1083984375,0,0.056949511175033996,-0.006750763466894405,-0.018306292444650762,0.20502371072910486,0.16101807565236936
2013-03-15,12221.5,12241.2998046875,11555.4501953125,11816.5498046875,11816.412109375,0,-0.031211969526942496,-0.04215116934901986,-0.04047892683391785,0.11027533576245174,0.13715255947376592
2013-03-22,11679.349609375,11814.75,11173.349609375,11204.0498046875,11203.919921875,0,-0.051834081023974354,-0.07166326620197017,-0.10066507038486505,-0.013597763376546168,0.08834771964344368
2013-03-29,11327.400390625,11413.25,11048.400390625,11361.849609375,11361.7177734375,64600,0.014084175582786074,-0.015441891354759707,-0.11147736188857305,-0.00828767168242317,0.11251617922449886
2013-04-05,11414.9501953125,11590.599609375,11021.400390625,11098.9501953125,11098.8212890625,80900,-0.023138786650157228,-0.09004487115435855,-0.1203770421335475,-0.03582971500569154,0.07338909822971895
2013-04-12,11075.849609375,11442.900390625,10888.75,11410.099609375,11409.966796875,99500,0.028034130128262946,-0.034396689560878935,-0.10014987307768142,0.0019009973869326124,0.10710487416616132
2013-04-19,11357.9501953125,12313.0,11334.75,12288.25,12288.107421875,95600,0.07696255253577955,0.09676859833833462,-0.031906722076694316,0.06936175431114955,0.17517811887342805
2013-04-26,12317.400390625,12755.7998046875,12317.400390625,12533.150390625,12533.0048828125,98300,0.019929639340426908,0.10309067814834694,-0.005798679970252851,0.07909513027896153,0.23495128927089937
2013-05-03,12560.349609375,12783.2998046875,12364.7001953125,12393.599609375,12393.455078125,80800,-0.011134533369549837,0.11664611438740202,0.009238422587773076,0.0814234517980954,0.26434988581938756
2013-05-10,12358.349609375,12783.0498046875,12188.2998046875,12752.2998046875,12752.1513671875,93600,0.02894237401708266,0.11763264487276648,0.03370067049395198,0.11125346289264915,0.3569019626017311
2013-05-17,12760.4501953125,13355.099609375,12516.099609375,13317.099609375,13316.9453125,100400,0.04429003500058015,0.08372629213883176,0.10341822560070502,0.17481360410877333,0.4303697118095646
2013-05-24,13332.7001953125,13414.2998046875,12582.5,12769.349609375,12769.201171875,86000,-0.04113132859758695,0.018845957431954385,0.10652465331546201,0.11271979528251497,0.3503537190144095
2013-05-31,12751.5,13016.4501953125,12453.150390625,12475.650390625,12475.505859375,88200,-0.023000327168924195,0.0066204156852003315,0.022824849095082866,0.02605087547589635,0.34615768014025683
2013-06-07,12453.400390625,12520.5498046875,12184.0498046875,12231.5,12231.357421875,74400,-0.01957015329705536,-0.040839676973094985,0.03511601966488498,-0.010692607651762831,0.22329072621830903
2013-06-14,12292.650390625,12363.7998046875,11656.900390625,11922.849609375,11922.7109375,91800,-0.025234058833748962,-0.10469622071599383,0.06415535607372713,-0.04039136381953379,0.18460871957156533
2013-06-21,11928.2998046875,11992.9501953125,11210.75,11340.150390625,11340.0185546875,99200,-0.0488724791338323,-0.1119241983711301,-0.0019098315411687494,-0.0791632538661291,0.12968274984507655
2013-06-28,11272.2001953125,11654.7001953125,11033.75,11617.25,11617.115234375,123000,0.02443526759610526,-0.06880606331114059,0.04669809266343017,-0.0674980124864919,0.12345447927843933
2013-07-05,11597.4501953125,11752.900390625,11273.599609375,11434.2998046875,11434.1669921875,92500,-0.01574814997632834,-0.06517599601949886,0.002120945139919339,-0.10581159083157599,0.0731041424137926
2013-07-12,11328.2001953125,11743.25,11176.650390625,11722.7998046875,11722.6630859375,83800,0.025231103340646044,-0.016778690601800372,-0.04601551850853458,-0.07093520943715181,0.10650383819579767
2013-07-19,11678.900390625,11811.900390625,10829.75,10973.900390625,10973.7724609375,161800,-0.06388400608556355,-0.03229674981231134,-0.12441006063139115,-0.1345504423797319,0.04696809643536404
2013-07-26,10948.400390625,11285.7998046875,10352.9501953125,10465.25,10465.1279296875,184800,-0.046350921050781535,-0.09916288278206975,-0.15559237591605923,-0.17552636243672814,0.03201997934691936
2013-08-02,10451.849609375,10451.849609375,9863.0498046875,9997.7998046875,9997.68359375,214500,-0.04466689236401422,-0.12563077971867642,-0.21600025424335612,-0.20691721926127915,-0.030807690945922173
2013-08-09,10031.2998046875,10117.650390625,9660.2998046875,9816.400390625,9816.2861328125,146400,-0.01814393342597742,-0.1626232167933298,-0.26287249637192545,-0.2006286504341912,-0.05237497955468573
2013-08-16,9849.849609375,10071.25,9420.150390625,9450.849609375,9450.740234375,172600,-0.03723878068371311,-0.13878846417734403,-0.25988011147910184,-0.23391468773676294,-0.09282588093472677
2013-08-23,9425.5,9766.099609375,8860.150390625,9470.099609375,9469.9892578125,276000,0.0020368539121502494,-0.0950909333866845,-0.24091335418541082,-0.21533360763613696,-0.08349584409098787
2013-08-30,9529.7001953125,9586.650390625,8366.75,9049.2001953125,9049.0947265625,298200,-0.04444508837539862,-0.09488083657468782,-0.2601724894483506,-0.2158439219528525,-0.09421948898328414
2013-09-06,9112.7998046875,9989.849609375,8605.650390625,9961.400390625,9961.2841796875,210700,0.10080451041242533,0.014771198629843996,-0.16451178057363924,-0.18330768077845416,-0.015866390967694155
2013-09-13,10084.0,10409.150390625,9980.5,10180.4501953125,10180.33203125,222700,0.021989860471189893,0.07719947053371312,-0.1022649749223109,-0.13845831790308005,-0.04345151963649474
2013-09-20,10418.5,11219.4501953125,10175.0498046875,10686.7998046875,10686.67578125,300500,0.049737447721923456,0.12847807789772547,-0.08009212122597864,-0.04616634244017692,-0.0591363468162609
2013-09-27,10466.2998046875,10509.5498046875,9883.9501953125,9899.75,9899.634765625,237700,-0.07364691199158424,0.09399171046388011,-0.13420583952665033,-0.12868499933044164,-0.13590617198796118
2013-10-04,9783.900390625,10328.75,9582.75,10197.150390625,10197.0322265625,161000,0.03004120211368977,0.02366635119113103,-0.13014377448060244,-0.08125091011475694,-0.11416942816708364
2013-10-11,10124.150390625,10649.2998046875,9877.4501953125,10622.150390625,10622.02734375,187000,0.04167831048081183,0.04338709849156541,-0.03205332538834593,-0.0690571726562833,-0.0672874527741193
2013-10-18,10588.9501953125,10784.0,10274.349609375,10744.900390625,10744.775390625,155000,0.011556040489535624,0.005436668319735549,0.0267218069921884,-0.12559555749394746,-0.06494533138426495
2013-10-25,10751.7001953125,11091.599609375,10700.5498046875,10896.5,10896.373046875,203100,0.014108982295198524,0.10068436071617981,0.08988979704225941,-0.13058571385605022,-0.06181927762710404
2013-11-01,10924.4501953125,11694.4501953125,10669.0,11628.650390625,11628.515625,28430400,0.06719133580736925,0.14038235636066365,0.18461451528920536,-0.06172131122998059,0.014676578358265191
2013-11-08,11539.75,11736.2001953125,10841.599609375,10913.150390625,10913.0234375,179800,-0.06152906622567611,0.027395582749123237,0.15472691257296445,-0.14422099873988725,-0.049012621378886956
2013-11-15,10786.25,10940.5,10412.0498046875,10811.2001953125,10811.07421875,173100,-0.009341958248837212,0.006170350796862456,0.14161420061620755,-0.18817156044236472,-0.04625290500529311
2013-11-22,10962.25,11207.7001953125,10630.5498046875,10677.349609375,10677.2255859375,175700,-0.012380733269145683,-0.020111998405451303,0.17992191342013664,-0.16382980057685126,-0.0695768668765343
2013-11-29,10780.599609375,11186.150390625,10780.599609375,11153.9501953125,11153.8203125,195400,0.0446366002213725,-0.0408216069248416,0.11971708373552059,-0.10594238808629242,-0.08265140457005116
2013-12-06,11180.2998046875,11770.650390625,11107.75,11720.2001953125,11720.064453125,172400,0.05076676783423051,0.07395204645771214,0.15124576717726734,-0.04180188894963821,-0.05204752540376001
2013-12-13,12206.9501953125,12225.9501953125,11349.849609375,11366.900390625,11366.7685546875,167400,-0.03014451961569753,0.051400416722783504,0.06363931189570815,-0.046628887972624766,-0.08513684741355598
2013-12-20,11347.2001953125,11572.2998046875,11040.150390625,11292.349609375,11292.21875,157300,-0.006558584898965658,0.05759856354801873,0.14067017948685567,-0.004215180540243724,-0.08304474699917397
2013-12-27,11258.650390625,11514.4501953125,11258.650390625,11459.7001953125,11459.5673828125,102400,0.014819819765282904,0.02741181327208131,0.12381398295824453,-0.01356171251264282,-0.08014433635861817
2014-01-03,11532.599609375,11578.900390625,11052.599609375,11181.650390625,11181.5205078125,115400,-0.024263270412714144,-0.045950563617752294,0.05267295033723207,-0.022095748614088806,-0.12556935313419348
2014-01-10,11174.349609375,11174.349609375,10788.2001953125,10805.2998046875,10805.173828125,149500,-0.033657874534607446,-0.04940666027131613,0.005621216750896885,-0.07826628580939565,-0.14364965987079004
2014-01-17,10814.650390625,11192.7998046875,10814.650390625,10911.349609375,10911.22265625,137000,0.009814610108411337,-0.033739656774679605,0.0013627870761254712,-0.005699958904624047,-0.13948346929219246
2014-01-24,10909.900390625,11248.349609375,10876.25,10982.400390625,10982.2724609375,108800,0.006511640062284663,-0.04165028722852071,-0.055573946957852116,0.04941596145577032,-0.13478420494160281
2014-01-31,10802.2998046875,10802.2998046875,10101.2001953125,10237.75,10237.630859375,203800,-0.06780397400741844,-0.08441512278155217,-0.061888672514327836,0.024000300066020275,-0.18788299454635593
2014-02-07,10205.4501953125,10321.5,9944.0,10263.2001953125,10263.0810546875,151500,0.0024859168579522972,-0.05016978882342804,-0.050688174309971745,0.04551564595044533,-0.16424474710442427
2014-02-14,10287.349609375,10395.150390625,10064.75,10203.75,10203.6318359375,111400,-0.0057925592584321395,-0.06484987052078617,-0.0443555401575656,0.07966483668072999,-0.17288462645180613
2014-02-21,10217.150390625,10630.150390625,10205.7998046875,10554.349609375,10554.2265625,106900,0.034359878414798484,-0.03897606771060724,-0.05375679247604004,0.11449193194616858,-0.1254956364411679
2014-02-28,10508.9501953125,10793.599609375,10471.4501953125,10764.7001953125,10764.5751953125,83700,0.01993022722600113,0.051471289620522054,-0.08152591116849295,0.1895747649486892,-0.06718771777397858
2014-03-07,10705.4501953125,11947.5,10613.0,11884.75,11884.6123046875,214700,0.10404839748116967,0.15799650925917907,0.04555767989328929,0.19308024313379946,-0.025620529217651566
2014-03-14,11784.5498046875,12308.7001953125,11784.5498046875,12055.849609375,12055.7099609375,218000,0.014396567818002026,0.18151166084772763,0.06761214684374783,0.18421576434075693,0.020251241575825585
2014-03-21,12093.2001953125,12268.75,11989.9501953125,12092.349609375,12092.208984375,127800,0.0030275759222821996,0.14572191152677538,0.05520645420735182,0.1315220487307145,0.07928381435040177
2014-03-28,12134.650390625,12787.5,12134.650390625,12754.7001953125,12754.5517578125,196200,0.05477434967841077,0.18486348564231703,0.14068136185033908,0.28838609008434557,0.12259012694449134
2014-04-04,12855.5,12869.349609375,12430.849609375,12551.7001953125,12551.5546875,183900,-0.015915701419199513,0.05611815101811146,0.16162442710450153,0.2309027242407069,0.13089075763341573
2014-04-11,12562.349609375,13055.599609375,12439.5498046875,12840.2001953125,12840.05078125,131100,0.022984933954026454,0.0650597520167775,0.17677470294602582,0.20881363218554383,0.12533638047843776
2014-04-18,12830.5,12831.599609375,12514.75,12787.25,12787.1015625,90300,-0.004123782690851674,0.05746611808893243,0.164340175661023,0.1900761789431724,0.040607897788537795
2014-04-25,12845.2998046875,13268.599609375,12838.849609375,13034.5,13034.3486328125,144600,0.019335666386439687,0.021936995805697634,0.27318014212107156,0.19620979213508916,0.04000188250753123
2014-05-02,13038.9501953125,13124.2998046875,12738.599609375,12842.0,12841.8505859375,118300,-0.014768498983466993,0.02312832526034314,0.2512666376580388,0.10434139548585963,0.03617999651092596
2014-05-09,12841.400390625,13814.25,12773.0498046875,13750.5,13750.33984375,157500,0.07074443233141259,0.07089451806365288,0.34759279676589494,0.25999363225237326,0.07827609220303788
2014-05-16,13801.0,15742.0498046875,13801.0,14853.0,14852.8271484375,321200,0.08017890258536053,0.16154763533988925,0.4072870948681371,0.37385301647082025,0.11533295054305626
2014-05-23,15032.0,15362.5498046875,14857.5,15285.5,15285.322265625,232900,0.02911869655961752,0.17269553876251487,0.41996523104805905,0.4315818587207185,0.19704608829706505
2014-05-30,15431.9501953125,15568.0498046875,14709.2998046875,14793.400390625,14793.228515625,198500,-0.03219388370514542,0.15195455463518148,0.24473803745345935,0.32629249114291325,0.18578189733031514
2014-06-06,14786.4501953125,15576.0498046875,14770.0,15543.150390625,15542.9697265625,176800,0.05068138360367347,0.13036983314243122,0.2892621336731147,0.3261847179744839,0.2707476916670073
2014-06-13,15625.400390625,15725.7998046875,15083.900390625,15106.900390625,15106.724609375,172400,-0.02806702560525498,0.01709421602538197,0.24929404777652708,0.3290254925682832,0.26705451176255424
2014-06-20,15055.2001953125,15461.5498046875,14858.900390625,14997.650390625,14997.4765625,153200,-0.007231794555804361,-0.018831546849955805,0.1758528355011284,0.32812487298248616,0.32252658686287683
2014-06-27,15014.2001953125,15341.9501953125,14940.349609375,14992.349609375,14992.17578125,135000,-0.0003534407798513328,0.013448511734738045,0.19444771434024322,0.3082671757423028,0.2905248324151586
2014-07-04,15059.099609375,15582.650390625,15059.099609375,15556.150390625,15555.9697265625,121400,0.03760589873767639,0.000836381278781273,0.21151930297036925,0.3912213177106396,0.3604812412079439
2014-07-11,15589.5,15592.7998046875,14406.650390625,14447.2001953125,14447.0322265625,171400,-0.07128692944372761,-0.04366879891005937,0.12981291484193247,0.3370476022372919,0.2324018524598208
2014-07-18,14508.099609375,15463.150390625,14338.650390625,15389.349609375,15389.1708984375,157000,0.06521328709546004,0.026117372291519114,0.18066282629751806,0.4103983613679205,0.4023591486689744
2014-07-25,15510.0,15626.900390625,15272.4501953125,15322.25,15322.072265625,134900,-0.004360132889184798,0.02200458228500124,0.1931358043918392,0.39516403108738074,0.46410740307207177
2014-08-01,15399.5,15499.5,15096.099609375,15127.7998046875,15127.6240234375,127400,-0.012690707651454636,-0.02753577043043043,0.10016361620941061,0.47764887838514314,0.5131128948586052
2014-08-08,15242.25,15343.5,14709.099609375,14765.75,14765.578125,120800,-0.02393274695341452,0.022049241401863817,-0.0058742341614488325,0.43870817279233676,0.5041919046111647
2014-08-15,14858.75,15144.75,14807.0,15089.650390625,15089.474609375,92500,0.02193592541015521,-0.01947445644924639,-0.01281277088580679,0.4788338003797623,0.5966448535649593
2014-08-22,15099.7001953125,15865.2998046875,15068.349609375,15819.150390625,15818.966796875,146700,0.04834439374773236,0.03242998845632994,0.06933835175921055,0.49882759015046196,0.6704312566010084
2014-08-29,15817.5498046875,15973.349609375,15503.400390625,15740.400390625,15740.2177734375,89100,-0.0049781434562168325,0.04049502200231925,0.012690477479969209,0.462223759606345,0.7394244851361065
2014-09-05,15790.25,16208.5498046875,15790.25,15982.5,15982.314453125,123900,0.015380778338980106,0.08240353520816757,0.057960242454393684,0.3447905929868109,0.6044430876447506
2014-09-12,16084.2001953125,16309.7001953125,16049.25,16254.150390625,16253.9619140625,111200,0.016996739597997745,0.07717209940950576,0.08377978998533231,0.3482376536934628,0.5966042835815928
2014-09-19,16158.650390625,16239.7001953125,15770.7998046875,16152.150390625,16151.962890625,123500,-0.006275320305811349,0.021050435186288352,0.07735950744670173,0.3357329975063328,0.511411337895584
2014-09-26,16052.5498046875,16272.349609375,15168.400390625,15607.25,15607.068359375,148000,-0.03373547035206348,-0.008459148898417146,0.0032848492777362015,0.22364695061478934,0.5765297103462208
2014-10-03,15636.4501953125,15636.4501953125,15270.9501953125,15316.2001953125,15316.0224609375,69500,-0.01864837205064951,-0.04168933550367593,0.06015006286698754,0.22024904650227528,0.5020078755917754
2014-10-10,15214.25,15795.650390625,15130.349609375,15453.7998046875,15453.6201171875,92400,0.008983926014306975,-0.049239767487270325,0.004187973952663793,0.20354819781775157,0.45486546851444154
2014-10-17,15360.7001953125,15973.5,15301.650390625,15929.7998046875,15929.6142578125,120500,0.030801486108006815,-0.01376600517950577,0.039651474469317494,0.24575650000488758,0.4825451354194368
2014-10-24,16259.7001953125,16572.5,16157.0498046875,16444.69921875,16444.5078125,91400,0.032323031072304165,0.05365770515305379,0.08705161563907304,0.2616286945222295,0.5091725984261002
2014-10-31,16538.900390625,17060.150390625,16470.849609375,17045.05078125,17044.853515625,122100,0.03650729967839661,0.11287725179164299,0.15436403712984448,0.32728942386310544,0.46578065456260465
2014-11-07,17087.0,17425.19921875,16934.849609375,17347.05078125,17346.849609375,82300,0.01771775302260803,0.12251038582680707,0.14959925062461976,0.26155781835205993,0.5895548178417918
2014-11-14,17364.650390625,17651.0,17203.0,17576.80078125,17576.595703125,118900,0.01324432624872074,0.10339119114841955,0.11110902590992788,0.18338388078166035,0.6257955142548295
2014-11-21,17571.69921875,18139.94921875,17469.25,18056.30078125,18056.091796875,165300,0.027280277336448222,0.0980012793826277,0.14713097082361082,0.18126988199600924,0.6910845333186508
2014-11-28,18128.599609375,18615.400390625,17890.849609375,18513.150390625,18512.935546875,241600,0.025301395613070543,0.08613055063408481,0.15833883251212266,0.2514465844078222,0.6597842079665408
2014-12-05,18586.94921875,18875.44921875,18301.0,18756.75,18756.53125,230200,0.01315819318889977,0.08126448907809203,0.15396680535319995,0.20675342698307242,0.600377953228288
2014-12-12,18804.94921875,18804.94921875,18183.099609375,18299.75,18299.537109375,110300,-0.02436456209098059,0.04113087630379275,0.13296060013293998,0.21135041119066433,0.6099155769054647
2014-12-19,18176.69921875,18563.599609375,17502.44921875,18478.900390625,18478.685546875,63600,0.009789772572029731,0.023404550826592097,0.18399464291435064,0.2321196927070739,0.6364088103758023
2014-12-26,18562.349609375,18923.599609375,18424.0,18557.19921875,18556.984375,0,0.0042372016986858,0.002379326435294704,0.2116059454765682,0.23777791355304512,0.6193442151602426
2015-01-02,18589.599609375,19118.849609375,18428.099609375,19057.80078125,19057.580078125,20500,0.026976137756510088,0.016050263571780743,0.23321131515300997,0.22509748894786274,0.7043817428980412
2015-01-09,19155.19921875,19166.0,18211.5,18637.25,18637.033203125,0,-0.02206712023476276,0.01844287490266261,0.1699613446815449,0.2900250393184829,0.7248248856468456
2015-01-16,18632.0,19410.400390625,18517.900390625,19223.150390625,19222.927734375,0,0.03143706236837507,0.04027566490793921,0.16895725089985536,0.2491203903064556,0.7617573516394822
2015-01-23,19345.650390625,20167.650390625,19299.099609375,20072.69921875,20072.466796875,0,0.04419404784656522,0.08166641863006752,0.17762624918844439,0.3100360076849027,0.8277151173512878
2015-01-30,20179.80078125,20907.55078125,19732.44921875,19843.75,19843.51953125,0,-0.011406000570971409,0.041240289358216886,0.1439264374235083,0.31174065337982704,0.9382921051988962
2015-02-06,19778.94921875,19991.400390625,18740.349609375,18786.69921875,18786.48046875,72600,-0.053268700787401535,0.00801884498786043,0.06883496334501649,0.27231594864805375,0.83049135369399
2015-02-13,18650.0,19441.0,18226.900390625,19369.69921875,19369.474609375,0,0.0310325934966873,0.0076235593618656505,0.07273906507272287,0.28364135134529933,0.8982922179345829
2015-02-20,19518.849609375,19532.69921875,18876.25,19073.55078125,19073.328125,61900,-0.015289263615065662,-0.0497764862917236,0.03027039584298863,0.2057253588380874,0.8071744339705915
2015-02-27,19199.150390625,19219.75,18489.599609375,19074.55078125,19074.328125,0,5.242862283316718e-05,-0.03876279527559057,0.016943275420848503,0.21182119310070568,0.7719537409463604
2015-03-06,19954.5,20541.650390625,19398.75,19748.0,19747.76953125,58100,0.03530616403359765,0.051169221908369034,0.07914042541564781,0.23560143907398712,0.6616251919476641
2015-03-13,19545.25,19545.25,18737.349609375,18779.80078125,18779.58203125,0,-0.04902771008456552,-0.03045470303064768,0.016283457579416183,0.15538495276146413,0.5577334978238488
2015-03-20,18786.650390625,19373.44921875,18541.5,18606.349609375,18606.1328125,0,-0.009236049620301445,-0.024494714027462394,0.0026485888331326812,0.15194256859906785,0.5386877001099772
2015-03-27,18695.05078125,18696.69921875,17719.349609375,18044.80078125,18044.591796875,0,-0.030180494289006488,-0.05398554397476185,-0.053154086960371605,0.15618067124253154,0.414756952725684
2015-04-03,18160.19921875,18668.849609375,18089.44921875,18617.849609375,18617.6328125,45700,0.031757004971783465,-0.057228599889862286,-0.0010409470616641325,0.2155658304252881,0.4832930455372042
2015-04-10,18702.599609375,18896.5,18351.80078125,18800.849609375,18800.630859375,54200,0.009829276948711163,0.0011208227589940556,-0.021968344036675358,0.21658426063422032,0.4642177943797574
2015-04-17,18842.25,19038.5,18321.75,18345.55078125,18345.337890625,101100,-0.024216928361469714,-0.014016657409984035,-0.0860446529227451,0.15164980138994855,0.4346752258108664
2015-04-24,18386.25,18500.30078125,17798.650390625,18001.900390625,18001.69140625,52300,-0.018732083583787862,-0.002377437753127043,-0.09281761811023626,0.09469319877249571,0.3810963512697074
2015-05-01,18063.599609375,18431.900390625,17738.900390625,18338.099609375,18337.88671875,92200,0.018675762639209115,-0.015025902876513286,-0.02387857516381997,0.07586066153275328,0.42797847760278773
2015-05-08,18417.5,18586.30078125,17246.55078125,17796.599609375,17796.392578125,89000,-0.029528686806956195,-0.0534151392551554,-0.08121445726179521,0.025915000410957845,0.29425108973310055
2015-05-15,17921.150390625,18260.30078125,17597.75,18183.150390625,18182.939453125,63100,0.02172048535869564,-0.008852303894357871,-0.04668246625061001,0.0344971543411825,0.22420725716185275
2015-05-22,18274.599609375,18755.44921875,18213.75,18433.30078125,18433.0859375,110200,0.013757263469259762,0.023964158297957505,-0.03361809184153053,0.02087913823364551,0.20593377915344613
2015-05-29,18405.05078125,18751.19921875,18226.0,18721.349609375,18721.1328125,0,0.015626546300269606,0.02089911213068496,-0.05198756282281747,0.011246017795838226,0.26552037496661374
2015-06-05,18721.150390625,18832.5,17469.650390625,17549.25,17549.046875,0,-0.06260764495247995,-0.013898700583492296,-0.06552523083623962,-0.06437682434323644,0.1290664735885847
2015-06-12,17542.5,17821.900390625,17174.69921875,17523.55078125,17523.34765625,0,-0.001464405530150814,-0.0362753205690407,-0.058195124291302136,-0.04241583730652054,0.15996996922841422
2015-06-19,17499.349609375,17935.30078125,17293.44921875,17880.849609375,17880.642578125,43900,0.020389636357678542,-0.02997027924792195,-0.009085784534975772,-0.03236398100578608,0.19224339437544713
2015-06-26,17956.55078125,18539.150390625,17950.599609375,18371.5,18371.287109375,0,0.02743999314035661,-0.018687200264654424,-0.013231904572424513,-0.010006855914031054,0.22539164831855008
2015-07-03,17962.5,18756.650390625,17821.900390625,18729.650390625,18729.43359375,37500,0.019494891033666306,0.06726215596820384,-0.00378702134367892,-0.01721869141101795,0.2040029133372565
2015-07-10,18488.349609375,18980.650390625,18402.849609375,18719.80078125,18719.583984375,0,-0.0005258832476622288,0.06826527425480311,0.020400041648381606,0.004429343451957779,0.29573900327924973
2015-07-17,18753.80078125,19229.05078125,18657.599609375,19094.69921875,19094.4765625,0,0.020026839060995894,0.06788545488009556,0.060704636977888526,-0.006682108253059593,0.240773632637324
2015-07-24,19126.099609375,19149.05078125,18613.55078125,18635.849609375,18635.6328125,0,-0.0240302088091775,0.014389114082954624,0.016236687898007807,-0.07158228167105862,0.2162606411835728
2015-07-31,18566.55078125,18828.849609375,18174.19921875,18729.849609375,18729.6328125,0,0.005044041563455837,1.063654397404079e-05,0.05243979302138024,-0.05613356299212602,0.23810797678399798
2015-08-07,18782.650390625,19103.69921875,18758.900390625,18893.55078125,18893.33203125,0,0.008740122066600131,0.009281615869225934,0.039069158829114325,0.0056876176733247075,0.2795523953236374
2015-08-14,18926.099609375,19071.349609375,18034.75,18723.599609375,18723.3828125,0,-0.008995194912946647,-0.01943469258790942,0.01574860799864375,-0.033356202493303067,0.24082395050104832
2015-08-21,18763.05078125,18896.44921875,17842.099609375,18057.19921875,18056.990234375,0,-0.0355914676946697,-0.03105038958534534,-0.035475561563810376,-0.053285912736243723,0.1414771825831651
2015-08-28,17446.349609375,17569.80078125,16670.55078125,17211.94921875,17211.75,0,-0.046809584906297164,-0.08104178209019008,-0.01922023911278259,-0.09764851523166196,0.09348865286816066
2015-09-04,17137.25,17353.30078125,15933.150390625,16129.099609375,16128.912109375,85700,-0.06291266582377475,-0.14631718536562477,-0.07957583421774583,-0.18325402018558845,0.009172508016580538
2015-09-11,16222.2001953125,16781.55078125,15762.2001953125,16612.599609375,16612.40625,0,0.029976874823128163,-0.11274541455922882,-0.07092783775414402,-0.11540064759572755,0.022052780990432064
2015-09-18,16596.5,17602.0,16525.150390625,17409.150390625,17408.947265625,56100,0.04794859323525036,-0.035888668019572356,-0.05238274552295674,-0.06434358398526374,0.07782245519021336
2015-09-25,17186.05078125,17652.349609375,16759.0,17196.650390625,17196.451171875,57900,-0.012206224613605099,-0.0008888492483078991,-0.08184883156000244,-0.04700248015518671,0.10183731218664405
2015-10-02,17286.25,17461.349609375,16648.30078125,17150.19921875,17150.0,47900,-0.002701175567325853,0.06330791142126047,-0.0838471296164719,-0.0788302849909136,0.11974242958764614
2015-10-09,17373.55078125,17827.150390625,17362.69921875,17590.25,17590.044921875,0,0.02565863962494963,0.0588499340027,-0.07878884089845783,-0.06439068630022637,0.1382475651499293
2015-10-16,17642.599609375,17947.75,17434.05078125,17912.849609375,17912.640625,0,0.01833968302752953,0.028933015537693674,-0.038796192025304044,-0.023586164135079635,0.12448680014823332
2015-10-23,17911.650390625,17980.5,17565.349609375,17934.05078125,17933.841796875,0,0.00118357337538888,0.04288046647892574,-0.04248826577479148,-0.003769024819753719,0.09056727293630673
2015-10-30,18027.099609375,18029.05078125,17170.349609375,17354.5,17354.298828125,0,-0.03231566522918061,0.01191244361911803,-0.08145905441857748,-0.05363694332165991,0.018154784208117558
2015-11-06,17351.44921875,17466.19921875,16911.599609375,17086.5,17086.30078125,207900,-0.015442680572762102,-0.028638023905288468,-0.08743508959437996,-0.03990085886974326,-0.015019889232792405
2015-11-13,16667.900390625,17069.0,16587.25,16932.849609375,16932.65234375,188700,-0.008992502304450922,-0.054709329970989096,-0.0622660023713707,-0.06876150471123199,-0.036636426610804684
2015-11-20,16881.650390625,17302.55078125,16787.55078125,17055.599609375,17055.40234375,248100,0.007249222832052871,-0.048982306484456783,-0.009083782864329981,-0.07473979772935568,-0.05542116206405612
2015-11-27,17120.25,17403.650390625,16964.900390625,17370.94921875,17370.748046875,230100,0.018489505886480906,0.0009478359359242905,0.07699435426966916,-0.07213157271251247,-0.061696747867040935
2015-12-04,17336.25,17498.349609375,16880.349609375,16897.30078125,16897.103515625,228300,-0.02726669864354614,-0.011073023659029069,0.017137665300398508,-0.03714969122612077,-0.09913493642288773
2015-12-11,17018.0,17031.849609375,16260.099609375,16342.5,16342.3095703125,249500,-0.03283369269638803,-0.03486416185071106,-0.06126952589251,-0.06739791472591905,-0.10695501304662636
2015-12-18,16212.400390625,16771.80078125,16188.0498046875,16594.30078125,16594.107421875,325400,0.015407727168425867,-0.027046766967456004,-0.03502714747887059,-0.07195121351786649,-0.10198656681601703
2015-12-25,16593.400390625,16946.099609375,16580.650390625,16811.0,16810.8046875,163000,0.013058653185004987,-0.032234808339983934,-0.019778150354029633,-0.08494134937266962,-0.094098209442385
2016-01-01,16843.400390625,17067.44921875,16824.05078125,17039.25,17039.052734375,206700,0.013577419546725311,0.008400703792141417,-0.03132417106067287,-0.09025263981815268,-0.10591729887511203
2016-01-08,16966.349609375,16966.349609375,16049.75,16142.650390625,16142.462890625,290800,-0.05261966397435336,-0.012228827252562358,-0.09882287058467432,-0.13766975518277458,-0.13385019835946832
2016-01-15,15979.0498046875,16156.7998046875,15154.349609375,15206.2998046875,15206.123046875,459900,-0.05800476150318501,-0.08364323359323522,-0.15209898811117206,-0.20363763626317266,-0.2089590157863246
2016-01-22,15165.2001953125,15575.650390625,14754.650390625,15497.5498046875,15497.3701171875,496400,0.019153245940226604,-0.07813040243367442,-0.10700107726022068,-0.16840121971733124,-0.2279289578448339
2016-01-29,15667.0,15682.650390625,15136.849609375,15522.400390625,15522.2197265625,357600,0.001603517088229145,-0.0890209140293734,-0.09154008189945273,-0.17124799641448007,-0.2177687992125984
2016-02-05,15547.75,15565.5,14761.400390625,15162.0498046875,15161.8740234375,492300,-0.023214875075322716,-0.06074594705383651,-0.10457777902350729,-0.19750130717967795,-0.192937001431573
2016-02-12,15206.2998046875,15367.900390625,13810.599609375,13971.5,13971.337890625,655600,-0.07852169198912862,-0.08120317372059571,-0.1808262201277142,-0.2538026719496608,-0.2786929811240696
2016-02-19,14120.900390625,14602.25,13892.099609375,14344.2001953125,14344.033203125,637400,0.02667574672100348,-0.074421416540707,-0.17424200516172494,-0.20562430410481625,-0.2479533381160799
2016-02-26,14331.2001953125,14467.150390625,13519.900390625,13791.4501953125,13791.2900390625,451900,-0.03853473825474296,-0.11151304899710834,-0.1838074983777226,-0.19872816146304606,-0.2769711667931236
2016-03-04,13818.900390625,15451.75,13407.25,15339.2001953125,15339.021484375,775600,0.11222532642187666,0.01168380218420273,-0.061392063924583185,-0.04897355916900492,-0.22325297775407638
2016-03-11,15323.4501953125,15354.150390625,14989.400390625,15168.2001953125,15168.0234375,344800,-0.011147908484319569,0.0856529503140322,-0.08593917904325676,-0.0869460197696802,-0.1923130403781157
2016-03-18,15309.0498046875,15704.75,15178.2998046875,15654.849609375,15654.66796875,394300,0.03208353053072788,0.0913713832919596,-0.06877344540033314,-0.10076889118004906,-0.15862864355256745
2016-03-25,15735.5498046875,15967.849609375,15735.5498046875,15887.75,15887.5654296875,196300,0.014877203961482177,0.15199995468206806,-0.0675792655193157,-0.07611368265872087,-0.1195386309552029
2016-04-01,15867.75,16282.75,15522.2001953125,16174.900390625,16174.7119140625,499100,0.018073697699485525,0.05448134092205681,0.001997813197932352,-0.05686807573982722,-0.1312154341132853
2016-04-08,16236.900390625,16278.5,15458.0498046875,15568.349609375,15568.1689453125,394200,-0.037499506432914886,0.02638081043960372,0.023809198117736408,-0.1149443805872572,-0.1719337193351157
2016-04-15,15623.349609375,16349.7001953125,15440.25,16278.5498046875,16278.3603515625,223400,0.045618207011797196,0.039840701819262136,0.050395063080473035,-0.09123617070017498,-0.11267042353806411
2016-04-22,16328.7001953125,16769.55078125,16011.900390625,16703.400390625,16703.20703125,415900,0.02609879817520122,0.051338319814007605,0.07608359340564896,-0.06862088245627374,-0.0721312734668963
2016-04-29,16746.94921875,17029.849609375,16527.55078125,16795.0,16794.8046875,587300,0.005483889940542275,0.03833715166087881,0.10769983058673627,-0.032239476792762733,-0.08414719312496921
2016-05-06,16614.0,16719.400390625,16186.25,16296.599609375,16296.41015625,471900,-0.0296755219187258,0.046777598028853395,0.16641732164585044,-0.04622950227518796,-0.08428576429903056
2016-05-13,16357.0,16962.0,16357.0,16716.900390625,16716.70703125,443500,0.025790704277241394,0.02692811037819065,0.16541181543798222,-0.012753270933820726,-0.08063784154565312
2016-05-20,16744.150390625,16903.349609375,16431.650390625,16481.44921875,16481.2578125,518300,-0.014084618940903848,-0.013287783725736024,0.19504830785320815,-0.033663453867045834,-0.105887251863507
2016-05-27,16560.150390625,17543.30078125,16368.0,17511.80078125,17511.59765625,513600,0.06251583515652426,0.04267941537660014,0.14163714915210668,0.008108455141182969,-0.06460799319293198
2016-06-03,17580.849609375,17762.05078125,17350.44921875,17680.80078125,17680.595703125,479600,0.009650635140901587,0.08493803646490194,0.1656492236115119,0.04636835256370686,0.007496091357180434
2016-06-10,17710.44921875,18051.5,17636.900390625,17828.599609375,17828.392578125,574000,0.008359283606754753,0.06650151599715537,0.13885473538488902,0.09093465561419611,0.017407934723560725
2016-06-17,17620.55078125,17943.650390625,17527.55078125,17696.05078125,17695.845703125,511600,-0.007434618031093132,0.07369507052318047,0.11381729831159237,0.06639327649435356,-0.010335013836708762
2016-06-24,17425.80078125,17907.5,16946.349609375,17426.05078125,17425.84765625,489300,-0.01525764156859677,-0.004896698007883504,0.07735135057463283,0.036586210293855226,-0.05146282114960676
2016-07-01,17346.30078125,18074.94921875,17346.30078125,17985.650390625,17985.44140625,412200,0.03211281869883664,0.017241844028822673,0.15527020152440185,0.055542373674017265,-0.039723111989981574
2016-07-08,18091.75,18146.55078125,17910.900390625,18016.25,18016.041015625,297300,0.0017013346034431276,0.010525245657899251,0.10674785015629085,0.11606517913954884,-0.037583240840612264
2016-07-15,18268.150390625,19016.099609375,18243.30078125,18953.650390625,18953.4296875,525800,0.052030827204607055,0.07106668176537445,0.13471807819819626,0.24643408548227752,-0.007386805443182709
2016-07-22,18998.30078125,19158.0,18551.30078125,18690.400390625,18690.18359375,467000,-0.013889145076254605,0.07255514317308243,0.11285503963233112,0.2060229278935286,0.0029271958291914313
2016-07-29,18594.94921875,19126.75,18572.099609375,18953.150390625,18952.9296875,581300,0.014058018796204719,0.05379288371491464,0.16301258206784186,0.2210192955769943,0.011922187626014269
2016-08-05,18896.5,19078.5,18443.650390625,18925.94921875,18925.728515625,467000,-0.001435179445864354,0.05049326129188936,0.13214464263745063,0.24824475994656425,0.0017147881769346007
2016-08-12,18986.75,19028.69921875,18537.099609375,18963.69921875,18963.478515625,520500,0.001994615940457134,0.0005301790376996962,0.1506087217849803,0.35731304575385603,0.012823368069395213
2016-08-19,19029.099609375,19457.400390625,18839.400390625,19414.69921875,19414.47265625,367700,0.023782279754473334,0.038752451150714906,0.1086637782870079,0.3534877479676053,0.07517777167737161
2016-08-26,19432.599609375,19493.19921875,19133.900390625,19195.75,19195.52734375,362600,-0.011277497337612519,0.012799962242424856,0.08568329214797576,0.39185870435324754,0.11525718302078936
2016-09-02,19174.44921875,19928.19921875,19096.69921875,19883.19921875,19882.96875,490700,0.035812574072385805,0.05057870487423943,0.11524178311204025,0.2962344167609272,0.23275320385478548
2016-09-09,19990.94921875,20575.80078125,19990.94921875,20245.30078125,20245.06640625,468300,0.018211433608658734,0.0675818334659537,0.14405756581016815,0.3347200406483626,0.21867144560716167
2016-09-16,19861.44921875,20227.19921875,19730.25,19855.44921875,19855.21875,392500,-0.01925639765555165,0.022701871145875963,0.13941187639106234,0.2683257721530232,0.14051799043808333
2016-09-23,19892.19921875,20264.80078125,19749.94921875,19901.80078125,19901.5703125,382100,0.0023344504568665325,0.036781619954938005,0.10653773141413847,0.25265067622854076,0.15730682017584963
2016-09-30,19792.19921875,19794.150390625,19059.05078125,19285.69921875,19285.474609375,580600,-0.03095707615968324,-0.0300504960709016,0.07046134566016793,0.19232259568831878,0.12451750401040806
2016-10-07,19395.55078125,19816.5,19318.0,19400.099609375,19399.875,408800,0.0059318767407601225,-0.04174801752798729,0.023554788104080737,0.24612435461319437,0.10288936253748515
2016-10-14,19489.5,19501.44921875,18824.400390625,19020.150390625,19019.9296875,197800,-0.019584910716973436,-0.042068996723388485,0.01764274670998489,0.16841798678823583,0.061816003896469685
2016-10-21,19136.30078125,19744.0,19002.44921875,19710.900390625,19710.671875,460000,0.036316747544775874,-0.009592116448319143,0.03998016078502786,0.1800531586184091,0.09907686952870076
2016-10-28,19763.849609375,19922.69921875,19252.099609375,19555.94921875,19555.72265625,468700,-0.007861191970139458,0.014012973910598747,0.0332876302645817,0.1643911413367074,0.12685178015788412
2016-11-04,19578.599609375,19591.650390625,18961.150390625,19058.099609375,19057.87890625,278300,-0.025457706184758733,-0.017628775464365698,0.004977952325444068,0.1694525279010588,0.11538931960173238
2016-11-11,19317.849609375,20309.650390625,18143.69921875,19738.80078125,19738.572265625,529100,0.03571715888923954,0.03778363345534963,0.01669361749302789,0.18076918088952132,0.16571051161533168
2016-11-18,19808.349609375,19861.75,18897.099609375,18959.05078125,18958.830078125,529500,-0.039503413031083845,-0.03814384906194335,-0.012330813786905925,0.1503266812047921,0.1116027120400227
2016-11-25,19063.80078125,19075.94921875,18215.80078125,18507.30078125,18507.0859375,530900,-0.023827669708378463,-0.053622988368908664,-0.06919904701264157,0.0568473803714058,0.06541677994622397
2016-12-02,18237.19921875,18713.099609375,18163.80078125,18247.650390625,18247.4375,424700,-0.014029619645456681,-0.04252518537322192,-0.09867229991836457,0.03206017738609046,0.07991510755809039
2016-12-09,18245.0,18739.650390625,17952.599609375,18695.80078125,18695.583984375,333000,0.02455934769855328,-0.05284008950486763,-0.05840454299089415,0.04864101448657743,0.14399882400183572
2016-12-16,18616.05078125,18616.05078125,18122.099609375,18312.80078125,18312.587890625,247400,-0.020485883674162264,-0.03408662213401126,-0.07984202120528905,0.03485240902752618,0.10355965115093868
2016-12-23,18258.099609375,18316.80078125,17819.75,17884.0,17883.79296875,0,-0.023415357725566355,-0.03367864328878656,-0.07268075701332288,0.026279575590514304,0.06382725596335725
2016-12-30,17825.5,18245.75,17606.900390625,18177.19921875,18176.98828125,45900,0.016394498923618883,-0.003860835250942496,-0.06303577895208534,0.010650091821246876,0.06678399687486247
2017-01-06,18242.30078125,18325.5,17830.94921875,18264.0,18263.787109375,74400,0.004775256088983326,-0.023096137271801265,-0.03975522669882281,0.013751474363421945,0.1314127208383944
2017-01-13,18314.25,18966.30078125,18256.150390625,18912.099609375,18911.87890625,0,0.035485085927233984,0.032725678353832555,-0.04052583927773945,-0.0021922310686152136,0.24370161395510226
2017-01-20,18899.69921875,19276.5,18793.05078125,18820.80078125,18820.58203125,0,-0.004827535282213802,0.0523820611300605,-0.037592061079558814,0.00697686448121293,0.21443718642267728
2017-01-27,18762.0,19794.94921875,18722.849609375,19708.30078125,19708.072265625,0,0.04715527305746536,0.08423198448090119,0.034116789459698094,0.0398430010347266,0.2696683686340897
2017-02-03,19718.80078125,20229.650390625,19435.44921875,20196.80078125,20196.56640625,0,0.024786510284273033,0.10582571075613223,0.023203030674237235,0.06714863005343807,0.3320626855483588
2017-02-10,20307.150390625,20462.44921875,20000.349609375,20213.900390625,20213.666015625,0,0.0008466494055274776,0.06883428112892753,0.06618736475013898,0.06592601778026985,0.44679528974161675
2017-02-17,20273.650390625,21042.349609375,20088.19921875,20551.349609375,20551.111328125,0,0.01669391914617857,0.09194873524451941,0.11044553996744111,0.058545866604374996,0.4327288611107727
2017-02-24,20494.849609375,21011.900390625,20472.400390625,20876.650390625,20876.408203125,0,0.01582868217577338,0.05928210769375619,0.1440733433467516,0.08756627850565879,0.5137385912991694
2017-03-03,20853.44921875,20905.0,20423.349609375,20495.599609375,20495.361328125,0,-0.018252486587652883,0.01479436428379266,0.09626754420329608,0.030799892104259596,0.3361582969389918
2017-03-10,20548.94921875,20876.94921875,20532.19921875,20727.55078125,20727.310546875,0,0.011317120567133854,0.025410751052440395,0.1318613154178141,0.023820342567922204,0.3665135292488777
2017-03-17,21189.849609375,21336.05078125,21059.69921875,21175.05078125,21174.8046875,0,0.021589622658399366,0.03034842887352185,0.18402207454987707,0.06646042343146119,0.35261924001934797
2017-03-24,21202.55078125,21202.55078125,20753.900390625,21122.55078125,21122.3046875,0,-0.00247933289711344,0.011778728197480604,0.16203549991694177,0.06133867047599528,0.32948660327925605
2017-03-31,21178.099609375,21696.0,20979.55078125,21444.150390625,21443.900390625,0,0.015225415372677187,0.04628070411836682,0.1741212434639181,0.11191977783084495,0.3257670757004516
2017-04-07,21539.19921875,21699.30078125,21397.0,21431.150390625,21430.900390625,0,-0.0006062259293649896,0.03394513981900227,0.13319783806559848,0.10469280169409578,0.3765846045568966
2017-04-14,21492.05078125,21787.099609375,21396.05078125,21686.599609375,21686.34765625,0,0.011919529007726304,0.024158092153335753,0.15226763523154752,0.14019075370004908,0.3322193849927726
2017-04-21,21700.5,21947.0,21386.19921875,21551.44921875,21551.19921875,0,-0.006231977030026203,0.02030523879155366,0.09352142825288756,0.09337720711126973,0.2902432268130284
2017-04-28,21591.900390625,22383.0,21578.650390625,22358.25,22357.990234375,0,0.0374360337934061,0.04262699117119739,0.10701938599882688,0.14329658713590798,0.33124441798154214
2017-05-05,22412.55078125,22853.55078125,22240.05078125,22604.94921875,22604.685546875,0,0.011033923439893512,0.05477068690808484,0.1182873558253974,0.1861072028204871,0.38709606670007246
2017-05-12,22678.44921875,22977.849609375,22578.0,22671.69921875,22671.435546875,0,0.0029528931630879995,0.04542434623771752,0.1031732538094603,0.14858544194265222,0.3562142914642543
2017-05-19,22735.849609375,22978.150390625,22628.44921875,22769.80078125,22769.53515625,0,0.004327049399935001,0.05653223363930526,0.09068266964297833,0.20099898692020646,0.38154117875423865
2017-05-26,22874.80078125,23408.349609375,22469.80078125,23362.19921875,23361.927734375,0,0.02601684763038481,0.04490285325327337,0.13986414957402737,0.26232342008611886,0.3340831996994884
2017-06-02,23310.599609375,23469.44921875,23093.94921875,23375.900390625,23375.62890625,0,0.0005864675558455712,0.03410541489894281,0.12776953907022537,0.28103618220539306,0.32210642944489787
2017-06-09,23397.400390625,23708.650390625,23349.94921875,23690.900390625,23690.625,0,0.013475416764110237,0.04495477652738522,0.11881197525168274,0.26717762281595236,0.32881442792441007
2017-06-16,23610.150390625,23630.099609375,23311.849609375,23502.75,23502.4765625,0,-0.007941884332072768,0.03218953146720338,0.11268521701757961,0.2834055413338987,0.32813531620866154
2017-06-23,23571.349609375,23897.849609375,23507.5,23542.75,23542.4765625,0,0.0017019284977290994,0.007728329835707148,0.09786349988911058,0.31641411317378654,0.3510089173693569
2017-06-30,23636.94921875,23640.099609375,22996.400390625,23211.19921875,23210.9296875,0,-0.014082924945046815,-0.007045768039850686,0.08305894903820366,0.27694035474988743,0.2905398867782292
2017-07-07,23240.349609375,23540.150390625,23144.30078125,23449.150390625,23448.876953125,0,0.010251567341801993,-0.010204339894808956,0.08127372723237158,0.28390004328871,0.30155556181919096
2017-07-14,23583.25,23964.80078125,23289.900390625,23937.69921875,23937.421875,0,0.02083439357019623,0.018506311761389727,0.11072341241552963,0.26573462033182915,0.26295983757251573
2017-07-21,24011.400390625,24299.599609375,23913.650390625,24257.05078125,24256.76953125,0,0.013340946411836363,0.03034058388463534,0.08492618077219816,0.28884265144636134,0.29783473196310983
2017-07-28,24307.69921875,25032.25,24234.650390625,24811.30078125,24811.01171875,0,0.022849026660257454,0.06893661751037139,0.09760480066329502,0.25892643189487297,0.30908583902350495
2017-08-04,24880.599609375,25198.80078125,24591.80078125,24827.44921875,24827.16015625,0,0.0006508500961870389,0.058778199003578724,0.09508550634868818,0.22927633379435663,0.3118205555657607
2017-08-11,24854.150390625,24979.349609375,23822.19921875,23985.75,23985.470703125,0,-0.033901961145260895,0.00200732663615244,0.05340183826954181,0.18659682379380604,0.2648244270972482
2017-08-18,24051.05078125,24496.19921875,23925.94921875,24074.44921875,24074.169921875,0,0.0036979964666521425,-0.007527772611217287,0.030487283895274775,0.171429111778034,0.24001144429267218
2017-08-25,24140.55078125,24411.05078125,23852.650390625,24274.19921875,24273.91796875,0,0.00829717839793509,-0.021647456827652123,0.03842841615141657,0.16274396344974607,0.2645611251839599
2017-09-01,24351.25,24494.349609375,24103.30078125,24434.0,24433.716796875,0,0.006583153570172806,-0.015847347638631493,0.03136645704141583,0.19215833962835194,0.22887668786009852
2017-09-08,24456.30078125,24459.349609375,24151.099609375,24370.80078125,24370.517578125,52500,-0.0025865277379880647,0.016053314207393976,0.03693400905213218,0.17576847541947216,0.20377568328452766
2017-09-15,24468.5,24994.30078125,24458.25,24844.30078125,24844.01171875,0,0.01942898816703198,0.03197795120896951,0.05528456876320731,0.17328175681396862,0.25125855917623374
2017-09-22,24948.150390625,25105.349609375,24340.0,24368.849609375,24368.56640625,0,-0.019137232963860384,0.003899217839157032,0.04987464799706909,0.1536887690196329,0.22445450425438507
2017-09-29,24361.55078125,24363.80078125,23611.099609375,24053.0,24052.720703125,0,-0.012961203111265807,-0.015593026111156538,0.025751449383702107,0.12165786761668773,0.2471935669625669
2017-10-06,24200.599609375,24242.05078125,24007.25,24190.0,24189.71875,0,0.005695755207250741,-0.007418746017943789,0.010539892699979125,0.12873082214857923,0.24690081427779398
2017-10-13,24209.55078125,24779.75,23978.400390625,24689.150390625,24688.86328125,0,0.02063457588362949,-0.006244908721363296,0.017813361289122698,0.13845189358095644,0.2980523225933187
2017-10-20,24815.400390625,24878.650390625,23923.69921875,24009.75,24009.470703125,0,-0.02751817619787289,-0.014736009911475278,-0.03230587498482684,0.11406661131221063,0.21809504001246127
2017-10-27,24085.44921875,25186.05078125,23912.55078125,24839.55078125,24839.26171875,94700,0.03456099214902286,0.03270073509541427,0.00048742673455404173,0.11097920370556724,0.27017873197554376
2017-11-03,24873.650390625,25695.5,24808.55078125,25650.69921875,25650.400390625,0,0.03265551960433566,0.06038442409053335,0.0694140987357077,0.13473819253146813,0.34592114347707525
2017-11-10,25569.0,25695.75,25119.5,25498.94921875,25498.65234375,0,-0.005916018066637108,0.032799785140945836,0.05917061640980559,0.12470393033715799,0.2918185608809425
2017-11-17,25570.25,25924.900390625,25166.349609375,25728.400390625,25728.1015625,0,0.008998455971914288,0.07158135301804469,0.059907276807374066,0.12993524351830454,0.35705108275092057
2017-11-24,25733.69921875,25871.099609375,25620.94921875,25779.650390625,25779.3515625,76600,0.001991962159399341,0.03784688449698659,0.05507286529528521,0.10347703780964279,0.3929449083543677
2017-12-01,25693.05078125,25953.5,25152.650390625,25191.94921875,25191.65625,0,-0.022797096274382533,-0.01788450272204145,0.03369394567173023,0.07768893594589987,0.38055852010912794
2017-12-08,25295.05078125,25367.69921875,24813.599609375,25321.150390625,25320.85546875,0,0.005128669113815043,-0.0069727903922511825,0.019193521024140736,0.06881334069705192,0.354376348298467
2017-12-15,25434.75,25559.05078125,24888.650390625,25440.30078125,25440.005859375,0,0.004705567827167689,-0.011197727219760534,0.043968065339563545,0.08243932226016115,0.38920862434640036
2017-12-22,25181.75,25780.05078125,24617.150390625,25648.55078125,25648.251953125,0,0.008185830890548473,-0.00508539128298946,0.06633479321706237,0.08944582859903782,0.4341618643060836
2017-12-29,25659.75,25733.19921875,25417.400390625,25539.44921875,25539.15234375,0,-0.004253712555945199,0.013794089412555666,0.05578541623604805,0.10030718266892658,0.4050266441711081
2018-01-05,25565.75,25643.349609375,25232.80078125,25601.849609375,25601.552734375,57600,0.0024432942970120664,0.011085563428979484,0.03696762360427641,0.09180286632519752,0.4017657473376588
2018-01-12,25690.25,25803.80078125,25527.5,25749.05078125,25748.751953125,0,0.0057496303634678725,0.012136255882145619,0.07244143655181756,0.07566940940928846,0.3615120115212287
2018-01-19,25858.150390625,26957.849609375,25842.94921875,26909.5,26909.1875,0,0.045067650400340886,0.04916259127091882,0.0833327960307757,0.10934755600216106,0.4297744454533663
2018-01-26,26940.5,27522.849609375,26841.19921875,27445.650390625,27445.33203125,0,0.019924204857949768,0.07463752078394648,0.06997669562796704,0.1061753929228002,0.39259344046221
2018-02-02,27446.099609375,27652.05078125,26364.05078125,26451.150390625,26450.84375,0,-0.036235249879146836,0.033173414976197524,0.03734276121365898,0.06539943582479513,0.30967031249728016
2018-02-09,25968.150390625,26215.099609375,25023.849609375,25463.650390625,25463.353515625,0,-0.03733296984882728,-0.011083918900529843,-0.010290185008799524,0.06161576730454543,0.2597098975729979
2018-02-16,25530.099609375,25810.25,25100.900390625,25163.900390625,25163.607421875,0,-0.011771682198022937,-0.06486926956558092,-0.02388511832665985,0.04525342041995706,0.22444028586550213
2018-02-23,25324.599609375,25345.150390625,24781.69921875,25302.5,25302.205078125,265300,0.005507874662651124,-0.07808706881135041,0.004388337730044212,0.04236188275392072,0.2119999869022331
2018-03-02,25452.0,25723.55078125,24854.400390625,24902.55078125,24902.26171875,0,-0.015806707588183033,-0.05854564306299004,-0.016531618939792825,0.019176179964393913,0.21501938249511832
2018-03-09,24831.349609375,25040.25,24048.55078125,24296.44921875,24296.166015625,134500,-0.024338934907678467,-0.04583793580140927,-0.044962187056492686,-0.0030508460992879627,0.17218138675257277
2018-03-16,24443.599609375,25009.650390625,24358.5,24489.55078125,24489.265625,0,0.007947727701337559,-0.02679829433859282,-0.045187738281387446,-0.014278928721863204,0.15652855023775958
2018-03-23,24530.150390625,24588.05078125,23605.599609375,23670.400390625,23670.125,0,-0.033448975766928624,-0.06450349212034379,-0.0731828165954661,-0.028661558914184315,0.12062225039774388
2018-03-30,23674.900390625,24496.94921875,23657.05078125,24263.349609375,24263.068359375,0,0.025050240340879215,-0.025668100327950194,-0.052281378901228415,0.008745254620005749,0.1314670512655285
2018-04-06,24235.650390625,24933.599609375,24062.94921875,24873.150390625,24872.861328125,0,0.02513258849529909,0.023736026885358585,-0.03401680310727473,0.02824102482947488,0.16060733732267085
2018-04-13,24848.849609375,25411.30078125,24828.0,25200.599609375,25200.306640625,0,0.013164766569875974,0.029034784446491546,-0.06350546798063883,0.020715545519306655,0.1620355456039737
2018-04-20,25082.099609375,25426.75,24839.30078125,24943.849609375,24943.560546875,0,-0.01018824964404752,0.053799225941880024,-0.09115472745745445,0.038905011896208874,0.1574093860784811
2018-04-27,25065.5,25441.5,24466.099609375,25394.599609375,25394.3046875,0,0.018070586820351453,0.04662381815422978,-0.03994347185839109,0.02234536497914341,0.13580443949660648
2018-05-04,25490.150390625,25716.75,25464.80078125,25645.400390625,25645.1015625,306200,0.009876146310942913,0.03104753470598043,0.007137625486207444,-0.00020657636190779538,0.13450378244393724
2018-05-11,25676.25,26437.25,25675.150390625,26413.150390625,26412.84375,0,0.029937142267455474,0.04811594962204446,0.049644529687671746,0.03585250372602666,0.16502738219024793
2018-05-18,26404.44921875,26972.05078125,25839.0,25875.599609375,25875.298828125,0,-0.020351634443455002,0.03735389743729889,0.022649920338899232,0.005721273632061319,0.13639991223298265
2018-05-25,26017.5,26325.55078125,25622.150390625,26273.55078125,26273.24609375,0,0.015379399043213615,0.034611735778284025,0.05505460111468885,0.019158537184996494,0.12461804367130869
2018-06-01,26291.650390625,27164.55078125,25980.849609375,26692.80078125,26692.490234375,0,0.015957112287205533,0.04084164702719528,0.09862970267485394,0.05957663495855803,0.14189401628162557
2018-06-08,27023.69921875,27047.55078125,26069.55078125,26451.349609375,26451.04296875,0,-0.009045554037349413,0.0014462197119642362,0.08010758733994483,0.04463459208269027,0.11651938817160246
2018-06-15,26473.19921875,26765.44921875,26344.94921875,26417.400390625,26417.09375,0,-0.0012834588499774924,0.020938675409620355,0.11605211380741953,0.038407549414476216,0.12401316401804041
2018-06-22,26444.30078125,26806.55078125,26224.75,26766.849609375,26766.5390625,0,0.013227994184999758,0.018775491452683202,0.10318031270639905,0.04360085829654414,0.13694660179354567
2018-06-29,26718.150390625,26804.900390625,26161.0,26364.19921875,26363.892578125,0,-0.015042875665277178,-0.01231049394902095,0.05994611879510825,0.03229317879707838,0.13583959925056388
2018-07-06,26364.44921875,26609.849609375,26060.599609375,26493.849609375,26493.541015625,0,0.004917668446868362,0.0016067233100627298,0.0513182233774665,0.034841232708177516,0.12984262406228897
2018-07-13,26642.349609375,27164.80078125,26611.55078125,26935.94921875,26935.63671875,0,0.01668687698818072,0.019629063437635708,0.07986335872656491,0.04609484239179329,0.12525222130168312
2018-07-20,26914.5,27187.150390625,26643.94921875,26873.19921875,26872.88671875,0,-0.0023296004714888907,0.003973183655417989,0.058224962477027686,-0.0013489950110555649,0.10785105168358755
2018-07-27,26701.30078125,27661.05078125,26671.349609375,27634.400390625,27634.080078125,0,0.028325662518956518,0.04817901584401785,0.07755776746332654,0.006877228169621885,0.11378281349555142
2018-08-03,27767.650390625,27873.69921875,27327.94921875,27695.5,27695.177734375,0,0.0022109981946896173,0.04535582440234687,0.048549665239105755,0.047043307795642475,0.11551934940960473
2018-08-10,27769.55078125,28377.900390625,27766.05078125,28124.25,28123.923828125,0,0.01548085429040813,0.04411579378917252,0.086902349107701,0.10448618201083049,0.1725399455926957
2018-08-17,27760.80078125,28178.150390625,27739.5,28128.55078125,28128.224609375,331100,0.0001529207445531977,0.0467138859159022,0.07060332329818975,0.11781362764134551,0.16839851768415648
2018-08-24,28171.650390625,28325.44921875,27782.80078125,27834.69921875,27834.375,310600,-0.010446736655052802,0.007248169864143339,0.04277926647180874,0.10007703660705469,0.14667837105208315
2018-08-31,27971.25,28388.650390625,27940.94921875,28061.75,28061.423828125,0,0.008157112798871324,0.013224169991514767,0.06088159638002866,0.12686247471197487,0.1484713923221741
2018-09-07,28199.44921875,28203.19921875,27136.05078125,27481.44921875,27481.12890625,123200,-0.020679422389907942,-0.022855748375512186,0.04027833217467558,0.13108911394106415,0.12763833512985
2018-09-14,27395.19921875,27404.849609375,26555.150390625,27163.849609375,27163.533203125,0,-0.011556872668793239,-0.03429615622138815,0.014831779077241647,0.10920162856447857,0.09336341757203193
2018-09-21,27002.599609375,27002.599609375,25053.349609375,25596.900390625,25596.603515625,0,-0.057685094023241956,-0.08039601256469031,-0.02910381695110631,0.0813885683472857,0.050394286186474346
2018-09-28,25645.05078125,25649.69921875,24678.25,25119.849609375,25119.55859375,0,-0.01863705268879834,-0.10483666879738429,-0.05186109305586917,0.03530015491632943,0.04435411837920422
2018-10-05,24943.900390625,25470.05078125,24250.650390625,24443.44921875,24443.166015625,253300,-0.02692692835121757,-0.11054729959172738,-0.0925343294850356,-0.017275703524751718,0.010477437732534067
2018-10-12,24470.75,25484.19921875,24240.05078125,25395.849609375,25395.5546875,0,0.03896342051000046,-0.06508650376969449,-0.05497483188917163,0.007747831520935833,0.028623877596790415
2018-10-19,25444.0,25915.349609375,24922.650390625,25085.80078125,25085.509765625,0,-0.0122086416833459,-0.01996724609524181,-0.09222561638209514,0.005690828564876016,0.04481724221410044
2018-10-26,25484.25,25504.75,24353.099609375,24421.05078125,24420.767578125,0,-0.02649905441714495,-0.02781859123329311,-0.11823037023162608,-0.0383368449631154,-0.016848130776821568
2018-11-02,24647.94921875,25856.25,24404.55078125,25701.650390625,25701.3515625,0,0.052438350046682736,0.05147396182163444,-0.08613917204458788,0.002193375776677886,0.0019863463151816863
2018-11-09,25731.55078125,25860.75,25534.400390625,25771.0,25770.701171875,1800,0.0026982551050611647,0.014772114199578246,-0.08381344633017862,-0.024311768233937103,0.010669097730896082
2018-11-16,25816.150390625,26332.75,25384.55078125,26245.55078125,26245.24609375,0,0.018414139197159507,0.046231332621713195,-0.05709235170860116,0.014297298515199008,0.020100370904265086
2018-11-23,26364.599609375,26379.099609375,25947.849609375,25999.44921875,25999.146484375,0,-0.00937688694557004,0.06463269953608486,-0.0734915242723636,-0.01043260443866656,0.008526059306255496
2018-11-30,26096.0,27012.69921875,26025.05078125,26862.94921875,26862.63671875,0,0.03321224202616069,0.04518382323605952,-0.02250609111174573,0.0063743193865035686,0.06633071484426067
2018-12-07,27032.900390625,27037.099609375,26149.44921875,26594.30078125,26593.9921875,0,-0.01000070525809904,0.031946792179193606,-0.020967161735736983,0.005404305412996191,0.050280116463285784
2018-12-14,26073.650390625,26951.44921875,25598.94921875,26826.0,26825.6875,0,0.00871236362466643,0.022116099737738315,0.048017517379767005,0.015467063501070522,0.0544686649212609
2018-12-21,26915.44921875,27369.099609375,26823.099609375,26869.650390625,26869.337890625,0,0.0016271673236785134,0.03346998486596542,0.06965809144800583,0.003840600696392471,0.04760891247967369
2018-12-28,26877.05078125,27239.94921875,26408.150390625,27125.25,27124.935546875,0,0.009512576667695782,0.009764407441418044,0.10971449885202178,0.02886682712929689,0.062092207536166066
2019-01-04,27267.80078125,27430.55078125,26923.75,27195.0,27194.68359375,116400,0.002571404871844596,0.02258751691541061,0.07084426858319537,0.026464647492257853,0.06222794114225305
2019-01-11,27378.650390625,27754.44921875,27161.94921875,27453.900390625,27453.58203125,146100,0.009520146741128777,0.02340641134067689,0.09440000062286225,0.019228992736385786,0.06621019251771565
2019-01-18,27389.19921875,27611.55078125,27182.19921875,27456.69921875,27456.380859375,0,0.00010194646608230329,0.021848026289535305,0.12430457905729053,0.021713082809763806,0.020334796958323187
2019-01-25,27514.55078125,27622.19921875,27045.19921875,27115.30078125,27114.986328125,0,-0.012434066993269988,-0.00036678809411894164,0.055002319661956234,-0.018784543975526424,-0.012036501400886523
2019-02-01,27041.44921875,27533.05078125,26441.55078125,27085.94921875,27085.634765625,231600,-0.0010824723183707752,-0.0040099570233498305,0.05102437696441742,-0.022009018838800576,0.023998911909328235
2019-02-08,26974.0,27589.75,26825.55078125,27294.400390625,27294.083984375,0,0.0076959153320239615,-0.0058097391529280396,0.03996294907723197,-0.029506550730241665,0.07189660445047696
2019-02-15,27240.5,27305.900390625,26635.25,26794.25,26793.939453125,0,-0.018324285694760634,-0.0241270523259991,0.030569908407014124,-0.04743581678368658,0.0647892252022424
2019-02-22,26754.599609375,27100.900390625,26617.69921875,26867.55078125,26867.23828125,0,0.0027356907265552177,-0.009136907681707052,0.0001712977403385274,-0.034746142931140755,0.061853602657840234
2019-03-01,26934.19921875,27197.099609375,26719.400390625,27043.900390625,27043.5859375,0,0.006563665248492612,-0.0015524221723007825,0.016905863142376187,-0.03627177953531047,0.08598916746260765
2019-03-08,27068.150390625,27815.5,26958.099609375,27761.80078125,27761.478515625,0,0.02654574156299838,0.01712440588310349,0.034884096818385224,0.01020148392715492,0.1426279013571139
2019-03-15,27840.099609375,29520.69921875,27791.25,29381.44921875,29381.107421875,0,0.05834089979472412,0.09655800101700929,0.09348088983701053,0.08163789894528217,0.1997545190271679
2019-03-22,29521.599609375,30008.099609375,29361.650390625,29582.5,29582.15625,0,0.00684277959719215,0.10104937516837875,0.09058902682924574,0.1557063374296188,0.24976762166290056
2019-03-29,29329.400390625,30496.05078125,29156.25,30420.55078125,30420.197265625,0,0.028329275120425823,0.1248581137281346,0.11860822876447874,0.21101643737137343,0.2537655052168044
2019-04-05,30537.599609375,30648.099609375,29809.900390625,30084.650390625,30084.30078125,0,-0.011041890498315166,0.08367071097721546,0.09582427132642879,0.23078580773894086,0.20952311702197068
2019-04-12,30201.5,30232.05078125,29640.25,29938.55078125,29938.203125,0,-0.004856284100962283,0.018960996727978907,0.09039147578253548,0.17887573133989743,0.18800946189043888
2019-04-19,29983.5,30669.80078125,29919.099609375,30223.400390625,30223.048828125,0,0.009514475548809687,0.021664848833770067,0.11462530452637365,0.20480110059771417,0.21165741711598973
2019-04-26,30282.5,30289.900390625,29435.05078125,30013.5,30013.150390625,0,-0.006944962774278363,-0.01338078275364063,0.10808374325768244,0.22900117070489734,0.18188514336409645
2019-05-03,29920.400390625,30121.75,29550.05078125,29954.150390625,29953.802734375,0,-0.0019774304687890654,-0.004337760230069598,0.09744672760474216,0.16545630087440433,0.16801258449351875
2019-05-10,29626.5,29835.5,28784.650390625,29040.5,29040.162109375,0,-0.03050162928042699,-0.02999646802584821,0.08383328512647292,0.12686740910325556,0.09947126982276
2019-05-17,29026.650390625,29559.44921875,28525.44921875,29450.150390625,29449.80859375,0,0.014106175535028687,-0.025584480568237256,0.09612337315008679,0.12210068045759548,0.13814368885020545
2019-05-24,30230.400390625,31705.0,30111.19921875,31212.55078125,31212.1875,0,0.05984351072061189,0.03995038170323362,0.15414383023205103,0.20050815379352227,0.18798372709960076
2019-05-31,31234.900390625,31783.599609375,30623.05078125,31375.400390625,31375.03515625,232000,0.005217439949599667,0.04744751500095368,0.13016445286991551,0.16798048252741227,0.1754255631602446
2019-06-07,31406.05078125,31752.69921875,30627.05078125,31066.55078125,31066.189453125,274600,-0.009843686631240023,0.06976638767411036,0.0573525679402036,0.1681657298225756,0.17447885419953235
2019-06-14,31259.19921875,31399.349609375,30508.94921875,30614.349609375,30613.994140625,0,-0.014555886009331997,0.03953118076845552,0.034880405962139704,0.14121932488537237,0.15887063665202317
2019-06-21,30652.0,30824.55078125,30220.69921875,30628.349609375,30627.994140625,0,0.00045730189204196137,-0.018716867325881625,0.006830870013473822,0.1398864207054007,0.1442642692865701
2019-06-28,30680.94921875,31490.599609375,30451.400390625,31105.19921875,31104.837890625,0,0.015568896641725782,-0.008611879641725162,0.03392257562823553,0.1467248861761643,0.17982719523027435
2019-07-05,31271.0,31660.75,31105.099609375,31475.80078125,31475.435546875,243343300,0.011914457126402267,0.01317333240119467,0.051346840775030156,0.15741131756756754,0.18804180009054283
2019-07-12,31346.849609375,31370.400390625,30346.69921875,30601.44921875,30601.09375,1163900,-0.027778532739375028,-0.0004213837886352101,0.012508480953131507,0.11464851199066173,0.13608208013135337
2019-07-19,30688.849609375,30799.69921875,29705.75,29770.349609375,29770.00390625,1599200,-0.02715883170872091,-0.028013262580017573,-0.008101367405500826,0.08426542361089862,0.10780816854152575
2019-07-26,29617.05078125,29635.150390625,28871.0,29325.30078125,29324.958984375,1301000,-0.01494939877981305,-0.05722189480230333,-0.020993738803281703,0.08150379808909203,0.061188242434188744
2019-08-02,29583.44921875,29592.94921875,27936.349609375,28204.94921875,28204.62109375,1271200,-0.03820426500847107,-0.1039163891407151,-0.028771914438456614,0.04131293280374981,0.018394656848585544
2019-08-09,27841.19921875,28602.75,27389.5,28431.900390625,28431.5703125,931400,0.008046501701344244,-0.07089693081580206,-0.03457537521859799,0.041675214832369356,0.010938972261482549
2019-08-16,28356.80078125,28358.849609375,27683.5,28217.0,28216.671875,564400,-0.007558425137697111,-0.05217774160387534,-0.09597263620791563,0.05309907909346223,0.0031444641225155667
2019-08-23,28331.25,28468.900390625,26560.599609375,26958.650390625,26958.337890625,288200,-0.044595442796009466,-0.08070336288377267,-0.14077111192243874,0.00339069273997894,-0.03147326368574077
2019-08-30,27663.94921875,28277.69921875,26859.349609375,27427.849609375,27427.53125,0,0.01740440311185476,-0.02755188826429089,-0.11712601110745491,0.014197257540672581,-0.022589481790159183
2019-09-06,27239.19921875,27311.05078125,26641.349609375,27247.900390625,27247.583984375,0,-0.006560821256964,-0.041643364802670946,-0.10996311408552983,-0.018511061104223514,-0.008498417469398056
2019-09-13,27240.349609375,28126.849609375,26993.900390625,28098.75,28098.423828125,0,0.0312262448547318,-0.0041907360810858885,-0.08259013762206491,-0.04365677163165371,0.03441708020288625
2019-09-20,27868.0,29418.94921875,26643.0,28981.55078125,28981.21484375,0,0.03141779549802037,0.07503715361539287,-0.06827310195203251,-0.020314348643623803,0.13222891596142805
2019-09-27,30039.400390625,30801.30078125,29470.099609375,29876.650390625,29876.302734375,0,0.030885152286401985,0.0892815447118751,-0.05080570949532781,-0.017879373537189158,0.18936422212793458
2019-10-04,29674.80078125,29754.400390625,27653.69921875,27731.849609375,27731.52734375,1187300,-0.07178852894175236,0.01776097283871847,-0.09377332389920767,-0.07820602036921731,0.1345309477887655
2019-10-11,27909.900390625,28857.69921875,27568.349609375,28042.5,28042.173828125,0,0.011201935500183113,-0.0020018684105165274,-0.05803927841112355,-0.06333141490727945,0.10421586327428778
2019-10-18,28238.5,29249.5,28043.25,29120.25,29119.912109375,0,0.03843273602567532,0.0047857762959921946,-0.0069922822882384494,-0.03649987679636424,0.16082600886177367
2019-10-25,29416.25,29693.25,28923.80078125,29395.94921875,29395.607421875,0,0.009467611670572973,-0.016089526958009914,0.042226631601529396,-0.02057576694654073,0.20371352903944784
2019-11-01,29527.599609375,30415.650390625,29385.44921875,30330.55078125,30330.19921875,0,0.031793549361007534,0.09370818061109376,0.06677887740669819,0.012565884383848314,0.18010129000561959
2019-11-08,30415.900390625,31108.400390625,30013.650390625,30749.400390625,30749.04296875,364800,0.013809495659865334,0.09652849748150127,0.08974732929173901,0.05884541900535467,0.19317839395541503
2019-11-15,30664.650390625,31205.19921875,30338.349609375,31008.400390625,31008.0390625,0,0.00842292847046755,0.06483977268824948,0.150220798939116,0.05291144457096042,0.18147264841466426
2019-11-22,31036.80078125,31471.650390625,30901.849609375,31111.599609375,31111.23828125,0,0.0033281052053624194,0.05836349688380471,0.13430691988120258,-0.0032343134203450807,0.19662533416047423
2019-11-29,31065.099609375,32157.05078125,31049.75,31946.099609375,31945.728515625,498300,0.026822793121461297,0.05326473758345718,0.17242426577449166,0.018189384410868703,0.1892253285084955
2019-12-06,32008.30078125,32126.94921875,31250.650390625,31341.55078125,31341.185546875,1395500,-0.018924026266655347,0.01925729877989868,0.11540729681035633,0.008851964350222508,0.17850629121811656
2019-12-13,31321.400390625,32105.05078125,30996.400390625,32014.25,32013.876953125,2735500,0.021463495008435807,0.0324379715400962,0.10464240653098678,0.04572693552164542,0.1934037873704615
2019-12-20,32159.0,32443.349609375,31897.75,32384.94921875,32384.572265625,1796800,0.011579194226008838,0.04092845193955563,0.08395515545852761,0.05735208170789985,0.20526127984342235
2019-12-27,32381.0,32502.80078125,31963.25,32412.349609375,32411.97265625,1394500,0.0008460841003614661,0.014594895956036247,0.16877705836172274,0.042023533796789136,0.19491431818600757
2020-01-03,32486.599609375,32613.099609375,31960.400390625,32069.25,32068.876953125,907300,-0.010585459354534477,0.023218353929868263,0.1435945439957207,0.01885414203992286,0.17923331494760064
2020-01-10,31910.44921875,32347.19921875,30899.55078125,32097.400390625,32097.02734375,1607800,0.0008778000927680552,0.0025972930999476063,0.10223642965376323,0.048884978001578094,0.1691380799788167
2020-01-17,32139.099609375,32322.650390625,31445.5,31590.650390625,31590.283203125,1837800,-0.015787882938582465,-0.024526789366250523,0.07465998650164773,0.06114475661638741,0.1505625690451513
2020-01-24,31923.94921875,31923.94921875,30614.0,31241.75,31241.38671875,1478700,-0.011044419355434987,-0.03611585162701114,0.03004229053806995,0.06535139172299087,0.15218157644791486
2020-01-31,31110.55078125,31227.05078125,30521.30078125,30833.599609375,30833.2421875,1480600,-0.013064261465026816,-0.03853069188163116,0.002738239369886042,0.09319819618315539,0.13836141980325078
2020-02-07,29811.75,31470.650390625,29612.55078125,31201.94921875,31201.5859375,1689700,0.011946370648952875,-0.02789793444258315,0.006241819174378271,0.09742749482332824,0.14316302143303927
2020-02-14,31248.650390625,31649.44921875,30776.099609375,30834.80078125,30834.443359375,1309000,-0.011766842991955517,-0.023926370620065196,-0.008896965491982933,0.09277388741715997,0.1507991744963939
2020-02-21,30873.849609375,31085.30078125,30252.44921875,30942.849609375,30942.490234375,940800,0.0035041195463374475,-0.00956733827730516,-0.031404459770280835,0.14778926841736584,0.15168106915681423
2020-02-28,30666.349609375,30702.150390625,29051.5,29147.150390625,29146.8125,1506000,-0.05803276819746883,-0.05469517799138934,-0.07001569277605091,0.06268449060849202,0.07777169600613942
2020-03-06,29701.0,29791.150390625,27162.30078125,27801.44921875,27801.126953125,3805200,-0.04616921907768512,-0.10898357587084839,-0.13159142510756927,0.020315283753586266,0.0014281651904504145
2020-03-13,27031.44921875,27091.599609375,21351.69921875,25166.44921875,25166.15625,3326300,-0.09477923180432224,-0.18382968006547995,-0.22289675216846372,-0.10435698318430531,-0.14345786583291353
2020-03-20,24061.599609375,24074.150390625,18675.650390625,20317.599609375,20317.36328125,2873300,-0.19267118564197028,-0.343383047590445,-0.37315252197889703,-0.2989471211278404,-0.3131885537268655
2020-03-27,18311.30078125,21462.400390625,16116.25,19969.0,19968.767578125,2116200,-0.01715751939585164,-0.31489014423780837,-0.3773162764953967,-0.3316185134908538,-0.34356875575349266
2020-04-03,19254.44921875,19716.25,17143.19921875,17249.30078125,17249.099609375,1254200,-0.13619606483799895,-0.3795538985925728,-0.4625950833610758,-0.3779967429428609,-0.4266411423339911
2020-04-10,18454.55078125,20324.099609375,17953.75,19913.599609375,19913.3671875,1333800,0.15445836685862036,-0.20872430447841717,-0.3696362891191167,-0.2898778778862441,-0.3348509166366681
2020-04-17,19854.900390625,20866.55078125,18703.44921875,20681.44921875,20681.208984375,1503400,0.03855905634526802,0.01790810018753941,-0.33801886197956266,-0.289791494964844,-0.3157140178983573
2020-04-24,21104.69921875,21122.099609375,19051.94921875,19586.650390625,19586.421875,1731000,-0.052936272334940915,-0.01914715856452498,-0.3647627705242157,-0.33369559714262287,-0.3474053212512702
2020-05-01,19870.80078125,21967.0,19847.650390625,21534.5,21534.25,1539800,0.09944781626915256,0.24842741587577932,-0.309834784710841,-0.290006299084012,-0.281084600325041
2020-05-08,20514.75,20530.44921875,18941.0,19352.900390625,19352.67578125,1405800,-0.10130718657851356,-0.02815659799075365,-0.37236823652860773,-0.37062511318024305,-0.3335892842538868
2020-05-15,19610.44921875,20122.25,18287.0,18833.94921875,18833.73046875,1832400,-0.02681516265780981,-0.08933126399696589,-0.39133113282999865,-0.39261783963405583,-0.360480372122463
2020-05-22,18795.099609375,18795.099609375,17105.0,17278.900390625,17278.69921875,2008900,-0.08256626425311175,-0.1178225962058621,-0.40718388730780863,-0.4446154936559974,-0.4464117812183175
2020-05-29,17537.650390625,19455.55078125,17311.25,19297.25,19297.025390625,2017600,0.11681007261724208,-0.10389143003088064,-0.3058905005935645,-0.3959434724126081,-0.38495605602642646
2020-06-05,19728.900390625,21619.55078125,19632.900390625,21034.5,21034.255859375,2848600,0.09002578087551338,0.0868913483474345,-0.16418483127415262,-0.3288621821296783,-0.32292129409180415
2020-06-12,21636.099609375,21807.400390625,19526.099609375,20654.55078125,20654.310546875,3318600,-0.01806314477406168,0.09666594835497988,0.016584201793184317,-0.35483258919856,-0.3253310606041757
2020-06-19,20457.150390625,21467.650390625,19507.05078125,21338.099609375,21337.8515625,0,0.033094344939494924,0.23492231143090536,0.06856125040688066,-0.3411106046440603,-0.30332192620513765
2020-06-26,21491.55078125,22479.55078125,20926.44921875,21592.05078125,21591.80078125,2838900,0.011901302202349084,0.11891853923486506,0.2517638282892354,-0.3338325964803033,-0.305837888084174
2020-07-03,21291.55078125,22344.849609375,21026.44921875,21852.400390625,21852.146484375,1661900,0.012057660108926838,0.0388837571905678,0.09736063892422764,-0.3185871078798226,-0.3057396524239542
2020-07-10,22270.94921875,23080.599609375,22040.349609375,22398.44921875,22398.189453125,2232900,0.02498804791986431,0.08443168074529583,0.08302126131680132,-0.30217248293752375,-0.2680592001170288
2020-07-17,22613.25,22657.400390625,21027.849609375,21966.80078125,21966.544921875,1634800,-0.019271353712232098,0.029463784656754477,0.12151901132437848,-0.30464233848857447,-0.2621248635141181
2020-07-24,22307.30078125,23211.349609375,22187.80078125,22662.05078125,22661.787109375,1823000,0.03165003438249592,0.04955527433870066,0.05236020252385698,-0.2746228754391159,-0.22721847082504087
2020-07-31,22664.599609375,22668.05078125,21375.0,21640.05078125,21639.798828125,1818000,-0.04509741902288811,-0.009717450054873678,0.11818127228789699,-0.2981665762219241,-0.23275696710475924
2020-08-07,21543.80078125,21936.5,21031.44921875,21754.0,21753.748046875,1535000,0.0052656631863696735,-0.028772046334820556,0.15504187397632796,-0.30279996780048923,-0.23487351527254718
2020-08-14,21824.900390625,22439.94921875,21459.099609375,21679.400390625,21679.1484375,1755100,-0.0034292364335294367,-0.013083397691224685,0.254674770993389,-0.2969177733813091,-0.23169010204398055
2020-08-21,21906.94921875,22419.349609375,21403.150390625,22299.599609375,22299.33984375,263400,0.02860776624699435,-0.015993749876109353,0.15558432467709138,-0.27932947705570355,-0.17282210769980555
2020-08-28,22436.849609375,24611.80078125,22410.05078125,24523.80078125,24523.515625,0,0.09974175370126015,0.13325985364593618,0.1658846552687252,-0.15862098172252448,-0.1058795665531278
2020-09-04,25038.80078125,25232.599609375,22876.900390625,23011.5,23011.232421875,0,-0.061666655782257496,0.05780546106463169,0.11411282887302576,-0.17229135003219676,-0.1554762139428031
2020-09-11,23036.25,23109.099609375,22080.400390625,22479.94921875,22479.6875,245300,-0.02309935385568085,0.03692670524555597,0.05351224477709926,-0.10674926671810547,-0.1999662184705725
2020-09-18,22683.349609375,22757.30078125,21784.900390625,22031.05078125,22030.794921875,0,-0.01996883681238859,-0.01204276457107778,0.020331556481018254,0.0843333466953633,-0.23982498564213195
2020-09-25,21983.400390625,22098.849609375,20404.900390625,20982.349609375,20982.10546875,0,-0.04760105100241152,-0.14440874004255755,-0.03981488375177611,0.050746136981070666,-0.29770073502084904
2020-10-02,21152.05078125,22293.75,21055.099609375,22246.0,22245.7421875,0,0.060224446458579495,-0.03326597570779832,-0.006806239899072253,0.2896754646531188,-0.19781766043908078
2020-10-09,22352.099609375,23904.099609375,22247.25,23846.80078125,23846.5234375,0,0.0719590389845366,0.060803142800693655,0.08558369599294102,0.19751331999380528,-0.1496192999465098
2020-10-16,23955.599609375,24190.349609375,22970.94921875,23533.25,23532.9765625,0,-0.013148547015855327,0.06818554564943757,0.03844308827825982,0.13789172852860476,-0.19185961658983008
2020-10-23,23902.900390625,24823.599609375,23754.849609375,24478.30078125,24478.015625,0,0.04015810741185355,0.16661390344544613,0.13115727077956763,0.24974410085791643,-0.1672900031533363
2020-10-30,24525.80078125,24809.650390625,23612.69921875,23900.900390625,23900.623046875,0,-0.02358825458453717,0.07439091929447983,0.09868991406752792,0.10988880125496303,-0.21198594239177937
2020-11-06,24367.599609375,26853.44921875,24120.599609375,26798.94921875,26798.638671875,0,0.12125270516008446,0.12379641464616009,0.23614808232145057,0.38475105425190126,-0.1284724619566705
2020-11-13,27088.94921875,29030.900390625,27068.94921875,28465.69921875,28465.369140625,0,0.06219460272098476,0.20959490162854677,0.2765116736348352,0.5114036301218856,-0.08200039795163871
2020-11-20,28792.25,29784.75,28580.900390625,29236.0,29235.66015625,0,0.02706066607851354,0.194363949575876,0.1921479978076146,0.6920058186030493,-0.060286183703965435
2020-11-27,29432.80078125,30197.849609375,28852.900390625,29609.05078125,29608.70703125,369400,0.012759980204200216,0.2388257470360402,0.2867066806270777,0.534366336200754,-0.07315599890758373
2020-12-04,29844.80078125,30162.30078125,29149.900390625,30052.400390625,30052.05078125,0,0.014973448917712462,0.12140219175454492,0.33685357107297187,0.4287195032268416,-0.04113231025556752
2020-12-11,30062.599609375,30811.80078125,29950.599609375,30604.849609375,30604.494140625,0,0.018382864981472125,0.07514835220404392,0.389168855959513,0.4817484986000171,-0.04402415769930579
2020-12-18,30735.150390625,30945.19921875,30345.75,30714.650390625,30714.29296875,548400,0.0035876922334676653,0.05057635759423307,0.4638327433502285,0.4394276413036504,-0.05157639176281126
2020-12-25,30595.80078125,30607.5,28976.75,30402.19921875,30401.845703125,0,-0.010172708069318248,0.02678736455821351,0.3666366636136833,0.40802740447195096,-0.062018039878342535
2021-01-01,30558.849609375,31510.25,30538.150390625,31225.849609375,31225.486328125,362800,0.02709180295473579,0.03904677175524607,0.3094355882708979,0.42894368816211825,-0.026299348772578113
2021-01-08,31485.150390625,32298.05078125,30893.650390625,32084.19921875,32083.826171875,0,0.027488430903007233,0.04833709782131512,0.3633560693380642,0.43242949122977437,-0.0004112847680604048
2021-01-15,32280.30078125,32718.94921875,31725.849609375,32246.80078125,32246.42578125,0,0.005067963871916659,0.04988337393196107,0.3173627152237033,0.4679789334082096,0.020770398282769165
2021-01-22,32275.150390625,32842.30078125,31119.900390625,31167.25,31166.888671875,751600,-0.03347776384309442,0.025164323664393695,0.30401991099152004,0.3753058053239817,-0.0023846295421990904
2021-01-29,31507.150390625,31697.55078125,29687.69921875,30565.5,30565.14453125,0,-0.019307125267708947,-0.021147530575973295,0.1405484502584422,0.4124504747689153,-0.008695047375963383
2021-02-05,30976.349609375,36615.19921875,30906.44921875,35654.5,35654.0859375,1277400,0.1664949043856636,0.1112790990015895,0.2525425680221769,0.638985933621403,0.14270104569538744
2021-02-12,36073.8515625,36477.1484375,35428.1484375,36108.8984375,36108.48046875,0,0.012744490527142327,0.11976684702612816,0.2350834053051032,0.6655856613596594,0.17104367541291432
2021-02-19,36501.3984375,37708.75,35584.6015625,35841.6015625,35841.18359375,0,-0.007402520890042008,0.1499763874740312,0.2104947851012089,0.607275565047894,0.1583161219786553
2021-02-26,35874.30078125,37232.19921875,34658.69921875,34803.6015625,34803.1953125,728800,-0.02896075941779419,0.1386563793329081,0.15809722718046704,0.4191764919697749,0.19406532357600081
2021-03-05,35374.25,36455.1484375,34893.25,35228.1484375,35227.73828125,0,0.012198360397776664,-0.011957861209665022,0.15106425573510318,0.5308931811268278,0.26713352819540237
2021-03-12,35462.44921875,36497.3515625,35090.75,35496.6484375,35496.234375,0,0.00762174601587029,-0.016955654326030745,0.15569111111662215,0.57903597077048,0.41047503876921954
2021-03-19,35544.25,35544.25,33361.0,34161.6015625,34161.203125,0,-0.03761050504107888,-0.04687290541608313,0.12365560519817453,0.5506115392178192,0.6813797997445064
2021-03-26,34088.3984375,34360.05078125,32415.25,33318.19921875,33317.8125,0,-0.024688606657008227,-0.04267955835210124,0.0670069713250272,0.5879155499278923,0.6684961299389054
2021-04-02,33615.8984375,33990.80078125,33151.80078125,33858.0,33857.60546875,374200,0.016201379243396374,-0.03889356944009836,0.05528580498943514,0.5219814798165963,0.9628621721759103
2021-04-09,33649.1484375,33697.75,32141.55078125,32448.05078125,32447.673828125,0,-0.04164301549855276,-0.08588409865279978,0.006240929181322574,0.3606877953525278,0.6294417592876571
2021-04-16,31637.900390625,32325.150390625,30520.30078125,31977.44921875,31977.078125,0,-0.0145032305845606,-0.06393588836149866,0.025995210316919204,0.35881993429509307,0.5461899637941687
2021-04-23,30993.44921875,32148.400390625,30405.650390625,31722.30078125,31721.931640625,368400,-0.007979011576395356,-0.047898700257542726,0.037846617305458796,0.29593557431685746,0.6195878390944087
2021-04-30,32316.650390625,34287.0,32144.80078125,32781.80078125,32781.41796875,0,0.03339921676255697,-0.03178567011489164,-0.08057045306342814,0.3715717920864807,0.5222921721539855
2021-05-07,32368.55078125,33259.1484375,31906.55078125,32904.5,32904.1171875,1137800,0.0037429066075034267,0.01406707668904894,-0.08874262511902475,0.2278279917399979,0.7002361060019568
2021-05-14,33175.30078125,33297.6015625,32115.5,32169.55078125,32169.177734375,0,-0.02233582697655334,0.006007407319635671,-0.10245219580511034,0.13011630362693927,0.7080618837616828
2021-05-21,32437.849609375,34694.44921875,32318.69921875,34606.8984375,34606.49609375,0,0.07576567272647794,0.09093280074927579,-0.005651803726311577,0.18370838820290047,1.0028414803685446
2021-05-28,34869.30078125,35436.6484375,34410.3984375,35141.44921875,35141.0390625,0,0.015446364897894416,0.07198043979480317,-0.002461077933284428,0.18684822010584012,0.821059955110184
2021-06-04,35097.44921875,35810.8984375,34930.1015625,35291.6484375,35291.23828125,0,0.004274132743218306,0.07254778031880127,-0.005775193124526901,0.17433709050773238,0.6777983045710618
2021-06-11,35460.80078125,35545.8515625,34641.19921875,35047.3984375,35046.9921875,0,-0.006920900859379131,0.08945874550189092,0.025929606180184583,0.1451583289847025,0.6968366346323875
2021-06-18,34936.55078125,35380.0,33908.94921875,34558.0,34557.59765625,0,-0.013963902010380114,-0.001412967925695785,0.03721091806643306,0.12513082716214474,0.6195444127000311
2021-06-25,34109.44921875,35491.94921875,33937.5,35364.6484375,35364.23828125,0,0.023341872721222234,0.00635145173895979,0.04449903826274437,0.1632266528827131,0.6378550048710419
2021-07-02,35488.19921875,35576.94921875,34632.6015625,34809.8984375,34809.4921875,329600,-0.01568656906007171,-0.013650538337792839,0.07278858357848672,0.11477826457759388,0.5929553648684727
2021-07-09,35010.94921875,35811.0,34859.8984375,35071.94921875,35071.54296875,0,0.007528053600055928,0.0007005022439476871,0.09677132090277984,0.09312216208450552,0.5658204224866992
2021-07-16,35285.05078125,35985.25,35060.3515625,35751.80078125,35751.38671875,0,0.01938448183360575,0.034544845802708446,0.1270242038175775,0.10869295294676151,0.6275378985439852
2021-07-23,35070.5,35347.05078125,34357.3515625,35034.3984375,35033.9921875,0,-0.02006618766253143,-0.009338421689208953,0.0687148845568728,0.1240773067081633,0.5459500455486828
2021-07-30,34947.8515625,35186.1015625,34115.19921875,34584.3515625,34583.94921875,0,-0.012845857073951694,-0.006479389056677665,0.051052335166922536,0.13148325931196947,0.5981640668082708
2021-08-06,34760.8984375,36219.80078125,34588.25,35809.25,35808.83203125,0,0.035417707204554505,0.021022520780106246,0.11314112663554488,0.0043402656046220844,0.6460995678955594
2021-08-13,35824.19921875,36317.0,35531.3515625,36169.3515625,36168.9296875,649500,0.010056104567953916,0.011679153836328782,0.04514860318447167,0.0016741891227902705,0.6683741667569831
2021-08-20,36100.6484375,36261.55078125,34926.5,35033.8515625,35033.4453125,527300,-0.03139398277676819,-1.560965863234287e-05,-0.0030618445921288817,-0.022536660327286406,0.5710529415860623
2021-08-27,35424.19921875,35910.30078125,34817.5,35627.80078125,35627.38671875,749400,0.016953580387540246,0.030171137280521343,0.009524982782975089,0.023681434729388773,0.45278462743384007
2021-09-03,35781.05078125,37140.0,35721.8984375,36761.1484375,36760.72265625,816700,0.03181076663161453,0.026582473453088173,0.04889806594506951,0.04351633758781759,0.597512045607631
2021-09-10,36878.25,36923.6484375,36151.94921875,36683.19921875,36682.7734375,472500,-0.0021204239275203207,0.014206714636895823,0.061496591780485055,0.033427121530619885,0.6318185980666451
2021-09-17,36608.44921875,38112.75,36327.05078125,37811.94921875,37811.5078125,1127600,0.030770216994134403,0.0792975231768025,0.0692018976401001,0.10685528456771975,0.7163025764949293
2021-09-24,37388.19921875,38112.6015625,36525.94921875,37830.30078125,37829.859375,689900,0.00048533764799674195,0.061819701236207614,0.08676849055371516,0.1354245327868977,0.802958271381927
2021-10-01,38054.75,38377.25,36876.3515625,37225.8984375,37225.46484375,998800,-0.015976672965010152,0.012642423312485773,0.061415155608131045,0.0994712752525253,0.6733749185246787
2021-10-08,37392.1484375,38106.8515625,37355.6015625,37775.25,37774.8125,808300,0.014757241209969019,0.029769780294730097,0.0565971272644592,0.16417624758613547,0.5840804117297573
2021-10-15,37782.75,39375.05078125,37744.6484375,39340.8984375,39340.44140625,792900,0.04144640836261848,0.04043560965092574,0.12292204781773619,0.23027006214218093,0.6717154850052585
2021-10-22,39794.25,40587.3515625,39292.80078125,40323.6484375,40323.1796875,1733600,0.02498036493907918,0.0659087452322289,0.16595068624109044,0.27114513904785786,0.6473222058120673
2021-10-29,40961.25,41829.6015625,38426.6484375,39115.6015625,39115.1484375,2090700,-0.029958769154344367,0.050763130087315256,0.09233233207900193,0.19321088623272664,0.6365743935673187
2021-11-05,39432.1484375,40160.19921875,39120.6484375,39573.69921875,39573.23828125,774500,0.011711379550638945,0.04760919434682753,0.09412244093918432,0.20268349978726308,0.4766884662426276
2021-11-12,39674.05078125,39674.05078125,38346.05078125,38733.3515625,38732.90234375,866300,-0.021235003874791714,-0.015443136764280996,0.10559786706295005,0.20403768849255144,0.3607026219467262
2021-11-19,38849.44921875,39117.1484375,37748.44921875,37976.25,37975.80859375,619400,-0.019546502741399574,-0.05821393967211008,0.06591619935143256,0.09736069149869198,0.29895505541113687
2021-11-26,38232.1484375,38241.0,35904.1015625,36025.5,36025.08203125,908000,-0.05136763108521769,-0.07899920847599773,-0.020011573869916588,0.02515692439850503,0.21670567105154315
2021-12-03,36224.44921875,36844.0,35327.8984375,36197.1484375,36196.7265625,859000,0.004764637201426725,-0.0853231021589761,-0.013249956154357534,0.025657628365067797,0.20446779515129476
2021-12-10,36252.75,37397.55078125,35696.75,37105.6484375,37105.21875,741800,0.02509866216585177,-0.04202329670267613,-0.018679301010479543,0.05872761151360417,0.21241074245088432
2021-12-17,37358.19921875,37581.05078125,35535.05078125,35618.6484375,35618.234375,660100,-0.040074761191808084,-0.062080946973437356,-0.058462457291541536,0.030691835103304532,0.1596631569790501
2021-12-24,35124.3515625,35477.30078125,34018.44921875,34857.05078125,34856.64453125,735000,-0.021381992008662976,-0.03243394869606253,-0.06363439851497876,-0.014353250454251731,0.14653056939882658
2021-12-31,34573.6484375,35596.94921875,34233.0,35481.69921875,35481.28515625,1177500,0.017920289396256228,-0.01976534753795134,-0.06071570092189993,0.01929913074742795,0.13629251606006765
2022-01-07,35585.19921875,38134.8515625,35526.6015625,37739.6015625,37739.1640625,1029200,0.06363568807203102,0.017085084123184657,-0.040703108942566346,0.07606227777964025,0.17626752362405806
2022-01-14,37930.55078125,38851.44921875,37929.3515625,38370.3984375,38369.953125,829900,0.01671445507858227,0.07725587917319476,-0.04843931726632966,0.07324379748791054,0.18989783506866775
2022-01-21,38212.55078125,38855.55078125,37224.25,37574.30078125,37573.86328125,781800,-0.0207477036639776,0.0779540993600536,-0.03940373456323476,0.07249738705464259,0.20556997429192503
2022-01-28,37601.94921875,38421.69921875,36375.3515625,37689.3984375,37688.9609375,1139100,0.003063201546186445,0.06222078613369675,-0.04761497707945428,0.08978184452551141,0.23306991338273542
2022-02-04,38091.80078125,39424.8515625,37647.8515625,38789.3515625,38788.90234375,1061400,0.029184682446551813,0.027815608976727635,0.0014457824520979212,0.08322155762826644,0.08792302689702569
2022-02-11,38592.05078125,39197.19921875,37319.05078125,38517.25,38516.80078125,869800,-0.007014852054476162,0.003827209736672499,0.01424574569632342,0.06491403179962663,0.0666968992883723
2022-02-18,37664.0,38461.69921875,36651.8515625,37599.1484375,37598.7109375,826700,-0.023836114013850884,0.0006612939092243142,0.04368151552372623,0.07322337569489146,0.04903650502155199
2022-02-25,37400.0,38054.3984375,34991.3515625,36430.75,36430.328125,1240600,-0.031075130316905897,-0.03339529124051177,0.006453590202094128,0.022537153603165105,0.046752300464593555
2022-03-04,35938.94921875,36270.25,34094.1015625,34407.80078125,34407.40234375,816600,-0.05552861850908919,-0.11295756708358873,-0.07270719607000531,-0.0640172507192227,-0.023286709425146768
2022-03-11,33278.1484375,35374.1484375,32155.349609375,34546.25,34545.84765625,1227600,0.0040237741327961984,-0.10309666448149857,-0.030107780180984034,-0.05825416714629772,-0.02677431474054215
2022-03-18,34660.25,36611.94921875,34625.05078125,36428.55078125,36428.12890625,773300,0.05448639957303625,-0.031133621501982955,0.04508413548415646,-0.03658627672159276,0.06635957083576804
2022-03-25,36545.8515625,36827.6015625,35203.8515625,35410.1015625,35409.69140625,891700,-0.027957445380292212,-0.028016124770969597,-0.002017875632409516,-0.06397515136727472,0.06278557643573879
2022-04-01,35488.69921875,37209.80078125,35016.30078125,37148.5,37148.06640625,1133500,0.04909329148439934,0.07965342615688198,-0.01566263389191025,-0.002079155661748433,0.09718530332565423
2022-04-08,37824.94921875,38765.8515625,37346.80078125,37752.05078125,37751.61328125,1175800,0.01624697582001966,0.09279735951803736,-0.01611522635755791,-0.0006141380599731239,0.1634612826439763
2022-04-15,37591.75,37988.6015625,37264.44921875,37463.3984375,37462.96484375,446400,-0.00764600433026974,0.028407598821708957,-0.0029515477718574656,-0.04772387196450889,0.1715568112147392
2022-04-22,36833.1484375,37123.55078125,35926.30078125,36044.75,36044.33203125,825400,-0.03786758534110901,0.017922807602791746,-0.04363689805841042,-0.10611387122204774,0.13625900745840158
2022-04-29,35792.3515625,36718.80078125,35511.3984375,36088.1484375,36087.73046875,770700,0.00120401549462823,-0.028543590252634643,-0.0696377489231198,-0.07739758572196953,0.1008592443811418
2022-05-06,35627.6015625,36309.30078125,34353.19921875,34591.19921875,34590.796875,751300,-0.0414803552845755,-0.08372661874225584,-0.10192967517800466,-0.12590432783294858,0.051260442150769636
2022-05-13,34091.75,34793.19921875,33007.8984375,33121.3515625,33120.96484375,1152200,-0.042491954296087986,-0.11590104091180664,-0.11909303963208939,-0.14488805573523622,0.02958700877491749
2022-05-20,33256.0,34655.80078125,33001.75,34276.3984375,34276.0,783200,0.03487318060739231,-0.04905989256410437,-0.059135525963643354,-0.0974254056811823,-0.009550119049150929
2022-05-27,34321.3984375,35694.8515625,34115.80078125,35613.30078125,35612.88671875,797400,0.03900358277686977,-0.013157994433335207,0.03503565972332989,-0.011441873638117439,0.01342720841029621
2022-06-03,35958.80078125,36083.69921875,35175.1015625,35275.05078125,35274.640625,622600,-0.009497855929661125,0.019769524559568374,0.02109637894851102,-0.02547431762040997,-0.0004702998297003713
2022-06-10,35159.1484375,35449.8984375,34346.6484375,34483.80078125,34483.3984375,507900,-0.02243086777980141,0.04113507313187559,-0.05338532437587318,-0.0706589903870346,-0.01608101261082373
2022-06-17,33728.6484375,33774.05078125,32290.55078125,32743.05078125,32742.669921875,605200,-0.050480224353531944,-0.04473479496528565,-0.07531892492718684,-0.08073292453237824,-0.052518931036228955
2022-06-24,32873.3984375,33721.8984375,32426.400390625,33627.44921875,33627.05859375,880400,0.027010263747519803,-0.05576151378659988,-0.09478312129022703,-0.03527554784300391,-0.04912247952415405
2022-07-01,34126.19921875,34147.5,33080.44921875,33539.44921875,33539.05859375,676600,-0.0026169097580833744,-0.04920195787280157,-0.1115860324227006,-0.054739486630156486,-0.036496780392251016
2022-07-08,33558.8515625,35262.1015625,33515.6015625,35124.05078125,35123.640625,683300,0.04724590294148712,0.018566688865344627,-0.062443551674916,-0.0693052038961891,0.0014855622131246804
2022-07-15,35017.6015625,35543.1015625,34463.8984375,34682.6484375,34682.24609375,567800,-0.012566954378326778,0.05923692539244674,-0.037789180463174254,-0.09610924436989698,-0.029904852913331226
2022-07-22,34841.8515625,36823.44921875,34804.3984375,36738.94921875,36738.5234375,800800,0.0592890356962088,0.0925285762758683,0.01803364288353837,-0.022231992216255714,0.04865363349368912
2022-07-29,36766.69921875,37754.6484375,36248.6015625,37491.3984375,37490.9609375,706200,0.020480967331694355,0.11782987827184388,0.08384211256769492,-0.005253466709699284,0.08405671188446173
2022-08-05,37594.1484375,38231.8515625,37249.5,37920.6015625,37920.16015625,1226200,0.011448042561429173,0.07961925572499351,0.14489897826010556,-0.022396610538854,0.058961066274775265
2022-08-12,37847.3515625,39088.8984375,37681.44921875,39042.30078125,39041.84765625,664200,0.029580206339850257,0.12570125235984575,0.13904326478291473,0.013631574976147087,0.07943048726725421
2022-08-19,39284.1015625,39759.1484375,38848.3984375,38985.94921875,38985.49609375,455100,-0.0014433463543999103,0.06116124842387238,0.09470193336517863,0.03688383484416513,0.11280796943491933
2022-08-26,38693.6484375,39471.75,37950.8515625,38987.1484375,38986.6953125,1045300,3.0760280922415006e-05,0.039895817769867614,0.10523295003229638,0.07017144685464882,0.09429006513413363
2022-09-02,38111.6015625,39667.6484375,37943.8515625,39421.0,39420.54296875,659900,0.011128066039389983,0.03956684165537494,0.14317445023155684,0.1456994956062947,0.07235496374717965
2022-09-09,39412.05078125,40685.94921875,39258.25,40415.69921875,40415.23046875,974000,0.02523272415083322,0.035177190125013746,0.2343290638602824,0.169901196765206,0.10174957690419206
2022-09-16,40540.44921875,41840.1484375,40288.8984375,40776.80078125,40776.328125,1031300,0.00893468551776233,0.045935820427291274,0.21260463486221437,0.11936379314430678,0.07841043965619754
2022-09-23,40685.6015625,41677.6484375,39412.69921875,39546.25,39545.7890625,968200,-0.03017771766479116,0.014340663139195575,0.17909658390847816,0.11680701988949571,0.04535912174403012
2022-09-30,39027.8515625,39229.3984375,37386.3515625,38631.94921875,38631.5,1120200,-0.023119784587666392,-0.020016001147865392,0.0998716935967019,0.039932950691145,0.037770768208876815
2022-10-07,38444.8984375,39608.3515625,37963.25,39178.05078125,39177.59375,737800,0.014136008499279873,-0.03062296239887441,0.1296153133129656,0.03777278241817372,0.03713544665488655
2022-10-14,38641.55078125,39570.8515625,38437.94921875,39305.6015625,39305.14453125,877600,0.003255669404335082,-0.03607931938168352,0.06986188767859725,0.04917341196563729,-0.000897205615577823
2022-10-21,39295.6015625,41032.25,39146.69921875,40784.05078125,40783.578125,1266700,0.03761421171481394,0.03130007981161298,0.08782420717752126,0.13148380225275536,0.01141767577067343
2022-10-28,41348.3515625,41530.6484375,40839.30078125,40990.8515625,40990.375,902600,0.005070628770035723,0.06106091956149884,0.0809652240073162,0.13585355129789622,0.047941228693713756
2022-11-04,41265.69921875,41677.25,40819.1484375,41258.44921875,41257.96875,1171400,0.006528228764459465,0.05310112157227698,0.056762752019068996,0.19274411268129876,0.0425724668974532
2022-11-11,41740.6484375,42345.5,41318.6015625,42137.05078125,42136.5625,1392700,0.0212950699586818,0.07203678626436227,0.0808265958799459,0.27220203262953735,0.08787515361942799
2022-11-18,42177.55078125,42622.75,41965.44921875,42437.44921875,42436.95703125,913000,0.007129080747950045,0.040540319213709264,0.0884984134395248,0.23809534120485143,0.11747340031598696
2022-11-25,42286.94921875,43339.1484375,42202.55078125,42983.94921875,42983.44921875,1542200,0.012877776823554843,0.04862298733196746,0.09038201006443258,0.20696336132315385,0.19315343905705684
2022-12-02,42757.19921875,43515.05078125,42740.0,43103.75,43103.25,1144900,0.0027871050340284587,0.04472540330990915,0.06651006497997036,0.22193303894295857,0.190805128598053
2022-12-09,43269.3515625,43853.3984375,42948.44921875,43633.44921875,43632.94140625,1663900,0.012288935852448946,0.035512652398678624,0.07005572734419974,0.2653317856561499,0.17592471917706254
2022-12-16,43455.8515625,44151.80078125,43080.55078125,43219.5,43218.99609375,1557500,-0.009486969885757257,0.01842831733874495,0.09288491323450399,0.31995947136206504,0.2133952829747936
2022-12-23,43346.3515625,43614.6484375,41597.6484375,41668.05078125,41667.56640625,1314700,-0.035896972865257615,-0.03061371654808287,0.07859043159609524,0.23910828056553046,0.19539805713177882
2022-12-30,41716.3515625,43498.05078125,41569.44921875,42986.44921875,42985.94921875,1350300,0.03164051144176061,-0.002721359075486429,0.09720745064026115,0.28166831060298736,0.21151044525043994
2023-01-06,43038.25,43578.3984375,41877.0,42188.80078125,42188.80078125,1798900100,-0.018555811238116338,-0.033108737983501224,0.07335339249713324,0.20113710813136976,0.11789205594504604
2023-01-13,42404.8515625,42716.80078125,41729.0,42371.25,42371.25,870500,0.004324588880731728,-0.01962655745670361,0.038917154827585065,0.22168438423482195,0.10426922120751048
2023-01-20,42622.5,42715.6484375,41861.1015625,42506.80078125,42506.80078125,1041600,0.0031991216036817427,0.020129331328774924,0.03698262321870982,0.1569955506391112,0.13127323456306006
2023-01-27,42891.44921875,43078.8984375,40148.80078125,40345.30078125,40345.30078125,958600,-0.05085068648481894,-0.06144141899368538,-0.02213239844906767,0.07612152287430929,0.07046815427829811
2023-02-03,39856.1484375,42015.6484375,39419.80078125,41499.69921875,41499.69921875,1717200,0.028612959009999273,-0.01633375563512718,-0.015125680385386753,0.09438398940879145,0.0698734974180455
2023-02-10,41530.1484375,41791.94921875,41095.1015625,41559.3984375,41559.3984375,804100,0.0014385458177736954,-0.01916043455173022,-0.020690470266578886,0.06447103797373632,0.07898145473781226
2023-02-17,41563.5,41979.1015625,40882.69921875,41131.75,41131.75,656900,-0.010290053599864457,-0.032348959601225524,-0.043090484992990175,0.05504036259858447,0.09395429708659875
2023-02-24,41221.55078125,41292.6015625,39600.25,39909.3984375,39909.3984375,814200,-0.029717956627179687,-0.010804290346314138,-0.07410843749093754,0.023655230940484273,0.09548659957590777
2023-03-03,39820.3984375,41390.1484375,39745.3984375,41251.3515625,41251.3515625,1025800,0.0336249900409189,-0.0059843242463260005,-0.05459338417890591,0.046430875992491405,0.1988953268114504
2023-03-10,41418.3984375,41671.19921875,40341.69921875,40485.44921875,40485.44921875,602300,-0.01856672120402114,-0.025841308082576786,-0.06325965782227927,0.0017258145064491526,0.17192022922169548
2023-03-17,40356.1015625,40690.05078125,38613.1484375,39598.1015625,39598.1015625,914200,-0.021917693229868918,-0.03728624329137464,-0.04967713103780336,-0.02890612299560269,0.08700732566285319
2023-03-24,39512.1015625,40201.6015625,38941.8984375,39395.3515625,39395.3515625,681000,-0.0051201949588413065,-0.012880346362649897,-0.08354022538534356,-0.0038157458039637104,0.11254556818951511
2023-03-31,39484.69921875,40690.3984375,39273.75,40608.6484375,40608.6484375,844100,0.030797970493425586,-0.015580171331507464,-0.03745430812179584,0.05116747300419955,0.09314369187181182
2023-04-07,40695.80078125,41274.69921875,40535.8984375,41041.0,41041.0,541400,0.010646785331095865,0.013722233344831247,-0.03139510871168538,0.047550839860608374,0.08711974980663828
2023-04-14,41116.1484375,42196.19921875,40727.25,42132.55078125,42132.55078125,748700,0.026596593193392026,0.06400431128623008,-0.008804473475338193,0.07192229876586054,0.12463237555822704
2023-04-21,42603.55078125,42603.55078125,41799.0,42118.0,42118.0,937600,-0.00034535723520623396,0.06911090597022773,0.04393818324373089,0.032707619601220816,0.16849194404178136
2023-04-28,42469.94921875,43302.05078125,42269.1015625,43233.8984375,43233.8984375,1061500,0.026494573282207057,0.06464755910407782,0.041788235852236566,0.05472067033249983,0.19800821902446764
2023-05-05,43395.05078125,43739.80078125,42582.19921875,42661.19921875,42661.19921875,844100,-0.013246531991046528,0.039477576539314274,0.026511470874800214,0.03399909658656086,0.23329633497140212
2023-05-12,42796.8515625,43905.94921875,42780.30078125,43793.55078125,43793.55078125,1037100,0.026542891040023164,0.03942320057059501,0.06471401730415072,0.039312196019591905,0.322215088312793
2023-05-19,43821.05078125,44151.69921875,43446.3984375,43969.3984375,43969.3984375,1005900,0.0040153779064036055,0.0439574157723539,0.10173042338280669,0.03609899385925264,0.28278933732417455
2023-05-26,43935.30078125,44095.25,43390.30078125,44018.0,44018.0,787800,0.0011053497256525713,0.018136267855500376,0.06706806765611661,0.024056672317092298,0.2359988834052411
2023-06-02,44276.80078125,44498.6015625,43706.1484375,43937.8515625,43937.8515625,918700,-0.0018208105206960479,0.029925374043139774,0.08527513984335622,0.019351020792854445,0.24557869058701964
2023-06-09,44103.25,44459.25,43917.8984375,43989.0,43989.0,659800,0.0011641087509079995,0.004462968068660977,0.11088658961515074,0.008148582970543883,0.27564244669683546
2023-06-16,44035.19921875,44212.3515625,43397.5,43938.1484375,43938.1484375,868900,-0.0011560063311282232,-0.0007107215725141725,0.1153130177755346,0.01662787485972772,0.3419075922717858
2023-06-23,44015.30078125,44042.1484375,43345.94921875,43622.8984375,43622.8984375,1001900,-0.007174858550273888,-0.008975909003135052,0.07422679936366694,0.04691478529947579,0.297240779511065
2023-06-30,43714.75,44787.1015625,43541.75,44747.3515625,44747.3515625,693100,0.02577667154811003,0.01842375016558373,0.09030851008747343,0.04096412650389181,0.3341707334145576
2023-07-07,44957.94921875,45655.5,44844.80078125,44925.0,44925.0,1523300,0.00397003244430838,0.021278046784423355,0.06627771561347551,0.06485605582716758,0.2790381234724204
2023-07-14,44958.6484375,45184.30078125,44547.80078125,44819.30078125,44819.30078125,1196100,-0.002352792849193097,0.020054380420772677,0.064136492265777,0.057776222822078616,0.292268693436627
2023-07-21,44951.19921875,46369.5,44695.05078125,46075.19921875,46075.19921875,1365100,0.02802137506851521,0.05621590653274655,0.06571928241348513,0.08394888281204271,0.25412403453376875
2023-07-28,46131.8984375,46310.1015625,45238.80078125,45468.1015625,45468.1015625,1267400,-0.013176235079694343,0.016107098517178287,0.06579520489701429,0.12697391473236364,0.21276088536141313
2023-08-04,45546.3515625,45782.75,44279.3984375,44879.5,44879.5,1147700,-0.012945373619589473,-0.0010127991096271494,0.024797012331207124,0.08144157294814725,0.1835123429155121
2023-08-11,44993.69921875,45096.8515625,44120.8984375,44199.1015625,44199.1015625,1036400,-0.01516056189351489,-0.01383777095892269,0.005224158918765154,0.06351639398654374,0.1320823998089411
2023-08-18,44066.6015625,44212.75,43600.3515625,43851.05078125,43851.05078125,606300,-0.007874612128887626,-0.04827213935506758,-0.003792748847062599,0.06611196414570264,0.12479115322297107
2023-08-25,43952.8515625,44949.8984375,43862.0,44231.44921875,44231.44921875,872300,0.008674784998827345,-0.02719824011235894,0.0066821122519467036,0.10829656548240219,0.13451357668943387
2023-09-01,44253.6484375,44779.6484375,43830.75,44436.1015625,44436.1015625,1482300,0.004626851422793621,-0.009879754397887686,0.010163940132760452,0.07720353102066912,0.12721903458816364
2023-09-08,44647.6484375,45383.3515625,44207.25,45156.3984375,45156.3984375,1064300,0.016209722493025103,0.021658740588795133,0.02772647558722019,0.1153735307100594,0.11729845852946807
2023-09-15,45340.80078125,46310.3984375,45231.30078125,46231.5,46231.5,1458200,0.023808399245746514,0.05428488431496925,0.05979890506902996,0.16751809242748972,0.13376967084818925
2023-09-22,46100.94921875,46252.94921875,44548.8984375,44612.05078125,44612.05078125,1189900,-0.03502912989520135,0.008604772604616784,-0.0030236600944085756,0.13241915636858326,0.12809813272434178
2023-09-29,44615.0,44936.55078125,44182.5,44584.55078125,44584.55078125,1222800,-0.0006164253720333246,0.0033407345273348543,-0.007578168475236513,0.09790777326335398,0.15408493961290737
2023-10-06,44561.5,44566.30078125,43857.5,44360.6015625,44360.6015625,903800,-0.0050230228818225475,-0.017623125460314193,-0.01023441264710434,0.08088500676153121,0.13228199662578133
2023-10-13,44057.80078125,44710.55078125,43796.75,44287.94921875,44287.94921875,833300,-0.0016377673248555435,-0.042039535408758044,-0.03878984855854273,0.05115755864606242,0.1267592266289972
2023-10-20,44204.75,44589.8515625,43558.1015625,43723.05078125,43723.05078125,787100,-0.012755127466160476,-0.019927351117730696,-0.03837967105029161,0.03810842825514027,0.07206248383133085
2023-10-27,43822.69921875,43831.30078125,42105.3984375,42782.0,42782.0,910700,-0.021522989920308988,-0.04042994153051016,-0.04673626043070889,-0.010452410118723776,0.0436962973254893
2023-11-03,42721.3984375,43416.1015625,42390.5,43318.25,43318.25,760400,0.012534477116544318,-0.023497236867525806,-0.019929173475493056,0.015401601297724943,0.04992433841439481
2023-11-10,43627.75,43908.69921875,43283.8515625,43820.1015625,43820.1015625,710400,0.011585222452430655,-0.01056376880173826,-0.0007057805502629355,0.0006062714892112187,0.03994230137242827
2023-11-17,43915.1015625,44420.94921875,43513.8515625,43583.94921875,43583.94921875,743800,-0.005389132734281321,-0.0031814239860785687,-0.014638905381502143,-0.008766306395978862,0.027016232622516956
2023-11-24,43591.5,43806.5,43230.94921875,43769.1015625,43769.1015625,552500,0.004248177300792744,0.02307282414333134,-0.015010317659434058,-0.005654469478395208,0.018266175119328265
2023-12-01,43851.55078125,44951.1015625,43739.80078125,44814.19921875,44814.19921875,851600,0.023877521332204,0.03453392551061052,-0.007578089276177091,0.019945164023403184,0.03968214409999127
2023-12-08,45671.5,47303.6484375,45484.19921875,47262.0,47262.0,1307900,0.05462109831086437,0.07854610817345709,0.022289997079913082,0.07440496487758308,0.08315984287785239
2023-12-15,47233.30078125,48219.94921875,46886.8984375,48143.55078125,48143.55078125,1073800,0.018652422268418567,0.10461653072361887,0.07916022550311119,0.0957118698283792,0.1139312296822037
2023-12-22,48068.5,48166.1484375,46919.69921875,47491.8515625,47491.8515625,963400,-0.013536583990473194,0.0850542932594609,0.06520870414315505,0.08869087712140855,0.1397665758790576
2023-12-29,47576.3984375,48636.44921875,47411.6484375,48292.25,48292.25,868700,0.016853384552646178,0.07761046368970503,0.0886292858756812,0.0792202960335815,0.12342961276586895
2024-01-05,48203.44921875,48450.0,47481.3515625,48159.0,48159.0,920100,-0.0027592419073453334,0.018979306842706656,0.08740641302061314,0.07198664440734559,0.14151147006300646
2024-01-12,48096.6484375,48154.5,47010.80078125,47709.80078125,47709.80078125,881700,-0.009327419978612528,-0.00900951410856321,0.09118188069597521,0.06449230464588673,0.1259946492314954
2024-01-19,47891.05078125,48305.3984375,45430.69921875,45701.1484375,45701.1484375,1462800,-0.04210146156257699,-0.037705481384388784,0.06823309890841944,-0.008118267258577228,0.07514909608673825
2024-01-26,46495.44921875,46580.30078125,44429.0,44866.1484375,44866.1484375,1158100,-0.01827087564641683,-0.07094516330260037,0.03573317106531304,-0.013239020419019698,0.11205388406351924
2024-02-02,45171.5,46892.3515625,45071.19921875,45970.94921875,45970.94921875,1584700,0.024624373157170476,-0.04543389151041344,0.049083584463679886,0.024319549432368914,0.10774174473967846
2024-02-09,45962.25,46181.19921875,44859.1484375,45634.55078125,45634.55078125,1324100,-0.007317630878128423,-0.04349735203286731,0.04704946658706688,0.03247688681454752,0.09805609553946026
2024-02-16,45664.30078125,46693.3984375,44633.8515625,46384.8515625,46384.8515625,1363800,0.016441506893462687,0.014960305120888195,0.059762478703494715,0.05778198551933933,0.12771403021996397
2024-02-23,46554.8984375,47363.3984375,46317.69921875,46811.75,46811.75,906900,0.009203402040099062,0.04336457730955634,0.04457405947386062,0.05833633821240913,0.17295052876603512
2024-03-01,46615.8515625,47342.25,45661.75,47286.8984375,47286.8984375,1265500,0.01015019599779965,0.02862566993098481,0.0005268172633405843,0.06415497252814384,0.1463114939605199
2024-03-08,47318.5,48161.25,47191.6484375,47835.80078125,47835.80078125,783000,0.011607915974347405,0.048236477894824326,-0.006392341134087154,0.05933605062543923,0.1815553909945462
2024-03-15,47792.19921875,47853.80078125,46310.5,46594.1015625,46594.1015625,1245700,-0.025957529684267455,0.004511171060190833,-0.018903242776680318,0.007843171052204667,0.1766751365329422
2024-03-22,46458.75,46990.25,45828.80078125,46863.75,46863.75,831400,0.005787179674197729,0.0011108322162705075,-0.029580315682122937,0.050472891950001264,0.18957562609008627
2024-03-29,46552.94921875,47440.44921875,46529.05078125,47124.6015625,47124.6015625,804800,0.005566169213944594,-0.0034321742462029015,-0.02147881886044145,0.05697154589966669,0.16045727636142781
2024-04-05,47391.05078125,48557.3984375,47279.80078125,48493.05078125,48493.05078125,135095200,0.02903895573387638,0.013739709365492958,0.01641696228393852,0.09315584264401289,0.18157576036768108
2024-04-12,48586.75,49057.3984375,48424.6484375,48564.55078125,48564.55078125,866100,0.00147443806582781,0.04228967085258417,0.06265493191414939,0.09656354918076526,0.1526610632571146
2024-04-19,48057.5,48255.5,46579.05078125,47574.1484375,47574.1484375,734200,-0.02039352424386842,0.015158804779813906,0.06035730933695671,0.08807934458913569,0.12954433822831102
2024-04-26,48145.69921875,48679.6484375,47628.44921875,48201.05078125,48201.05078125,976500,0.013177373938150216,0.02284261687225797,0.04851110539154191,0.12666660701346366,0.11489022556988782
2024-05-03,48359.8984375,49974.75,48342.69921875,48923.55078125,48923.55078125,1244900,0.014989299782673049,0.008877560662082562,0.07207258412087536,0.12939813545676482,0.1467926752454638
2024-05-10,49174.55078125,49252.6484375,47313.3515625,47421.1015625,47421.1015625,1348300,-0.030710142554203457,-0.023544935562164526,0.02234026767561681,0.08217689762457403,0.08283299062388694
2024-05-17,47389.80078125,48188.6484375,46983.25,48115.6484375,48115.6484375,925400,0.014646367378973624,0.011382232111025292,0.027854084444610683,0.10397633303042775,0.09429853824117385
2024-05-24,47927.1015625,49052.94921875,47435.25,48971.6484375,48971.6484375,691200,0.017790469998796743,0.015987154714680152,0.03562826185834056,0.11886346050697516,0.11253688121904681
2024-05-31,49105.8984375,49688.8515625,48313.6015625,48983.94921875,48983.94921875,1019900,0.00025118168659776785,0.00123454729952166,0.024001865104138487,0.0930452863755602,0.11484625389732828
2024-06-07,50889.8515625,51133.19921875,46077.8515625,49803.19921875,49803.19921875,2073800,0.016724866268773786,0.05023286211752054,0.06887347429471102,0.05376833859654684,0.13217393481893192
2024-06-14,49808.1484375,50252.94921875,49530.44921875,50002.0,50002.0,816700,0.00399172712533602,0.0392045337381306,0.0669654050305406,0.038602246585305755,0.1380088096139407
2024-06-21,50194.3515625,51957.0,49900.19921875,51661.44921875,51661.44921875,1149800,0.03318765686872527,0.054925673671835984,0.09627344329337006,0.08779606435775089,0.18427365143485597
2024-06-28,51280.25,53180.75,51138.8984375,52342.25,52342.25,1172400,0.013178120078809474,0.06855920836951457,0.07937630560951026,0.08386438817822728,0.16972844586996327
2024-07-05,52351.1484375,53357.69921875,51996.6484375,52660.3515625,52660.3515625,363300,0.006077338335665816,0.05736885157117233,0.0843372524889352,0.09346854300338459,0.17218367417918756
2024-07-12,52533.1015625,52794.55078125,51749.44921875,52278.8984375,52278.8984375,840400,-0.007243649418999243,0.04553614730410782,0.09889299450479516,0.09576853353882919,0.16643717162519178
2024-07-19,52330.05078125,52782.75,52146.30078125,52265.6015625,52265.6015625,618400,-0.00025434497277898593,0.011694452108608866,0.0843249413730851,0.1436386906989311,0.13435432616058796
2024-07-26,52145.6015625,52547.55078125,50438.30078125,51295.94921875,51295.94921875,1079400,-0.018552399948759346,-0.0199896026871218,0.048491951209911344,0.14331073660594962,0.1281744224187389
2024-08-02,51546.6484375,52340.25,51087.8515625,51350.1484375,51350.1484375,1287300,0.001056598417135568,-0.024880257843417186,0.08285439910799197,0.11701301169904932,0.1441782648536638
2024-08-09,50586.25,50747.55078125,49659.05078125,50484.5,50484.5,836600,-0.01685775920499255,-0.03432357014264986,0.049232456371798294,0.10627800944066079,0.142206475138688
2024-08-16,50412.6015625,50830.69921875,49654.6484375,50516.8984375,50516.8984375,580200,0.0006417501906526013,-0.03345801201405618,0.03155397151827799,0.08908181735652176,0.15201112715639198
2024-08-23,50683.55078125,51117.8515625,50283.55078125,50933.44921875,50933.44921875,661900,0.008245771101037747,-0.0070668348187520325,0.03979875104177544,0.08804838996085373,0.15152114882907752
2024-08-30,51100.6484375,51466.55078125,50938.1015625,51351.0,51351.0,962000,0.00819796789054461,1.6583447680407204e-05,0.031078340458644327,0.08594561489101693,0.1556144259814083
2024-09-06,51579.5,51750.1015625,50447.30078125,50576.8515625,50576.8515625,752700,-0.015075625352962918,0.001829305281819238,0.011496571387144439,0.0573012416742984,0.12003732167662418
2024-09-13,50549.25,51994.1015625,50369.3984375,51938.05078125,51938.05078125,716700,0.026913482684225665,0.028132216895862427,0.005354119303327742,0.11469153904774365,0.12343425545894027
2024-09-20,52038.69921875,54066.1015625,51921.44921875,53793.19921875,53793.19921875,847100,0.03571848403232192,0.05614679633648789,0.0277204212419222,0.14786373729695135,0.2057997396828648
2024-09-27,53917.8984375,54467.3515625,53741.3984375,53834.30078125,53834.30078125,928800,0.0007640661477088528,0.0483593460935523,0.02229284810901233,0.1423820891058596,0.2074653627303109
2024-10-04,53556.94921875,53726.3984375,51347.25,51462.05078125,51462.05078125,947600,-0.04406577155407643,0.017502062532621654,-0.015624806196453234,0.06122526737682543,0.16008460139443126
2024-10-11,51543.19921875,51784.80078125,50194.30078125,51172.30078125,51172.30078125,1025000,-0.005630362482669793,-0.014743525959900694,-0.02091817081532321,0.05369657410702966,0.1554452550624177
2024-10-18,51263.25,52199.44921875,51000.8984375,52094.19921875,52094.19921875,569300,0.01801557529025133,-0.03158391812859129,0.015561657638810678,0.09501065031543687,0.19145847071334376
2024-10-25,52361.1015625,52577.5,50382.1015625,50787.44921875,50787.44921875,1001200,-0.025084366773981737,-0.05659684473065896,-0.010958083586357747,0.05365854884031074,0.18712190217264268
2024-11-01,51061.3515625,52354.8515625,51012.55078125,51673.8984375,51673.8984375,1441200,0.017454100026404573,0.004116580140781867,0.0235596754944587,0.05621725349714546,0.19288979673694118
2024-11-08,51764.5,52493.94921875,50865.44921875,51561.19921875,51561.19921875,1102300,-0.0021809699317791864,0.007599784093399453,0.020672305971872307,0.08730496592942782,0.1766563148013014
2024-11-15,51562.69921875,52177.69921875,49904.3984375,50179.55078125,50179.55078125,633100,-0.026796282057721554,-0.036753582283896025,-0.014801637216088404,0.04289461767164826,0.1513309757543162
2024-11-22,50312.44921875,51271.5,49787.1015625,51135.3984375,51135.3984375,785300,0.019048549486161637,0.006851086717336807,-0.004198585470584826,0.04418372811692217,0.16829901944597414
2024-11-29,52046.3515625,52760.19921875,51759.44921875,52055.6015625,52055.6015625,1034800,0.017995422996942345,0.007386768495155627,0.029237683926858216,0.06270732337306595,0.1615872306097179
2024-12-06,52087.6484375,53888.30078125,51693.94921875,53509.5,53509.5,869700,0.027929721180042222,0.03778618051500837,0.030256222463344917,0.07441892969507569,0.13218865050146
2024-12-13,53380.75,53775.1015625,52264.55078125,53583.80078125,53583.80078125,584600,0.0013885530840318516,0.06784138054245048,-0.003892656330932831,0.07163315029898798,0.11300059741581747
2024-12-20,53502.5,53738.8984375,50609.3515625,50759.19921875,50759.19921875,725600,-0.05271372170912492,-0.007356923584154851,-0.05712160310199532,-0.017464666857865407,0.06879806848444558
2024-12-27,51044.3984375,51740.0,50951.80078125,51311.30078125,51311.30078125,392300,0.010876876920786094,-0.014298188070237972,-0.0029293430345556093,-0.01969631070024691,0.06251625843173603
2025-01-03,51255.3515625,51979.75,50485.05078125,50988.80078125,50988.80078125,785300,-0.00628516516030031,-0.04710750836300093,-0.0035859243613927116,-0.03174211207583977,0.05875954195996602
2025-01-10,50990.6484375,51026.1015625,48631.19921875,48734.1484375,48734.1484375,698400,-0.04421857955480879,-0.09050594159134351,-0.06449951878789284,-0.0678046038831095,0.021470382174653135
2025-01-17,48264.25,49459.0,47898.3515625,48540.6015625,48540.6015625,743100,-0.003971483676342813,-0.04370828717546971,-0.04424021467533157,-0.0712705850241786,0.06213089215653267
2025-01-24,48834.1484375,49650.6015625,48074.05078125,48367.80078125,48367.80078125,724000,-0.0035599225326349293,-0.057365530695639766,-0.06398003162561372,-0.0570834243657915,0.0780466446463064
2025-01-31,47881.6484375,49674.80078125,47844.1484375,49587.19921875,49587.19921875,1178800,0.025210954763374316,-0.02748841982993666,-0.03828460217973684,-0.034331920596018195,0.07866380967667852
2025-02-07,49074.80078125,50641.75,48906.05078125,50158.8515625,50158.8515625,764700,0.011528224073075855,0.02923418528236188,-0.00041250307003015685,-0.006450463756202396,0.09914200323648004
2025-02-14,50052.5,50155.6484375,48719.75,49099.44921875,49099.44921875,611100,-0.021120944972791933,0.011512994035115964,-0.03981486956121849,-0.02805891221733814,0.058523366245816
2025-02-21,48880.3984375,49628.25,48525.6015625,48981.19921875,48981.19921875,543200,-0.0024083773215697324,0.01268195840191666,-0.05905997148181552,-0.03832942849826326,0.0463441169951988
2025-02-28,48619.80078125,48972.55078125,48078.69921875,48344.69921875,48344.69921875,676800,-0.012994781878601813,-0.0250568699094863,-0.0965211930825367,-0.05854415262117585,0.022369849074540538
2025-03-07,48478.6015625,48839.1015625,47841.30078125,48497.5,48497.5,661500,0.0031606522270126725,-0.03312180224919803,-0.09492235912891411,-0.041112712599961965,0.013832719593759979
2025-03-14,48312.0,48599.1484375,47702.8984375,48060.3984375,48060.3984375,735400,-0.00901286793133671,-0.021162167759169237,-0.05316870287136222,-0.07465918118648107,0.031469581466940566
2025-03-21,48219.55078125,50672.1484375,48196.1015625,50593.55078125,50593.55078125,756700,0.05270768504019441,0.032917764126175086,-0.013988146647458954,-0.059480538134358385,0.07958818449761274
2025-03-28,50982.69921875,52063.94921875,50795.8984375,51564.8515625,51564.8515625,1105500,0.019198114507708475,0.06660817826540733,0.011297594225079921,-0.042156193835816036,0.0942236083229484
2025-04-04,51178.1484375,51893.6015625,50742.0,51502.69921875,51502.69921875,807000,-0.0012053238178076908,0.06196606461673282,0.056809257369102806,0.0007898720879349064,0.0620634995945375
2025-04-11,49336.1015625,51244.69921875,49156.94921875,51002.3515625,51002.3515625,680900,-0.009714979289237813,0.06121366490179758,0.05071527588775959,-0.0033211174044429637,0.050197124075761046
2025-04-18,52299.0,54407.19921875,51863.30078125,54290.19921875,54290.19921875,699200,0.06446462869895253,0.07306560580187593,0.12244506348934192,0.04215440553714478,0.14117017333632642
2025-04-25,54891.25,56098.69921875,54176.44921875,54664.05078125,54664.05078125,966700,0.006886170393179958,0.06010294075982303,0.10238230112783486,0.07632991264835587,0.1340842138344851
2025-05-02,54610.30078125,55957.75,54582.3515625,55115.3515625,55115.3515625,720200,0.0082558971536153,0.07014491276283996,0.09881605829479567,0.06659944825263109,0.12656073981496485
2025-05-09,55065.80078125,55345.5,53483.05078125,53595.25,53595.25,1088500,-0.027580365894540826,0.05083880170353661,0.0915651978338925,0.03944925277281608,0.13019833437151607
2025-05-16,54658.75,55499.6484375,54442.30078125,55354.8984375,55354.8984375,809200,0.03283217146109041,0.019611260118240548,0.13012542200702493,0.10313658802588987,0.15045521020886699
2025-05-23,55326.05078125,55695.55078125,54576.6015625,55398.25,55398.25,638100,0.0007831567525853345,0.013431116213616479,0.1459012238205084,0.08336400405113209,0.13123106465778744
2025-05-30,55534.8984375,55875.75,55037.8515625,55749.69921875,55749.69921875,831300,0.0063440491125621445,0.011509454957039589,0.14953758892210933,0.07096446002674117,0.13812177474269904
2025-06-06,55598.25,56695.0,55400.55078125,56578.3984375,56578.3984375,1063900,0.014864640174978572,0.05566068704782601,0.17723531799423609,0.05735240354516491,0.1360394377275116
2025-06-13,57049.5,57049.5,55149.30078125,55527.3515625,55527.3515625,766100,-0.018576822674842064,0.0031154085702951306,0.09751837348958059,0.03627123781652464,0.11050261114555426
2025-06-20,55554.1015625,56328.19921875,55381.44921875,56252.8515625,56252.8515625,623200,0.013065633054430759,0.01542650828320391,0.09091464162013208,0.10822968896878682,0.08887482664895119
2025-06-27,55832.3515625,57475.3984375,55779.25,57443.8984375,57443.8984375,732900,0.021173093308464175,0.030389387610905594,0.1153570455310633,0.11951748567814424,0.09746712144586822
2025-07-04,57529.94921875,57628.3984375,56623.6015625,57031.8984375,57031.8984375,879700,-0.0071722151735272854,0.008015426603157794,0.1182209582554481,0.11851813660367982,0.08301400855274621
2025-07-11,56938.69921875,57363.69921875,56607.75,56754.69921875,56754.69921875,497400,-0.004860424189697565,0.02210347912719257,0.045394933808768245,0.16457763269499015,0.0856139076189768
2025-07-18,56780.75,57276.55078125,56204.8515625,56283.0,56283.0,679900,-0.008311192293204206,0.0005359450527855358,0.029616341921468115,0.1595035534846232,0.0768650568901601
2025-07-25,56558.8984375,57316.6015625,56255.69921875,56528.8984375,56528.8984375,701200,0.004368964651848772,-0.015928584669362866,0.02564706265906791,0.16872997168425496,0.10201486274158311
2025-08-01,56215.1015625,56578.3984375,55547.3515625,55617.6015625,55617.6015625,712200,-0.016120902762815303,-0.02479834818316451,0.03773378354425061,0.12161207809191565,0.08310498128732902
2025-08-08,55557.5,55752.44921875,54905.6015625,55004.8984375,55004.8984375,547200,-0.011016352877271762,-0.030830940967649823,-0.006322837000508175,0.09661399182877273,0.08954032301993675
2025-08-15,54999.3515625,55582.1484375,54927.55078125,55341.8515625,55341.8515625,334200,0.0061258748688148845,-0.016721717703391814,-0.0010180544963063198,0.12713793012093833,0.09551166588284277
2025-08-22,55940.6015625,56156.30078125,55102.6015625,55149.3984375,55149.3984375,407500,-0.003477533179074288,-0.024403447407085332,-0.010767785112069328,0.12592993469193825,0.08277368376610927
2025-08-29,55147.75,55306.0,53606.44921875,53655.6484375,53655.6484375,441900,-0.027085517563584016,-0.03527575928989435,-0.051658408168422265,0.10985587467860802,0.0448803029639151
2025-09-05,53658.1484375,54450.55078125,53561.75,54114.55078125,54114.55078125,455500,0.008552731298822058,-0.016186697576792475,-0.02544333092601747,0.11582145020361878,0.06994700360852457
2025-09-12,54215.3984375,54852.25,54067.1484375,54809.30078125,54809.30078125,464000,0.012838506279178485,-0.009622930317908951,-0.025661824088084373,0.1404254347272338,0.05528220556626162
2025-09-19,54884.05078125,55835.25,54777.75,55458.8515625,55458.8515625,650300,0.01185110504953224,0.005611178612414003,-0.03455627018698537,0.09616444598415264,0.030963994853264287
2025-09-26,55429.30078125,55666.3515625,54310.94921875,54389.3515625,54389.3515625,747900,-0.01928456810532242,0.013674294251697416,-0.04633454167575901,0.05477568371503061,0.010310355539034255
2025-10-03,54460.3984375,55616.44921875,54226.6015625,55589.25,55589.25,755100,0.02206127491924903,0.027251436027091014,-0.020534849709237357,0.07934634190516876,0.08019888745385417
2025-10-10,55834.69921875,56760.25,55727.25,56609.75,56609.75,730900,0.01835786595429867,0.03284933748627439,0.005805483005525636,0.10994391955885607,0.10625766548965365
2025-10-17,56337.05078125,57830.19921875,56230.1484375,57713.3515625,57713.3515625,672800,0.019494902600700303,0.040651761377699325,0.020953055122939768,0.06305286024015477,0.10786522161813994
2025-10-24,57872.8515625,58577.5,57482.05078125,57699.6015625,57699.6015625,804400,-0.00023824643046610472,0.06086209717349034,0.03743419244104529,0.055531025196017936,0.1360996161468595
2025-10-31,57796.44921875,58469.8984375,57652.75,57776.3515625,57776.3515625,1091800,0.0013301651644312962,0.039343966009615094,0.05038556935341121,0.04828055930991315,0.11809546617391309
2025-11-07,57726.8515625,58247.55078125,57157.8515625,57876.80078125,57876.80078125,509200,0.0017385870868176223,0.02238220061473517,0.045805283834552846,0.07988675827148861,0.12248748396455755
2025-11-14,57846.19921875,58615.94921875,57594.25,58517.55078125,58517.55078125,628300,0.011070929825955034,0.013934370418240194,0.06107323813453891,0.05713410073944725,0.16616330497553133
2025-11-21,58696.30078125,59440.1015625,58605.30078125,58867.69921875,58867.69921875,694200,0.005983648201697944,0.020244466592801658,0.09713890211057996,0.06262741546438733,0.15121229163200445
2025-11-28,58996.8984375,59897.5,58649.5,59752.69921875,59752.69921875,705800,0.015033711385786797,0.03420686150651231,0.10418913870857716,0.07180307797344487,0.14786300465682944
2025-12-05,60102.05078125,60114.30078125,58925.69921875,59777.19921875,59777.19921875,724900,0.0004100233181150159,0.03283523643061592,0.09063969739967015,0.056537492569422865,0.117132457203861
2025-12-12,59672.05078125,59713.1484375,58799.8984375,59389.94921875,59389.94921875,578800,-0.006478222550757029,0.014908321107990341,0.07088314210437274,0.06956207252028523,0.10835641281220365
2025-12-19,59053.69921875,59533.0,58712.69921875,59069.19921875,59069.19921875,657700,-0.005400745483357561,0.0034229297674983616,0.08604345376083922,0.050065864716580366,0.163714166651596
2025-12-26,59224.75,59478.1484375,58947.05078125,59011.3515625,59011.3515625,362000,-0.000979320136637929,-0.012406931669078025,0.06156049168679201,0.02728667739543167,0.1500653981483886
2026-01-02,59007.05078125,60203.75,58737.6015625,60150.94921875,60150.94921875,847400,0.01931149899258,0.006252383933751826,0.06255458147668902,0.05468958366637744,0.17968942781782737
2026-01-09,60360.3984375,60437.3515625,59154.19921875,59251.55078125,59251.55078125,1575600,-0.014952356516090393,-0.002330334329639472,0.026652398051848047,0.04399374143234147,0.21581175994566193
2026-01-16,59217.25,60235.1484375,58864.19921875,60095.1484375,60095.1484375,1306200,0.014237562479410215,0.017368598733675356,0.04151756355553249,0.06773179179325917,0.23803880675278766
2026-01-23,60093.30078125,60107.5,58278.6015625,58473.1015625,58473.1015625,1844800,-0.026991311564642517,-0.009121126456999251,0.012059432296383177,0.0343930835154973,0.20892619920745625
2026-01-30,58366.05078125,60060.69921875,58121.6015625,59610.44921875,59610.44921875,1613300,0.019450783793883764,-0.008985726859178422,0.029954116573451595,0.07179107951577257,0.2021338199760634
2026-02-06,58239.30078125,61764.8515625,57829.8515625,60120.55078125,60120.55078125,1111400,0.008557250770382607,0.014666282798373453,0.027393490988580904,0.09300357766431877,0.19860301638559874
2026-02-13,60805.19921875,60876.19921875,60073.55078125,60186.6484375,60186.6484375,1218000,0.0010994186744976986,0.001522585472854887,0.02240531286688885,0.08754309330486643,0.22581107110496967
2026-02-20,59947.80078125,61678.80078125,59861.1015625,61172.0,61172.0,1061100,0.016371597157851747,0.046156238772715685,0.023752914927810176,0.10920520863569028,0.24888734811914048
2026-02-27,61145.55078125,61517.80078125,60438.94921875,60529.0,60529.0,2723100,-0.010511345059831312,0.015409224276757838,0.012576714718580906,0.1281011741104261,0.25202971531829177
2026-03-06,59204.30078125,60177.5,57696.3984375,57783.25,57783.25,1280600,-0.04536255348675844,-0.03887690233834218,-0.027053385966572807,0.06779506003071467,0.19146863240373224
2026-03-13,56121.3984375,57097.05078125,53675.69921875,53757.8515625,53757.8515625,1620700,-0.06966375961026772,-0.10681433576876931,-0.08991738040295028,-0.01918377362532775,0.11854777135086048
2026-03-20,53721.5,55554.1484375,53240.6015625,53427.05078125,53427.05078125,1689300,-0.006153534258440452,-0.1266093836845289,-0.09463095884756278,-0.03663618564045157,0.05600516184861437
2026-03-27,52576.1015625,54146.1484375,51323.6015625,52274.6015625,52274.6015625,1739500,-0.021570519089076257,-0.13637096990698672,-0.13094303179832145,-0.03888169171441391,0.013764220752962686
2026-04-03,51527.8984375,52025.8515625,49954.8515625,51548.75,51548.75,1274200,-0.01388535810516256,-0.10789458882980796,-0.1300016738749652,-0.0726849165980833,0.0008941430633451208
2026-04-10,51747.6015625,55978.5,51111.1015625,55912.75,55912.75,1658100,0.08465772690899387,0.040085278240605815,-0.06959627434566984,-0.012312366685950704,0.09627788302040607
2026-04-17,54646.0,56834.25,54356.19921875,56565.69921875,56565.69921875,1264400,0.01167800222221227,0.058746428852133104,-0.032620167098734054,-0.01988538722287103,0.04191364247589857
2026-04-24,56704.05078125,57456.30078125,55750.3984375,56089.75,56089.75,1716900,-0.008414095915431297,0.07298283149874552,-0.0590617796861459,-0.027900566362771384,0.026081111779572286
2026-05-01,56162.6015625,56474.94921875,54440.25,54863.3515625,54863.3515625,1140200,-0.02186492964400799,0.0643003285724677,-0.08744429567650569,-0.050418552248818305,-0.004572228841074111
2026-05-08,54937.8984375,56334.1484375,54221.6484375,55310.55078125,55310.55078125,2208700,0.008151146548904364,-0.010770338049013839,-0.08101626827274688,-0.04433987306415477,0.032004716486069285
2026-05-15,54832.44921875,55002.44921875,53191.6015625,53710.3515625,53710.3515625,1784000,-0.02893117490510433,-0.05047842943137404,-0.12197816709442233,-0.0821496996126897,-0.029709148086629056
2026-05-22,53282.1484375,54213.05078125,52783.44921875,54055.3515625,54055.3515625,1315800,0.00642334280010326,-0.03627041371195272,-0.10695118765385192,-0.08174852627359375,-0.024240809727744117
2026-05-29,54610.55078125,55536.80078125,54116.1484375,54239.19921875,54239.19921875,1894400,0.0034011000009395165,-0.011376489513932997,-0.061333531451588486,-0.09227198222151445,-0.027094316582285338
2026-06-05,54403.8515625,54865.5,53027.1484375,54496.25,54496.25,1711100,0.004739206790522532,-0.014722340850853444,0.013735638907397929,-0.088343871706414,-0.036801120127146536
2026-06-12,53853.44921875,56867.1015625,53843.30078125,56814.80078125,56814.80078125,1729100,0.042545143587861656,0.057799830543605824,0.06340889026180196,-0.04336000403056417,0.02318585674486706
2026-06-19,57679.6484375,58021.25,57076.25,57685.75,57685.75,2004900,0.01532961845810843,0.06716075897318796,0.10351391069007732,-0.023420822307522626,0.02547245868785808
2026-06-26,57906.8984375,58706.05078125,57074.8984375,58177.05078125,58177.05078125,1140400,0.00851684829008903,0.07260158002367256,0.12858315247702423,-0.014137971070979027,0.012762928068812851
2026-07-03,58191.44921875,58396.1015625,57456.6484375,57938.5,57938.5,1788600,-0.004100427540525753,0.06316489666720182,0.036230555642496665,-0.03678161770488475,0.0158963946026367
2026-07-10,57983.8984375,58581.1015625,56549.3984375,58045.8984375,58045.8984375,1318400,0.0018536627199530198,0.021668608167614734,0.026167787885478022,-0.02034803018407283,0.022750525269693123
2026-07-17,57616.69921875,58596.8515625,57286.8984375,58521.3984375,58521.3984375,1071400,0.008191793267046998,0.014486219516951726,0.043352812902535565,-0.026187638119185785,0.039770418021427334
2026-07-24,57738.25,58228.6484375,56023.6015625,56693.5,56693.5,1574500,-0.03123470194329292,-0.02550061856569974,0.033358305414774136,-0.030434533399905983,0.0029118126666132227
2026-07-31,57116.80078125,57411.25,56672.3984375,57264.8515625,57264.8515625,1218900,0.010077902449134424,-0.011626956816279344,0.03533323667267663,-0.039348766650666556,0.029617422429640605
2026-08-07,57569.6015625,58247.94921875,57352.6484375,57746.44921875,57746.44921875,953500,0.008410004446171904,-0.005158835108262205,0.07514561977039746,-0.039489018840466406,0.049841938793235396
2026-08-14,57812.30078125,58015.8515625,57158.1015625,57491.1015625,57491.1015625,893600,-0.0044218763180177145,-0.017605472570863867,0.06355984931533576,-0.044786459206133666,0.03883588892165557
2026-08-21,57418.30078125,57772.44921875,57001.75,57761.94921875,57761.94921875,707500,0.004711123093641856,0.01884606204855932,0.06494841462892054,-0.05574528838766102,0.04737224439919796
2026-08-28,57828.1484375,58012.3984375,57231.25,57496.30078125,57496.30078125,876700,-0.0045990213469764285,0.00404173262367391,0.055050591210404454,-0.05010324338333694,0.07157964642294323
2026-09-04,57353.75,58024.94921875,56823.19921875,57369.6484375,57369.6484375,1053000,-0.002202791171415752,-0.006525090050517823,0.009765899882079765,-0.00715781065447163,0.06015198517323461
2026-09-11,57343.30078125,57426.8515625,55699.44921875,56606.55078125,56606.55078125,1003400,-0.013301417683975192,-0.015385872895275488,-0.018708246295662256,0.05299131449548433,0.03279096748876653
2026-09-18,56884.25,56996.3515625,55794.75,56055.75,56055.75,776500,-0.009730336394784267,-0.029538463327968056,-0.036462844932209526,0.04920165310102664,0.010762906563748675
