Date,Open,High,Low,Close,Adj Close,Volume,Return_1W,Return_4W,Return_12W,Return_26W,Return_52W
2007-09-21,4518.4501953125,4855.7001953125,4481.5498046875,4837.5498046875,4837.5498046875,0,,,,,
2007-09-28,4837.14990234375,5055.7998046875,4837.14990234375,5021.35009765625,5021.35009765625,0,0.03799450142934968,,,,
2007-10-05,5021.5,5261.35009765625,5001.35009765625,5185.85009765625,5185.85009765625,0,0.032760113674762836,,,,
2007-10-12,5186.25,5549.2998046875,5000.9501953125,5428.25,5428.25,0,0.0467425586507606,,,,
2007-10-19,5428.35009765625,5736.7998046875,5101.75,5215.2998046875,5215.2998046875,0,-0.03922999038594388,0.07808705134859117,,,
2007-10-26,5202.75,5716.89990234375,5070.89990234375,5702.2998046875,5702.2998046875,0,0.09337909961806701,0.13561088029872437,,,
2007-11-02,5708.89990234375,6011.9501953125,5708.89990234375,5932.39990234375,5932.39990234375,0,0.04035215711862428,0.14395900202069156,,,
2007-11-09,5931.89990234375,5957.2001953125,5646.75,5698.75,5698.75,0,-0.03938539312756717,0.049831897941325476,,,
2007-11-16,5660.60009765625,5966.9501953125,5477.5,5906.85009765625,5906.85009765625,0,0.036516797132046586,0.13260029506782844,,,
2007-11-23,5908.0498046875,5981.7998046875,5394.35009765625,5608.60009765625,5608.60009765625,0,-0.05049222429367917,-0.016431915234310424,,,
2007-11-30,5611.2998046875,5782.5498046875,5595.5,5762.75,5762.75,0,0.02748455936592209,-0.028597179073636902,,,
2007-12-07,5765.4501953125,6042.10009765625,5754.60009765625,5974.2998046875,5974.2998046875,0,0.03670987023339545,0.048352674654529526,,,
2007-12-14,5974.0,6185.39990234375,5923.35009765625,6047.7001953125,6047.7001953125,0,0.01228602397345524,0.02384521281691865,0.25015771195831116,,
2007-12-21,6037.9501953125,6039.9501953125,5676.7001953125,5766.5,5766.5,0,-0.046497046187979785,0.028153175408197395,0.1483963252615177,,
2007-12-28,5771.2998046875,6110.85009765625,5771.2998046875,6079.7001953125,6079.7001953125,0,0.05431374235888331,0.0549998169819097,0.17236327329635426,,
2008-01-04,6095.0,6300.0498046875,6060.85009765625,6274.2998046875,6274.2998046875,0,0.03200809301830998,0.050215089601733265,0.15586050839358911,,
2008-01-11,6271.0,6357.10009765625,6112.5498046875,6200.10009765625,6200.10009765625,0,-0.01182597410723274,0.025199645720181962,0.18882908554626399,,
2008-01-18,6208.7998046875,6260.4501953125,5677.0,5705.2998046875,5705.2998046875,0,-0.07980521042810151,-0.010613057367987566,0.0005261035201153952,,
2008-01-25,5705.0,5705.0,4448.5,5383.35009765625,5383.35009765625,0,-0.056429936734741726,-0.1145369138749871,-0.09255104405058456,,
2008-02-01,5380.9501953125,5391.60009765625,5071.0,5317.25,5317.25,0,-0.012278617674341463,-0.15253491775647898,-0.06694450537398555,,
2008-02-08,5315.5498046875,5545.2001953125,5034.25,5120.35009765625,5120.35009765625,0,-0.03703040149395831,-0.17415041418575883,-0.13315049256321432,,
2008-02-15,5120.5498046875,5315.39990234375,4803.60009765625,5302.89990234375,5302.89990234375,0,0.035651820911827725,-0.07053089515350908,-0.054505614590037776,,
2008-02-22,5304.4501953125,5368.4501953125,5092.7998046875,5110.75,5110.75,0,-0.03623487259467684,-0.05063763134686927,-0.11314042774716937,,
2008-02-29,5112.25,5368.14990234375,5055.14990234375,5223.5,5223.5,0,0.022061341290417147,-0.017631294372090878,-0.12567159821782203,,
2008-03-07,5222.7998046875,5222.7998046875,4672.25,4771.60009765625,4771.60009765625,0,-0.08651285581387003,-0.06811057707941381,-0.21100584626290497,,
2008-03-14,4767.7998046875,5019.2001953125,4580.14990234375,4745.7998046875,4745.7998046875,0,-0.00540705265334851,-0.10505574457666556,-0.17700514962498914,,
2008-03-21,4745.4501953125,4745.4501953125,4468.5498046875,4573.9501953125,4573.9501953125,0,-0.036210884665902165,-0.10503346958616644,-0.24766846252730457,-0.05449031431564311,
2008-03-28,4576.7998046875,4970.7998046875,4539.7998046875,4942.0,4942.0,0,0.0804665090286043,-0.0538910692064708,-0.21234238818045403,-0.015802542366700756,
2008-04-04,4942.14990234375,4947.0,4628.75,4647.0,4647.0,0,-0.0596924322136787,-0.02611285420114151,-0.2504959715478384,-0.10390776584533057,
2008-04-11,4631.35009765625,4817.39990234375,4628.7998046875,4777.7998046875,4777.7998046875,0,0.02814714970679999,0.006742804441180361,-0.16256814396291008,-0.11982686783263485,
2008-04-18,4779.9501953125,4984.9501953125,4708.2998046875,4958.39990234375,4958.39990234375,0,0.037799846171675755,0.08405200988529438,-0.07893787095465155,-0.04925889440005904,
2008-04-25,4955.89990234375,5117.7001953125,4955.89990234375,5111.7001953125,5111.7001953125,0,0.030917291059215923,0.0343383640858963,-0.038657163888758284,-0.10357217782367478,
2008-05-02,5112.5,5298.85009765625,5079.14990234375,5228.2001953125,5228.2001953125,0,0.022790851487501484,0.12506997962395094,0.021063031941041865,-0.11870401837762778,
2008-05-09,5227.25,5254.5,4969.39990234375,4982.60009765625,4982.60009765625,0,-0.04697603161341257,0.04286497997840355,-0.06040087698919894,-0.12566789249287125,
2008-05-16,4981.0,5167.39990234375,4913.7998046875,5157.7001953125,5157.7001953125,0,0.035142314097937444,0.040194477431024556,0.009186556828743253,-0.12682730896472239,
2008-05-23,5157.0,5160.0498046875,4940.7001953125,4946.5498046875,4946.5498046875,0,-0.0409388647321729,-0.03230830923465444,-0.05302004313439268,-0.11804198577919844,
2008-05-30,4953.60009765625,4957.39990234375,4801.89990234375,4870.10009765625,4870.10009765625,0,-0.015455157645194229,-0.06849395284773441,0.02064297048874275,-0.1548999873920871,
2008-06-06,4869.25,4908.7998046875,4536.25,4627.7998046875,4627.7998046875,0,-0.049752630974742695,-0.07120786055771233,-0.02486409137685275,-0.22538206049577925,
2008-06-13,4626.4501953125,4626.4501953125,4369.7998046875,4517.10009765625,4517.10009765625,0,-0.023920591145520698,-0.12420266269808589,-0.012429102904205513,-0.2530879587653171,
2008-06-20,4536.2998046875,4679.75,4333.60009765625,4347.5498046875,4347.5498046875,0,-0.03753520827592971,-0.1210945049885821,-0.12028534911220157,-0.24606783929810105,
2008-06-27,4351.14990234375,4351.14990234375,4093.199951171875,4136.64990234375,4136.64990234375,0,-0.048510060107042174,-0.15060269411412608,-0.10982356308505492,-0.31959639958346275,
2008-07-04,4136.25,4163.0,3848.25,4016.0,4016.0,0,-0.02916608975668744,-0.13220100922857725,-0.1594457356585134,-0.35992857768771824,
2008-07-11,4002.0,4215.5,3896.050048828125,4049.0,4049.0,0,0.008217131474103523,-0.10362845355123507,-0.1834059213162481,-0.34694602728581825,
2008-07-18,4047.449951171875,4118.10009765625,3790.199951171875,4092.25,4092.25,0,0.01068164979007169,-0.05872268660665769,-0.19943466094653794,-0.28272831576041124,
2008-07-25,4092.199951171875,4539.4501953125,4072.75,4311.85009765625,4311.85009765625,0,0.05366243451799124,0.04235316003252643,-0.17527065977271317,-0.19903962784558615,
2008-08-01,4282.25,4422.9501953125,4159.14990234375,4413.5498046875,4413.5498046875,0,0.023586095232422277,0.09899148523095125,-0.11420749845776779,-0.16995631112182052,
2008-08-08,4426.10009765625,4615.89990234375,4362.89990234375,4529.5,4529.5,0,0.026271414268250082,0.11867127685848367,-0.12179850932076863,-0.11539251933704708,
2008-08-15,4529.35009765625,4649.85009765625,4421.25,4430.7001953125,4430.7001953125,0,-0.02181251897284464,0.0827051610513776,-0.10428472970921376,-0.16447598919333917,
2008-08-22,4430.7001953125,4447.39990234375,4248.0,4327.4501953125,4327.4501953125,0,-0.02330331447594547,0.0036179591829339497,-0.11142479445235676,-0.1532651381279656,
2008-08-29,4317.9501953125,4398.7998046875,4201.85009765625,4360.0,4360.0,0,0.007521705211710472,-0.012133046426852645,-0.05786762954098523,-0.16531061548769976,
2008-09-05,4356.10009765625,4522.39990234375,4281.35009765625,4352.2998046875,4352.2998046875,0,-0.0017660998423164598,-0.03912135893862456,-0.03648364866969822,-0.08787414795609239,
2008-09-12,4358.2998046875,4558.0,4200.14990234375,4228.4501953125,4228.4501953125,0,-0.02845613007670378,-0.045647412617529914,-0.02739465094720428,-0.10901210136677186,
2008-09-19,4231.9501953125,4262.64990234375,3799.550048828125,4245.25,4245.25,0,0.003973040691391816,-0.018995064438070086,0.0262531517580733,-0.07186352742742153,-0.12243797554571367
2008-09-26,4248.9501953125,4303.25,3970.35009765625,3985.25,3985.25,0,-0.06124492079382837,-0.08595183486238533,-0.0076568725099601664,-0.19359571023876976,-0.20633894819241083
2008-10-03,3990.199951171875,4000.5,3715.050048828125,3818.300048828125,3818.300048828125,0,-0.04189196441173704,-0.12269369754451387,-0.056977019306464594,-0.17833009493692165,-0.26370797903437093
2008-10-10,3817.300048828125,3820.85009765625,3198.949951171875,3279.949951171875,3279.949951171875,0,-0.1409920883041853,-0.22431392125467065,-0.19849717119631616,-0.31350201237943964,-0.3957629160094184
2008-10-17,3272.89990234375,3648.25,3046.60009765625,3074.35009765625,3074.35009765625,0,-0.0626838386488694,-0.27581412221747836,-0.286999773176868,-0.3799713298229419,-0.4105132566122026
2008-10-24,3108.199951171875,3254.85009765625,2525.050048828125,2584.0,2584.0,0,-0.15949715617296534,-0.3516090584028605,-0.41453022751536406,-0.49449304511841996,-0.5468495013405192
2008-10-31,2583.75,2921.35009765625,2252.75,2885.60009765625,2885.60009765625,0,0.11671830404653627,-0.24427099474755265,-0.3629318693771387,-0.44807008342117016,-0.5135863823819062
2008-11-07,2885.39990234375,3240.550048828125,2860.10009765625,2973.0,2973.0,0,0.030288293382973785,-0.09358373016094546,-0.3289999618693874,-0.4033235777042472,-0.4783066461943408
2008-11-14,2973.300048828125,3161.25,2778.800048828125,2810.35009765625,2810.35009765625,0,-0.05470901525185001,-0.08587180757365986,-0.3505759810475866,-0.4551156540253357,-0.5242218693223051
2008-11-21,2813.39990234375,2835.699951171875,2502.89990234375,2693.449951171875,2693.449951171875,0,-0.04159629313866142,0.042356792249177655,-0.3822362497312213,-0.4554891676983661,-0.5197643076215351
2008-11-28,2690.85009765625,2790.699951171875,2633.800048828125,2755.10009765625,2755.10009765625,0,0.022888914812600136,-0.04522456181852608,-0.3669783284026158,-0.43428265489201134,-0.5219122645167238
2008-12-05,2755.14990234375,2832.85009765625,2570.699951171875,2714.39990234375,2714.39990234375,0,-0.014772673902891387,-0.08698287845820718,-0.35806269981544747,-0.41345779486953316,-0.5456538856295758
2008-12-12,2714.699951171875,2945.300048828125,2714.699951171875,2921.35009765625,2921.35009765625,0,0.07624160136972025,0.03949685844926254,-0.3118544025307697,-0.35326868245137477,-0.5169485914793605
2008-12-19,2917.89990234375,3106.800048828125,2917.89990234375,3077.5,3077.5,0,0.0534512801012883,0.1425866660938071,-0.22777742927043476,-0.2921300184573252,-0.46631405531951786
2008-12-26,3077.25,3110.449951171875,2844.800048828125,2857.25,2857.25,0,-0.07156783103168152,0.037076657371051036,-0.2516957904141349,-0.30928406622442606,-0.5300343917940289
2009-01-02,2857.14990234375,3079.85009765625,2812.89990234375,3046.75,3046.75,0,0.06632251290576607,0.12243962187343227,-0.07109863096799884,-0.24134711155378485,-0.5144079666509103
2009-01-09,3058.75,3147.199951171875,2810.25,2873.0,2873.0,0,-0.05702798063510295,-0.016550600249877756,-0.06549354863967849,-0.29044208446530007,-0.5366203843892705
2009-01-16,2868.85009765625,2869.199951171875,2701.75,2828.449951171875,2828.449951171875,0,-0.015506456257614043,-0.0809260922268481,0.09460137429252136,-0.30882767397596067,-0.5042416616129431
2009-01-23,2828.699951171875,2868.199951171875,2661.64990234375,2678.550048828125,2678.550048828125,0,-0.05299719101681255,-0.06254263756124767,-0.07175285618970406,-0.3787933281159106,-0.502438072902915
2009-01-30,2686.050048828125,2881.0,2685.25,2874.800048828125,2874.800048828125,0,0.07326725146907753,-0.056437171140354514,-0.0330305923887908,-0.3486422095486754,-0.45934457683424235
2009-02-06,2872.35009765625,2873.449951171875,2752.89990234375,2843.10009765625,2843.10009765625,0,-0.011026836869853618,-0.01040720582796728,0.011653352380300408,-0.37231480347582513,-0.4447449796533193
2009-02-13,2843.050048828125,2969.75,2840.14990234375,2948.35009765625,2948.35009765625,0,0.03701944932813461,0.042390761213469075,0.09463704583538757,-0.33456339456786444,-0.44401173849177267
2009-02-20,2948.25,2953.199951171875,2709.300048828125,2736.449951171875,2736.449951171875,0,-0.07187075464776793,0.02161613607671109,-0.0067693172020285575,-0.3676530456350482,-0.46456978894059087
2009-02-27,2737.25,2797.800048828125,2677.550048828125,2763.64990234375,2763.64990234375,0,0.009939867951988868,-0.0386636095020535,0.018143973538119917,-0.3661353434991399,-0.47091990000119655
2009-03-06,2764.60009765625,2764.60009765625,2539.449951171875,2620.14990234375,2620.14990234375,0,-0.051924087735679914,-0.07841799010041617,-0.10310308085092157,-0.39798496888431156,-0.4508865268003631
2009-03-13,2620.10009765625,2726.14990234375,2555.60009765625,2719.25,2719.25,0,0.03782230076516013,-0.07770450932484918,-0.11640942323314374,-0.35691568437664045,-0.4270196569787552
2009-03-20,2716.050048828125,2836.050048828125,2701.949951171875,2807.050048828125,2807.050048828125,0,0.03228833274914966,0.025799886318409015,-0.017569324060503932,-0.33877862344311294,-0.38629632397290614
2009-03-27,2807.25,3123.35009765625,2807.25,3108.64990234375,3108.64990234375,0,0.10744370362813283,0.12483491476522346,0.020316698890210816,-0.2199611310849382,-0.3709733099263962
2009-04-03,3108.75,3228.75,2962.39990234375,3211.050048828125,3211.050048828125,0,0.03294039203551713,0.22552150392456904,0.11766447923011669,-0.15903674206702823,-0.30900579969267805
2009-04-10,3211.35009765625,3401.14990234375,3149.25,3342.050048828125,3342.050048828125,0,0.040796623536842214,0.22903375887767763,0.18158359049042283,0.018933245500914575,-0.30050437744393577
2009-04-17,3342.199951171875,3511.25,3311.800048828125,3384.39990234375,3384.39990234375,0,0.012671819062217482,0.20567850357946216,0.26351938199715064,0.10085051956960545,-0.31744111628753413
2009-04-24,3384.75,3491.35009765625,3296.89990234375,3480.75,3480.75,0,0.028468886785372405,0.11969829647774333,0.2107798597745547,0.3470394736842106,-0.31906217755260846
2009-05-01,3481.300048828125,3517.25,3351.5,3473.949951171875,3473.949951171875,0,-0.001953615981649115,0.08187349880756156,0.22188802076848257,0.20389168062251461,-0.33553616514406825
2009-05-08,3478.699951171875,3717.050048828125,3478.699951171875,3620.699951171875,3620.699951171875,0,0.04224298048695152,0.08337693878685548,0.22804274636519595,0.217860730296628,-0.27333121659211523
2009-05-15,3615.75,3709.60009765625,3534.199951171875,3671.64990234375,3671.64990234375,0,0.01407185126052335,0.08487472174936395,0.3417566437754065,0.3064742024154923,-0.2881226586840633
2009-05-22,3673.14990234375,4509.39990234375,3673.14990234375,4238.5,4238.5,0,0.15438566114225893,0.21769733534439406,0.5336602499489838,0.5736323588102685,-0.14314013456743746
2009-05-29,4238.10009765625,4488.0498046875,4092.25,4448.9501953125,4448.9501953125,0,0.04965204560870595,0.28066041763547167,0.6979754445853918,0.6148052838795948,-0.08647664193728377
2009-06-05,4450.39990234375,4636.85009765625,4450.39990234375,4586.89990234375,4586.89990234375,0,0.031007249120611924,0.26685446576680705,0.6868253755056541,0.6898394000026262,-0.008837872006114522
2009-06-12,4582.35009765625,4693.2001953125,4365.10009765625,4583.39990234375,4583.39990234375,0,-0.0007630425940211572,0.24832160588567986,0.6328173073569556,0.5689320858944413,0.014677515054824841
2009-06-19,4584.64990234375,4601.0498046875,4206.7001953125,4313.60009765625,4313.60009765625,0,-0.05886455697429682,0.017718555539990577,0.3876120609155873,0.4016572210093421,-0.007808928834960205
2009-06-26,4314.2001953125,4383.75,4143.25,4375.5,4375.5,0,0.014349939943988366,-0.016509556656734148,0.3626383685912469,0.5313675737159858,0.05773998363287203
2009-07-03,4375.39990234375,4439.9501953125,4249.7001953125,4424.25,4424.25,0,0.011141583818992107,-0.03545965811476315,0.323813209066496,0.4521211126610323,0.10165587649402386
2009-07-10,4429.60009765625,4479.7998046875,3976.800048828125,4003.89990234375,4003.89990234375,0,-0.09501047582217326,-0.1264345272826115,0.18304574455606937,0.39363031755786637,-0.011138576847678494
2009-07-17,4003.39990234375,4390.39990234375,3918.75,4374.9501953125,4374.9501953125,0,0.09267222009010512,0.014222481515981045,0.2568987130108453,0.5467659922707431,0.06908184869265077
2009-07-24,4377.89990234375,4578.75,4377.89990234375,4568.5498046875,4568.5498046875,0,0.044251843045534756,0.04412062728545307,0.3150879744673296,0.7056055408358923,0.05953354156972712
2009-07-31,4568.64990234375,4669.75,4420.7998046875,4636.4501953125,4636.4501953125,0,0.01486256985867418,0.04796297571622299,0.2805397458609813,0.6127904955346335,0.050503653632335554
2009-08-07,4633.7998046875,4731.4501953125,4463.9501953125,4481.39990234375,4481.39990234375,0,-0.0334415957116303,0.11925872565407736,0.2205411794526233,0.5762371173769281,-0.01061929521056404
2009-08-14,4486.5,4619.0,4359.39990234375,4580.0498046875,4580.0498046875,0,0.022013188845779297,0.046880444397916055,0.08058270725197603,0.5534280709500365,0.033707902315982974
2009-08-21,4578.7998046875,4578.7998046875,4353.4501953125,4528.7998046875,4528.7998046875,0,-0.011189834649297459,-0.008700791651480966,0.017947966569536122,0.6549909135915524,0.04652846371128705
2009-08-28,4536.9501953125,4743.75,4536.9501953125,4732.35009765625,4732.35009765625,0,0.044945747603607256,0.020683906502588112,0.03170991266632606,0.7123551335655496,0.0854013985450115
2009-09-04,4730.85009765625,4735.89990234375,4576.60009765625,4680.39990234375,4680.39990234375,0,-0.010977673722455394,0.04440576702291721,0.02116332898431983,0.7863099733939214,0.07538545421500631
2009-09-11,4682.39990234375,4889.0498046875,4679.2998046875,4829.5498046875,4829.5498046875,0,0.031866914250011424,0.054475390146335734,0.11960999984944953,0.7760595034246576,0.1421560102662096
2009-09-18,4830.35009765625,5003.0498046875,4786.25,4976.0498046875,4976.0498046875,0,0.03033409032407297,0.09875684933943818,0.1372528407467717,0.7726972152722675,0.1721452929008893
2009-09-25,4977.10009765625,5036.2998046875,4904.0498046875,4958.9501953125,4958.9501953125,0,-0.003436382280356587,0.04788320664789292,0.12085668651466341,0.5952102523908291,0.24432600095665258
2009-10-02,4959.14990234375,5110.5,4959.10009765625,5083.39990234375,5083.39990234375,0,0.025095978408673503,0.08610375361263345,0.26961213475094525,0.5830958175812115,0.33132541637315716
2009-10-09,5076.0498046875,5077.0,4921.0498046875,4945.2001953125,4945.2001953125,0,-0.02718647159109633,0.023946412254150617,0.13034434097352454,0.47969064587961885,0.5077059921434646
2009-10-16,4945.4501953125,5152.25,4945.4501953125,5142.14990234375,5142.14990234375,0,0.03982643760669924,0.033379910606960106,0.1255540865654381,0.5193682929676042,0.6725973747309717
2009-10-23,5145.60009765625,5181.9501953125,4968.4501953125,4997.0498046875,4997.0498046875,0,-0.028217788359323093,0.007682998996645374,0.07777493431064353,0.43562445010055306,0.9338428036716331
2009-10-30,4997.14990234375,5033.75,4687.5,4711.7001953125,4711.7001953125,0,-0.05710361523860075,-0.0731202962922265,0.0513902570596978,0.3562947830388552,0.6328320057721963
2009-11-06,4712.25,4836.2001953125,4538.5,4796.14990234375,4796.14990234375,0,0.01792340419181726,-0.030140396158285565,0.047182914350643035,0.32464715856706916,0.6132357559178438
2009-11-13,4796.14990234375,5017.89990234375,4789.89990234375,4998.9501953125,4998.9501953125,0,0.042283977168780185,-0.027848217136956843,0.10381346292639715,0.3614996876803218,0.7787642185510903
2009-11-20,4996.5,5079.2998046875,4932.7998046875,5052.4501953125,5052.4501953125,0,0.01070224705382472,0.011086619663672748,0.06764083194410819,0.19203732341925206,0.8758285050421166
2009-11-27,5052.9501953125,5138.0,4806.7001953125,4941.75,4941.75,0,-0.021910200206466945,0.048825221289836795,0.055839266539035926,0.11076766047116537,0.7936734872914135
2009-12-04,4942.25,5181.0,4942.25,5108.89990234375,5108.89990234375,0,0.03382403042318005,0.06520855402104253,0.05784185047333312,0.11380235259402016,0.8821470992289926
2009-12-11,5108.85009765625,5182.5498046875,5051.5498046875,5117.2998046875,5117.2998046875,0,0.0016441704680680846,0.023674892677661763,0.02838596990467024,0.11648555956697937,0.7516900178424433
2009-12-18,5117.4501953125,5156.7001953125,4979.0498046875,4987.7001953125,4987.7001953125,0,-0.025325780063987113,-0.01281556423061292,0.005797598053550956,0.1562732015938415,0.6206986824735987
2009-12-25,4983.64990234375,5197.89990234375,4943.9501953125,5178.39990234375,5178.39990234375,0,0.03823399554176721,0.047887874203217384,0.018688279856990953,0.18349900636355843,0.8123720018702423
2010-01-01,5180.75,5221.85009765625,5160.10009765625,5201.0498046875,5201.0498046875,0,0.004373919119977421,0.018037132084242957,0.051736956901667464,0.17557773739899418,0.7070812520513663
2010-01-08,5200.89990234375,5310.85009765625,5167.10009765625,5244.75,5244.75,0,0.008402187433989683,0.02490575111424076,0.019952762872487595,0.30991036937009775,0.8255308040375913
2010-01-15,5263.7998046875,5300.5,5169.5498046875,5252.2001953125,5252.2001953125,0,0.0014205053267553058,0.05303045284249053,0.05106020564086733,0.20051656838057763,0.8569182011286514
2010-01-22,5253.64990234375,5292.5,4954.85009765625,5036.0,5036.0,0,-0.04116373848534083,-0.027498823001155137,0.06882861626258263,0.10231916369454463,0.8801216733670023
2010-01-29,5034.5498046875,5035.7001953125,4766.0,4882.0498046875,4882.0498046875,0,-0.030569935526707726,-0.06133377144600649,0.017910178808584254,0.05297147581209938,0.6982223882588301
2010-02-05,4882.0498046875,4951.14990234375,4692.35009765625,4718.64990234375,4718.64990234375,0,-0.033469527940264254,-0.10030985226297728,-0.05607183148805661,0.0529410463627491,0.659684759686666
2010-02-12,4755.35009765625,4843.7998046875,4675.39990234375,4826.85009765625,4826.85009765625,0,0.022930329130533167,-0.08098512658292567,-0.04465162226943964,0.053885940872555604,0.6371360041310181
2010-02-19,4827.89990234375,4929.7001953125,4783.89990234375,4844.89990234375,4844.89990234375,0,0.0037394583055860853,-0.03794680255286931,-0.019598340194516117,0.06979776348892108,0.7705055779547287
2010-02-26,4849.35009765625,4992.0,4833.14990234375,4922.2998046875,4922.2998046875,0,0.01597554209660923,0.008244487788992672,-0.036524516280040165,0.040138557611222536,0.781086598745043
2010-03-05,4935.60009765625,5118.64990234375,4935.35009765625,5088.7001953125,5088.7001953125,0,0.0338054156040104,0.07842291770469045,-0.005588808642558396,0.08723619807877747,0.9421408640630093
2010-03-12,5092.14990234375,5158.10009765625,5092.0498046875,5137.0,5137.0,0,0.009491579938623929,0.06425513452227327,0.02993359641540083,0.06366021839428848,0.8891238392939229
2010-03-19,5134.4501953125,5269.9501953125,5101.2001953125,5262.7998046875,5262.7998046875,0,0.02448896334193118,0.0862556318535268,0.0162984520190399,0.05762603093921559,0.8748507198454087
2010-03-26,5260.9501953125,5293.75,5187.0498046875,5282.0,5282.0,0,0.00364828532816297,0.0730756373209851,0.015564203065224103,0.06514479717760957,0.699129900738473
2010-04-02,5283.89990234375,5329.5498046875,5235.14990234375,5290.5,5290.5,0,0.001609238924649814,0.03965645389629935,0.008723008723008796,0.04074046929905406,0.6475918841348398
2010-04-09,5291.39990234375,5399.64990234375,5290.25,5361.75,5361.75,0,0.013467536149702308,0.04375121666342219,0.0208578882399173,0.08423315300406697,0.6043296544526835
2010-04-16,5354.14990234375,5382.14990234375,5237.5498046875,5262.60009765625,5262.60009765625,0,-0.018492078583251748,-3.7946917736064734e-05,0.04499604798575252,0.02342409256828537,0.5549581165073953
2010-04-23,5279.0498046875,5331.7998046875,5160.89990234375,5304.10009765625,5304.10009765625,0,0.00788583575227042,0.004184039692588071,0.08644940339681062,0.06144631431944503,0.5238382813061122
2010-04-30,5299.35009765625,5342.35009765625,5202.4501953125,5278.0,5278.0,0,-0.00492074002671683,-0.002362725640298602,0.11854028360493984,0.12019011847377103,0.5193080136976529
2010-05-07,5278.39990234375,5278.7001953125,4984.60009765625,5018.0498046875,5018.0498046875,0,-0.04925164746352784,-0.06410224186366387,0.039611693581304674,0.046266256656263716,0.3859336239843236
2010-05-14,5026.60009765625,5212.7001953125,5026.60009765625,5093.5,5093.5,0,0.015035760554233724,-0.03213242399542393,0.051311709770513136,0.018913932124420718,0.3872510003605274
2010-05-21,5093.89990234375,5105.2001953125,4842.2998046875,4931.14990234375,4931.14990234375,0,-0.03187397617674492,-0.0703135665703778,0.001797959898302448,-0.02400821151711474,0.16341863922230737
2010-05-28,4944.2998046875,5077.25,4786.4501953125,5066.5498046875,5066.5498046875,0,0.02745807874942008,-0.04006256068823422,-0.0043528582496182855,0.025254172041786926,0.13881917806715727
2010-06-04,5076.10009765625,5147.89990234375,4961.0498046875,5135.5,5135.5,0,0.013608905067647559,0.023405545955878404,-0.0002919992213353817,0.005206619461079365,0.11960149759883221
2010-06-11,5132.9501953125,5139.0498046875,4967.2998046875,5119.35009765625,5119.35009765625,0,-0.003144757539431442,0.005075114882939102,-0.027257298843760158,0.0004006591458394215,0.1169328897176174
2010-06-18,5120.14990234375,5302.2998046875,5120.14990234375,5262.60009765625,5262.60009765625,0,0.027982067502197783,0.06721559917595754,-0.0036728327042313547,0.05511556259979389,0.22000184961875102
2010-06-25,5266.5,5366.75,5259.89990234375,5269.0498046875,5269.0498046875,0,0.0012255742240649958,0.039968027120280025,-0.004054474116340634,0.017505388547284895,0.20421661631527832
2010-07-02,5271.10009765625,5339.4501953125,5210.0,5237.10009765625,5237.10009765625,0,-0.006063656297730646,0.019783876478677742,-0.023247988500722738,0.0069313493087990175,0.18372607733655433
2010-07-09,5237.0,5359.0498046875,5225.85009765625,5352.4501953125,5352.4501953125,0,0.022025566726874723,0.04553314252974583,0.0170733280106663,0.020534857774441084,0.3368091925023784
2010-07-16,5352.25,5453.4501953125,5351.60009765625,5393.89990234375,5393.89990234375,0,0.007744062161951559,0.02494960708604399,0.0169302620678633,0.02697911384979479,0.23290544155748205
2010-07-23,5392.7001953125,5477.5,5353.60009765625,5449.10009765625,5449.10009765625,0,0.010233819001445488,0.03417130215937081,0.03241760092009294,0.08202940779512513,0.19274175189362563
2010-07-30,5446.5498046875,5466.25,5349.2001953125,5367.60009765625,5367.60009765625,0,-0.014956598069294835,0.024918370389445554,0.06965859379120265,0.09945623506391699,0.15769605442606727
2010-08-06,5369.5498046875,5487.14990234375,5351.2998046875,5439.25,5439.25,0,0.013348591743083782,0.016216835565049603,0.06788063217826634,0.15271319393675054,0.21373903657990878
2010-08-13,5439.7998046875,5492.2998046875,5372.4501953125,5452.10009765625,5452.10009765625,0,0.002362476013466841,0.010790002848812819,0.10564476960331204,0.12953582302122868,0.19040192359398378
2010-08-20,5452.10009765625,5546.60009765625,5397.39990234375,5530.64990234375,5530.64990234375,0,0.014407256521439704,0.01496573805325685,0.09160081624518357,0.14154059192600954,0.22121757217426397
2010-08-27,5531.14990234375,5549.7998046875,5391.9501953125,5408.7001953125,5408.7001953125,0,-0.022049796892689044,0.007657071486043776,0.05319836341398121,0.09881567761512655,0.14292055399519565
2010-09-03,5408.89990234375,5513.9501953125,5348.89990234375,5479.39990234375,5479.39990234375,0,0.013071478262471015,0.007381514426391567,0.07033115489646602,0.07677789848793726,0.1707119085272808
2010-09-10,5479.5498046875,5647.4501953125,5479.5498046875,5640.0498046875,5640.0498046875,0,0.029318886229682484,0.034472901022496893,0.07172304564797738,0.09792676750778662,0.1678210253082677
2010-09-17,5639.2001953125,5901.64990234375,5639.2001953125,5884.9501953125,5884.9501953125,0,0.04342167163514432,0.06406124040117,0.11689021995523308,0.11821661733567357,0.18265500272300428
2010-09-24,5885.0498046875,6037.39990234375,5885.0498046875,6018.2998046875,6018.2998046875,0,0.022659428703613482,0.11270722860611038,0.14916646473510387,0.13939791834295723,0.2136237646379997
2010-10-01,6018.2998046875,6153.10009765625,5963.60009765625,6143.39990234375,6143.39990234375,0,0.02078661776849544,0.12118115338067992,0.14777338941405516,0.1612134774300633,0.20852185945695068
2010-10-08,6144.7001953125,6223.39990234375,6067.0,6103.4501953125,6103.4501953125,0,-0.006502866110996486,0.08216246428176288,0.1315468039480001,0.13833173783046582,0.23421700927252487
2010-10-15,6105.9501953125,6284.10009765625,6050.35009765625,6062.64990234375,6062.64990234375,0,-0.0066847916609665825,0.030195617827452725,0.11259653772031064,0.15202557478076484,0.17901072848546162
2010-10-22,6112.75,6127.0498046875,5966.75,6066.0498046875,6066.0498046875,0,0.0005607947677195302,0.007934134481437649,0.13012327563974568,0.14365296525379234,0.21392622482914225
2010-10-29,6101.25,6151.2998046875,5937.10009765625,6017.7001953125,6017.7001953125,0,-0.007970526278508028,-0.02046093515470071,0.10634741835960848,0.14014782025625228,0.2771823218504632
2010-11-05,6092.2998046875,6290.14990234375,6084.75,6281.7998046875,6281.7998046875,0,0.04388713309126313,0.02922111325033394,0.152179837524979,0.2518408643173482,0.30975885503865364
2010-11-12,6335.25,6335.89990234375,6056.75,6071.64990234375,6071.64990234375,0,-0.033453772625312794,0.0014844993765055214,0.09781852215428377,0.19203885390080488,0.21458499587315694
2010-11-19,6079.89990234375,6144.0498046875,5863.9501953125,5890.2998046875,5890.2998046875,0,-0.029868339013790268,-0.02897272618239799,0.08904165362916272,0.19450836444616515,0.1658303549735789
2010-11-26,5920.89990234375,6020.25,5690.35009765625,5751.9501953125,5751.9501953125,0,-0.023487702487554385,-0.0441613891311845,0.04974090189186042,0.1352795130901263,0.1639500572292205
2010-12-03,5789.9501953125,6029.5,5754.7001953125,5992.7998046875,5992.7998046875,0,0.04187268686214951,-0.046005923299935025,0.06254377394093691,0.16693599546051985,0.17301178712431886
2010-12-10,6033.64990234375,6069.4501953125,5721.14990234375,5857.35009765625,5857.35009765625,0,-0.022602074396895877,-0.03529515175187836,-0.004689945834755571,0.14415892367624417,0.14461734141330873
2010-12-17,5882.64990234375,5956.14990234375,5795.89990234375,5948.75,5948.75,0,0.01560430925587375,0.009923127387503339,-0.011556387508865784,0.13038229954986202,0.19268395594240117
2010-12-24,5926.85009765625,6023.7998046875,5900.25,6011.60009765625,6011.60009765625,0,0.010565261215591537,0.045141194469199286,-0.021453886574633985,0.14092679334861402,0.16089916017018946
2010-12-31,6013.2998046875,6147.2998046875,5982.25,6134.5,6134.5,0,0.020443792059898547,0.02364507407733929,0.005087254535368624,0.1713543536709108,0.1794734198605863
2011-01-07,6177.4501953125,6181.0498046875,5883.60009765625,5904.60009765625,5904.60009765625,0,-0.0374765510381857,0.008066787747398996,-0.026069426279488717,0.10315834471982654,0.12581154443133613
2011-01-14,5901.2998046875,5907.25,5639.64990234375,5654.5498046875,5654.5498046875,0,-0.042348387500112716,-0.04945580085101908,-0.06783656798894333,0.048323088500491496,0.07660591645651471
2011-01-21,5648.7998046875,5747.64990234375,5624.14990234375,5696.5,5696.5,0,0.00741883912274055,-0.05241534575446871,-0.05337590522749858,0.045401974254457356,0.13115567911040515
2011-01-28,5717.10009765625,5801.5498046875,5459.5498046875,5512.14990234375,5512.14990234375,0,-0.032361993795532396,-0.10145082690622709,-0.122520603373803,0.026930062235936303,0.12906465989987637
2011-02-04,5452.5498046875,5556.2998046875,5369.0498046875,5395.75,5395.75,0,-0.02111696967715937,-0.08617858775198528,-0.11132063165941797,-0.007997426115732842,0.143494455335611
2011-02-11,5430.14990234375,5440.35009765625,5177.7001953125,5310.0,5310.0,0,-0.015892137330306255,-0.0609331983249799,-0.09851787242233367,-0.026063369180865936,0.10009631386281304
2011-02-18,5340.25,5599.25,5340.25,5458.9501953125,5458.9501953125,0,0.028050884239642082,-0.04170101021460548,-0.05093924496056623,-0.012964065398691327,0.12674158503701993
2011-02-25,5456.60009765625,5526.25,5232.75,5303.5498046875,5303.5498046875,0,-0.028467083425388173,-0.03784369100113805,-0.11501301936715402,-0.019440972290556857,0.07745363247418124
2011-03-04,5330.14990234375,5608.2001953125,5308.60009765625,5538.75,5538.75,0,0.04434769238984426,0.026502339804475694,-0.054393214054890504,0.010831495914518596,0.08844101389625325
2011-03-11,5490.0498046875,5563.2998046875,5408.4501953125,5445.4501953125,5445.4501953125,0,-0.01684492072895505,0.025508511358286245,-0.08460597683336835,-0.03450317215519383,0.06004481123467009
2011-03-18,5436.5,5537.2998046875,5366.39990234375,5373.7001953125,5373.7001953125,0,-0.013176137403986043,-0.015616555738721116,-0.10611149976400602,-0.08687414218173373,0.021072507931277018
2011-03-25,5408.75,5667.10009765625,5348.2001953125,5654.25,5654.25,0,0.052207937638989454,0.06612555896100702,-0.07828673893552862,-0.06049047347291525,0.07047519878833786
2011-04-01,5645.25,5872.0,5643.2001953125,5826.0498046875,5826.0498046875,0,0.030384189713489773,0.05187087423832093,-0.013303236742472913,-0.05165707958148369,0.1012285804153672
2011-04-08,5842.0,5944.4501953125,5822.0,5842.0,5842.0,0,0.0027377375489765488,0.07282222598029708,0.0331503305810672,-0.04283645920684265,0.08956963677903662
2011-04-15,5805.35009765625,5923.60009765625,5735.5498046875,5824.5498046875,5824.5498046875,0,-0.0029870241890619376,0.08389928596468366,0.022478680714034915,-0.03927327183517615,0.10678176122132466
2011-04-22,5824.35009765625,5912.89990234375,5693.25,5884.7001953125,5884.7001953125,0,0.010327045461366202,0.040756987277269285,0.06758711202870993,-0.029895832578701098,0.10946250767642995
2011-04-29,5859.60009765625,5906.60009765625,5706.0498046875,5749.5,5749.5,0,-0.022974865468965544,-0.01313922936702494,0.06556085808275025,-0.04456855386737535,0.0893330807123911
2011-05-06,5766.89990234375,5775.25,5443.64990234375,5551.4501953125,5551.4501953125,0,-0.034446439636055315,-0.049734646471670696,0.04547084657485878,-0.11626438792748706,0.10629635244487523
2011-05-13,5575.2001953125,5605.0,5472.14990234375,5544.75,5544.75,0,-0.0012069270328962656,-0.04803801393582763,0.01571727193282957,-0.08678034979262528,0.08859330519289288
2011-05-20,5541.7001953125,5541.7998046875,5401.25,5486.35009765625,5486.35009765625,0,-0.010532468072275591,-0.06769250504444702,0.034467535839332264,-0.0685788025101518,0.1125904112240872
2011-05-27,5456.7001953125,5485.7998046875,5328.7001953125,5476.10009765625,5476.10009765625,0,-0.0018682730444742335,-0.047551944054917805,-0.011311198798239719,-0.047957664494565955,0.08083415909379599
2011-06-03,5493.75,5604.9501953125,5458.60009765625,5516.75,5516.75,0,0.007423148156321613,-0.0062506541699319795,0.013093463741322253,-0.07943696105368636,0.07423814623697789
2011-06-10,5504.2998046875,5570.10009765625,5457.4501953125,5485.7998046875,5485.7998046875,0,-0.00561022256083743,-0.0106317138396681,0.02086078592043239,-0.06343317144683247,0.07158129450826545
2011-06-17,5469.85009765625,5520.14990234375,5355.85009765625,5366.39990234375,5366.39990234375,0,-0.021765267890695772,-0.021863386983587252,-0.05090862584007605,-0.09789453207081322,0.01972405327429838
2011-06-24,5372.2001953125,5477.85009765625,5195.89990234375,5471.25,5471.25,0,0.01953825647813856,-0.0008856846240494765,-0.06089886227921304,-0.08988457130854677,0.0383750776340388
2011-07-01,5441.2001953125,5705.7998046875,5434.25,5627.2001953125,5627.2001953125,0,0.028503576936257602,0.020020881010105684,-0.0367681966257275,-0.08269619442293585,0.0744878063015888
2011-07-08,5679.5498046875,5740.39990234375,5610.75,5660.64990234375,5660.64990234375,0,0.005944289499263622,0.03187321883435201,-0.028139497101019928,-0.0413152781353191,0.05758105088042886
2011-07-15,5648.0498046875,5652.89990234375,5496.9501953125,5581.10009765625,5581.10009765625,0,-0.01405312217852639,0.04000823628867667,-0.05159142990803245,-0.012989488034991226,0.03470590828560938
2011-07-22,5581.75,5645.39990234375,5532.7001953125,5633.9501953125,5633.9501953125,0,0.009469476757538287,0.02973729866346808,-0.02009736580354815,-0.010980392291319196,0.033923050475023864
2011-07-29,5633.7998046875,5702.25,5453.9501953125,5482.0,5482.0,0,-0.02697045412984378,-0.02580327521197001,-0.012510279813217395,-0.005469717420226616,0.02131304498516995
2011-08-05,5527.5,5551.89990234375,5116.4501953125,5211.25,5211.25,0,-0.04938890915724192,-0.07939016015770195,-0.060146985887551296,-0.03419357827920122,-0.04191754377901369
2011-08-12,5083.85009765625,5204.2001953125,4946.4501953125,5072.9501953125,5072.9501953125,0,-0.02653870082753662,-0.09104834055155986,-0.0753506238182563,-0.044642147775423746,-0.069541992177792
2011-08-19,5125.75,5132.2001953125,4796.10009765625,4845.64990234375,4845.64990234375,0,-0.04480633245301313,-0.13991964175058258,-0.11512758789459132,-0.11234766228411086,-0.12385524524156089
2011-08-26,4843.7001953125,4965.7998046875,4720.0,4747.7998046875,4747.7998046875,0,-0.02019338987096897,-0.13392925853931048,-0.13938463684460956,-0.10478830603397082,-0.1221920917705469
2011-09-02,4806.2001953125,5113.7001953125,4806.0498046875,5040.0,5040.0,0,0.06154433786867153,-0.03286159750539697,-0.08126432253444127,-0.09004739336492895,-0.08019124542375555
2011-09-09,4998.89990234375,5169.25,4942.89990234375,5059.4501953125,5059.4501953125,0,0.003859165736607162,-0.002661173376484971,-0.05719844078284053,-0.07088486464025923,-0.10294228410757256
2011-09-16,4981.7001953125,5143.60009765625,4911.0498046875,5084.25,5084.25,0,0.004901679773521073,0.049240061181647476,-0.0707333790267306,-0.05386422479709396,-0.13605895865529605
2011-09-23,5068.39990234375,5168.39990234375,4829.60009765625,4867.75,4867.75,0,-0.04258248512563312,0.025264375130997108,-0.13496057878749856,-0.13909890790113633,-0.1911752225755463
2011-09-30,4878.60009765625,5034.25,4758.85009765625,4943.25,4943.25,0,0.015510246006882111,-0.01919642857142856,-0.12673454721987243,-0.15152630586460492,-0.1953559790053525
2011-10-07,4874.39990234375,4922.60009765625,4728.2998046875,4888.0498046875,4888.0498046875,0,-0.011166782038638523,-0.033877275990146116,-0.12417807974090844,-0.16329171436365975,-0.19913333470934813
2011-10-14,4886.85009765625,5141.39990234375,4882.0498046875,5132.2998046875,5132.2998046875,0,0.049968803461407196,0.00945071636672079,-0.08904061506301175,-0.11885038727677955,-0.15345601554471877
2011-10-21,5156.2001953125,5160.2001953125,5011.0498046875,5049.9501953125,5049.9501953125,0,-0.016045362217496972,0.03743006426223605,-0.07881244157013867,-0.1418508967822908,-0.1675059786996499
2011-10-28,5114.7001953125,5399.7001953125,5084.75,5360.7001953125,5360.7001953125,0,0.061535260345428,0.08444852987659934,0.028678377608539307,-0.06762323761848854,-0.10917792157737793
2011-11-04,5358.89990234375,5360.25,5201.85009765625,5284.2001953125,5284.2001953125,0,-0.014270523851882877,0.08104467148536476,0.041642435243144815,-0.04814057419188578,-0.15880792772647545
2011-11-11,5292.25,5317.5,5142.25,5168.85009765625,5168.85009765625,0,-0.021829244425405125,0.007121620785942362,0.06669903972141578,-0.06779384144348255,-0.1486910179618567
2011-11-18,5217.35009765625,5228.89990234375,4837.9501953125,4905.7998046875,4905.7998046875,0,-0.050891453224388705,-0.028544913325839194,0.03327857249667665,-0.10581721593318649,-0.16713920048968223
2011-11-25,4873.7998046875,4873.7998046875,4640.9501953125,4710.0498046875,4710.0498046875,0,-0.039901750538813396,-0.12137414272746339,-0.06546630859375002,-0.1398897535303667,-0.1811386321588958
2011-12-02,4769.2998046875,5062.5498046875,4754.7998046875,5050.14990234375,5050.14990234375,0,0.07220732513651518,-0.044292472714484,-0.001838202296638225,-0.08457880049961486,-0.1572970786720458
2011-12-09,5036.5,5099.25,4841.75,4866.7001953125,4866.7001953125,0,-0.03632559638400279,-0.05845592281361689,-0.04278896684614253,-0.11285494028527843,-0.16912936495637287
2011-12-16,4906.85009765625,4910.25,4628.2001953125,4651.60009765625,4651.60009765625,0,-0.04419834570114467,-0.0518161598825051,-0.04440447893662369,-0.13319913120438798,-0.21805419665370873
2011-12-23,4623.14990234375,4763.4501953125,4531.14990234375,4714.0,4714.0,0,0.013414717738782223,0.0008386737882408735,-0.04637637182015886,-0.13840530043408728,-0.2158493706462855
2011-12-30,4780.2001953125,4800.5,4608.89990234375,4624.2998046875,4624.2998046875,0,-0.0190284673976453,-0.08432424896112789,-0.05395812451564452,-0.17822369132351534,-0.2461814647179884
2012-01-06,4675.7998046875,4794.89990234375,4675.7998046875,4754.10009765625,4754.10009765625,0,0.028069177702789938,-0.023136846967623748,-0.07369010412950305,-0.16014942106067176,-0.19484808132165887
2012-01-13,4747.5498046875,4898.85009765625,4695.4501953125,4866.0,4866.0,0,0.02353755706551408,0.04609164542149213,-0.03642614049604831,-0.12812887874140655,-0.13945403823904945
2012-01-20,4844.0,5064.14990234375,4827.0498046875,5048.60009765625,5048.60009765625,0,0.037525708519574597,0.070980080113757,-0.05822002467684284,-0.10389692442493847,-0.11373648772821032
2012-01-27,5025.35009765625,5217.0,5021.35009765625,5204.7001953125,5204.7001953125,0,0.03091948156652724,0.1255109779077619,-0.015044850130871756,-0.05058369293825249,-0.055776731852035355
2012-02-03,5163.5498046875,5334.85009765625,5076.7001953125,5325.85009765625,5325.85009765625,0,0.023277018425165164,0.12026461123144427,0.030374260625431804,0.021990903843847498,-0.012954622127368753
2012-02-10,5379.4501953125,5427.75,5322.9501953125,5381.60009765625,5381.60009765625,0,0.010467812457683356,0.1059597405787609,0.09698730317411686,0.06084228909421352,0.013484010858050954
2012-02-17,5382.10009765625,5606.7001953125,5351.39990234375,5564.2998046875,5564.2998046875,0,0.03394895639139328,0.10214706989184141,0.1813675089273663,0.14830825933094194,0.01929851081357392
2012-02-24,5561.89990234375,5629.9501953125,5405.89990234375,5429.2998046875,5429.2998046875,0,-0.024261812759670653,0.04315322707295999,0.0750769600260357,0.14354017187648793,0.023710534383754922
2012-03-02,5448.10009765625,5458.7998046875,5268.14990234375,5359.35009765625,5359.35009765625,0,-0.01288374367738132,0.00629007564721773,0.10122873457836157,0.06336311461433541,-0.032389962057097765
2012-03-09,5342.5498046875,5382.0498046875,5171.4501953125,5333.5498046875,5333.5498046875,0,-0.004814071202408066,-0.008928625705517668,0.14660540302569358,0.0541757698551808,-0.020549336898044723
2012-03-16,5420.10009765625,5499.39990234375,5305.0,5317.89990234375,5317.89990234375,0,-0.0029342375935058618,-0.04428228366418663,0.12810774339069786,0.04595562813468068,-0.010383960946951376
2012-03-23,5337.35009765625,5385.9501953125,5205.64990234375,5278.2001953125,5278.2001953125,0,-0.0074652979108826845,-0.027830404437151346,0.14140527609437492,0.0843203112962867,-0.06650745982004691
2012-03-30,5274.35009765625,5307.10009765625,5135.9501953125,5295.5498046875,5295.5498046875,0,0.0032870313237469695,-0.011904483156763956,0.1138911036598036,0.07126886252718356,-0.09105655079933794
2012-04-06,5296.35009765625,5378.75,5278.7998046875,5322.89990234375,5322.89990234375,0,0.005164732400786853,-0.001996775643566706,0.09389640409859235,0.08896187948806111,-0.0888565726902174
2012-04-13,5282.5,5306.75,5185.39990234375,5207.4501953125,5207.4501953125,0,-0.02168925006093314,-0.02076942196346565,0.03146418701889142,0.01464263458583659,-0.10594803548222187
2012-04-20,5190.60009765625,5342.4501953125,5183.5,5290.85009765625,5290.85009765625,0,0.016015496877689328,0.0023966317827399664,0.016552327532974642,0.04770342142529649,-0.10091424846575625
2012-04-27,5277.39990234375,5310.5498046875,5154.2998046875,5190.60009765625,5190.60009765625,0,-0.018947805768379067,-0.01981847228371847,-0.02539500690406582,-0.0317309477230211,-0.09720843592377593
2012-05-04,5201.4501953125,5279.60009765625,5070.60009765625,5086.85009765625,5086.85009765625,0,-0.01998805495473388,-0.044346091231879825,-0.05476995589627087,-0.0373472030509584,-0.0836898614435101
2012-05-11,5017.7998046875,5124.75,4906.14990234375,4928.89990234375,4928.89990234375,0,-0.031050688005387683,-0.05349072627127338,-0.11419224783834869,-0.04642235522003291,-0.11106904687429553
2012-05-18,4934.35009765625,4957.2001953125,4788.9501953125,4891.4501953125,4891.4501953125,0,-0.0075979848999250255,-0.07548879574582479,-0.09906426771839649,-0.00292502954590379,-0.10843272699602036
2012-05-25,4954.7001953125,4956.35009765625,4803.9501953125,4920.39990234375,4920.39990234375,0,0.005918430296804944,-0.052055675688540415,-0.08190362400554152,0.04465984572963677,-0.10147736261255291
2012-06-01,4931.7001953125,5020.14990234375,4831.75,4841.60009765625,4841.60009765625,0,-0.016014918756901197,-0.04821254711496181,-0.09223682632510333,-0.041295765218912206,-0.12238181943059767
2012-06-08,4797.2998046875,5084.4501953125,4770.35009765625,5068.35009765625,5068.35009765625,0,0.046833690397058314,0.028292356930638807,-0.04692638245739,0.04143462597880476,-0.07609641654705446
2012-06-15,5096.7001953125,5146.2001953125,5015.14990234375,5139.0498046875,5139.0498046875,0,0.013949254820408541,0.05061885524507148,-0.026363227137268797,0.10479183437906792,-0.04236547812192604
2012-06-22,5174.0,5190.2001953125,5041.7001953125,5146.0498046875,5146.0498046875,0,0.0013621195096444882,0.04586007373836942,-0.028231251808389368,0.09165248296298256,-0.05943800691112633
2012-06-29,5158.5,5286.25,5095.5,5278.89990234375,5278.89990234375,0,0.02581593701934981,0.09032133919924346,-0.00826617084807968,0.14155658700863283,-0.06189584178271934
2012-07-06,5283.85009765625,5333.64990234375,5263.35009765625,5316.9501953125,5316.9501953125,0,0.0072079966797355954,0.049049511747661256,0.021027565486572808,0.11839256349140248,-0.060717358070306315
2012-07-13,5283.7001953125,5348.5498046875,5216.85009765625,5227.25,5227.25,0,-0.016870610409625564,0.017162743827088267,-0.01202077104479371,0.07423962186600908,-0.0634014963832753
2012-07-20,5232.35009765625,5257.75,5169.0498046875,5205.10009765625,5205.10009765625,0,-0.004237391045721961,0.011474877859705357,0.0027935112948784813,0.030998692107274017,-0.0761189010888057
2012-07-27,5163.25,5164.2001953125,5032.39990234375,5099.85009765625,5099.85009765625,0,-0.02022055253988142,-0.03391801473788214,0.0025556090213842975,-0.020145271335836212,-0.06970994205467895
2012-08-03,5129.75,5246.35009765625,5129.75,5215.7001953125,5215.7001953125,0,0.022716373116435706,-0.019042871623898838,0.05818748577798738,-0.020682125918681793,0.0008539592828016307
2012-08-10,5260.85009765625,5377.60009765625,5260.85009765625,5320.39990234375,5320.39990234375,0,0.020073950401778617,0.01782005879645121,0.08769376972136289,-0.011372118738282588,0.04877826462004253
2012-08-17,5316.35009765625,5399.9501953125,5309.0498046875,5366.2998046875,5366.2998046875,0,0.008627152692700868,0.030969569077804016,0.09062269555191094,-0.035583992047516944,0.10744686736281173
2012-08-24,5368.7001953125,5448.60009765625,5368.7001953125,5386.7001953125,5386.7001953125,0,0.0038015748965758434,0.056246770427248016,0.11258676608175988,-0.00784624369761655,0.13456767700993089
2012-08-31,5387.85009765625,5399.14990234375,5238.89990234375,5258.5,5258.5,0,-0.02379939307260126,0.008205955688550759,0.037517120696078265,-0.01881759836894281,0.04335317460317456
2012-09-07,5276.5,5347.14990234375,5215.7001953125,5342.10009765625,5342.10009765625,0,0.01589808836288875,0.004078677488686733,0.03951125221311158,0.0016031148638071535,0.05586573470090106
2012-09-14,5361.89990234375,5586.64990234375,5332.10009765625,5577.64990234375,5577.64990234375,0,0.044093109522759244,0.03938469808780232,0.0838701749958013,0.04884446957821087,0.09704477599326355
2012-09-21,5631.75,5720.0,5534.89990234375,5691.14990234375,5691.14990234375,0,0.020349072097964882,0.05651877698636021,0.07809392252673097,0.07823684054234725,0.16915410658800267
2012-09-28,5691.9501953125,5735.14990234375,5638.64990234375,5703.2998046875,5703.2998046875,0,0.002134876527983609,0.08458682222829705,0.07266376309404055,0.07699861488207871,0.15375508110807656
2012-10-05,5704.75,5815.35009765625,4888.2001953125,5746.9501953125,5746.9501953125,0,0.0076535325372733,0.07578482062398462,0.0994213391960399,0.07966527658767997,0.1757143288109173
2012-10-12,5751.85009765625,5751.85009765625,5636.9501953125,5676.0498046875,5676.0498046875,0,-0.012337046296804544,0.01764182120903679,0.09047851111322691,0.08998638331612097,0.10594665563055661
2012-10-19,5674.25,5722.5,5633.89990234375,5684.25,5684.25,0,0.001444701085203226,-0.001212391601371876,0.11459158429231553,0.07435476248287953,0.1256051604778745
2012-10-26,5667.60009765625,5721.5498046875,5658.0498046875,5705.2998046875,5705.2998046875,0,0.003703180663676031,0.0003506741831029725,0.09387035125504672,0.09915996172844377,0.06428257444360064
2012-11-02,5665.2001953125,5711.2998046875,5583.0498046875,5697.7001953125,5697.7001953125,0,-0.0013320262975060615,-0.008569762800479941,0.07091577698934648,0.12008415540644646,0.07825214502032063
2012-11-09,5693.0498046875,5777.2998046875,5677.75,5686.25,5686.25,0,-0.002009617024412824,0.00179705881087866,0.05962212454716398,0.15365499658374504,0.1000996145309685
2012-11-16,5688.4501953125,5718.89990234375,5559.7998046875,5574.0498046875,5574.0498046875,0,-0.01973184353704116,-0.019386936766064178,0.034780032781113634,0.1395495368692783,0.13621632080491453
2012-11-23,5577.2998046875,5643.35009765625,5548.35009765625,5626.60009765625,5626.60009765625,0,0.009427668357853136,-0.013794140487865314,0.07000096941261758,0.1435249592164478,0.19459460748304358
2012-11-30,5648.64990234375,5885.25,5623.4501953125,5879.85009765625,5879.85009765625,0,0.045009418761694286,0.03196902190354001,0.10066265891122628,0.2144435680473904,0.16429219158968733
2012-12-07,5878.25,5949.85009765625,5838.89990234375,5907.39990234375,5907.39990234375,0,0.004685460382481743,0.0388920470158276,0.05911988127140022,0.16554693115526908,0.21384093230843138
2012-12-14,5916.0498046875,5965.14990234375,5839.14990234375,5879.60009765625,5879.60009765625,0,-0.004705929029194422,0.05481657029899467,0.03311285039863243,0.14410257170367746,0.263995178910315
2012-12-21,5860.5,5939.39990234375,5823.14990234375,5847.7001953125,5847.7001953125,0,-0.00542552245287331,0.03929550595720288,0.02531874451108429,0.1363473765811345,0.2404964351532668
2012-12-28,5869.0,5930.7998046875,5844.7001953125,5908.35009765625,5908.35009765625,0,0.010371582043889216,0.0048470623445588945,0.028084444245818574,0.11923889578452385,0.277674533919092
2013-01-04,5901.2001953125,6020.75,5897.14990234375,6016.14990234375,6016.14990234375,0,0.018245331252503494,0.018409114296943585,0.059918448456069306,0.1315039038070498,0.26546555157929563
2013-01-11,6042.14990234375,6042.14990234375,5940.60009765625,5951.2998046875,5951.2998046875,0,-0.010779335407016033,0.012194657092381433,0.04698065790341732,0.1385144779162084,0.22303736224568427
2013-01-18,5967.2001953125,6083.39990234375,5962.14990234375,6064.39990234375,6064.39990234375,0,0.019004268204933616,0.03705725324375475,0.06294149474164557,0.1650880460635955,0.20120425168138634
2013-01-25,6085.75,6101.2998046875,6007.85009765625,6074.64990234375,6074.64990234375,729700,0.0016901919670631038,0.02814657255220343,0.06615822070479704,0.19114283479341698,0.16714693918676637
2013-02-01,6082.10009765625,6111.7998046875,5983.2001953125,5998.89990234375,5998.89990234375,722700,-0.01246985443075066,-0.002867282278534944,0.054983495685865025,0.15016194905817892,0.12637415480088143
2013-02-08,6025.2001953125,6038.5,5883.64990234375,5903.5,5903.5,785900,-0.015902899514372182,-0.008031826030651446,0.05910427908904747,0.10959704314695995,0.09697857382064545
2013-02-15,5920.0498046875,5969.5,5853.89990234375,5887.39990234375,5887.39990234375,676300,-0.0027272122734395277,-0.029186729577578396,0.046351224569191496,0.09710603518667837,0.058066622755312824
2013-02-22,5888.64990234375,5971.0,5835.7998046875,5850.2998046875,5850.2998046875,667100,-0.006301609924863505,-0.0369321856012953,-0.00502568815156168,0.08606374822538365,0.07754222738566052
2013-03-01,5870.5498046875,5878.39990234375,5671.89990234375,5719.7001953125,5719.7001953125,967100,-0.022323575497850245,-0.04654181792934531,-0.03177365848497582,0.08770565661547969,0.06723764842566227
2013-03-08,5704.7001953125,5952.85009765625,5663.60009765625,5945.7001953125,5945.7001953125,741700,0.039512560498400795,0.007148334939019119,0.011242277800934009,0.11298929009605585,0.11477353977026694
2013-03-15,5946.10009765625,5971.2001953125,5791.75,5872.60009765625,5872.60009765625,659200,-0.012294615479246818,-0.002513809989637017,0.0042580675328927065,0.05288072942487143,0.10430813018274909
2013-03-22,5816.75,5863.60009765625,5631.7998046875,5651.35009765625,5651.35009765625,817100,-0.037674964465620686,-0.034006754127684724,-0.04349776092346791,-0.006993279982154266,0.07069642842936119
2013-03-29,5707.2998046875,5718.39990234375,5604.85009765625,5682.5498046875,5682.5498046875,486600,0.005520752827574693,-0.0064951639695112195,-0.05545076221027789,-0.00363824464969309,0.07308023043375722
2013-04-05,5697.35009765625,5754.60009765625,5534.7001953125,5553.25,5553.25,617000,-0.022753835713123283,-0.06600571546172174,-0.06688451561018294,-0.03370486757837077,0.04327530141132718
2013-04-12,5550.5,5610.64990234375,5477.2001953125,5528.5498046875,5528.5498046875,637900,-0.004447881026876099,-0.058585683895973184,-0.0883599542057173,-0.02598638226856098,0.061661580491742196
2013-04-19,5508.5,5794.35009765625,5500.2998046875,5783.10009765625,5783.10009765625,590100,0.046042868738005005,0.023313013301837326,-0.047994503284051415,0.017390174192945418,0.09303797894747712
2013-04-26,5789.85009765625,5924.60009765625,5789.7998046875,5871.4501953125,5871.4501953125,608200,0.015277290063171467,0.0332421882988474,-0.02124551319508694,0.029122113878834233,0.13116982330495452
2013-05-03,5877.60009765625,6019.4501953125,5867.7998046875,5944.0,5944.0,580300,0.01235636891639147,0.07036420114347464,0.006860337088168134,0.04322793341954556,0.16850307870064407
2013-05-10,5944.89990234375,6105.2998046875,5928.4501953125,6094.75,6094.75,590300,0.025361709286675582,0.10241387259140455,0.03521929902769205,0.0718399648274346,0.23653353096131546
2013-05-17,6098.2001953125,6199.9501953125,5970.0498046875,6187.2998046875,6187.2998046875,687000,0.015185168331350862,0.06989325797681811,0.0576038854846348,0.11001875144428874,0.26492135412455364
2013-05-24,6198.0,6229.4501953125,5936.7998046875,5983.5498046875,5983.5498046875,747200,-0.03293035838438585,0.019092320576012956,0.046129971915527035,0.06343967952866181,0.21606981616216525
2013-05-31,5989.39990234375,6133.75,5975.5498046875,5985.9501953125,5985.9501953125,744400,0.0004011649778730142,0.007057569870878133,0.006769597974639385,0.018044694319425236,0.23635783100099772
2013-06-07,5997.35009765625,6011.0,5869.5,5881.0,5881.0,569300,-0.017532754514844595,-0.035071167808359616,0.001430354903120712,-0.004468954663671254,0.160338154761555
2013-06-14,5907.89990234375,5931.64990234375,5683.10009765625,5808.39990234375,5808.39990234375,687800,-0.012344855918423714,-0.06123832920730543,0.02778978509093477,-0.012109700341844998,0.1302478324000116
2013-06-21,5820.39990234375,5863.39990234375,5616.85009765625,5667.64990234375,5667.64990234375,721000,-0.02423214695379461,-0.05279473099668608,-0.002622045183213184,-0.03078993227338811,0.10135931781715923
2013-06-28,5638.0498046875,5852.9501953125,5566.25,5842.2001953125,5842.2001953125,1003600,0.030797649109654435,-0.024014566661875736,0.0520326286971593,-0.011196002479607725,0.10670789433204697
2013-07-05,5834.10009765625,5904.35009765625,5760.39990234375,5867.89990234375,5867.89990234375,726500,0.004398977469459275,-0.0022275289332170933,0.06138139469568027,-0.024642005669148204,0.10362137819477324
2013-07-12,5833.14990234375,6019.0,5775.5498046875,6009.0,6009.0,603400,0.024046098264200344,0.03453620636129173,0.03906207717817334,0.009695393814146858,0.14955282414271376
2013-07-19,5991.2001953125,6066.85009765625,5910.9501953125,6029.2001953125,6029.2001953125,794000,0.0033616567336496317,0.06379192420111157,0.026867297644105115,-0.005804318250458129,0.15832550425443803
2013-07-26,6009.75,6093.35009765625,5869.5,5886.2001953125,5886.2001953125,805200,-0.023717905421547947,0.007531409148783252,-0.009724058662096247,-0.031022315698974068,0.15419082572988474
2013-08-02,5869.9501953125,5886.0,5649.0,5677.89990234375,5677.89990234375,1029700,-0.035387904939867765,-0.032379557109368906,-0.06839494608577057,-0.05350981100294516,0.08861700054129695
2013-08-09,5682.39990234375,5721.0,5486.85009765625,5565.64990234375,5565.64990234375,863300,-0.019769633479037707,-0.07378101142557003,-0.10047192183459219,-0.057228779140552244,0.046096159029692885
2013-08-16,5606.7001953125,5754.5498046875,5496.0498046875,5507.85009765625,5507.85009765625,890500,-0.010385095308125591,-0.08647085529878107,-0.07950125302852629,-0.06446815419085139,0.026377634146550033
2013-08-23,5497.5498046875,5504.10009765625,5254.0498046875,5471.75,5471.75,1271800,-0.006554299230404181,-0.07041048240978098,-0.0859011816896107,-0.06470605222388615,0.01578885061424251
2013-08-30,5499.39990234375,5528.7001953125,5118.85009765625,5471.7998046875,5471.7998046875,1546900,9.10214967797529e-06,-0.03629864935998173,-0.06958003661154566,-0.04334150080596244,0.04056286102263007
2013-09-06,5480.25,5688.60009765625,5318.89990234375,5680.39990234375,5680.39990234375,1229600,0.03812275761213879,0.02061753829533508,-0.022037050160466864,-0.04462052983732823,0.06332711826869786
2013-09-13,5738.5,5932.0,5738.2001953125,5850.60009765625,5850.60009765625,1004000,0.029962713583294498,0.062229362441408975,0.032279727658697466,-0.003746211155903567,0.04893641589046416
2013-09-20,5930.2998046875,6142.5,5798.14990234375,6012.10009765625,6012.10009765625,1136800,0.027604005965934375,0.09875270208913967,0.02908149270202509,0.06383430397448064,0.056394612832166846
2013-09-27,5945.7998046875,5989.39990234375,5811.10009765625,5833.2001953125,5833.2001953125,959800,-0.029756640680931423,0.06604780940914567,-0.005913479713140712,0.026511055037428788,0.022776356683587906
2013-10-04,5801.0498046875,5950.4501953125,5700.9501953125,5907.2998046875,5907.2998046875,706200,0.012703080109361942,0.03994435360970461,-0.016924645583707765,0.06375542334443796,0.027901687664839914
2013-10-11,5889.0498046875,6107.60009765625,5825.85009765625,6096.2001953125,6096.2001953125,847300,0.03197745109789518,0.04197861647639134,0.011112585057648339,0.10267618284702906,0.07402161804112839
2013-10-18,6093.0,6201.4501953125,6032.5498046875,6189.35009765625,6189.35009765625,841400,0.01527999398959623,0.029482210395848085,0.05150179951153633,0.07024778979091906,0.08885958528499804
2013-10-25,6202.0,6252.4501953125,6116.60009765625,6144.89990234375,6144.89990234375,840600,-0.007181722573640137,0.053435455083768346,0.08224872013105222,0.04657277128051929,0.07705118270823785
2013-11-01,6155.10009765625,6332.60009765625,6079.2001953125,6307.2001953125,6307.2001953125,952400,0.02641219475468537,0.06769597004500683,0.1332369635137265,0.061103666775319754,0.10697298543391875
2013-11-08,6282.14990234375,6304.75,6120.9501953125,6140.75,6140.75,657100,-0.02639050452785774,0.007307798835372026,0.11490870142109855,0.007547479387997935,0.07992965486920212
2013-11-15,6110.39990234375,6141.64990234375,5972.4501953125,6056.14990234375,6056.14990234375,617300,-0.01377683469547697,-0.02152086943069187,0.10680310729542652,-0.02119662962580071,0.08649009509223027
2013-11-22,6111.0498046875,6212.39990234375,5972.7998046875,5995.4501953125,5995.4501953125,753300,-0.01002282110087116,-0.024320934336822586,0.09569984453312919,0.001988851269471681,0.06555470288529897
2013-11-29,6035.9501953125,6182.5,6030.2998046875,6176.10009765625,6176.10009765625,788800,0.030131165543663352,-0.020785783484989606,0.08726501722316637,0.03176603482144791,0.05038393752896653
2013-12-06,6171.14990234375,6300.5498046875,6149.89990234375,6259.89990234375,6259.89990234375,833600,0.01356840131514403,0.01940315146256566,0.0699586021699663,0.0644278017928499,0.05967092220388648
2013-12-13,6415.0,6415.25,6161.39990234375,6168.39990234375,6168.39990234375,907100,-0.014616847142514544,0.018534878067757,0.025997538655158303,0.061979203576312925,0.04911895365173269
2013-12-20,6168.35009765625,6284.5,6129.9501953125,6274.25,6274.25,1153000,0.017160057605219547,0.04650189653905845,0.07561026364943269,0.1070285053078881,0.07294317260474825
2013-12-27,6267.2001953125,6324.89990234375,6259.4501953125,6313.7998046875,6313.7998046875,518000,0.006303511126827921,0.022295575663274114,0.0688131656492934,0.08072294574112493,0.06862316896083831
2014-01-03,6336.39990234375,6358.2998046875,6171.25,6211.14990234375,6211.14990234375,501800,-0.016258022984438125,-0.007787664461175736,0.018855959999416916,0.05849622619889949,0.03241275619213413
2014-01-10,6220.85009765625,6239.10009765625,6139.60009765625,6171.4501953125,6171.4501953125,713800,-0.006391683932192582,0.0004945031154013346,-0.0028920487710863974,0.02703448083083715,0.036991984583199855
2014-01-17,6189.5498046875,6346.5,6189.5498046875,6261.64990234375,6261.64990234375,712200,0.014615642057641542,-0.0020082237169781747,0.01899949581855198,0.03855398717925662,0.03252588931738609
2014-01-24,6261.75,6355.60009765625,6243.35009765625,6266.75,6266.75,681700,0.0008144974145458672,-0.007451899987796495,-0.006413336196710917,0.06465118277671777,0.03162323767533226
2014-01-31,6186.2998046875,6188.5498046875,6027.25,6089.5,6089.5,876000,-0.028284198348426215,-0.019585729576071853,-0.008345886088832799,0.0724916086467724,0.015102785365838978
2014-02-07,6058.7998046875,6079.9501953125,5933.2998046875,6063.2001953125,6063.2001953125,852200,-0.004318877524837839,-0.01754044779980901,0.0011641543030533885,0.08939662064608611,0.02705178204666714
2014-02-14,6072.7998046875,6106.60009765625,5984.60009765625,6048.35009765625,6048.35009765625,716000,-0.0024492177691461947,-0.03406447310439076,0.008823341137102592,0.09813266345610949,0.027338077586410714
2014-02-21,6071.2998046875,6160.35009765625,6066.7998046875,6155.4501953125,6155.4501953125,466500,0.01770732446485712,-0.017760370955838378,-0.0033435180805418963,0.1249509197811487,0.052159786816480924
2014-02-28,6140.9501953125,6282.7001953125,6130.7998046875,6276.9501953125,6276.9501953125,653500,0.01973860499960267,0.030782526531324406,0.002723732525238276,0.14714544014114983,0.09742643512271609
2014-03-07,6264.35009765625,6537.7998046875,6212.25,6526.64990234375,6526.64990234375,937300,0.03978041871635707,0.0764364843815557,0.058078270811183774,0.14897718726648712,0.09770921639965335
2014-03-14,6491.7001953125,6562.85009765625,6432.7001953125,6504.2001953125,6504.2001953125,1001300,-0.003439698370091504,0.07536767718404613,0.03664982990994936,0.11171505260085746,0.10755033326861829
2014-03-21,6532.4501953125,6574.9501953125,6473.25,6493.2001953125,6493.2001953125,683700,-0.0016912148565056961,0.05487007274580891,0.028414013141786487,0.08002197066609074,0.14896442144070776
2014-03-28,6510.5,6702.60009765625,6510.5,6695.89990234375,6695.89990234375,1010300,0.031217227396989955,0.06674415026330993,0.07804512974595612,0.14789475384789763,0.17832665484433474
2014-04-04,6723.14990234375,6776.75,6662.39990234375,6694.35009765625,6694.35009765625,924300,-0.00023145577295102804,0.025694682236943267,0.08472885396384089,0.13323351090869262,0.2054832931447801
2014-04-11,6694.25,6819.0498046875,6650.39990234375,6776.2998046875,6776.2998046875,635500,0.012241622537778829,0.04183444562040073,0.08219078204150554,0.1115612328312221,0.2256920972190697
2014-04-18,6792.7001953125,6813.39990234375,6665.14990234375,6779.39990234375,6779.39990234375,374500,0.0004574912187482738,0.04407683398362794,0.08180474765129464,0.09533307946353475,0.17227780738072918
2014-04-25,6789.25,6869.85009765625,6772.85009765625,6782.75,6782.75,563800,0.0004941584365147911,0.012970638588227779,0.1138435011084653,0.10380154401098785,0.15520864085929587
2014-05-02,6778.5498046875,6786.25,6656.7998046875,6694.7998046875,6694.7998046875,509100,-0.012966745835022664,6.717710079251482e-05,0.10416934770903552,0.06145351302834223,0.1263122147859186
2014-05-09,6681.64990234375,6871.35009765625,6638.5498046875,6858.7998046875,6858.7998046875,575400,0.024496624960341995,0.012174786000898496,0.1339951712360865,0.11693193904449783,0.12536195983223264
2014-05-16,6863.39990234375,7563.5,6862.89990234375,7203.0,7203.0,1147100,0.05018373550971167,0.06248342091603187,0.1701824840505135,0.18936950309179346,0.1641588782465342
2014-05-23,7276.85009765625,7381.0,7193.5498046875,7367.10009765625,7367.10009765625,1275100,0.022782187651846364,0.08615238622332377,0.17367509195116004,0.22878180247684554,0.23122566672460554
2014-05-30,7428.75,7504.0,7118.4501953125,7229.9501953125,7229.9501953125,1170700,-0.018616538465030863,0.07993523424707982,0.10775823791562522,0.1706335844615232,0.20781997166868438
2014-06-06,7264.0498046875,7592.7001953125,7239.5,7583.39990234375,7583.39990234375,1108300,0.04888687992075069,0.10564531963172885,0.165923507060717,0.21142510593571506,0.28947456254782344
2014-06-13,7621.64990234375,7700.0498046875,7525.35009765625,7542.10009765625,7542.10009765625,929500,-0.0054460802831637345,0.04707762011054428,0.16153820470543323,0.22269960071663775,0.2984815481821308
2014-06-20,7534.7998046875,7663.0,7487.5498046875,7511.4501953125,7511.4501953125,751500,-0.004063841893755082,0.019593883039837223,0.12179845948462953,0.19718694589990826,0.3253200752936911
2014-06-27,7514.0,7593.35009765625,7441.60009765625,7508.7998046875,7508.7998046875,677800,-0.0003528467281396219,0.03856867638670458,0.12166225177204226,0.18926795859330325,0.2852691714864888
2014-07-04,7534.0498046875,7758.0,7531.60009765625,7751.60009765625,7751.60009765625,674900,0.03233543299651931,0.022180050831885456,0.14392814973949153,0.24801368821113434,0.32101777921605557
2014-07-11,7780.39990234375,7808.85009765625,7447.2001953125,7459.60009765625,7459.60009765625,968800,-0.03766964192183864,-0.010938597861574029,0.10033339308945965,0.20872726208212122,0.24140457607859034
2014-07-18,7469.0,7685.0,7422.14990234375,7663.89990234375,7663.89990234375,701500,0.027387500940122766,0.02029564239491144,0.12991042016051746,0.22394257454015998,0.27113044086712756
2014-07-25,7701.64990234375,7840.9501953125,7674.0,7790.4501953125,7790.4501953125,619100,0.016512519028340833,0.037509375393012245,0.16365693113898017,0.24314041493796634,0.32351091312124547
2014-08-01,7792.89990234375,7799.89990234375,7593.89990234375,7602.60009765625,7602.60009765625,684600,-0.024112868055979453,-0.019221837829979327,0.10844467168445648,0.24847690248070453,0.3389810014998702
2014-08-08,7639.5498046875,7752.4501953125,7540.10009765625,7568.5498046875,7568.5498046875,616800,-0.004478769438267194,0.01460530130368265,0.05074966051471619,0.24827641524005695,0.3598681083947284
2014-08-15,7619.85009765625,7796.7001953125,7598.60009765625,7791.7001953125,7791.7001953125,509000,0.029483903308239245,0.016675621367349347,0.05763463126981683,0.28823564600399076,0.414653641105464
2014-08-22,7785.25,7929.0498046875,7779.2001953125,7913.2001953125,7913.2001953125,603900,0.015593515786592294,0.015756470668904177,0.09450272568170415,0.28555994187696654,0.4461918390482935
2014-08-29,7931.75,7968.25,7862.4501953125,7954.35009765625,7954.35009765625,571000,0.005200159395452486,0.04626706593556573,0.04891607987043556,0.26723167304981943,0.4536990353415409
2014-09-05,7990.35009765625,8141.89990234375,7984.0,8086.85009765625,8086.85009765625,692200,0.016657551952489635,0.06848079306391641,0.07222789315263589,0.2390506950207678,0.4236409824455478
2014-09-12,8132.9501953125,8180.2001953125,8057.2998046875,8105.5,8105.5,566700,0.0023062010694565593,0.04027359842159761,0.07908590075698241,0.246194729037021,0.38541343874230316
2014-09-19,8070.35009765625,8160.89990234375,7925.14990234375,8121.4501953125,8121.4501953125,626400,0.0019678237385107877,0.026316786490926836,0.08159098744949134,0.2507623284394416,0.3508507947960742
2014-09-26,8084.4501953125,8159.89990234375,7841.7998046875,7968.85009765625,7968.85009765625,808200,-0.01878975970871888,0.0018229019117819156,0.02802647160109406,0.19010890453528617,0.36611976802372337
2014-10-03,7978.4501953125,8030.89990234375,7923.85009765625,7945.5498046875,7945.5498046875,351400,-0.002923921605151425,-0.017472846814571508,0.06514420353229555,0.18690383514141362,0.34503920020829626
2014-10-10,7897.39990234375,7972.35009765625,7815.75,7859.9501953125,7859.9501953125,550800,-0.010773277051828511,-0.030294220552402717,0.02558100907721861,0.15991771643211328,0.2893195668600559
2014-10-17,7831.0,7928.0,7723.85009765625,7779.7001953125,7779.7001953125,735400,-0.010209988359450306,-0.0420799231394966,-0.001379894579965124,0.14754997601232067,0.25694944906388084
2014-10-24,7896.9501953125,8005.0,7856.9501953125,7995.89990234375,7995.89990234375,490700,0.027790236333466556,0.003394442655591634,0.05173227575244255,0.1788581183655229,0.30122541122175206
2014-10-31,8064.35009765625,8330.75,7985.64990234375,8322.2001953125,8322.2001953125,787100,0.04080845145061218,0.04740394307298845,0.09957659129867058,0.2430842501796009,0.31947614434334026
2014-11-07,8348.150390625,8365.5498046875,8290.25,8337.0,8337.0,456100,0.00177835239962576,0.060693743959344904,0.06998470051703909,0.21551878424884996,0.35765175263607873
2014-11-14,8337.7998046875,8415.0498046875,8304.4501953125,8389.900390625,8389.900390625,652100,0.00634525496281646,0.0784349242249931,0.06024113930478858,0.16477861871789523,0.3853521669564488
2014-11-21,8378.400390625,8489.7998046875,8349.099609375,8477.349609375,8477.349609375,633800,0.010423153396161622,0.06021207280122742,0.0657501248119381,0.15070373647725543,0.413963811425363
2014-11-28,8490.9501953125,8617.0,8429.4501953125,8588.25,8588.25,956000,0.013081964969612336,0.031968685977700195,0.0620018791357424,0.18787125332732524,0.39056198316136914
2014-12-05,8605.099609375,8626.9501953125,8504.650390625,8538.2998046875,8538.2998046875,729400,-0.005816108673187159,0.024145352607352732,0.05339581823298989,0.125919760877786,0.36396746559648685
2014-12-12,8538.650390625,8546.349609375,8216.2998046875,8224.099609375,8224.099609375,718800,-0.03679891811013769,-0.019761948715775968,0.012639296134789646,0.09042567758159104,0.3332630405901804
2014-12-19,8160.75,8263.4501953125,7961.35009765625,8225.2001953125,8225.2001953125,887500,0.0001338244901905039,-0.02974389705287739,0.032169019935717635,0.09502159788603981,0.3109455624676256
2014-12-26,8255.0,8364.75,8147.9501953125,8200.7001953125,8200.7001953125,568800,-0.0029786509043223663,-0.04512558491980323,0.03211236439226317,0.0921452706986634,0.29885337657112987
2015-01-02,8214.7001953125,8410.599609375,8214.7001953125,8395.4501953125,8395.4501953125,346200,0.023747972168439713,-0.016730451336058216,0.06813020269764047,0.0830602829796292,0.35167405831640197
2015-01-09,8407.9501953125,8445.599609375,8065.4501953125,8284.5,8284.5,746900,-0.013215514681326757,0.0073443165202118355,0.0648867940941551,0.11058232231549892,0.3423911297692168
2015-01-16,8291.349609375,8530.75,8236.650390625,8513.7998046875,8513.7998046875,787000,0.027678170642464917,0.035087244385792804,0.06477068355895055,0.11089652959635288,0.3596735584818891
2015-01-23,8550.0498046875,8866.400390625,8531.5,8835.599609375,8835.599609375,836700,0.037797436170665444,0.07742014693152743,0.06169034654461614,0.13415776853196038,0.409917358977939
2015-01-30,8871.349609375,8996.599609375,8775.099609375,8808.900390625,8808.900390625,900700,-0.003021777800079395,0.04924693562512528,0.05660314149274326,0.15866943907001385,0.4465720322891864
2015-02-06,8802.5,8840.7998046875,8645.5498046875,8661.0498046875,8661.0498046875,959000,-0.016784227245304373,0.04545232719989145,0.03231854985614446,0.14434733577671266,0.42846179009286467
2015-02-13,8584.400390625,8822.099609375,8470.5,8805.5,8805.5,885300,0.016678139321439023,0.03426204538564526,0.038709078396637286,0.13011278402336424,0.4558515723837071
2015-02-20,8831.400390625,8913.4501953125,8793.400390625,8833.599609375,8833.599609375,694900,0.003191142964624305,-0.00022635702028395155,0.028568056283293952,0.11631190812128223,0.43508587172096114
2015-02-27,8856.849609375,8869.0,8669.4501953125,8844.599609375,8844.599609375,891600,0.0012452454816183067,0.004052630540355873,0.03587362960941509,0.11191983012931028,0.4090600266320368
2015-03-06,8953.849609375,9119.2001953125,8849.349609375,8937.75,8937.75,804400,0.010531894572849199,0.03194765086822904,0.08677550425234148,0.10522018982277914,0.36942384435089926
2015-03-13,8891.150390625,8891.2998046875,8631.75,8647.75,8647.75,845200,-0.032446644849095096,-0.017914939526432305,0.05137258603484307,0.06689901918450425,0.32956393412249696
2015-03-20,8656.75,8788.2001953125,8553.0,8570.900390625,8570.900390625,834800,-0.008886659463444246,-0.02973863774301022,0.04514251057782914,0.05534112559994653,0.31998092355329044
2015-03-27,8591.5498046875,8627.75,8269.150390625,8341.400390625,8341.400390625,941500,-0.026776650006460345,-0.056893385904843496,-0.0064379876516542645,0.04675082206381598,0.2457474741677783
2015-04-03,8390.9501953125,8603.400390625,8380.75,8586.25,8586.25,427400,0.029353537524728912,-0.03932757125674802,0.03642344136640707,0.08063635759158116,0.28261143721869586
2015-04-10,8615.7998046875,8787.400390625,8573.75,8780.349609375,8780.349609375,735500,0.022605865118648927,0.015333423072475538,0.0313079718577296,0.11709990409499116,0.29574396978439466
2015-04-17,8801.75,8841.650390625,8596.7001953125,8606.0,8606.0,414900,-0.01985679581469546,0.004095206778204075,-0.025985741718239863,0.10621229403999011,0.2694338914901251
2015-04-24,8618.7998046875,8619.9501953125,8273.349609375,8305.25,8305.25,1058100,-0.034946548919358555,-0.004333851503595221,-0.05717517150733331,0.03868859058197738,0.22446647746120685
2015-05-01,8330.5498046875,8334.4501953125,8144.75,8181.5,8181.5,774200,-0.014900213720237199,-0.04713932158975109,-0.05536855410160091,-0.01690661027257545,0.22206790922583775
2015-05-08,8230.0498046875,8355.650390625,7997.14990234375,8191.5,8191.5,841500,0.0012222697549348904,-0.06706448325773617,-0.06972914655612972,-0.017452320978769365,0.19430516027041556
2015-05-15,8243.2001953125,8332.75,8089.7998046875,8262.349609375,8262.349609375,799800,0.00864916185985476,-0.03993148856902162,-0.06466786194313567,-0.015202895780804138,0.1470706107698181
2015-05-22,8284.9501953125,8489.5498046875,8271.9501953125,8458.9501953125,8458.9501953125,743700,0.023794755152266145,0.018506389971704618,-0.04360281200900529,-0.0021704205807617782,0.14820622540524564
2015-05-29,8438.150390625,8443.900390625,8270.150390625,8433.650390625,8433.650390625,999800,-0.00299089178956502,0.030819579615596115,-0.05640117584123516,-0.018001293555148012,0.16648803419045866
2015-06-05,8417.25,8467.150390625,8056.75,8114.7001953125,8114.7001953125,757200,-0.03781875943862345,-0.00937554839620336,-0.0616402884782169,-0.04961170479659727,0.07006096207646184
2015-06-12,8124.35009765625,8163.0498046875,7940.2998046875,7982.89990234375,7982.89990234375,711500,-0.016242164195404918,-0.03382206275974675,-0.0686042844371888,-0.02932840292404726,0.05844523395075085
2015-06-19,7986.60009765625,8250.7998046875,7944.85009765625,8224.9501953125,8224.9501953125,701400,0.030321098338923713,-0.027663007181395916,-0.01396050901037904,-3.0394396982935667e-05,0.09498831536488894
2015-06-26,8259.2998046875,8423.150390625,8257.400390625,8381.099609375,8381.099609375,696300,0.01898484615159024,-0.006231083672666449,-0.023892897437763905,0.02199805013791578,0.11617033712138003
2015-07-03,8247.0498046875,8497.75,8195.650390625,8484.900390625,8484.900390625,622700,0.012385102920610791,0.045620933170931854,-0.033648912844488676,0.010654603771271587,0.0945998611551786
2015-07-10,8386.150390625,8561.349609375,8315.400390625,8360.5498046875,8360.5498046875,697200,-0.014655515116582363,0.047307357847850895,-0.028520822137171775,0.009179770014786648,0.12077721261684271
2015-07-17,8397.25,8642.9501953125,8355.400390625,8609.849609375,8609.849609375,546000,0.029818589747258706,0.046796564711341304,0.03667554972758191,0.01128166117256102,0.1234292878410328
2015-07-24,8623.900390625,8654.75,8498.650390625,8521.5498046875,8521.5498046875,651800,-0.010255673292057677,0.01675796755301584,0.041563259144105524,-0.035543689004906676,0.0938456175247615
2015-07-31,8492.099609375,8548.9501953125,8321.75,8532.849609375,8532.849609375,870700,0.001326026948910597,0.005651123353549226,0.041671196896172935,-0.031337711747063346,0.12235939017830622
2015-08-07,8510.650390625,8606.2998046875,8448.25,8564.599609375,8564.599609375,755500,0.003720914050227231,0.024406266268887755,0.03658160381606801,-0.01113608598120519,0.13160378545314022
2015-08-14,8577.0,8621.5498046875,8337.9501953125,8518.5498046875,8518.5498046875,812900,-0.005376760944795667,-0.01060411143396589,0.007045745393799319,-0.0325876094841292,0.09328510994458883
2015-08-21,8530.5,8530.599609375,8225.0498046875,8299.9501953125,8299.9501953125,843900,-0.02566159902648113,-0.02600461353322181,-0.015853182088401918,-0.060411320148147096,0.04887403205457841
2015-08-28,8055.9501953125,8091.7998046875,7667.25,8001.9501953125,8001.9501953125,1328700,-0.03590382990108776,-0.06221830201708978,-0.013894536740264418,-0.09527275979449856,0.005984159242660825
2015-09-04,8009.25,8043.60009765625,7626.85009765625,7655.0498046875,7655.0498046875,947800,-0.043351980724425476,-0.10619875372713128,-0.04106904779803067,-0.14351488856955052,-0.05339536256445454
2015-09-11,7685.85009765625,7864.85009765625,7539.5,7789.2998046875,7789.2998046875,818700,0.017537443050702706,-0.08560729428367209,-0.05296693357161997,-0.09926861846289492,-0.03901057248935913
2015-09-18,7811.10009765625,8055.0,7761.85009765625,7981.89990234375,7981.89990234375,641100,0.02472624016093783,-0.038319542344768864,-0.047630946491163284,-0.06872095829342606,-0.01718292787774467
2015-09-25,7911.5,8021.60009765625,7723.25,7868.5,7868.5,639400,-0.01420713160164433,-0.016677208937225685,-0.07264674448106234,-0.056693165233561826,-0.012592795249814603
2015-10-02,7892.7998046875,8008.25,7691.2001953125,7950.89990234375,7950.89990234375,744600,0.010472123320041993,0.038647703830102964,-0.04899796208546858,-0.07399622625200175,0.0006733451790954526
2015-10-09,8005.10009765625,8232.2001953125,8005.10009765625,8189.7001953125,8189.7001953125,926900,0.030034372951715405,0.051403900307450456,-0.04879869371992429,-0.06726946423999436,0.041953192043971965
2015-10-16,8231.5,8246.400390625,8088.60009765625,8238.150390625,8238.150390625,807500,0.0059159913253272745,0.032103946606246714,-0.03325679255041247,-0.04274338942307687,0.058929031171243595
2015-10-23,8262.5498046875,8328.099609375,8217.150390625,8295.4501953125,8295.4501953125,576400,0.006955421055763633,0.054260684414119575,-0.02782182095435859,-0.0011799530041238793,0.03746298685917093
2015-10-30,8333.650390625,8336.2998046875,8044.39990234375,8065.7998046875,8065.7998046875,896500,-0.027683897222934073,0.014451182099510573,-0.05823971083732893,-0.014141684937053145,-0.03080920725380032
2015-11-06,8054.5498046875,8116.10009765625,7926.14990234375,7954.2998046875,7954.2998046875,742300,-0.013823799585901075,-0.02874346862657251,-0.06623780020509007,-0.028956869353903403,-0.04590382575416818
2015-11-13,7788.25,7937.75,7730.89990234375,7762.25,7762.25,537900,-0.02414414963015654,-0.057767868764155295,-0.06478354479960291,-0.06052752945815254,-0.07481023151673483
2015-11-20,7732.9501953125,7906.9501953125,7714.14990234375,7856.5498046875,7856.5498046875,722600,0.01214851424361485,-0.05290856798501531,-0.018170619296052903,-0.07121455697408152,-0.0732304120147369
2015-11-27,7869.5,7959.2998046875,7812.64990234375,7942.7001953125,7942.7001953125,627700,0.010965422834028127,-0.015261922234105052,0.03757655377354441,-0.058213249609949336,-0.07516662937006957
2015-12-04,7936.25,7979.2998046875,7775.7001953125,7781.89990234375,7781.89990234375,759400,-0.02024504123467341,-0.02167379990406626,-0.0009500086694951282,-0.04101202570133078,-0.08858905398572314
2015-12-11,7816.5498046875,7825.39990234375,7575.2998046875,7610.4501953125,7610.4501953125,721300,-0.02203185715349698,-0.019556160222551466,-0.04653650278452881,-0.04665594102237214,-0.07461599970931465
2015-12-18,7558.2001953125,7852.89990234375,7551.0498046875,7761.9501953125,7761.9501953125,804800,0.019906838112325298,-0.012040859120953873,-0.013541310883586455,-0.056292134177769126,-0.05632081760927887
2015-12-25,7745.64990234375,7888.75,7733.4501953125,7861.0498046875,7861.0498046875,463400,0.01276735960440023,-0.010279928565500529,-0.011300619899612174,-0.062050307110749325,-0.04141724273972891
2016-01-01,7863.2001953125,7955.5498046875,7863.0,7946.35009765625,7946.35009765625,493600,0.01085100528403804,0.02113239663529609,-0.029714164359219808,-0.06347161052872186,-0.05349327161835815
2016-01-08,7924.5498046875,7937.5498046875,7556.60009765625,7601.35009765625,7601.35009765625,773300,-0.04341615908689411,-0.001195737101315597,-0.07729894002583726,-0.09080739003618998,-0.08246121097757864
2016-01-15,7527.4501953125,7605.10009765625,7425.7998046875,7437.7998046875,7437.7998046875,966400,-0.02151595320141586,-0.04176146232177025,-0.10338804651128297,-0.13612895205640885,-0.12638305159672414
2016-01-22,7420.35009765625,7470.89990234375,7241.5,7422.4501953125,7422.4501953125,1117400,-0.002063729836520478,-0.055794025005854286,-0.0797626552795313,-0.1289788400662062,-0.15993814529158612
2016-01-29,7468.75,7575.64990234375,7402.7998046875,7563.5498046875,7563.5498046875,924000,0.01900984252667781,-0.04817309686388671,-0.04912437418686799,-0.11359626022501734,-0.1413741251136047
2016-02-05,7589.5,7600.4501953125,7350.2998046875,7489.10009765625,7489.10009765625,1095100,-0.00984322295135942,-0.014767113546659383,-0.035189526534671,-0.12557499016550455,-0.13531266225913763
2016-02-12,7489.7001953125,7512.5498046875,6869.0,6980.9501953125,6980.9501953125,1256700,-0.0678519309019221,-0.06142268162247133,-0.11144836233999122,-0.18050016078193332,-0.20720570151467832
2016-02-19,7057.35009765625,7226.85009765625,6960.64990234375,7210.75,7210.75,1307000,0.03291812693948226,-0.028521605365057878,-0.09215382392809823,-0.13122972664675014,-0.18371328576548662
2016-02-26,7208.85009765625,7252.39990234375,6961.39990234375,7029.75,7029.75,1038300,-0.025101411087612213,-0.07057530107842724,-0.09665376216381527,-0.12149540694242378,-0.20519296401516196
2016-03-04,7050.4501953125,7505.89990234375,6825.7998046875,7485.35009765625,7485.35009765625,1647300,0.06481028452736592,-0.0005007277177632163,-0.016437936580059764,-0.022168334806565992,-0.16250173727657968
2016-03-11,7486.39990234375,7547.10009765625,7424.2998046875,7510.2001953125,7510.2001953125,925500,0.0033198310475859305,0.07581346166247904,-0.032433859231927764,-0.035831155093945855,-0.1315428642927351
2016-03-18,7542.60009765625,7613.60009765625,7405.14990234375,7604.35009765625,7604.35009765625,1033000,0.012536270657939719,0.05458518152151304,-0.03265463435662008,-0.04730074409685825,-0.11277114992795623
2016-03-25,7619.2001953125,7728.2001953125,7617.7001953125,7716.5,7716.5,605300,0.014748124547594887,0.0976919520608841,-0.028925241756469267,-0.019317531931117737,-0.0749155251350041
2016-04-01,7741.0,7777.60009765625,7582.25,7713.0498046875,7713.0498046875,1255800,-0.00044711920073869926,0.030419379729820006,0.014694719437497117,-0.029914865056487105,-0.10169750418547097
2016-04-08,7733.14990234375,7764.4501953125,7526.7001953125,7555.2001953125,7555.2001953125,902700,-0.020465265150896528,0.005991850926701847,0.015784290207839557,-0.07747536355032458,-0.13953310159248977
2016-04-15,7577.7998046875,7864.7998046875,7516.85009765625,7850.4501953125,7850.4501953125,563600,0.03907904388598249,0.03236306778301823,0.05766289954633774,-0.04706155835097425,-0.0877933772585987
2016-04-22,7908.14990234375,7978.4501953125,7842.75,7899.2998046875,7899.2998046875,796900,0.006222523315181139,0.02368947122238052,0.044390532047785314,-0.04775514062502029,-0.04887874480750132
2016-04-29,7894.7998046875,7992.0,7788.7001953125,7849.7998046875,7849.7998046875,1091700,-0.006266378188434674,0.01772969233478716,0.04816329095990213,-0.026779737314391316,-0.0405427116436472
2016-05-06,7822.7001953125,7890.25,7678.35009765625,7733.4501953125,7733.4501953125,881200,-0.014821984288761358,0.023593021414653137,0.10779334889185743,-0.027764808317239043,-0.05591769574406402
2016-05-13,7755.25,7916.0498046875,7753.5498046875,7814.89990234375,7814.89990234375,868900,0.010532130546417662,-0.004528440036467907,0.08378461357608424,0.0067828145632709,-0.054155261903169105
2016-05-20,7831.2001953125,7940.10009765625,7735.75,7749.7001953125,7749.7001953125,872400,-0.008342999634799675,-0.018938337963350427,0.10241476514989856,-0.013600067718179565,-0.08384610189489339
2016-05-27,7813.9501953125,8164.2001953125,7715.7998046875,8156.64990234375,8156.64990234375,1020400,0.05251167100340193,0.03909018131558151,0.08968181794164742,0.02693664645148197,-0.032844672882002435
2016-06-03,8166.5,8262.0,8134.2998046875,8220.7998046875,8220.7998046875,1473500,0.007864736517049442,0.0630183937397566,0.09461793173216893,0.05640009610141128,0.013074988209211824
2016-06-10,8228.75,8294.9501953125,8162.85009765625,8170.0498046875,8170.0498046875,944900,-0.006173365269284692,0.0454452272942405,0.07439159162406339,0.07353042133035359,0.023443849307042353
2016-06-17,8102.25,8213.2001953125,8063.89990234375,8170.2001953125,8170.2001953125,840800,1.8407553025401313e-05,0.05426016354211294,0.058796111619581426,0.05259631790043495,-0.006656575261842046
2016-06-24,8115.75,8285.599609375,7927.0498046875,8088.60009765625,8088.60009765625,893400,-0.009987527319473388,-0.008342862020833675,0.04869024607367556,0.028946552766153877,-0.034899896833532895
2016-07-01,8039.35009765625,8356.75,8039.35009765625,8328.349609375,8328.349609375,924800,0.02964042094109942,0.013082644905934249,0.10233341196467416,0.04807232339680323,-0.018450514919771344
2016-07-08,8376.75,8398.4501953125,8287.5498046875,8323.2001953125,8323.2001953125,586600,-0.0006182994595596014,0.01874534357637958,0.06021947636611702,0.09496340628736744,-0.004467362822724752
2016-07-15,8413.349609375,8594.7998046875,8407.0498046875,8541.400390625,8541.400390625,904500,0.026215901359117444,0.04543342714239351,0.08128575972727003,0.1483772909889267,-0.007950106198773566
2016-07-22,8564.0498046875,8587.099609375,8476.7001953125,8541.2001953125,8541.2001953125,785700,-2.343823065831252e-05,0.055955306504446245,0.08807872911766879,0.1507251609052931,0.002305964416729811
2016-07-29,8519.9501953125,8674.7001953125,8517.2001953125,8638.5,8638.5,879400,0.01139181876815143,0.03724031833100194,0.11703053382771911,0.14212244555411013,0.012381607020112373
2016-08-05,8654.2998046875,8711.2998046875,8518.150390625,8683.150390625,8683.150390625,843400,0.005168766640620381,0.043246610302034805,0.11110193337484131,0.15943842082474413,0.013841952532168689
2016-08-12,8712.849609375,8728.349609375,8540.0498046875,8592.150390625,8592.150390625,735500,-0.010480067245898561,0.005941648638284613,0.10870745629902778,0.2307995545354804,0.008640037051494298
2016-08-19,8670.25,8696.599609375,8600.4501953125,8666.900390625,8666.900390625,755100,0.008699801167535437,0.014716924136901177,0.06255637968899874,0.2019415997815761,0.04421113219688233
2016-08-26,8667.0,8684.849609375,8547.5498046875,8572.5498046875,8572.5498046875,850000,-0.010886312486013905,-0.00763444988279216,0.042787807556076585,0.2194672363437533,0.07130756821121609
2016-09-02,8583.75,8824.099609375,8543.75,8809.650390625,8809.650390625,1072500,0.027658117052624442,0.014568445127540297,0.07828600819183928,0.17691895177800743,0.1508286184148
2016-09-09,8852.7001953125,8968.7001953125,8848.4501953125,8866.7001953125,8866.7001953125,878800,0.006475830726291987,0.03195356135607974,0.08524882908005171,0.18062101737935832,0.1383180025984665
2016-09-16,8732.9501953125,8847.650390625,8688.900390625,8779.849609375,8779.849609375,780000,-0.009795141825525433,0.013032250707782245,0.08545972150595582,0.15458250825156683,0.09996989649005061
2016-09-23,8788.4501953125,8893.349609375,8757.2998046875,8831.5498046875,8831.5498046875,775700,0.005888505795964338,0.030212714524957107,0.06042015752389407,0.14450201576977895,0.1223930615349178
2016-09-30,8807.900390625,8809.5498046875,8555.2001953125,8611.150390625,8611.150390625,1035500,-0.02495591588528656,-0.022532108676098894,0.034596091473886315,0.11643910109224143,0.08304097603928118
2016-10-07,8666.150390625,8806.9501953125,8635.0,8697.599609375,8697.599609375,792800,0.010039218319089827,-0.019071422537427996,0.018287307889399917,0.151207034165856,0.06201685067216545
2016-10-14,8735.349609375,8745.7998046875,8541.349609375,8583.400390625,8583.400390625,483500,-0.01312996963287505,-0.022375009537775492,0.004940780493080998,0.09336409722720673,0.04190867896668826
2016-10-21,8612.9501953125,8727.0,8506.150390625,8693.0498046875,8693.0498046875,904400,0.012774589215512,-0.0156824117015667,0.00631473110927816,0.10048358963777826,0.04792984105909892
2016-10-28,8709.849609375,8736.9501953125,8550.25,8638.0,8638.0,984500,-0.006332622718647651,0.0031180049304715407,-0.0051997706585559245,0.10041022891333196,0.07094153204496356
2016-11-04,8653.150390625,8669.599609375,8400.25,8433.75,8433.75,715600,-0.02364551979624918,-0.030335911196762932,-0.018435476967190056,0.09055464081374387,0.06027560025207479
2016-11-11,8535.75,8598.4501953125,8002.25,8296.2998046875,8296.2998046875,1212800,-0.01629763691270192,-0.03344835063864415,-0.042760452899444745,0.06160026466869706,0.06880090240426417
2016-11-18,8284.849609375,8288.5498046875,8048.2998046875,8074.10009765625,8074.10009765625,981200,-0.026782989074925267,-0.07120052466483029,-0.058144859859396325,0.04185967123476164,0.027690309153128645
2016-11-25,8102.10009765625,8122.25,7916.39990234375,8114.2998046875,8114.2998046875,1048400,0.004978846750106403,-0.06062748267104656,-0.07893055400671445,-0.005192094568639116,0.021604694267104874
2016-12-02,8080.64990234375,8250.7998046875,8066.5,8086.7998046875,8086.7998046875,956600,-0.003389078621930386,-0.04113830684007702,-0.08795835806395091,-0.01630011716421964,0.0391806507626653
2016-12-09,8088.75,8274.9501953125,8056.85009765625,8261.75,8261.75,703800,0.02163404554804127,-0.004164483625336057,-0.059010077897209134,0.011223945692459214,0.08557966847856835
2016-12-16,8230.650390625,8230.650390625,8121.9501953125,8139.4501953125,8139.4501953125,821500,-0.01480313549641421,0.008093793347350164,-0.07836672211344564,-0.0037636776657740123,0.048634684647677284
2016-12-23,8126.0,8132.5,7942.0498046875,7985.75,7985.75,605800,-0.01888336332606544,-0.015842377997080992,-0.07262681085048472,-0.012715438569654625,0.015863046082998045
2016-12-30,7965.10009765625,8197.0,7893.7998046875,8185.7998046875,8185.7998046875,658500,0.02505084740788277,0.01224217272481698,-0.05884379917142191,-0.01711621286011278,0.0301332944167505
2017-01-06,8210.099609375,8306.849609375,8133.7998046875,8243.7998046875,8243.7998046875,676500,0.007085440810168153,-0.0021726868172602387,-0.03956480770819226,-0.009539646861998707,0.08451784206457469
2017-01-13,8259.349609375,8461.0498046875,8227.75,8400.349609375,8400.349609375,786400,0.01899000562804609,0.03205369008987269,-0.03367059914400461,-0.016513776991980977,0.1294132445028804
2017-01-20,8390.9501953125,8460.2998046875,8340.9501953125,8349.349609375,8349.349609375,778400,-0.00607117588809436,0.045531053360673646,-0.033416345291155336,-0.022461783069174457,0.12487782196879738
2017-01-27,8329.599609375,8672.7001953125,8327.2001953125,8641.25,8641.25,942100,0.03496085375287694,0.05563905863562546,0.024603527493700872,0.0003183423047983247,0.14248603144578964
2017-02-03,8635.5498046875,8757.599609375,8537.5,8740.9501953125,8740.9501953125,1627900,0.011537705229278217,0.06030597569124807,0.05359622977628753,0.006656547691481274,0.1671562779682998
2017-02-10,8785.4501953125,8822.099609375,8715.0,8793.5498046875,8793.5498046875,1052800,0.006017607719948748,0.04680759892108277,0.08910586917792762,0.023439931205376574,0.2596494114214003
2017-02-17,8819.7998046875,8896.4501953125,8712.849609375,8821.7001953125,8821.7001953125,1092200,0.0032012544706341295,0.05657333900680417,0.08717947421863137,0.01786103424644714,0.22340951985750435
2017-02-24,8818.5498046875,8982.150390625,8809.7998046875,8939.5,8939.5,967800,0.013353412843262857,0.034514682482279735,0.10544346538889626,0.0428052567407482,0.27166684448237843
2017-03-03,8943.7001953125,8992.5,8860.099609375,8897.5498046875,8897.5498046875,1110800,-0.0046926780370826204,0.0179156276921677,0.07695703751475169,0.009977627960814361,0.18866181121888026
2017-03-10,8915.099609375,8977.849609375,8891.9501953125,8934.5498046875,8934.5498046875,850200,0.004158448203404053,0.016034480173733545,0.09768468266233721,0.007652182647482464,0.18965534504180193
2017-03-17,9091.650390625,9218.400390625,9060.5,9160.0498046875,9160.0498046875,1006200,0.025239100450443752,0.038354240326007094,0.14704940734276684,0.04330372526045645,0.2045802319794212
2017-03-24,9166.9501953125,9167.599609375,9019.2998046875,9108.0,9108.0,1207600,-0.005682262192599041,0.018848928911012974,0.11265853274159143,0.031302568793279084,0.180327868852459
2017-03-31,9093.4501953125,9191.7001953125,9024.650390625,9173.75,9173.75,1143700,0.007218928414580494,0.031042275837218636,0.11280601389467537,0.0653338501656533,0.1893803660420783
2017-04-07,9220.599609375,9273.900390625,9188.099609375,9198.2998046875,9198.2998046875,700000,0.002676092621610504,0.02952023389713765,0.09499011736630192,0.05756762989788622,0.2174792946445594
2017-04-14,9225.599609375,9246.400390625,9144.9501953125,9150.7998046875,9150.7998046875,664200,-0.005163997804876308,-0.0010098198369256073,0.09598953604872396,0.06610426966476224,0.1656401323520833
2017-04-21,9144.75,9217.900390625,9075.150390625,9119.400390625,9119.400390625,673400,-0.0034313300184335427,0.001251689791941235,0.05533347497468544,0.04904499519922245,0.15445680200838607
2017-04-28,9135.349609375,9367.150390625,9130.5498046875,9304.0498046875,9304.0498046875,893700,0.02024797751531171,0.014203548678294098,0.0644208692181969,0.07710694659498718,0.18525950166673
2017-05-05,9339.849609375,9377.099609375,9269.900390625,9285.2998046875,9285.2998046875,814700,-0.0020152514650720876,0.009458269663668029,0.0559216711023649,0.10096929653920261,0.20066717573427018
2017-05-12,9311.4501953125,9450.650390625,9297.9501953125,9400.900390625,9400.900390625,784700,0.012449849586885886,0.027331008357257103,0.06565630008830547,0.1331437643217026,0.20294572011160317
2017-05-19,9433.5498046875,9532.599609375,9390.75,9427.900390625,9427.900390625,958200,0.002872065321203321,0.03382897852770528,0.054633971768555334,0.16767197292509795,0.21655033782178812
2017-05-26,9480.25,9604.900390625,9341.650390625,9595.099609375,9595.099609375,1141000,0.01773451265100978,0.03128205574962273,0.07839796573209501,0.18249261677909234,0.17635300328605785
2017-06-02,9560.0498046875,9673.5,9547.7001953125,9653.5,9653.5,1181500,0.006086480912396164,0.03965409874289905,0.0804685418995934,0.19373549897999998,0.17427747048353792
2017-06-09,9656.2998046875,9709.2998046875,9608.150390625,9668.25,9668.25,748700,0.0015279432330241871,0.028438723767524765,0.05548006901146296,0.1702423820619119,0.18337711900518894
2017-06-16,9646.7001953125,9654.150390625,9560.7998046875,9588.0498046875,9588.0498046875,837200,-0.00829521323016058,0.016986752874664557,0.05270639050148218,0.1779726608818426,0.17353915148718935
2017-06-23,9626.400390625,9698.849609375,9565.2998046875,9574.9501953125,9574.9501953125,819200,-0.0013662433593738532,-0.002099969242926103,0.04373349996593534,0.19900450118179247,0.18375863310227625
2017-06-30,9594.0498046875,9615.400390625,9448.75,9520.900390625,9520.900390625,814600,-0.0056449175802461005,-0.013735910226860715,0.035071762476485135,0.16309958926346702,0.14319172911612377
2017-07-07,9587.9501953125,9700.7001953125,9543.5498046875,9665.7998046875,9665.7998046875,747800,0.015219087283507182,-0.00025342697101338185,0.05627923361804843,0.17249327175454177,0.16130809999393403
2017-07-14,9719.2998046875,9913.2998046875,9646.4501953125,9886.349609375,9886.349609375,703600,0.02281754320843099,0.031111624445428365,0.0841008384211801,0.1768973994060421,0.15746237820980857
2017-07-21,9908.150390625,9928.2001953125,9792.0498046875,9915.25,9915.25,1006200,0.00292326204988691,0.035540634441534324,0.06569184474964551,0.18754758919985104,0.16087315286692294
2017-07-28,9936.7998046875,10114.849609375,9919.599609375,10014.5,10014.5,1037100,0.010009833337535579,0.0518437951373838,0.07853275722388386,0.1589179806162302,0.15928691323725186
2017-08-04,10034.7001953125,10137.849609375,9988.349609375,10066.400390625,10066.400390625,954800,0.0051825244021168615,0.04144515653461256,0.07079109152817598,0.15163685476932454,0.15930278041636403
2017-08-11,10074.7998046875,10088.099609375,9685.5498046875,9710.7998046875,9710.7998046875,1031300,-0.035325495920932815,-0.017756787047165545,0.030006618901469606,0.10430941091742607,0.13019434753878056
2017-08-18,9755.75,9947.7998046875,9752.099609375,9837.400390625,9837.400390625,859000,0.013037091535589962,-0.0078515024205138,0.025252555066052285,0.11513655789982558,0.13505405014993954
2017-08-25,9864.25,9884.349609375,9740.099609375,9857.0498046875,9857.0498046875,742200,0.001997419367135489,-0.01572222230890208,0.02108559638343599,0.10263994683008004,0.14983873284674654
2017-09-01,9907.150390625,9983.4501953125,9783.75,9974.400390625,9974.400390625,976200,0.01190524429344908,-0.009139314594090786,0.03166554346701833,0.12102776714665664,0.13221296514098868
2017-09-08,9984.150390625,9988.400390625,9861.0,9934.7998046875,9934.7998046875,789600,-0.003970222207514418,0.023067101011790214,0.03616481005662675,0.1119530386942631,0.12046190644177468
2017-09-15,9971.75,10131.9501953125,9968.7998046875,10085.400390625,10085.400390625,1062800,0.015158894884468976,0.02520991218740498,0.05331100265799771,0.10102025705842421,0.14869853577627934
2017-09-22,10133.099609375,10178.9501953125,9952.7998046875,9964.400390625,9964.400390625,961400,-0.011997540535175655,0.010890741962818362,0.046581728807572054,0.09402727169795777,0.12827313563200637
2017-09-29,9960.099609375,9960.5,9687.5498046875,9788.599609375,9788.599609375,1193700,-0.017642886110377676,-0.018627764474407393,0.012704567357990193,0.0670227125630194,0.13673541458896077
2017-10-06,9893.2998046875,9989.349609375,9831.0498046875,9979.7001953125,9979.7001953125,662600,0.01952277072958153,0.004519506332056666,0.00944237151485905,0.08495052425088323,0.14740855448847578
2017-10-13,9988.2001953125,10191.900390625,9955.7998046875,10167.4501953125,10167.4501953125,913200,0.018813190409085356,0.00813550295571508,0.025435586123647935,0.1110996210521642,0.18454805002661168
2017-10-20,10207.400390625,10251.849609375,10123.349609375,10146.5498046875,10146.5498046875,683100,-0.002055617703899393,0.01828001755468156,0.013185860970343022,0.11263343751398813,0.16720253911535599
2017-10-27,10176.650390625,10366.150390625,10124.5,10323.0498046875,10323.0498046875,1771900,0.017395075508175317,0.054599249804909045,0.02549564929898107,0.10952219962178344,0.19507406861397314
2017-11-03,10353.849609375,10461.7001953125,10323.9501953125,10452.5,10452.5,1131200,0.012539917733780381,0.047376153134297105,0.07637889877561621,0.12570409355261325,0.23936564398992144
2017-11-10,10431.75,10490.4501953125,10254.099609375,10321.75,10321.75,1274600,-0.012508969146137305,0.015175860390113982,0.04923552871107928,0.09795334181961035,0.24413898279906654
2017-11-17,10322.0,10343.599609375,10094.0,10283.599609375,10283.599609375,1108600,-0.0036961165136726315,0.013507035132689804,0.043273577098561056,0.09076243737162293,0.2736527272383116
2017-11-24,10287.2001953125,10404.5,10261.5,10389.7001953125,10389.7001953125,773100,0.010317455946142973,0.00645646314665016,0.04163656845757302,0.08281316695880125,0.28041857527996905
2017-12-01,10361.0498046875,10409.5498046875,10108.5498046875,10121.7998046875,10121.7998046875,976300,-0.02578518971566357,-0.03163838271346564,0.018822724531577295,0.04851088254907543,0.2516446615656809
2017-12-08,10175.0498046875,10270.849609375,10033.349609375,10265.650390625,10265.650390625,836400,0.014211957232238559,-0.005435087012861217,0.017872369268309152,0.06178991964678193,0.2425515648167762
2017-12-15,10310.5,10373.099609375,10141.5498046875,10333.25,10333.25,913500,0.0065850293749274424,0.004828113939766343,0.03701673908266789,0.07772176933709485,0.2695267803163053
2017-12-22,10263.099609375,10501.099609375,10074.7998046875,10493.0,10493.0,865400,0.015459802095178166,0.009942520260026955,0.07196130383659405,0.09588037388820458,0.313965501048743
2017-12-29,10512.2998046875,10552.400390625,10460.4501953125,10530.7001953125,10530.7001953125,745700,0.0035928900517010476,0.04039799230524532,0.05521207944290807,0.1060613768926546,0.2864595331640314
2018-01-05,10477.5498046875,10566.099609375,10404.650390625,10558.849609375,10558.849609375,676500,0.002673080948124351,0.0285611926758933,0.038495336248900225,0.09239274790839436,0.2808231470360478
2018-01-12,10591.7001953125,10690.400390625,10588.5498046875,10681.25,10681.25,879400,0.0115922089198357,0.03367769094912054,0.052697735250407884,0.0804038317511262,0.27152445989622365
2018-01-19,10718.5,10906.849609375,10666.75,10894.7001953125,10894.7001953125,1159200,0.019983634435342346,0.03828268324716477,0.055376114756844785,0.09878219866493532,0.3048561510802559
2018-01-26,10883.2001953125,11110.099609375,10881.400390625,11069.650390625,11069.650390625,1129900,0.016058284503117637,0.051178951571748454,0.059043328450131494,0.1053622637800189,0.28102420258932437
2018-02-02,11079.349609375,11171.5498046875,10736.099609375,10760.599609375,10760.599609375,1304500,-0.027918748139664662,0.019107195145659617,0.04251697719621195,0.06896201142530733,0.2310560487057316
2018-02-09,10604.2998046875,10702.75,10276.2998046875,10454.9501953125,10454.9501953125,1180800,-0.028404496511161725,-0.021186640579286098,0.016662510448315127,0.0766312153058486,0.1889339831497141
2018-02-16,10518.2001953125,10618.099609375,10434.0498046875,10452.2998046875,10452.2998046875,841500,-0.0002535058106912791,-0.040606935729662896,0.006025160322070011,0.06250629126049367,0.1848396083831363
2018-02-23,10488.900390625,10499.099609375,10302.75,10491.0498046875,10491.0498046875,1133300,0.0037073180758384616,-0.05226909301738403,0.03648066619821866,0.06431944776199705,0.17356113929050832
2018-03-02,10526.5498046875,10631.650390625,10447.150390625,10458.349609375,10458.349609375,821400,-0.0031169612118217005,-0.028088583440709858,0.018771262552052193,0.04851912894983301,0.17541905793718882
2018-03-09,10428.2998046875,10441.349609375,10141.5498046875,10226.849609375,10226.849609375,1079300,-0.02213542371852628,-0.02181747226684727,-0.010296895035443843,0.02939664718253332,0.14464072985630416
2018-03-16,10301.599609375,10478.599609375,10180.25,10195.150390625,10195.150390625,1166900,-0.0030996074021604203,-0.02460218505664924,-0.028385553166396682,0.01088206672508707,0.11300163296140653
2018-03-23,10215.349609375,10227.2998046875,9951.900390625,9998.0498046875,9998.0498046875,1134200,-0.019332778662955796,-0.046992437284943844,-0.05058071930127661,0.0033769632635556324,0.09772176160380974
2018-03-30,9989.150390625,10207.900390625,9958.5498046875,10113.7001953125,10113.7001953125,832700,0.011567294910931336,-0.032954474361189035,-0.04215889330095779,0.03321216506047864,0.10246084701594227
2018-04-06,10151.650390625,10350.4501953125,10111.2998046875,10331.599609375,10331.599609375,1098800,0.02154497462397509,0.010242645976134668,-0.03273496928028086,0.035261521606409385,0.12320753060364087
2018-04-13,10333.7001953125,10519.900390625,10328.5,10480.599609375,10480.599609375,1175400,0.014421774520258834,0.027998529478533873,-0.03800936037833047,0.030799208065643846,0.14532060946260783
2018-04-20,10398.2998046875,10594.2001953125,10396.349609375,10564.0498046875,10564.0498046875,1113700,0.007962349333319851,0.056611040258534695,-0.04567448547116704,0.0411469916411511,0.15841495626704138
2018-04-27,10592.7998046875,10719.7998046875,10514.9501953125,10692.2998046875,10692.2998046875,937700,0.012140230533852048,0.057209487942224024,-0.006347211788086171,0.035769468033790774,0.1492092184739362
2018-05-04,10705.75,10784.650390625,10601.599609375,10618.25,10618.25,775200,-0.006925526410607841,0.027745015434482267,0.015619376624167458,0.015857450370724724,0.14355489034824553
2018-05-11,10653.150390625,10812.0498046875,10635.650390625,10806.5,10806.5,1048800,0.017728910131142195,0.03109558639502641,0.033887297717355214,0.04696393537917509,0.14951755161417601
2018-05-18,10815.150390625,10929.2001953125,10589.099609375,10596.400390625,10596.400390625,1093900,-0.019441966351270046,0.0030623280404400433,0.010041948889655261,0.03041744069506902,0.1239406391227833
2018-05-25,10616.7001953125,10628.0498046875,10417.7998046875,10605.150390625,10605.150390625,1091000,0.0008257521117964739,-0.00815067063722752,0.014036706242675834,0.02073690205321843,0.1052673575439611
2018-06-01,10648.349609375,10764.75,10558.4501953125,10696.2001953125,10696.2001953125,1528000,0.008585432675050741,0.007341152761754621,0.045893955994742,0.05674883930810304,0.1080126581356502
2018-06-08,10765.9501953125,10818.0,10550.900390625,10767.650390625,10767.650390625,991700,0.006679960547467445,-0.0035950223823624228,0.05615414957747422,0.04890094449918592,0.11371244957722437
2018-06-15,10781.849609375,10893.25,10755.400390625,10817.7001953125,10817.7001953125,1112800,0.00464816397930945,0.020884432121241137,0.08198102696394982,0.04688265505165368,0.12824822729058383
2018-06-22,10830.2001953125,10837.0,10701.2001953125,10821.849609375,10821.849609375,1068000,0.00038357635981611793,0.0204333942252779,0.07001882598722009,0.03133990368579043,0.13022515925700895
2018-06-29,10822.900390625,10831.0498046875,10557.7001953125,10714.2998046875,10714.2998046875,1290700,-0.009938209138882215,0.0016921531987530436,0.0370417176218516,0.017434701014157117,0.1253452263020849
2018-07-06,10732.349609375,10816.349609375,10604.650390625,10772.650390625,10772.650390625,891900,0.005446047525380138,0.0004643538579551798,0.027865846624725243,0.020248491943683833,0.11451205366375627
2018-07-13,10838.2998046875,11078.2998046875,10807.150390625,11018.900390625,11018.900390625,851200,0.02285881292632519,0.01859916541222728,0.043056459818626935,0.03161150526623757,0.11455702316819028
2018-07-20,11018.9501953125,11076.2001953125,10925.599609375,11010.2001953125,11010.2001953125,1049300,-0.0007895701934017563,0.017404657497211096,0.029731713142352456,0.010601484935739203,0.11043092159174006
2018-07-27,11019.849609375,11283.400390625,11010.9501953125,11278.349609375,11278.349609375,1320800,0.024354635638383915,0.05264457920439458,0.06216651608080426,0.01885328003915543,0.12620196808377848
2018-08-03,11296.650390625,11390.5498046875,11234.9501953125,11360.7998046875,11360.7998046875,1233300,0.007310484083944635,0.05459653778185758,0.051293185091148885,0.05577757904769398,0.12858612451656448
2018-08-10,11401.5,11495.2001953125,11359.7001953125,11429.5,11429.5,942800,0.006047126654247892,0.037263210921149925,0.07862100134608663,0.09321419867924785,0.1769885313136479
2018-08-17,11369.599609375,11486.4501953125,11340.2998046875,11470.75,11470.75,1004800,0.003609081762106836,0.041829376080152914,0.08162068216780716,0.09743790499156546,0.16603467832127428
2018-08-24,11502.099609375,11620.7001953125,11499.650390625,11557.099609375,11557.099609375,924100,0.007527808502059585,0.024715495587075198,0.08048647167615464,0.10161516955254357,0.17247044890440177
2018-08-31,11605.849609375,11760.2001953125,11595.599609375,11680.5,11680.5,1353300,0.010677453236182188,0.028140641575304493,0.08477704756924354,0.11685881962957612,0.17104783671794177
2018-09-07,11751.7998046875,11751.7998046875,11393.849609375,11589.099609375,11589.099609375,1279100,-0.007825040933607252,0.013963831259022674,0.0713090028504173,0.13320328860133235,0.16651566586243205
2018-09-14,11570.25,11573.0,11250.2001953125,11515.2001953125,11515.2001953125,831500,-0.006376631192531956,0.003875090583658425,0.06406950853732507,0.12947820817840583,0.141769265404335
2018-09-21,11464.9501953125,11464.9501953125,10866.4501953125,11143.099609375,11143.099609375,1411900,-0.032313861646015574,-0.0358221365215341,0.040021262472037744,0.11452731553214046,0.11829103333292168
2018-09-28,11164.400390625,11170.150390625,10850.2998046875,10930.4501953125,10930.4501953125,1629300,-0.01908350652125479,-0.06421384398677288,0.014648187675785573,0.08075679367859334,0.11665106670048053
2018-10-05,10930.900390625,11035.650390625,10261.900390625,10316.4501953125,10316.4501953125,1805300,-0.05617334959024034,-0.109814347702473,-0.06374957304361806,-0.0014663183471369523,0.03374349864319304
2018-10-12,10310.150390625,10492.4501953125,10138.599609375,10472.5,10472.5,1713700,0.015126308151849122,-0.09054989732066943,-0.04883655026921507,-0.0007728192734082207,0.03000258657063659
2018-10-19,10524.2001953125,10710.150390625,10249.599609375,10303.5498046875,10303.5498046875,1167000,-0.016132747224874677,-0.07534257380066522,-0.0864310682368995,-0.024659103735426346,0.015473239970444919
2018-10-26,10405.849609375,10408.5498046875,10004.5498046875,10030.0,10030.0,1315600,-0.026549083555946096,-0.08237997330600855,-0.117139622875707,-0.061941754045948816,-0.028387909603461492
2018-11-02,10078.099609375,10606.9501953125,10020.349609375,10553.0,10553.0,1798900,0.052143569292123715,0.0229293797972272,-0.0766875191390699,-0.006145080404021397,0.009614924659172353
2018-11-09,10558.75,10619.5498046875,10477.0,10585.2001953125,10585.2001953125,629700,0.003051283550886019,0.010761536912150982,-0.07720068911688427,-0.02047839769467452,0.025523791538498708
2018-11-16,10607.7998046875,10695.150390625,10440.5498046875,10682.2001953125,10682.2001953125,1241600,0.009163737880267586,0.03674950845122682,-0.07570233394482384,0.008097070847135068,0.038760803714500636
2018-11-23,10731.25,10774.7001953125,10512.0,10526.75,10526.75,1107700,-0.014552263809913812,0.04952642073778657,-0.0987757373400111,-0.007392671271715945,0.01319092968142943
2018-11-30,10568.2998046875,10922.4501953125,10489.75,10876.75,10876.75,1569700,0.03324862849407473,0.030678480053065504,-0.06146720913493098,0.01687980791221766,0.07458655672708292
2018-12-07,10930.7001953125,10941.2001953125,10588.25,10693.7001953125,10693.7001953125,1688400,-0.01682945775967082,0.010250160412464071,-0.07134048788265168,-0.006867811697980675,0.041697290322531444
2018-12-14,10508.7001953125,10838.599609375,10333.849609375,10805.4501953125,10805.4501953125,1883600,0.010450077892494525,0.011537885243349422,-0.030301211144018292,-0.001132403355503242,0.045697161620255056
2018-12-21,10853.2001953125,10985.150390625,10738.650390625,10754.0,10754.0,1591500,-0.004761504091224222,0.02158785950079567,-0.0161429943103506,-0.006269686959632259,0.024873725340703423
2018-12-28,10780.900390625,10893.599609375,10534.5498046875,10859.900390625,10859.900390625,1188700,0.009847534928863588,-0.0015491400809065636,0.052678022480971975,0.013589370149396096,0.031260997769078536
2019-01-04,10913.2001953125,10923.5498046875,10628.650390625,10727.349609375,10727.349609375,1073400,-0.012205524588828398,0.0031466577001335594,0.02433512622344236,-0.004205165823391366,0.01595817785399567
2019-01-11,10804.849609375,10870.400390625,10733.25,10794.9501953125,10794.9501953125,1395300,0.006301704372384975,-0.0009717318399704578,0.047692339042360254,-0.020324187293955354,0.010644839818607421
2019-01-18,10807.0,10930.650390625,10692.349609375,10906.9501953125,10906.9501953125,1481500,0.010375221559487446,0.014222633002836105,0.08743272136714864,-0.009377667814247204,0.0011243999174268549
2019-01-25,10919.349609375,10987.4501953125,10756.4501953125,10780.5498046875,10780.5498046875,1713000,-0.01158897660313174,-0.0073067508064807996,0.021562570329527242,-0.04413764619193128,-0.02611650555670142
2019-02-01,10792.4501953125,10983.4501953125,10583.650390625,10893.650390625,10893.650390625,2273800,0.010491170486344181,0.015502504095202152,0.029139760195474818,-0.041119412549612266,0.01236462521420112
2019-02-08,10876.75,11118.099609375,10814.150390625,10943.599609375,10943.599609375,1501200,0.004585168144645602,0.01377027326416469,0.024470559368210187,-0.04251283001224904,0.04673856928382003
2019-02-15,10930.900390625,10930.900390625,10620.400390625,10724.400390625,10724.400390625,1727200,-0.020029901181894405,-0.0167370164361762,0.018776012598855196,-0.0650654586121221,0.0260326044049628
2019-02-22,10738.650390625,10808.849609375,10585.650390625,10791.650390625,10791.650390625,1602500,0.00627074685301654,0.0010296864388747995,-0.007823992403521274,-0.0662319478607829,0.028653051080091974
2019-03-01,10813.25,10939.7001953125,10729.2998046875,10863.5,10863.5,2134700,0.006657888902462661,-0.0027677031613706493,0.01587848935225722,-0.06994563588887459,0.038739419292487476
2019-03-08,10864.849609375,11089.0498046875,10817.0,11035.400390625,11035.400390625,1393600,0.015823665542872956,0.00838853617884161,0.02128094537072167,-0.047777587337508476,0.0790615695090302
2019-03-15,11068.75,11487.0,11059.849609375,11426.849609375,11426.849609375,1884700,0.03547213557222184,0.06550009260788725,0.06256738045145993,-0.007672518448568977,0.12081226578890059
2019-03-22,11473.849609375,11572.7998046875,11412.5,11456.900390625,11456.900390625,1398900,0.0026298395688471032,0.0616448806178822,0.0549728799092275,0.028160995795639465,0.14591351457896629
2019-03-29,11395.650390625,11588.5,11311.599609375,11570.0,11570.0,1455200,0.009871745892767514,0.06503428913333642,0.07855159208091611,0.0585108383698385,0.1439927797506264
2019-04-05,11665.2001953125,11761.0,11559.2001953125,11665.9501953125,11665.9501953125,1747200,0.0082930160166379,0.057138824362292784,0.08068587480637146,0.13081049919798704,0.12915237101587795
2019-04-12,11704.349609375,11710.2998046875,11549.099609375,11643.4501953125,11643.4501953125,1447100,-0.0019286898729466984,0.01895540707561194,0.06752575071962164,0.11181190692886123,0.11095267725878188
2019-04-19,11667.0,11856.150390625,11648.25,11752.7998046875,11752.7998046875,984000,0.00939151261359128,0.025827178728430766,0.09018556730541283,0.14065540784212804,0.112527867813774
2019-04-26,11727.0498046875,11796.75,11564.7998046875,11754.650390625,11754.650390625,1806000,0.0001574591559674321,0.01595941146283497,0.07903686726911774,0.171949191488036,0.09935660291453541
2019-05-03,11748.75,11789.2998046875,11655.900390625,11712.25,11712.25,1218400,-0.0036071162659858658,0.003968798418675146,0.07023743722920228,0.10985027954136273,0.10303016033715529
2019-05-10,11605.7998046875,11657.0498046875,11251.0498046875,11278.900390625,11278.900390625,1769600,-0.03699968916092122,-0.031309431360325046,0.0517045223791468,0.06553491502406295,0.04371446727663897
2019-05-17,11258.7001953125,11426.150390625,11108.2998046875,11407.150390625,11407.150390625,1932700,0.011370789310862328,-0.029409963566693342,0.05703483505495144,0.0678652507964248,0.07651183138731699
2019-05-24,11651.900390625,12041.150390625,11591.7001953125,11844.099609375,11844.099609375,2132600,0.03830485299020059,0.007609687721664704,0.09026553222948408,0.12514305073978194,0.11682523803200717
2019-05-31,11855.5,12039.25,11812.400390625,11922.7998046875,11922.7998046875,2124900,0.0066446752313875646,0.01797688784712581,0.0804138846485698,0.09617301167053571,0.1146762015460916
2019-06-07,11953.75,12103.0498046875,11769.5,11870.650390625,11870.650390625,1322200,-0.004373923484146558,0.05246522085538241,0.03883841972383095,0.11006014511500961,0.10243646106492665
2019-06-14,11934.900390625,12000.349609375,11797.7001953125,11823.2998046875,11823.2998046875,1757400,-0.003988878821239328,0.0364814524058974,0.03198067553788975,0.09419779749820623,0.09295872424073504
2019-06-21,11844.0,11844.0498046875,11625.099609375,11724.099609375,11724.099609375,2018300,-0.008390229204301436,-0.010131627051246372,0.013318894500864209,0.09020825826436685,0.08337299376424334
2019-06-28,11725.7998046875,11911.150390625,11651.0,11788.849609375,11788.849609375,1690100,0.00552281216957784,-0.011234793631260787,0.010534882457485795,0.08553938667355832,0.10029118321081376
2019-07-05,11839.900390625,11981.75,11797.900390625,11811.150390625,11811.150390625,1846400,0.001891684260037163,-0.005012362258346892,0.014402964112820715,0.10103155212754777,0.09640153187406542
2019-07-12,11770.400390625,11771.900390625,11461.0,11552.5,11552.5,1920800,-0.02189883136449622,-0.022903910850686326,-0.017042730925069582,0.07017631308910088,0.04842584926432325
2019-07-19,11614.75,11706.650390625,11399.2998046875,11419.25,11419.25,2258100,-0.01153429993507904,-0.026001963437024322,-0.0285334211974948,0.046970032457622546,0.037151895281763325
2019-07-26,11392.849609375,11398.150390625,11210.0498046875,11284.2998046875,11284.2998046875,2464500,-0.011817780967445346,-0.04279890077537851,-0.03653868345642386,0.04672767244032072,0.0005275767748460503
2019-08-02,11307.5,11310.9501953125,10848.9501953125,10997.349609375,10997.349609375,2546000,-0.025429153804766957,-0.06890105995906604,-0.02496260907526271,0.009519235061852482,-0.03199160284142488
2019-08-09,10895.7998046875,11181.4501953125,10782.599609375,11109.650390625,11109.650390625,2593600,0.010211622367108042,-0.038333660192598984,-0.02608013305798973,0.015173323876702227,-0.027984567074237687
2019-08-16,11139.400390625,11145.900390625,10901.599609375,11047.7998046875,11047.7998046875,1607000,-0.00556728463657985,-0.03252842308492243,-0.06723177201728381,0.03015547744237601,-0.03687206113920183
2019-08-23,11094.7998046875,11146.900390625,10637.150390625,10829.349609375,10829.349609375,2707400,-0.01977318553688967,-0.04031709571590025,-0.09171085761941633,0.00349336916832943,-0.06296995133706873
2019-08-30,11000.2998046875,11141.75,10756.5498046875,11023.25,11023.25,3197800,0.017905081802617184,0.0023551484262098743,-0.07138618043154954,0.014705205504671692,-0.0562689953341039
2019-09-06,10960.9501953125,10967.5,10746.349609375,10946.2001953125,10946.2001953125,2084700,-0.006989753900845885,-0.014712451748295274,-0.07418399464312508,-0.008083095506736582,-0.055474492042714596
2019-09-13,10936.7001953125,11084.4501953125,10889.7998046875,11075.900390625,11075.900390625,2275300,0.011848878423404097,0.002543545903644695,-0.055287761137040925,-0.030712683788370554,-0.03814955860396818
2019-09-20,10994.849609375,11381.900390625,10670.25,11274.2001953125,11274.2001953125,3435100,0.017903718676934632,0.04107823664242871,-0.04365560942038216,-0.015946738566567364,0.011765181191344842
2019-09-27,11542.7001953125,11694.849609375,11416.099609375,11512.400390625,11512.400390625,3658100,0.021127901863188248,0.044374425929285755,-0.025293895185445336,-0.0049783586322385,0.05324119180032194
2019-10-04,11491.150390625,11554.2001953125,11158.349609375,11174.75,11174.75,4008200,-0.02932927792365192,0.020879373719601135,-0.03269855009738154,-0.04210545965727419,0.08319720334398428
2019-10-11,11196.2001953125,11362.900390625,11090.150390625,11305.0498046875,11305.0498046875,2774100,0.011660198634197538,0.020689010011001763,-0.01000067388948489,-0.02906358381308971,0.07949866838744324
2019-10-18,11335.900390625,11684.7001953125,11290.0498046875,11661.849609375,11661.849609375,3299500,0.031561099760883504,0.03438376180544256,0.03345797357587621,-0.007738598191404988,0.1318283339659847
2019-10-25,11657.150390625,11714.349609375,11490.75,11583.900390625,11583.900390625,3044300,-0.0066841214182128406,0.006210694344702006,0.053335649232245874,-0.01452616575786747,0.15492526327268186
2019-11-01,11643.9501953125,11945.0,11627.349609375,11890.599609375,11890.599609375,3947000,0.026476334257692358,0.06405956369270016,0.07029467096543485,0.015227612915964084,0.12675064999289298
2019-11-08,11928.900390625,12034.150390625,11850.25,11908.150390625,11908.150390625,3410800,0.0014760215486662176,0.053347892875928116,0.0778752874914026,0.055790013051540965,0.12498112184012822
2019-11-15,11879.2001953125,11973.650390625,11802.650390625,11895.4501953125,11895.4501953125,2347700,-0.00106651284170034,0.02003117805169663,0.09844548605343517,0.04280646681828704,0.11357678922104375
2019-11-22,11915.150390625,12038.599609375,11867.599609375,11914.400390625,11914.400390625,2819500,0.0015930624735807086,0.02853097737852428,0.08084279959403995,0.005935510808635414,0.13182134947870905
2019-11-29,11922.4501953125,12158.7998046875,11919.75,12056.0498046875,12056.0498046875,3744700,0.01188892511736972,0.013914369396649473,0.10139131292795756,0.011176066207839286,0.10842391382421224
2019-12-06,12137.0498046875,12137.150390625,11888.849609375,11921.5,11921.5,3245300,-0.011160355743983885,0.0011210481004262363,0.0763459023241797,0.004283641392990534,0.11481524470133331
2019-12-13,11939.099609375,12098.849609375,11832.2998046875,12086.7001953125,12086.7001953125,3597300,0.013857332996057625,0.016077575615873974,0.0720671964240811,0.02227807760745204,0.11857442094877424
2019-12-20,12131.349609375,12293.900390625,12046.2998046875,12271.7998046875,12271.7998046875,2890000,0.015314321227789307,0.02999726401202074,0.0659636034445874,0.04671575758999347,0.14113816298005388
2019-12-27,12235.4501953125,12287.150390625,12118.849609375,12245.7998046875,12245.7998046875,1979200,-0.0021186786301768956,0.015738986075374717,0.09584552716503736,0.03876122017445316,0.127616217848453
2020-01-03,12274.900390625,12289.900390625,12151.7998046875,12226.650390625,12226.650390625,1978600,-0.0015637536435284538,0.025596643931132812,0.08152114337040506,0.03517862242528036,0.1397643253781633
2020-01-10,12170.599609375,12311.2001953125,11929.599609375,12256.7998046875,12256.7998046875,2428400,0.002465876842738357,0.01407328771511751,0.05101679538331694,0.06096514214996751,0.135419764142106
2020-01-17,12296.7001953125,12389.0498046875,12278.75,12352.349609375,12352.349609375,2699500,0.007795656795418715,0.006563813456012646,0.06633769221392094,0.08171286287409418,0.13252095115311802
2020-01-24,12430.5,12430.5,12087.900390625,12248.25,12248.25,1953400,-0.008427514818394766,0.00020008454748388083,0.030078415082029686,0.08542401495855989,0.13614335278840128
2020-01-31,12197.099609375,12216.599609375,11945.849609375,11962.099609375,11962.099609375,2743500,-0.023362553068805747,-0.021637224652538478,0.0045304448617371484,0.08772568248422075,0.09807999893860186
2020-02-07,11627.4501953125,12160.599609375,11614.5,12098.349609375,12098.349609375,3026800,0.01139014089911261,-0.012927533927077905,0.01705689240264774,0.08899462935254232,0.1055182975636979
2020-02-14,12102.349609375,12246.7001953125,11990.75,12113.4501953125,12113.4501953125,2540400,0.0012481525517991088,-0.01934040256447922,0.016706657335783692,0.09645815542139458,0.12952237459371352
2020-02-21,12131.7998046875,12159.599609375,11908.0498046875,12080.849609375,12080.849609375,1693100,-0.0026912717196059255,-0.013667290480272709,0.002057042322258562,0.1155655736625747,0.11946265604285711
2020-02-28,12012.5498046875,12012.5498046875,11175.0498046875,11201.75,11201.75,2937900,-0.07276802855759412,-0.0635632233641571,-0.06037411399572201,0.016193046515319942,0.031136374096746078
2020-03-06,11387.349609375,11433.0,10827.400390625,10989.4501953125,10989.4501953125,5338500,-0.018952378395116876,-0.09165708132646577,-0.09078160145194458,0.00395114279186326,-0.0041638901794207595
2020-03-13,10742.0498046875,10751.5498046875,8555.150390625,9955.2001953125,9955.2001953125,5515500,-0.09411298851339756,-0.17816971756198496,-0.18877423411764926,-0.10118366505544751,-0.12878872693442167
2020-03-20,9587.7998046875,9602.2001953125,7832.5498046875,8745.4501953125,8745.4501953125,5347100,-0.12151940455899846,-0.27608980509733005,-0.28584083238361624,-0.22429528979371716,-0.2366652500122316
2020-03-27,7945.7001953125,9038.900390625,7511.10009765625,8660.25,8660.25,3795900,-0.009742230921189976,-0.2268841922021113,-0.29169071468336094,-0.24774593428383695,-0.2514909248055316
2020-04-03,8385.9501953125,8678.2998046875,8055.7998046875,8083.7998046875,8083.7998046875,2509300,-0.06656276612251377,-0.26440361792297784,-0.3404640743503108,-0.2766012837255867,-0.3070603191898029
2020-04-10,8446.2998046875,9131.7001953125,8360.9501953125,9111.900390625,9111.900390625,2452800,0.12718036205465433,-0.0847094772724486,-0.26233464249510985,-0.19399732437738904,-0.2174226506939213
2020-04-17,9103.9501953125,9324.0,8821.900390625,9266.75,9266.75,2926700,0.016994216654773853,0.05960811542519706,-0.2434225297491478,-0.20537905131700307,-0.21152830355333385
2020-04-24,9390.2001953125,9390.849609375,8909.400390625,9154.400390625,9154.400390625,3442000,-0.012123949537324319,0.05705959881354472,-0.23471625470745416,-0.20973073991263125,-0.22121032217800762
2020-05-01,9259.7001953125,9889.0498046875,9250.349609375,9859.900390625,9859.900390625,2711500,0.0770667624197976,0.21971110478361977,-0.18502103931724934,-0.17078190212955446,-0.15815488991227133
2020-05-08,9533.5,9533.5,9116.5,9251.5,9251.5,3452700,-0.061704516934418474,0.015320581151065937,-0.23626218370221053,-0.22309513261744807,-0.1797515999263697
2020-05-15,9348.150390625,9584.5,9043.9501953125,9136.849609375,9136.849609375,3535000,-0.012392627209101281,-0.014017901705020597,-0.24369146998696123,-0.23190384059819347,-0.19902435783750627
2020-05-22,9158.2998046875,9178.5498046875,8806.75,9039.25,9039.25,3464800,-0.010681976123898984,-0.012578692837482364,-0.193050193050193,-0.2413172544450789,-0.2368140848085124
2020-05-29,9099.75,9598.849609375,8996.650390625,9580.2998046875,9580.2998046875,3223400,0.05985560800813117,-0.028357343873711915,-0.12822756057678542,-0.20535333215340623,-0.1964723083817138
2020-06-05,9726.849609375,10177.7998046875,9706.9501953125,10142.150390625,10142.150390625,4121300,0.05864645130026047,0.09627091721612713,0.01877914975537376,-0.14925551393490755,-0.14561122963954065
2020-06-12,10326.75,10328.5,9544.349609375,9972.900390625,9972.900390625,3834900,-0.01668778251961711,0.09150317855644219,0.14035300274997908,-0.17488642644642416,-0.1565044822198356
2020-06-19,9919.349609375,10272.400390625,9726.349609375,10244.400390625,10244.400390625,3816400,0.02722377536781817,0.13332415749370807,0.18292201618024895,-0.16520799282335807,-0.12621005177803002
2020-06-26,10318.75,10553.150390625,10194.5,10383.0,10383.0,3875500,0.013529304214020987,0.08378654235014138,0.28442072427118714,-0.15211744715722442,-0.1192524848444082
2020-07-03,10311.9501953125,10631.2998046875,10223.599609375,10607.349609375,10607.349609375,2826900,0.021607397609072487,0.04586790777427363,0.16412045288473842,-0.1324402620108961,-0.10192070555680222
2020-07-10,10723.849609375,10847.849609375,10676.5498046875,10768.0498046875,10768.0498046875,3185300,0.015149891464920628,0.07973100932703381,0.1620093133717322,-0.12146318971699621,-0.06790306819411385
2020-07-17,10851.849609375,10933.4501953125,10562.900390625,10901.7001953125,10901.7001953125,3173700,0.0124117545005058,0.06416186205383156,0.19086993469030533,-0.11743914801128263,-0.04532257413468488
2020-07-24,10999.4501953125,11239.7998046875,10953.0,11194.150390625,11194.150390625,3391900,0.026826108778724933,0.07812293081238564,0.1353208396779173,-0.08606124216724842,-0.007988924046935741
2020-07-31,11225.0,11341.400390625,11026.650390625,11073.4501953125,11073.4501953125,3193100,-0.010782434673522467,0.04394128628753324,0.19693565317110728,-0.07428874888870207,0.00691990239835838
2020-08-07,11057.5498046875,11256.7998046875,10882.25,11214.0498046875,11214.0498046875,3027200,0.012697001105808736,0.04141882774407768,0.2273431526312042,-0.07309259801867996,0.009397182664775627
2020-08-14,11270.25,11373.599609375,11111.4501953125,11178.400390625,11178.400390625,2895500,-0.003178995517533645,0.02538138000084378,0.236651314060901,-0.07719103885442424,0.011821411344011379
2020-08-21,11248.900390625,11460.349609375,11144.5,11371.599609375,11371.599609375,3299700,0.017283261647349057,0.01585195951080065,0.1869774267200952,-0.05870861925552051,0.05007225914385227
2020-08-28,11412.0,11686.0498046875,11410.650390625,11647.599609375,11647.599609375,3441300,0.024270991723315705,0.05184918918094228,0.14843491377741524,0.03980178180864602,0.05663934042818597
2020-09-04,11777.5498046875,11794.25,11303.650390625,11333.849609375,11333.849609375,4037500,-0.026936880603920077,0.01068300986477011,0.1364647359788489,0.03133909412587377,0.03541406215359588
2020-09-11,11359.599609375,11493.5,11185.150390625,11464.4501953125,11464.4501953125,3095600,0.01152305619349936,0.025589511440957224,0.11909431085922884,0.15160418378232565,0.03508065177404274
2020-09-18,11540.150390625,11618.099609375,11383.5498046875,11504.9501953125,11504.9501953125,2441000,0.0035326595964069174,0.011726633940537523,0.10805645721973423,0.3155354999882194,0.020467083784438955
2020-09-25,11503.7998046875,11535.25,10790.2001953125,11050.25,11050.25,3255700,-0.03952213504563973,-0.05128521149492482,0.041754105119110596,0.2759735573453421,-0.04014370374065057
2020-10-02,11140.849609375,11428.599609375,11099.849609375,11416.9501953125,11416.9501953125,1918100,0.033184787250288394,0.007332070638096599,0.060261644624129085,0.4123247075827172,0.02167388042797369
2020-10-09,11487.7998046875,11938.599609375,11452.2998046875,11914.2001953125,11914.2001953125,2825300,0.043553662886622435,0.03922996675269186,0.09287542143521366,0.30754284886286887,0.05388303467468347
2020-10-16,11973.5498046875,12025.4501953125,11661.2998046875,11762.4501953125,11762.4501953125,2714800,-0.012736901975149317,0.022381670118390762,0.05076756920859715,0.26931774303963096,0.008626469154312089
2020-10-23,11879.2001953125,12018.650390625,11775.75,11930.349609375,11930.349609375,2665900,0.014274187033702423,0.07964522154476139,0.07738323638510014,0.30323659664185576,0.02990782094693989
2020-10-30,11937.400390625,11942.849609375,11535.4501953125,11642.400390625,11642.400390625,2948800,-0.02413585755472969,0.019746971954477388,0.03819767108207861,0.18078275939733013,-0.02087356625433001
2020-11-06,11697.349609375,12280.400390625,11557.400390625,12263.5498046875,12263.5498046875,3119300,0.053352349448716696,0.02932212012959523,0.09707555429599601,0.3255742100943091,0.029845055899050177
2020-11-13,12399.400390625,12769.75,12367.349609375,12719.9501953125,12719.9501953125,3417300,0.037216009874281974,0.08140310769448167,0.11857176054861185,0.39215930425964407,0.06931221487732353
2020-11-20,12932.5,12963.0,12730.25,12859.0498046875,12859.0498046875,2871800,0.010935546699409215,0.07784350213699676,0.1040085713744332,0.42257928530436706,0.07928635794427463
2020-11-27,12960.2998046875,13145.849609375,12790.400390625,12968.9501953125,12968.9501953125,3596200,0.008546540552703874,0.11394126298522589,0.14426700920620972,0.3537102658276918,0.07572135196970198
2020-12-04,13062.2001953125,13280.0498046875,12962.7998046875,13258.5498046875,13258.5498046875,2655500,0.02233022758308323,0.08113474612543925,0.1564924247399635,0.3072720571115939,0.1121544943746593
2020-12-11,13264.849609375,13579.349609375,13241.9501953125,13513.849609375,13513.849609375,2978600,0.01925548483418904,0.06241372032691328,0.17461174363718612,0.35505711278121854,0.11807601669610213
2020-12-18,13571.4501953125,13773.25,13447.0498046875,13760.5498046875,13760.5498046875,2453600,0.018255360422344546,0.0701062686351348,0.24527045131897474,0.34322647299887343,0.12131472348753092
2020-12-25,13741.900390625,13777.5,13131.4501953125,13749.25,13749.25,2313600,-0.0008211739245804761,0.060166767003973165,0.20428396067148302,0.32420783973803324,0.12277272365150083
2021-01-01,13815.150390625,14049.849609375,13811.5498046875,14018.5,14018.5,2034400,0.019582886339254868,0.05731774639816356,0.17662115544402313,0.3215836675742405,0.14655278037138708
2021-01-08,14104.349609375,14367.2998046875,13953.75,14347.25,14347.25,2792500,0.02345115383243579,0.06167009510353316,0.21975011683514545,0.3323907541507116,0.17055432320213204
2021-01-15,14474.0498046875,14653.349609375,14357.849609375,14433.7001953125,14433.7001953125,3886300,0.006025558578298895,0.04891885863424528,0.20983044654201422,0.32398616149054305,0.1684983547063652
2021-01-22,14453.2998046875,14753.5498046875,14222.7998046875,14371.900390625,14371.900390625,3412600,-0.0042816328350487876,0.045286134925541344,0.23444478015014147,0.28387594315878917,0.1733839847018961
2021-01-29,14477.7998046875,14491.099609375,13596.75,13634.599609375,13634.599609375,2670400,-0.0513015510273751,-0.0273852687965902,0.11179877168708874,0.2312873918145819,0.13981659195424356
2021-02-05,13758.599609375,15014.650390625,13661.75,14924.25,14924.25,4475300,0.09458659788867219,0.04021676627925208,0.17329468833139128,0.3308528372828903,0.23357734582535228
2021-02-12,15064.2998046875,15257.099609375,14977.2001953125,15163.2998046875,15163.2998046875,3081200,0.016017542234115556,0.05054834169355593,0.17919286689130276,0.356482079261047,0.2517738183754774
2021-02-19,15270.2998046875,15431.75,14898.2001953125,14981.75,14981.75,3092100,-0.011972974684004933,0.04243347036922218,0.15520144455601392,0.3174707617782033,0.24012387244468614
2021-02-26,14999.0498046875,15176.5,14467.75,14529.150390625,14529.150390625,3665300,-0.030210062868156307,0.06560887791929848,0.09583254614228509,0.2473943883622749,0.29704290763719965
2021-03-05,14702.5,15273.150390625,14638.5498046875,14938.099609375,14938.099609375,2848800,0.028146808846708282,0.0009279936596477967,0.10539187878870226,0.31800757238023336,0.35931273574967193
2021-03-12,15002.4501953125,15336.2998046875,14919.900390625,15030.9501953125,15030.9501953125,1573100,0.006215689302220717,-0.008728285470823827,0.0923219209011723,0.31109210989099534,0.509859159074467
2021-03-19,15048.400390625,15051.599609375,14350.099609375,14744.0,14744.0,1929100,-0.01909062245459292,-0.015869307657650156,0.0723494008764114,0.2815353173807911,0.6859052045031004
2021-03-26,14736.2998046875,14878.599609375,14264.400390625,14507.2998046875,14507.2998046875,2477400,-0.016054001309854904,-0.0015039135358939637,0.03486819593305279,0.3128481079330785,0.6751594705334718
2021-04-02,14628.5,14883.2001953125,14617.599609375,14867.349609375,14867.349609375,1503400,0.0248185265028551,-0.004736211556361392,0.03625082223945353,0.30221726074264055,0.8391536119875169
2021-04-09,14837.7001953125,14984.150390625,14459.5,14834.849609375,14834.849609375,2003900,-0.0021859982346488227,-0.013046453044509132,0.027792555521748863,0.24514019960916844,0.6280741638306533
2021-04-16,14644.650390625,14697.7001953125,14248.7001953125,14617.849609375,14617.849609375,2400500,-0.01462771822525688,-0.008556049282759104,0.017113200903509984,0.24275549453126843,0.5774515994685299
2021-04-23,14306.599609375,14526.9501953125,14151.400390625,14341.349609375,14341.349609375,2002400,-0.018915230857394327,-0.011439082223893893,0.05183503881654472,0.2020896351692334,0.5666072049964017
2021-04-30,14449.4501953125,15044.349609375,14421.2998046875,14631.099609375,14631.099609375,2492900,0.020203816787967455,-0.015890525628793117,-0.019642554274084123,0.25670816313417966,0.4838993326227268
2021-05-07,14481.0498046875,14863.0498046875,14416.25,14823.150390625,14823.150390625,2364000,0.013126202840348489,-0.0007886307618923949,-0.022432413685927965,0.20871612434428588,0.6022429217559315
2021-05-14,14928.25,14966.900390625,14591.900390625,14677.7998046875,14677.7998046875,2433900,-0.00980564738987122,0.0041011637767878195,-0.020288030124151035,0.15391959711418512,0.6064399034900527
2021-05-21,14756.25,15190.0,14725.349609375,15175.2998046875,15175.2998046875,2752600,0.033894725818587546,0.058150049892608635,0.04447262205224556,0.18012606181489854,0.6788228895856958
2021-05-28,15211.349609375,15469.650390625,15145.4501953125,15435.650390625,15435.650390625,1873400,0.017156207079156438,0.054989085081101896,0.03330750190859222,0.19020045247795503,0.6111865709121715
2021-06-04,15437.75,15733.599609375,15374.0,15670.25,15670.25,2098600,0.015198556810893216,0.05714706975588357,0.04253222826104963,0.1818977362410974,0.5450618849514355
2021-06-11,15725.099609375,15835.5498046875,15566.900390625,15799.349609375,15799.349609375,1891400,0.00823851625692007,0.07641130275733299,0.07157824263259638,0.16912279373114192,0.5842281573600332
2021-06-18,15791.400390625,15901.599609375,15450.900390625,15683.349609375,15683.349609375,2054800,-0.007342074380781383,0.03347873262645984,0.08106607159986479,0.13973277463321288,0.5309192350317904
2021-06-25,15525.849609375,15895.75,15505.650390625,15860.349609375,15860.349609375,1592500,0.01128585438752161,0.027514177116109373,0.06679065375403814,0.153542892112297,0.5275305412091882
2021-07-02,15915.349609375,15915.650390625,15635.9501953125,15722.2001953125,15722.2001953125,1357500,-0.00871036373503653,0.003315211647070049,0.05981527344751325,0.12153227487338158,0.4821987371300449
2021-07-09,15793.400390625,15914.2001953125,15632.75,15689.7998046875,15689.7998046875,1478800,-0.002060805117763409,-0.0069338173656525726,0.07333159280999957,0.0935754102484796,0.4570697655816456
2021-07-16,15766.7998046875,15962.25,15644.75,15923.400390625,15923.400390625,1024200,0.014888691305526391,0.015306091315244741,0.11031394006431627,0.10320986130751808,0.4606345895910553
2021-07-23,15754.5,15899.7998046875,15578.5498046875,15856.0498046875,15856.0498046875,1075800,-0.004229661019963582,-0.0002711040294445244,0.08372236045249815,0.1032674436729768,0.41645852980202935
2021-07-30,15849.2998046875,15893.349609375,15513.4501953125,15763.0498046875,15763.0498046875,1698300,-0.005865269165117426,0.0025982120102490125,0.0634075341134599,0.15610654190747209,0.4234994086450268
2021-08-06,15874.900390625,16349.4501953125,15834.650390625,16238.2001953125,16238.2001953125,1751700,0.030143303263794996,0.03495266972502464,0.106310238004927,0.08804128819287405,0.44802283547241717
2021-08-13,16281.349609375,16543.599609375,16162.5498046875,16529.099609375,16529.099609375,1408500,0.017914510879504686,0.03803830864584734,0.08921074523149297,0.09007272970130709,0.47866412293099425
2021-08-20,16518.400390625,16701.849609375,16376.0498046875,16450.5,16450.5,1154000,-0.0047552263119292615,0.037490434416822094,0.06574712329526333,0.09803594373154012,0.4466302512478404
2021-08-27,16592.25,16722.05078125,16395.69921875,16705.19921875,16705.19921875,1287800,0.015482764581623565,0.05976948786790803,0.06604548228330764,0.14977123710751217,0.43421818906826126
2021-09-03,16775.849609375,17340.099609375,16764.849609375,17323.599609375,17323.599609375,1553600,0.03701843854282827,0.06684234712020753,0.09647549030091351,0.15969233452579767,0.528483278536312
2021-09-10,17399.349609375,17436.5,17254.19921875,17369.25,17369.25,965600,0.002635156183146581,0.050828563592688614,0.10749619390090137,0.15556566779236047,0.515053029503483
2021-09-17,17363.55078125,17792.94921875,17269.150390625,17585.150390625,17585.150390625,1871300,0.012430035299451525,0.06897361117443235,0.10874922834175593,0.19269875139887405,0.5284855729136295
2021-09-24,17443.849609375,17947.650390625,17326.099609375,17853.19921875,17853.19921875,1678500,0.01524290791780225,0.06872111999188135,0.13554076382215552,0.23063557375311117,0.6156375845569104
2021-10-01,17932.19921875,17943.5,17452.900390625,17532.05078125,17532.05078125,1940300,-0.017988285100337675,0.012032786290107511,0.11741711172198044,0.17923175561800897,0.5356159465816186
2021-10-08,17615.55078125,17941.849609375,17581.349609375,17895.19921875,17895.19921875,1862600,0.02071340324249893,0.03028047951120505,0.12383026110967532,0.2062946163903805,0.5020059194397835
2021-10-15,17867.55078125,18350.75,17839.099609375,18338.55078125,18338.55078125,1776800,0.02477488834186725,0.04284298819682841,0.1565649078516771,0.2545313620882219,0.5590757432969338
2021-10-22,18500.099609375,18604.44921875,18034.349609375,18114.900390625,18114.900390625,1900000,-0.012195641481859476,0.014658502863741818,0.14920022553237922,0.2631238261413844,0.5183880593398631
2021-10-29,18229.5,18342.05078125,17613.099609375,17671.650390625,17671.650390625,1806000,-0.02446880691816533,0.0079625373618184,0.08827642091309462,0.20781423559591805,0.5178700094230595
2021-11-05,17783.150390625,18012.25,17697.099609375,17916.80078125,17916.80078125,957100,0.013872523799761005,0.001207114949431043,0.08395503715688912,0.2087039737909966,0.4609799826801908
2021-11-12,18040.19921875,18123.0,17798.19921875,18102.75,18102.75,1351700,0.01037848335873659,-0.01285820150472805,0.10043767666636283,0.23334220665816052,0.42317774221090465
2021-11-19,18140.94921875,18210.150390625,17688.5,17764.80078125,17764.80078125,1121900,-0.01866839119746999,-0.01932660968735922,0.0634294478398496,0.170639197240942,0.38150182564610735
2021-11-26,17796.25,17805.25,16985.69921875,17026.44921875,17026.44921875,1575500,-0.041562614272561915,-0.03651052151967005,-0.017152924180041107,0.10306004527617363,0.3128625649980554
2021-12-03,17055.80078125,17489.80078125,16782.400390625,17196.69921875,17196.69921875,1714800,0.009999148842643857,-0.04019141426484962,-0.009934267815248199,0.09741064876118766,0.29702716149772157
2021-12-10,17209.05078125,17543.25,16891.69921875,17511.30078125,17511.30078125,1185300,0.018294299301169437,-0.03267178847136487,-0.004199543804548345,0.10835580034631076,0.29580402974899456
2021-12-17,17619.099609375,17639.5,16966.44921875,16985.19921875,16985.19921875,1316700,-0.03004354554079247,-0.043884621735968854,-0.04861873714423115,0.08300839054157128,0.23434015790299534
2021-12-24,16824.25,17155.599609375,16410.19921875,17003.75,17003.75,1159100,0.001092173309896971,-0.0013331739611922577,-0.03013342750609649,0.0720917519970139,0.2367038202083751
2021-12-31,16937.75,17400.80078125,16833.19921875,17354.05078125,17354.05078125,970300,0.020601383885907598,0.009150102615531841,-0.030239866619255262,0.10379276218757405,0.2379392075650033
2022-01-07,17387.150390625,17944.69921875,17383.30078125,17812.69921875,17812.69921875,1175200,0.02642889797208281,0.017211653278362826,-0.028674652036171255,0.13530442966061695,0.2415410074230253
2022-01-14,17913.30078125,18286.94921875,17879.150390625,18255.75,18255.75,1230800,0.024872748133738076,0.07480340765432025,0.007775345507717635,0.1464730869135329,0.26480041520668074
2022-01-21,18235.650390625,18350.94921875,17485.849609375,17617.150390625,17617.150390625,1306600,-0.03498073808936908,0.036074418326839774,-0.0030840356613728304,0.11106805336956427,0.22580521098774975
2022-01-28,17575.150390625,17599.400390625,16836.80078125,17101.94921875,17101.94921875,1401200,-0.029244296634327704,-0.014526957750543246,-0.04547974677224431,0.08493910954112116,0.25430520211175756
2022-02-04,17301.05078125,17794.599609375,17244.55078125,17516.30078125,17516.30078125,1467300,0.0242283237542138,-0.01663972617850107,-0.032395587341702226,0.07870949800868021,0.17368047179925283
2022-02-11,17456.30078125,17639.44921875,17043.650390625,17374.75,17374.75,1296600,-0.008081088753712273,-0.04825876778549221,-0.021956383640489907,0.05116131009007674,0.14584227864629207
2022-02-18,17076.150390625,17490.599609375,16809.650390625,17276.30078125,17276.30078125,1270400,-0.0056662236147282385,-0.01934760172998151,0.014674319894300458,0.05019912958572692,0.15315639236070555
2022-02-25,17192.25,17351.05078125,16203.25,16658.400390625,16658.400390625,1503300,-0.03576578102272965,-0.025935571580268046,-0.031302450620179445,-0.002801452859806264,0.14655020718719447
2022-03-04,16481.599609375,16815.900390625,16133.7998046875,16245.349609375,16245.349609375,1820100,-0.024795344784872442,-0.072558195234662,-0.07229338286682285,-0.06224168327098045,0.08751113154845913
2022-03-11,15867.9501953125,16757.30078125,15671.4501953125,16630.44921875,16630.44921875,2421300,0.02370522141011744,-0.04283807141109941,-0.020885830977383613,-0.042534984599219894,0.10641369990942517
2022-03-18,16633.69921875,17344.599609375,16555.0,17287.05078125,17287.05078125,1404600,0.03948188974713407,0.0006222396875417147,0.01666107660074978,-0.016951780493951518,0.1724803839697504
2022-03-25,17329.5,17442.400390625,17006.30078125,17153.0,17153.0,1443300,-0.007754404319526564,0.029690702455041906,-0.011585236426023604,-0.039219817701615534,0.1823702708933912
2022-04-01,17181.849609375,17703.69921875,17003.900390625,17670.44921875,17670.44921875,1566200,0.030166689136011282,0.0877235420376914,-0.007985875596566827,0.007894024448526826,0.1885406399273366
2022-04-08,17809.099609375,18114.650390625,17600.55078125,17784.349609375,17784.349609375,1541000,0.006445811830530168,0.06938479986000834,-0.025822022684633628,-0.0061943769398697945,0.19882237283592286
2022-04-15,17740.900390625,17779.05078125,17442.349609375,17475.650390625,17475.650390625,762800,-0.017357914432095334,0.010909877674424306,-0.008031945965296328,-0.047053903054720125,0.19550076499741653
2022-04-22,17183.44921875,17414.69921875,16824.69921875,17171.94921875,17171.94921875,1611500,-0.017378533278390784,0.0011047174692473405,0.0040931006813687,-0.05205389770528379,0.19737330770631423
2022-04-29,17009.05078125,17377.650390625,16888.69921875,17102.55078125,17102.55078125,1451000,-0.004041383806575927,-0.032138313546517305,-0.02362085494917343,-0.03220410073735469,0.16891766428077615
2022-05-06,16924.44921875,17132.849609375,16340.900390625,16411.25,16411.25,1155100,-0.04042091674464676,-0.0772083117760557,-0.055454035309860594,-0.08403011227459567,0.10713644316658932
2022-05-13,16227.7001953125,16404.55078125,15735.75,15782.150390625,15782.150390625,1539800,-0.03833343647650245,-0.09690626455359264,-0.08648555090257537,-0.12819044672080204,0.07523951822703112
2022-05-20,15845.099609375,16399.80078125,15739.650390625,16266.150390625,16266.150390625,1370000,0.03066755720991665,-0.05274874835618315,-0.02354667860071069,-0.08436066405015707,0.07188329719855324
2022-05-27,16290.9501953125,16414.69921875,15903.7001953125,16352.4501953125,16352.4501953125,1375300,0.005305484248887771,-0.04385898896203577,0.006592691971103681,-0.03958541295241247,0.0593949578726094
2022-06-03,16527.900390625,16793.849609375,16438.849609375,16584.30078125,16584.30078125,1634100,0.014178339219401037,0.010544643537207632,-0.0027749363166913454,-0.03561139435597538,0.058330325377706105
2022-06-10,16530.69921875,16610.94921875,16172.599609375,16201.7998046875,16201.7998046875,1105600,-0.02306403999829465,0.02659012895427626,-0.06277826046184765,-0.07478033716173904,0.02547257990124452
2022-06-17,15877.5498046875,15886.150390625,15183.400390625,15293.5,15293.5,1241200,-0.05606166078071839,-0.05979597921248703,-0.10840669270681513,-0.09959843255076628,-0.02485754759569736
2022-06-24,15334.5,15749.25,15191.099609375,15699.25,15699.25,1222500,0.026530879131657192,-0.03994509614832786,-0.11155342992969153,-0.07671837094758505,-0.010157380722539355
2022-07-01,15926.2001953125,15927.4501953125,15511.0498046875,15752.0498046875,15752.0498046875,1577800,0.003363205547239456,-0.050183060928527756,-0.1142746206257762,-0.09231279755694644,0.001898564386929813
2022-07-08,15710.5,16275.5,15661.7998046875,16220.599609375,16220.599609375,1392600,0.02974532270384711,0.0011603528567276644,-0.07181711428166848,-0.08938003105667025,0.03383088447877558
2022-07-15,16136.150390625,16248.5498046875,15858.2001953125,16049.2001953125,16049.2001953125,1132200,-0.010566774237090293,0.04941316214813485,-0.06538273606187783,-0.12086875667597885,0.007900310335822835
2022-07-22,16151.400390625,16752.25,16142.2001953125,16719.44921875,16719.44921875,1169200,0.04176214485960861,0.06498394628724302,-0.022400258733334955,-0.05095609403168366,0.05445236516646501
2022-07-29,16662.55078125,17172.80078125,16438.75,17158.25,17158.25,1417200,0.026244930410620704,0.08927093379898032,0.045517556554192984,0.003292068087085376,0.0885108029600723
2022-08-05,17243.19921875,17490.69921875,17154.80078125,17397.5,17397.5,1680800,0.013943729692713402,0.07255591155488417,0.10235294743703371,-0.006782298542005405,0.0713933681530885
2022-08-12,17401.5,17724.650390625,17359.75,17698.150390625,17698.150390625,1184800,0.017281241018824556,0.10274344984456674,0.08803558098327513,0.01861323993870423,0.0707268277690658
2022-08-19,17797.19921875,17992.19921875,17710.75,17758.44921875,17758.44921875,822300,0.0034070694843311156,0.0621431954130891,0.08598093904242776,0.027908083078946877,0.07950817414364297
2022-08-26,17682.900390625,17726.5,17345.19921875,17558.900390625,17558.900390625,1332000,-0.011236838626331735,0.023350306157387868,0.058766397343496646,0.05405681091125558,0.05110392044392986
2022-09-02,17188.650390625,17777.650390625,17166.19921875,17539.44921875,17539.44921875,1134400,-0.0011077670834892528,0.008159173372610962,0.08256177894973682,0.07965969588171817,0.012459859050204969
2022-09-09,17546.44921875,17925.94921875,17484.30078125,17833.349609375,17833.349609375,1385700,0.016756534766828146,0.007639172216641121,0.16607379667015398,0.07233120253112535,0.026719611346200933
2022-09-16,17890.849609375,18096.150390625,17497.25,17530.849609375,17530.849609375,1612100,-0.01696260134108374,-0.012816412433958035,0.11666796881220431,0.014102974024315929,-0.003087876989607552
2022-09-23,17540.650390625,17919.30078125,17291.650390625,17327.349609375,17327.349609375,1441800,-0.011608108251135452,-0.013187088946277625,0.10000601980186241,0.010164379955401426,-0.029454082875114973
2022-09-30,17156.30078125,17196.400390625,16747.69921875,17094.349609375,17094.349609375,1891900,-0.013446949778974537,-0.025377057387821478,0.05386668933588612,-0.03260243145169761,-0.02496577139413192
2022-10-07,17102.099609375,17428.80078125,16855.55078125,17314.650390625,17314.650390625,986200,0.012887345016576734,-0.029085910954009475,0.07884817809688127,-0.026410817885766158,-0.03244159626436127
2022-10-14,17094.349609375,17348.55078125,16950.30078125,17185.69921875,17185.69921875,1266000,-0.0074475180824222775,-0.019688172468288356,0.02788668417839535,-0.01659172422163746,-0.06286492189332193
2022-10-21,17144.80078125,17670.150390625,17098.55078125,17576.30078125,17576.30078125,1189500,0.02272829039588009,0.014367527491931265,0.024364418355601547,0.023547213967910485,-0.029732408004503386
2022-10-28,17736.349609375,17838.900390625,17637.0,17786.80078125,17786.80078125,871000,0.011976353990514221,0.040507605594730656,0.022376823178617666,0.04000865185269098,0.006516108460706604
2022-11-04,17910.19921875,18178.75,17899.900390625,18117.150390625,18117.150390625,1328900,0.018572739046093023,0.04634803371106555,0.023674790345433516,0.1039470113870058,0.011182220074951399
2022-11-11,18211.75,18362.30078125,17969.400390625,18349.69921875,18349.69921875,1257000,0.012835839141973171,0.06773073269722119,0.033294010795477336,0.16268688135491272,0.01364153063761031
2022-11-18,18376.400390625,18442.150390625,18209.80078125,18307.650390625,18307.650390625,1170900,-0.002291526832332691,0.041609984858428595,0.04264219189942953,0.12550603252608683,0.030557596229728423
2022-11-25,18246.400390625,18534.900390625,18133.349609375,18512.75,18512.75,980200,0.011202945489937166,0.040813928692295276,0.0554920949404456,0.13210863074860546,0.08729364309343168
2022-12-02,18430.55078125,18887.599609375,18365.599609375,18696.099609375,18696.099609375,1326800,0.009903963991033216,0.03195586536884876,0.04837846051907446,0.12733722428096406,0.08719117381492403
2022-12-09,18719.55078125,18728.599609375,18410.099609375,18496.599609375,18496.599609375,1125300,-0.010670674855624007,0.008005602101362808,0.05508860217952849,0.1416385730197438,0.05626645561248056
2022-12-16,18402.150390625,18696.099609375,18255.150390625,18269.0,18269.0,1050300,-0.012304943296693405,-0.0021111606241286385,0.05434474468706507,0.1945597802988197,0.07558349859286961
2022-12-23,18288.099609375,18473.349609375,17779.5,17806.80078125,17806.80078125,928600,-0.025299645232360835,-0.038133136284452585,0.04167758283615974,0.13424531625714597,0.047227863338969334
2022-12-30,17830.400390625,18265.25,17774.25,18105.30078125,18105.30078125,1058000,0.016763258244249624,-0.031600111278223486,0.04566366474561323,0.14939331742477213,0.04328960480003197
2023-01-06,18131.69921875,18251.94921875,17795.55078125,17859.44921875,17859.44921875,1208100,-0.013578982501887271,-0.034446893163112,0.03920410752126524,0.1010350818614496,0.002624532050189865
2023-01-13,17952.55078125,18141.400390625,17761.650390625,17956.599609375,17956.599609375,1284900,0.005439719301254087,-0.017100026855602413,0.02163702321996519,0.11884700738044218,-0.016386639312271467
2023-01-20,18033.150390625,18183.75,17853.650390625,18027.650390625,18027.650390625,1156100,0.003956806009802971,0.012402542831138286,0.013540917916441186,0.07824427436329184,0.023301157729711308
2023-01-27,18118.44921875,18201.25,17493.55078125,17604.349609375,17604.349609375,1152900,-0.02348064068682687,-0.027668757229031504,-0.028304715156272975,0.025999132159456817,0.029376791159816174
2023-02-03,17541.94921875,17972.19921875,17353.400390625,17854.05078125,17854.05078125,2257800,0.014184061178950103,-0.00030227345949351836,-0.027011256783628257,0.02624232109498492,0.019282039296878217
2023-02-10,17818.55078125,17916.900390625,17652.55078125,17856.5,17856.5,1420800,0.00013718000357498816,-0.005574530342745909,-0.02464272481716312,0.008947240580511773,0.02772701765493024
2023-02-17,17859.099609375,18134.75,17719.75,17944.19921875,17944.19921875,1143400,0.004911333057990186,-0.004629065356093087,-0.0307113087601788,0.010459809734054915,0.03865980605204977
2023-02-24,17965.55078125,18004.349609375,17421.80078125,17465.80078125,17465.80078125,1027000,-0.026660339180815562,-0.00787014750327486,-0.06580510661742933,-0.005302132098471746,0.048468062460510275
2023-03-03,17428.599609375,17644.75,17255.19921875,17594.349609375,17594.349609375,1607100,0.007360030595505274,-0.01454578431846587,-0.04877923613282387,0.0031301091579494233,0.08303914858326644
2023-03-10,17680.349609375,17799.94921875,17324.349609375,17412.900390625,17412.900390625,1128100,-0.010312925614102575,-0.02484247245400839,-0.04686078107039249,-0.02357657018785575,0.04704931067002249
2023-03-17,17421.900390625,17529.900390625,16850.150390625,17100.05078125,17100.05078125,1551600,-0.017966542181762968,-0.0470429706675316,-0.0396898920071137,-0.02457375641934778,-0.010817345443493775
2023-03-24,17066.599609375,17207.25,16828.349609375,16945.05078125,16945.05078125,935700,-0.00906430056745533,-0.0298154093546652,-0.06408344241381314,-0.022063318207543814,-0.012123198201480778
2023-03-31,16984.30078125,17381.599609375,16913.75,17359.75,17359.75,1067000,0.02447317651056391,-0.013333804010009831,-0.027979542517211797,0.015525620844881294,-0.01758298359615662
2023-04-07,17427.94921875,17638.69921875,17312.75,17599.150390625,17599.150390625,721200,0.013790543678624312,0.010696092886413933,-0.019906286631427572,0.016431172075760836,-0.010413606503347883
2023-04-14,17634.900390625,17842.150390625,17597.94921875,17828.0,17828.0,1077700,0.013003446433238475,0.042570003332866646,-0.011074676194565258,0.03737414306362563,0.020162317367256488
2023-04-21,17863.0,17863.0,17553.94921875,17624.05078125,17624.05078125,1343100,-0.011439826046107271,0.040070697265264466,0.0011191081926995583,0.002716726380270984,0.026327911685549932
2023-04-28,17707.55078125,18089.150390625,17612.5,18065.0,18065.0,1317800,0.025019742862924632,0.04062558504586766,0.011815202126093105,0.015640767677752576,0.05627518555917166
2023-05-05,18124.80078125,18267.44921875,18042.400390625,18069.0,18069.0,957700,0.00022142264046509652,0.02669728929785653,0.011900428415422937,-0.0026577242881372642,0.10101302460202599
2023-05-12,18120.599609375,18389.69921875,18100.30078125,18314.80078125,18314.80078125,1184900,0.013603452390835047,0.027305406172874136,0.020653000893612328,-0.0019018533810265525,0.16047562137853277
2023-05-19,18339.30078125,18458.900390625,18060.400390625,18203.400390625,18203.400390625,1198500,-0.00608253357246713,0.032872670225812195,0.04223107881585553,-0.005694340768785056,0.11909701763955982
2023-05-26,18201.099609375,18508.55078125,18178.849609375,18499.349609375,18499.349609375,1200200,0.016257908544516697,0.024043709348187114,0.05143696812286702,-0.0007238465719571208,0.1312891577971549
2023-06-02,18619.150390625,18662.44921875,18464.55078125,18534.099609375,18534.099609375,1732700,0.0018784444174400061,0.025740196434500984,0.06438899859288494,-0.008664908905318791,0.11756894992699474
2023-06-09,18612.0,18777.900390625,18531.599609375,18563.400390625,18563.400390625,1245300,0.0015809120414556066,0.013573699891374469,0.08557574641705412,0.003611516855030139,0.14576161996855697
2023-06-16,18595.05078125,18864.69921875,18559.75,18826.0,18826.0,1209900,0.014146094134112497,0.03420237955627492,0.11100286703367712,0.030488806174393757,0.23098048190407683
2023-06-23,18873.30078125,18886.599609375,18647.099609375,18665.5,18665.5,1112200,-0.00852544353553597,0.008981417948920711,0.07521709702040646,0.0482231047170576,0.1889421469178465
2023-06-30,18682.349609375,19201.69921875,18646.69921875,19189.05078125,19189.05078125,1040500,0.02804911635102192,0.035337630943976794,0.09033961045482819,0.05985816049641879,0.21819388709269538
2023-07-07,19246.5,19523.599609375,19234.400390625,19331.80078125,19331.80078125,1182800,0.007439138164118342,0.041393299420135365,0.08435050377215614,0.08244103972446304,0.1918055587832168
2023-07-14,19400.349609375,19595.349609375,19327.099609375,19564.5,19564.5,1449000,0.012037120668846102,0.039227663869117135,0.11010233928821966,0.08954370123536792,0.21903270953740206
2023-07-21,19612.150390625,19991.849609375,19562.94921875,19745.0,19745.0,1402000,0.009225893838329613,0.05783397176609251,0.0929975089952948,0.09526197658393021,0.18095995517944452
2023-07-28,19748.44921875,19867.55078125,19563.099609375,19646.05078125,19646.05078125,1473600,-0.005011355722967847,0.023815664735566067,0.0872793614062759,0.11597708618486613,0.144991521935512
2023-08-04,19666.349609375,19795.599609375,19296.44921875,19517.0,19517.0,1480300,-0.0065687899663359195,0.00958002934365143,0.06564085698277244,0.09314128424550017,0.12182784882885467
2023-08-11,19576.849609375,19645.5,19412.75,19428.30078125,19428.30078125,1291100,-0.004544715824665646,-0.006961548659562,0.06728964722744002,0.08802401261445403,0.0977588252126893
2023-08-18,19383.94921875,19482.75,19253.599609375,19310.150390625,19310.150390625,768700,-0.00608135482126293,-0.022023277253735096,0.04382861010633077,0.07612215820964074,0.08737819123511414
2023-08-25,19320.650390625,19584.44921875,19229.69921875,19265.80078125,19265.80078125,1431300,-0.0022966993253730195,-0.01935503497542146,0.03947864678060142,0.10305854409677839,0.0972099819836294
2023-09-01,19298.349609375,19458.55078125,19223.650390625,19435.30078125,19435.30078125,1684200,0.008797973254502045,-0.004186054145104312,0.04696878655191483,0.10463309032429735,0.1080907124764956
2023-09-08,19525.05078125,19867.150390625,19432.849609375,19819.94921875,19819.94921875,1434200,0.019791226378708116,0.02015865627723734,0.05279662268936569,0.1382336528738739,0.11139800726671356
2023-09-15,19890.0,20222.44921875,19865.349609375,20192.349609375,20192.349609375,1541600,0.01878916976602052,0.04568577669795393,0.08180062732715432,0.1808356517581613,0.1518180840805745
2023-09-22,20155.94921875,20195.349609375,19657.5,19674.25,19674.25,1164500,-0.025658213105346328,0.021200739247107414,0.025285212086889608,0.16106173147441427,0.13544485703429254
2023-09-29,19678.19921875,19766.650390625,19492.099609375,19638.30078125,19638.30078125,1193200,-0.0018272218127756146,0.010444911673085144,0.01585470507730835,0.1312548153775257,0.14881824872002314
2023-10-06,19622.400390625,19675.75,19333.599609375,19653.5,19653.5,892800,0.000773957936549774,-0.008398064844310271,0.0045490556875973365,0.11673004456336389,0.13507922808775663
2023-10-13,19539.44921875,19843.30078125,19480.5,19751.05078125,19751.05078125,1068300,0.004963532258885239,-0.021854753739015687,0.00030644625221576405,0.10786688250224374,0.1492724578643354
2023-10-20,19737.25,19849.75,19512.349609375,19542.650390625,19542.650390625,994300,-0.01055135713705102,-0.006688926356786196,-0.005263164173620272,0.1088625783702446,0.11187505458899838
2023-10-27,19521.599609375,19556.849609375,18837.849609375,19047.25,19047.25,906900,-0.025349703378138133,-0.030096839224212135,-0.024068760567710235,0.05437309714918359,0.07086430180736647
2023-11-03,19053.400390625,19276.25,18940.0,19230.599609375,19230.599609375,1015300,0.009626040996731922,-0.02151781568804534,-0.010175937365855425,0.0642868785973214,0.06145829751052756
2023-11-10,19345.849609375,19464.400390625,19309.69921875,19425.349609375,19425.349609375,935000,0.010127089324092564,-0.01649032122302041,0.005965733897439263,0.060636686218391134,0.05861951075066574
2023-11-17,19486.75,19875.25,19414.75,19731.80078125,19731.80078125,1000300,0.015775838172153334,0.009678850454989396,0.02418793826901422,0.08396235636349281,0.07778990532582375
2023-11-24,19731.150390625,19875.150390625,19670.5,19794.69921875,19794.69921875,869200,0.003187668383504594,0.03924184429510813,0.018492044015430142,0.07002135949247368,0.06924682819948424
2023-12-01,19844.650390625,20291.55078125,19800.0,20267.900390625,20267.900390625,1218200,0.023905448961142772,0.05394011639368279,0.02260102520601981,0.09354653410694969,0.0840710530051858
2023-12-08,20601.94921875,21006.099609375,20507.75,20969.400390625,20969.400390625,1728700,0.03461137989036511,0.07948638311790357,0.03848243499554038,0.12960987477354058,0.13368947987589364
2023-12-15,20965.30078125,21492.30078125,20769.5,21456.650390625,21456.650390625,1561300,0.023236239039903017,0.0874147082923129,0.0905955952895281,0.13973496178821843,0.17448412012835957
2023-12-22,21434.80078125,21593.0,20976.80078125,21349.400390625,21349.400390625,1425600,-0.0049984502728748215,0.07854128798291371,0.08713073643360736,0.143789364904503,0.1989464392225495
2023-12-29,21365.19921875,21801.44921875,21329.44921875,21731.400390625,21731.400390625,1140000,0.017892774176821558,0.07220777543770374,0.10572673521891773,0.13248959723735676,0.2002783413093152
2024-01-05,21727.75,21834.349609375,21500.349609375,21710.80078125,21710.80078125,1378100,-0.0009479190942469629,0.03535629902686521,0.09922256905239801,0.12306147921343169,0.21564783523428055
2024-01-12,21747.599609375,21928.25,21448.650390625,21894.55078125,21894.55078125,1184300,0.008463529367313427,0.020408609109664688,0.1203470534249158,0.11909585122287814,0.2193038357785193
2024-01-19,22053.150390625,22124.150390625,21285.55078125,21622.400390625,21622.400390625,1824300,-0.012430051355886373,0.01278724437244061,0.13519801496935258,0.09508231909977205,0.1994020253393307
2024-01-26,21716.69921875,21750.25,21137.19921875,21352.599609375,21352.599609375,1275300,-0.01247783670526148,-0.01743103410001212,0.1103449732771471,0.08686472651051647,0.2129161305683176
2024-02-02,21433.099609375,22126.80078125,21429.599609375,21853.80078125,21853.80078125,1937700,0.023472606663543782,0.006586583398779933,0.12501454134462464,0.11973155614336228,0.2240247912927673
2024-02-09,21921.05078125,22053.30078125,21629.900390625,21782.5,21782.5,1998400,-0.0032626261199916184,-0.005117747441795273,0.10392863993937462,0.12117370660752824,0.2198639151009436
2024-02-16,21800.80078125,22068.650390625,21530.19921875,22040.69921875,22040.69921875,1701600,0.011853516297486433,0.019345624008811013,0.11346471978076522,0.14140484526990904,0.22829104548279555
2024-02-23,22103.44921875,22297.5,21875.25,22212.69921875,22212.69921875,1229700,0.00780374516674498,0.04028079133733997,0.09595462729946003,0.15296008045344278,0.27178246774667913
2024-03-01,22169.19921875,22353.30078125,21860.650390625,22338.75,22338.75,1374700,0.005674716971974192,0.022190612223667472,0.06530227778888742,0.14939049574941854,0.26965477530905635
2024-03-08,22403.5,22525.650390625,22224.349609375,22493.55078125,22493.55078125,1287200,0.006929697554697523,0.03264321272810733,0.04832536168264401,0.1348944708683073,0.29177507920279555
2024-03-15,22517.5,22526.599609375,21905.650390625,22023.349609375,22023.349609375,2158600,-0.020903821564132397,-0.0007871623854945886,0.03156759470612336,0.09067790700047573,0.28791135717113403
2024-03-22,21990.099609375,22180.69921875,21710.19921875,22096.75,22096.75,1754800,0.003332844091697762,-0.0052199517766001735,0.016812060097729065,0.12313048782037428,0.30402382886042734
2024-03-29,21947.900390625,22516.0,21947.55078125,22326.900390625,22326.900390625,1148000,0.01041557652709102,-0.0005304508701248212,0.02837756265107827,0.1369059186598256,0.286130295115137
2024-04-05,22455.0,22619.0,22303.80078125,22513.69921875,22513.69921875,1242300,0.008366536548146897,0.0008957428596287897,0.028278654523947733,0.14553129054621317,0.2792492091404004
2024-04-12,22578.349609375,22775.69921875,22503.75,22519.400390625,22519.400390625,1094000,0.00025323123577369877,0.02252385718105465,0.04148475579931077,0.14016214327204501,0.26314787921387706
2024-04-19,22339.05078125,22427.44921875,21777.650390625,22147.0,22147.0,1492200,-0.016536869728557835,0.00227409008112045,0.03720391920224153,0.13326491327012424,0.25663505370524176
2024-04-26,22336.900390625,22625.94921875,22198.150390625,22419.94921875,22419.94921875,1551600,0.012324433049623051,0.004167565873320678,0.02590617729002731,0.17707013971833208,0.24107108877663985
2024-05-03,22475.55078125,22794.69921875,22348.05078125,22475.849609375,22475.849609375,1537900,0.0024933326155016644,-0.0016811812668918735,0.031830580024101884,0.168754488467324,0.24389006637749744
2024-05-10,22561.599609375,22588.80078125,21932.400390625,22055.19921875,22055.19921875,1492600,-0.018715661384811066,-0.020613389514058778,0.000657873865801184,0.13538235667613363,0.2042281803758017
2024-05-17,22027.94921875,22502.150390625,21821.05078125,22466.099609375,22466.099609375,1351900,0.018630545412424926,0.014408254362893391,0.011407906267019596,0.13857320264064543,0.23417049162668246
2024-05-24,22404.55078125,23026.400390625,22404.55078125,22957.099609375,22957.099609375,1269600,0.021855151029202657,0.023958590868518925,0.02768058236808235,0.15975996177954044,0.24096793098828329
2024-05-31,23038.94921875,23110.80078125,22417.0,22530.69921875,22530.69921875,1693300,-0.018573791893592317,0.002440379800019654,0.0016515150436349213,0.11164446166173514,0.21563494820937623
2024-06-07,23337.900390625,23338.69921875,21281.44921875,23290.150390625,23290.150390625,3168000,0.03370739471960049,0.05599365299884118,0.057520804224564515,0.11067316932140603,0.25462737971148486
2024-06-14,23319.150390625,23490.400390625,23206.650390625,23465.599609375,23465.599609375,1396600,0.007533193895588708,0.0444892534698329,0.06194800635274422,0.09362827758184311,0.24644638316025702
2024-06-21,23570.80078125,23667.099609375,23398.19921875,23501.099609375,23501.099609375,1491200,0.0015128528821319875,0.023696373202904297,0.05259123291664092,0.10078499533386709,0.25906617070933
2024-06-28,23382.30078125,24174.0,23350.0,24010.599609375,24010.599609375,1695300,0.02167983662333617,0.06568373117304005,0.06648842449571069,0.10488045766867615,0.25126562450062573
2024-07-05,23992.94921875,24401.0,23992.69921875,24323.849609375,24323.849609375,549600,0.013046321420381757,0.044383535589624046,0.0801286529592149,0.12035709112957704,0.25822989201124047
2024-07-12,24329.44921875,24592.19921875,24141.80078125,24502.150390625,24502.150390625,1441300,0.007330286287466459,0.044173206672966314,0.10634173434889593,0.11909810963594136,0.25237805160494764
2024-07-19,24587.599609375,24854.80078125,24504.44921875,24530.900390625,24530.900390625,1283300,0.0011733664001589705,0.04381925945453191,0.09415503805466208,0.13451328009174524,0.24238543381235766
2024-07-26,24445.75,24861.150390625,24074.19921875,24834.849609375,24834.849609375,1902800,0.012390463208034497,0.034328588765362156,0.10495710022085336,0.1630831872326728,0.2641140902006187
2024-08-02,24943.30078125,25078.30078125,24686.849609375,24717.69921875,24717.69921875,1849900,-0.004717177372428161,0.01619191105437534,0.12071983452031132,0.13104807105028393,0.2664702166700825
2024-08-09,24302.849609375,24419.75,23893.69921875,24367.5,24367.5,1643900,-0.014167953726225035,-0.0054954519696572834,0.0846342010266683,0.11867324687248937,0.25422703067870756
2024-08-16,24320.05078125,24563.900390625,24099.69921875,24541.150390625,24541.150390625,1094500,0.007126311300913013,0.0004178403497947514,0.06900047515597829,0.1134469985302402,0.2708937990736535
2024-08-23,24636.349609375,24867.349609375,24522.94921875,24823.150390625,24823.150390625,1166100,0.011490903870086111,-0.0004710807165743125,0.101747892935663,0.11752066447068654,0.2884567152165076
2024-08-30,24906.099609375,25268.349609375,24874.69921875,25235.900390625,25235.900390625,1646200,0.016627623549180237,0.020964781846763092,0.08354390020526559,0.12969169674332726,0.2984568993638146
2024-09-06,25333.599609375,25333.650390625,24801.30078125,24852.150390625,24852.150390625,1222600,-0.015206511123437516,0.019889212706473813,0.05908865762356408,0.10485670458667928,0.2538957651372009
2024-09-13,24823.400390625,25433.349609375,24753.150390625,25356.5,25356.5,1415800,0.020294002790408605,0.03322377298524981,0.07894951391486593,0.1513462052659842,0.25574786939244376
2024-09-20,25406.650390625,25849.25,25285.55078125,25790.94921875,25790.94921875,1448000,0.01713364300080844,0.03898775187256298,0.07414848601614499,0.16718292141378255,0.3108987239030714
2024-09-27,25872.55078125,26277.349609375,25847.349609375,26178.94921875,26178.94921875,1733000,0.015044037220542705,0.03736933549140731,0.07626669458850799,0.17252949405115214,0.33305572158996544
2024-10-04,26061.30078125,26134.69921875,24966.80078125,25014.599609375,25014.599609375,1388800,-0.04447656014172885,0.006536626255540412,0.020914458958919413,0.11108349482355107,0.27278090972981905
2024-10-11,25084.099609375,25234.05078125,24694.349609375,24964.25,24964.25,1470000,-0.0020128089260372795,-0.01546940626663773,0.017665458767286646,0.10856637241517353,0.2639454111322004
2024-10-18,25023.44921875,25212.05078125,24567.650390625,24854.05078125,24854.05078125,1234100,-0.0044142811720760955,-0.03632663650932533,0.0007731543446813927,0.12223103721723039,0.271785059061026
2024-10-25,24956.150390625,24978.30078125,24073.900390625,24180.80078125,24180.80078125,1395400,-0.027088139713140946,-0.07632653323109229,-0.021721214128729516,0.07853949825307294,0.2695166379004843
2024-11-01,24251.099609375,24498.19921875,24134.900390625,24304.349609375,24304.349609375,1221600,0.00510937703191372,-0.028393418687133853,-0.0025915826664614228,0.08135398802621041,0.2638373271276744
2024-11-08,24315.75,24537.599609375,23816.150390625,24148.19921875,24148.19921875,1547000,-0.006424791987223899,-0.03268877619996591,-0.01601192958033104,0.09489825864826718,0.24312816522466463
2024-11-15,24087.25,24336.80078125,23484.150390625,23532.69921875,23532.69921875,1091500,-0.025488443027341434,-0.05316443480902655,-0.051985793566410754,0.04747595835148499,0.19262805658932947
2024-11-22,23605.30078125,23956.099609375,23263.150390625,23907.25,23907.25,1348700,0.015916184444815906,-0.011312726312277976,-0.05264921679270007,0.04138808502782232,0.20776020568953601
2024-11-29,24253.55078125,24354.55078125,23873.349609375,24131.099609375,24131.099609375,1861700,0.009363252125401234,-0.007128353680905364,-0.029013617329549213,0.07103198951291989,0.19060677940458692
2024-12-06,24140.849609375,24857.75,24008.650390625,24677.80078125,24677.80078125,1496100,0.02265546041103761,0.021931306666080008,-0.026766281574744144,0.059580997432441274,0.17684818457102636
2024-12-13,24633.900390625,24792.30078125,24180.80078125,24768.30078125,24768.30078125,1272600,0.003667263578396307,0.05250573047377061,-0.03965144628164885,0.055515358378251056,0.1543414433443886
2024-12-20,24753.400390625,24781.25,23537.349609375,23587.5,23587.5,1401600,-0.047673871198458895,-0.013374603938135943,-0.09898981036618315,0.003676440339435594,0.10483196569575792
2024-12-27,23738.19921875,23938.849609375,23647.19921875,23813.400390625,23813.400390625,722000,0.009577123078961414,-0.013165550840732232,-0.04801992586360704,-0.008213006836905623,0.09580606691588
2025-01-03,23796.900390625,24226.69921875,23460.44921875,24004.75,24004.75,1308900,0.008035375302820391,-0.027273531673915552,-0.03843496199565377,-0.013118795523715643,0.10565935553750339
2025-01-10,24045.80078125,24089.94921875,23344.349609375,23431.5,23431.5,1337000,-0.02388069028004869,-0.05397224432376002,-0.05723617424662131,-0.04369618068439629,0.07019779643372304
2025-01-17,23195.400390625,23391.650390625,23047.25,23203.19921875,23203.19921875,1428000,-0.009743327625205356,-0.01629256094329623,-0.04042883324434987,-0.054123621666264166,0.0731093125447071
2025-01-24,23290.400390625,23426.30078125,22976.849609375,23092.19921875,23092.19921875,1430300,-0.004783823082047389,-0.03028551823950887,-0.04987380489940918,-0.07016955681371073,0.08147015544707803
2025-01-31,22940.150390625,23546.80078125,22786.900390625,23508.400390625,23508.400390625,1512400,0.018023453198734662,-0.020677141373061536,-0.02649468071425487,-0.04892440908123308,0.07571221253168026
2025-02-07,23528.599609375,23807.30078125,23222.0,23559.94921875,23559.94921875,1929500,0.0021927833144086417,0.005481903367261953,0.0011579632130889195,-0.0331404855340105,0.0815998723172271
2025-02-14,23543.80078125,23568.599609375,22774.849609375,22929.25,22929.25,1302100,-0.02676997360622757,-0.011806527891577434,-0.04090809273337581,-0.06568153346392291,0.04031409223597193
2025-02-21,22809.900390625,23049.94921875,22720.30078125,22795.900390625,22795.900390625,1108600,-0.005815698698169336,-0.012831122116962135,-0.055331055789570094,-0.08166771614797275,0.026255304055200712
2025-02-28,22609.349609375,22668.05078125,22104.849609375,22124.69921875,22124.69921875,1305100,-0.02944394212878021,-0.058859860683111886,-0.10345741847627798,-0.12328473023418629,-0.009582039337474146
2025-03-07,22194.55078125,22633.80078125,21964.599609375,22552.5,22552.5,1503500,0.01933589139541625,-0.04276109466094391,-0.08946115443362979,-0.09253325585429018,0.0026207164588321064
2025-03-14,22521.849609375,22676.75,22314.69921875,22397.19921875,22397.19921875,1299000,-0.006886189169715062,-0.02320402024706436,-0.05046320217276101,-0.11670777833099999,0.01697514755956364
2025-03-21,22353.150390625,23402.69921875,22353.150390625,23350.400390625,23350.400390625,1702400,0.04255894509689506,0.02432454917323823,-0.019442834387577657,-0.09462811187851605,0.05673460534354602
2025-03-28,23515.400390625,23869.599609375,23412.19921875,23519.349609375,23519.349609375,1734400,0.007235388512559782,0.06303590285390537,-0.020221014200314524,-0.10159306193505013,0.05340863254134032
2025-04-04,23341.099609375,23565.150390625,22857.44921875,22904.44921875,22904.44921875,1405300,-0.026144447054772924,0.015605774027269703,-0.02249325827411819,-0.0843567525995561,0.017356099333270425
2025-04-11,21758.400390625,22923.900390625,21743.650390625,22828.55078125,22828.55078125,1901400,-0.003313698433659251,0.019259174251523792,-0.016146412999689108,-0.08555030568713262,0.013728180380579769
2025-04-18,23368.349609375,23872.349609375,23207.0,23851.650390625,23851.650390625,1242000,0.04481666923050209,0.021466441329256458,0.0328877801841565,-0.040331469483486204,0.07696981038628259
2025-04-25,23949.150390625,24365.44921875,23847.849609375,24039.349609375,24039.349609375,2008500,0.007869443651739028,0.022109454922712768,0.022585510282602694,-0.005849730666681707,0.07223033267491452
2025-05-02,24070.25,24589.150390625,24054.05078125,24346.69921875,24346.69921875,1523700,0.012785271414129218,0.0629681153310313,0.03339353547391655,0.001742470383106376,0.08323821532400011
2025-05-09,24419.5,24526.400390625,23935.75,24008.0,24008.0,1671000,-0.01391150462355728,0.0516655319057191,0.047046894250793114,-0.005805783589906022,0.08854151630559048
2025-05-16,24420.099609375,25116.25,24378.849609375,25019.80078125,25019.80078125,2070700,0.04214431777949024,0.048975662962263966,0.09755703229601753,0.06319298728448164,0.11366909326839059
2025-05-23,25005.349609375,25062.94921875,24462.400390625,24853.150390625,24853.150390625,1676600,-0.006660740110684182,0.033852861848335136,0.12332150348795357,0.03956542013928832,0.08259104213999713
2025-05-30,24919.349609375,25079.19921875,24677.30078125,24750.69921875,24750.69921875,2712200,-0.004122260971536451,0.01659362513045992,0.09747031232679304,0.02567639350899209,0.09853222833637232
2025-06-06,24669.69921875,25029.5,24502.150390625,25003.05078125,25003.05078125,1665300,0.01019573468489443,0.04144663367419188,0.11634720649885955,0.013179861645010282,0.07354612838028274
2025-06-13,25160.099609375,25222.400390625,24473.0,24718.599609375,24718.599609375,1534700,-0.011376658567134212,-0.012038511997294665,0.05859425088485093,-0.0020066443925222943,0.053397314403140106
2025-06-20,24732.349609375,25136.19921875,24703.599609375,25112.400390625,25112.400390625,1635100,0.015931354828881306,0.010431273135408814,0.0677336239185371,0.064648665209327,0.06856278250942882
2025-06-27,24939.75,25654.19921875,24824.849609375,25637.80078125,25637.80078125,1952200,0.02092195020995069,0.03584147480681965,0.11933714434235032,0.07661234265994366,0.0677701181289807
2025-07-04,25661.650390625,25669.349609375,25331.650390625,25461.0,25461.0,1328400,-0.006896097787736255,0.018315733658126998,0.11531389986052631,0.06066507670356902,0.046750428443148806
2025-07-11,25450.44921875,25548.69921875,25129.0,25149.849609375,25149.849609375,1115200,-0.012220666534111024,0.017446376688606602,0.05442806671609879,0.07333502376608414,0.026434382632710474
2025-07-18,25149.5,25255.30078125,24918.650390625,24968.400390625,24968.400390625,1290000,-0.007214723808223522,-0.005734218862397444,0.03864708473176348,0.07607576676101546,0.017834649076607034
2025-07-25,24999.0,25246.25,24806.349609375,24837.0,24837.0,1677200,-0.00526266755455973,-0.03123515890004336,0.020138285557510294,0.07555801700486309,8.658762419844201e-05
2025-08-01,24782.44921875,24956.5,24535.05078125,24565.349609375,24565.349609375,1400400,-0.010937326997020547,-0.035177345376261715,0.023215162003290546,0.04496049076871711,-0.006163583755377733
2025-08-08,24596.05078125,24736.25,24337.5,24363.30078125,24363.30078125,1665500,-0.0082249522737462,-0.03127449429486062,-0.02623921771959048,0.034098187353504894,-0.00017232866523031465
2025-08-15,24371.5,24702.599609375,24347.44921875,24631.30078125,24631.30078125,984300,0.011000151515029977,-0.013501049490602268,-0.008926418014944537,0.07423054749937297,0.003673437845824745
2025-08-22,24938.19921875,25153.650390625,24852.849609375,24870.099609375,24870.099609375,1339200,0.00969493370430441,0.0013326734056045009,0.004824121919535518,0.09099001062502587,0.0018913481170275137
2025-08-29,24949.150390625,25021.55078125,24404.69921875,24426.849609375,24426.849609375,1615600,-0.017822606542070796,-0.00563802275165437,-0.023045234636210776,0.10405340962438925,-0.0320595171452871
2025-09-05,24432.69921875,24980.75,24432.69921875,24741.0,24741.0,1365400,0.012860863993874538,0.01550279340805405,0.0009062160065291813,0.09704023944130369,-0.004472465717370255
2025-09-12,24802.599609375,25139.44921875,24751.55078125,25114.0,25114.0,1134500,0.015076189321369338,0.01959698446447633,6.369798785144098e-05,0.12130091600808757,-0.009563622739731437
2025-09-19,25118.900390625,25448.94921875,25048.75,25327.05078125,25327.05078125,1347000,0.008483347186827972,0.01837351595096748,-0.012120774424117742,0.0846516701023512,-0.01798686948531336
2025-09-26,25238.099609375,25331.69921875,24629.44921875,24654.69921875,24654.69921875,1432100,-0.02654677673713801,0.009327834453426664,-0.03166807200227795,0.04827300194230033,-0.05822426206886466
2025-10-03,24728.55078125,24904.80078125,24587.69921875,24894.25,24894.25,1372200,0.009716232152117366,0.0061941716179620965,-0.010163067109543289,0.08687398514787747,-0.004811174724135725
2025-10-10,24916.55078125,25330.75,24881.650390625,25285.349609375,25285.349609375,1303400,0.015710439534229792,0.0068228720783227725,0.012694013785080394,0.10761957040842329,0.012862377574932138
2025-10-17,25177.30078125,25781.5,25060.55078125,25709.849609375,25709.849609375,1611200,0.01678837771903341,0.015114228317826495,0.03514311750110721,0.07790652589308333,0.03443297173797588
2025-10-24,25824.599609375,26104.19921875,25718.19921875,25795.150390625,25795.150390625,1076900,0.0033178249793766046,0.046256949304321004,0.05006241721797711,0.07303861417969748,0.0667616272917968
2025-10-31,25843.19921875,26097.849609375,25711.19921875,25722.099609375,25722.099609375,1575200,-0.0028319579511562054,0.033254651551061,0.055772361894851796,0.05649227348098873,0.0583331799775102
2025-11-07,25696.849609375,25803.099609375,25318.44921875,25492.30078125,25492.30078125,1005900,-0.008933906314601336,0.008184627662742194,0.034955522960257834,0.06182525746626122,0.05566052981111591
2025-11-14,25503.5,26010.69921875,25449.25,25910.05078125,25910.05078125,1758000,0.016387300761305124,0.007786944494688752,0.041815319930724515,0.035581818088142425,0.10102332675062664
2025-11-21,25948.19921875,26246.650390625,25856.19921875,26068.150390625,26068.150390625,1287900,0.0061018641263879125,0.010583384700839638,0.0671924872628713,0.04888716242824165,0.09038682368842088
2025-11-28,26122.80078125,26310.44921875,25842.94921875,26202.94921875,26202.94921875,1443300,0.005171016205794077,0.01869402640831641,0.059090142627622244,0.058675110030824484,0.0858580687541517
2025-12-05,26325.80078125,26325.80078125,25891.0,26186.44921875,26186.44921875,1231700,-0.0006297001097950172,0.0272297288289709,0.04270324196663222,0.04733016174120008,0.061133828369595244
2025-12-12,26159.80078125,26178.69921875,25693.25,26046.94921875,26046.94921875,1227000,-0.005327182728543267,0.0052836035967582795,0.028424092631936126,0.053738869934654376,0.051624390740117265
2025-12-19,25930.05078125,26047.150390625,25726.30078125,25966.400390625,25966.400390625,1233000,-0.0030924476969846904,-0.0039032305121499133,0.05320288681021279,0.034007103531162874,0.10085428259141493
2025-12-26,26055.849609375,26236.400390625,26008.599609375,26042.30078125,26042.30078125,800600,0.002923023194713048,-0.006130929620130177,0.046117106610964465,0.015777484326808144,0.09359857702230912
2026-01-02,26063.349609375,26340.0,25878.0,26328.55078125,26328.55078125,1660600,0.01099173235131734,0.005426530390315376,0.0412571385403433,0.03407371200070686,0.09680587305637434
2026-01-09,26333.69921875,26373.19921875,25623.0,25683.30078125,25683.30078125,1737300,-0.024507615529659854,-0.013961267956794976,-0.0010326325718886809,0.0212109090177679,0.09610143530077031
2026-01-16,25669.05078125,25899.80078125,25473.400390625,25694.349609375,25694.349609375,1442400,0.0004301950212359795,-0.01047703097685504,-0.003907741560856937,0.029074718740195182,0.10736236702273172
2026-01-23,25653.099609375,25653.30078125,24919.80078125,25048.650390625,25048.650390625,2128800,-0.025130008292344796,-0.03815524591976183,-0.026181735899372116,0.008521576302492173,0.08472346671452735
2026-01-30,25063.349609375,25458.150390625,24932.55078125,25320.650390625,25320.650390625,2284400,0.010858868472283012,-0.03828165093472524,-0.006733420890406738,0.03074659197855456,0.07708946461209298
2026-02-06,24796.5,26341.19921875,24679.400390625,25693.69921875,25693.69921875,2235600,0.014732987595892144,0.00040487153845858437,-0.008350101832164891,0.054606658163653954,0.0905668335779719
2026-02-13,25888.69921875,26009.400390625,25444.30078125,25471.099609375,25471.099609375,2024600,-0.008663587421952723,-0.008688680717512498,-0.022903457756048518,0.03409478190304416,0.11085620372995186
2026-02-20,25423.599609375,25885.30078125,25372.69921875,25571.25,25571.25,1524900,0.003931922538127797,0.020863383903932498,-0.024107943479048433,0.028192504317943845,0.12174775121040549
2026-02-27,25678.400390625,25771.44921875,25141.30078125,25178.650390625,25178.650390625,2011100,-0.015353164564696709,-0.00560807079634007,-0.03848550903966763,0.03077763990332416,0.1380335678998461
2026-03-06,24659.25,24989.349609375,24305.400390625,24450.44921875,24450.44921875,2055900,-0.02892137428248087,-0.048387349342547625,-0.06129316668113871,-0.011743695939937737,0.08415693243542854
2026-03-13,23868.05078125,24303.80078125,23112.0,23151.099609375,23151.099609375,2399400,-0.05314215692931257,-0.09108362165668304,-0.1084209108269949,-0.07815960781337106,0.033660476172121756
2026-03-20,23116.099609375,23862.25,22930.349609375,23114.5,23114.5,2595400,-0.0015809015551113692,-0.09607469325903117,-0.1124248124558167,-0.08735919552417781,-0.010102627221746152
2026-03-27,22824.349609375,23465.349609375,22471.25,22819.599609375,22819.599609375,2206400,-0.012758242255943242,-0.0936925031584841,-0.1332755152772752,-0.07443204206601717,-0.029752098234939073
2026-04-03,22549.650390625,22941.30078125,22182.55078125,22713.099609375,22713.099609375,1711700,-0.004667040694099067,-0.0710559382296625,-0.115647174682601,-0.087616633986764,-0.008354254998559796
2026-04-10,22780.30078125,24074.05078125,22542.94921875,24050.599609375,24050.599609375,2490600,0.05888672277243634,0.03885344606420982,-0.06397320909030724,-0.04883262517921416,0.05353159908550653
2026-04-17,23589.599609375,24400.94921875,23555.599609375,24353.55078125,24353.55078125,1955700,0.012596408272370407,0.053604913852776326,-0.027749982475509194,-0.052754055303008474,0.021042585414645876
2026-04-24,24391.5,24601.69921875,23813.650390625,23897.94921875,23897.94921875,2188100,-0.01870780842565145,0.04725541323398064,-0.05618738657683753,-0.07354875405434813,-0.005882038945423718
2026-05-01,23945.44921875,24334.69921875,23796.849609375,23997.55078125,23997.55078125,2021000,0.004167787017550939,0.05655111781153965,-0.06601417814770072,-0.06704541442240775,-0.014340688828615944
2026-05-08,24063.55078125,24482.099609375,23882.05078125,24176.150390625,24176.150390625,1988100,0.007442409894369062,0.005220276553980829,-0.05083994168329409,-0.05162932925979946,0.007003931632164173
2026-05-15,23970.099609375,23997.44921875,23262.55078125,23643.5,23643.5,2090600,-0.022032059778696267,-0.029155944758440522,-0.0753873979566897,-0.08747766650037625,-0.05500846282842542
2026-05-22,23482.19921875,23859.900390625,23317.099609375,23719.30078125,23719.30078125,1862400,0.003205988167995333,-0.007475471466808381,-0.057959802719147024,-0.09010419129006275,-0.04562196709688382
2026-05-29,23940.25,24089.80078125,23484.75,23547.75,23547.75,2468700,-0.007232539560593221,-0.01874361201899999,-0.03691953512484991,-0.10133207512572762,-0.048602635752556855
2026-06-05,23654.5,23733.69921875,23151.5,23366.69921875,23366.69921875,2162400,-0.007688665849178822,-0.033481392148722255,0.009312715724642873,-0.10767973834272293,-0.06544607603353403
2026-06-12,23080.69921875,23645.349609375,23070.150390625,23622.900390625,23622.900390625,1873200,0.010964371539024187,-0.0008712588819337341,0.02199486861602029,-0.09306459684652968,-0.04432691317733206
2026-06-19,23984.849609375,24189.25,23817.80078125,24013.099609375,24013.099609375,1866800,0.016517837026686744,0.01238648773142792,0.052301531158753356,-0.0752241647615981,-0.04377521718952815
2026-06-26,24106.599609375,24261.599609375,23784.94921875,24056.0,24056.0,1437300,0.00178654115140775,0.02158380312344077,0.059124488234565176,-0.07627209277454094,-0.06169799019605604
2026-07-03,24061.75,24378.150390625,23829.19921875,24270.849609375,24270.849609375,2089100,0.008931227526396635,0.038693971371852376,0.009157775838326554,-0.07815474497519259,-0.04674405524625902
2026-07-10,24306.849609375,24530.900390625,23805.19921875,24206.900390625,24206.900390625,1860400,-0.0026348158296567448,0.024721773801821945,-0.006021725207229656,-0.05748483823009387,-0.0374932348859256
2026-07-17,24039.400390625,24367.30078125,24000.19921875,24334.30078125,24334.30078125,1637500,0.0052629782652529045,0.013376081268142492,0.018258954293770335,-0.05293182543249764,-0.025396084629157434
2026-07-24,24190.05078125,24266.099609375,23606.30078125,23767.44921875,23767.44921875,1651300,-0.023294343552158647,-0.01199496097647157,-0.009588543622534362,-0.05114851107325591,-0.04306280071063329
2026-07-31,23928.400390625,24429.400390625,23891.55078125,24383.599609375,24383.599609375,1993700,0.025924127783090833,0.004645490446961942,0.00858073826470096,-0.037007374091660106,-0.007398632744499478
2026-08-07,24572.69921875,24774.30078125,24427.94921875,24570.650390625,24570.650390625,1593100,0.007671171781301833,0.015026707018667818,0.039213753912280325,-0.04370911399575561,0.008510735521295887
2026-08-14,24581.25,24620.94921875,24265.94921875,24366.0,24366.0,1422400,-0.008329058749828033,0.0013026558286985956,0.027264683082952157,-0.04338641151433653,-0.010770879849429371
2026-08-21,24343.44921875,24360.099609375,24025.650390625,24252.0,24252.0,1204300,-0.004678650578675225,0.02038715963123794,0.02990731598560381,-0.05159114239624574,-0.024853121583075732
2026-08-28,24285.05078125,24378.599609375,24076.849609375,24175.650390625,24175.650390625,1340100,-0.003148177856465484,-0.008528241198237474,0.034619830738689794,-0.039835336066044946,-0.010283733791589311
2026-09-04,24117.55078125,24143.150390625,23786.80078125,23897.69921875,23897.69921875,1834500,-0.011497153846284358,-0.027388415087773454,0.011632730256698531,-0.02260694660677731,-0.034085153439634586
2026-09-11,23883.150390625,23890.0,23231.400390625,23398.099609375,23398.099609375,1335100,-0.02090576188116955,-0.039723401076294795,-0.025611021067846518,0.010669039664102042,-0.06832445610516047
