Date,Open,High,Low,Close,Adj Close,Volume,Return_1W,Return_4W,Return_12W,Return_26W,Return_52W
2011-07-15,3795.89990234375,3868.909912109375,3795.89990234375,3868.909912109375,3868.909912109375,0.0,,,,,
2011-07-22,3831.679931640625,3854.300048828125,3824.43994140625,3824.43994140625,3824.43994140625,0.0,-0.011494186143734542,,,,
2011-07-29,3824.43994140625,3880.39990234375,3793.06005859375,3793.06005859375,3793.06005859375,0.0,-0.008205092325482166,,,,
2011-08-05,3718.06005859375,3718.06005859375,3578.489990234375,3578.489990234375,3578.489990234375,0.0,-0.05656911966717593,,,,
2011-08-12,3486.22998046875,3486.22998046875,3264.199951171875,3317.64990234375,3317.64990234375,0.0,-0.07289110451683589,-0.1424845815200364,,,
2011-08-19,3217.85009765625,3241.469970703125,3141.72998046875,3141.72998046875,3141.72998046875,0.0,-0.05302546291901433,-0.17851240218102804,,,
2011-08-26,3141.72998046875,3220.5400390625,3083.889892578125,3083.889892578125,3083.889892578125,0.0,-0.018410267034468464,-0.18696518248080274,,,
2011-09-02,2972.570068359375,3226.050048828125,2972.570068359375,3226.050048828125,3226.050048828125,0.0,0.04609767572834911,-0.09848845249478166,,,
2011-09-09,3321.340087890625,3423.4599609375,3321.340087890625,3391.1298828125,3391.1298828125,0.0,0.051170884358827884,0.022148202080285895,,,
2011-09-16,3275.679931640625,3275.679931640625,3161.1201171875,3242.840087890625,3242.840087890625,0.0,-0.04372872760594115,0.03218293998862021,,,
2011-09-23,3207.60009765625,3268.889892578125,3056.739990234375,3056.739990234375,3056.739990234375,0.0,-0.05738799712979459,-0.00880378459979736,,,
2011-09-30,2977.550048828125,3052.080078125,2921.389892578125,2921.389892578125,2921.389892578125,0.0,-0.044279231497825866,-0.09443751697549418,,,
2011-10-07,2877.75,2895.800048828125,2726.60009765625,2889.550048828125,2889.550048828125,0.0,-0.010898868319798805,-0.14790935508739045,-0.2531358665695298,,
2011-10-14,2886.449951171875,3051.0,2876.35009765625,2987.89990234375,2987.89990234375,0.0,0.034036390390784765,-0.07861632971014187,-0.21873530552944265,,
2011-10-21,3005.85009765625,3011.10009765625,2909.75,2932.85009765625,2932.85009765625,0.0,-0.018424246623629625,-0.04053007222528793,-0.2267852202837033,,
2011-10-28,2976.050048828125,3256.449951171875,2925.949951171875,3220.050048828125,3220.050048828125,0.0,0.09792520640635094,0.10223221385435566,-0.10016513735805466,,
2011-11-04,3214.949951171875,3214.949951171875,3052.85009765625,3145.85009765625,3145.85009765625,0.0,-0.0230431049352412,0.08869894775903564,-0.051783584689310436,,
2011-11-11,3165.550048828125,3174.800048828125,2967.60009765625,2989.699951171875,2989.699951171875,0.0,-0.049636868139620316,0.0006024461618385768,-0.048390546050107064,,
2011-11-18,3019.5,3028.14990234375,2728.5,2768.89990234375,2768.89990234375,0.0,-0.07385358144103316,-0.055901321190441555,-0.10214047881295918,,
2011-11-25,2748.050048828125,2749.14990234375,2599.300048828125,2615.199951171875,2615.199951171875,0.0,-0.05550939239146013,-0.18783872563607307,-0.18934923154033012,,
2011-12-02,2653.10009765625,2907.550048828125,2653.10009765625,2894.050048828125,2894.050048828125,0.0,0.10662668356631655,-0.08004197307930327,-0.14658236374364764,,
2011-12-09,2884.64990234375,2900.89990234375,2709.60009765625,2762.550048828125,2762.550048828125,0.0,-0.0454380531716263,-0.07597749140502008,-0.14810783943864314,,
2011-12-16,2790.60009765625,2794.449951171875,2571.199951171875,2580.300048828125,2580.300048828125,0.0,-0.06597165545554928,-0.06811364085642235,-0.15586538041455045,,
2011-12-23,2561.5,2582.10009765625,2462.5,2529.199951171875,2529.199951171875,0.0,-0.019803936243561138,-0.032884674826283655,-0.13424772311378907,,
2011-12-30,2542.35009765625,2582.10009765625,2446.35009765625,2464.60009765625,2464.60009765625,0.0,-0.025541615832189724,-0.14839064422737624,-0.14706440241248497,,
2012-01-06,2478.10009765625,2651.699951171875,2439.25,2601.949951171875,2601.949951171875,0.0,0.0557290627579865,-0.058134728717178064,-0.12917097753814666,,
2012-01-13,2601.39990234375,2914.300048828125,2549.949951171875,2872.300048828125,2872.300048828125,0.0,0.10390288158098082,0.11316513369544579,-0.02064546322245131,-0.2575944867989668,
2012-01-20,2854.75,3027.60009765625,2831.300048828125,3002.449951171875,3002.449951171875,0.0,0.04531208443799262,0.1871145062219084,-0.06757661972845463,-0.21493081413958048,
2012-01-27,2998.699951171875,3119.25,2918.75,3101.64990234375,3101.64990234375,0.0,0.033039668532411914,0.2584799884140687,-0.014050318336983225,-0.1822829445274683,
2012-02-03,3082.35009765625,3232.60009765625,2982.10009765625,3179.25,3179.25,0.0,0.025018973804107114,0.2218720804249592,0.06340102750238419,-0.11156660807320762,
2012-02-10,3219.449951171875,3346.35009765625,3158.050048828125,3310.5,3310.5,0.0,0.04128332153809855,0.15256064607548825,0.19560118341504862,-0.002155110561454676,
2012-02-17,3318.0,3455.5,3273.199951171875,3369.39990234375,3369.39990234375,0.0,0.017791844840280957,0.12221684195889826,0.2883909319568154,0.07246641923092056,
2012-02-24,3380.949951171875,3444.35009765625,3180.89990234375,3247.10009765625,3247.10009765625,0.0,-0.036297206693224005,0.04689445936583336,0.12199168738325161,0.05292348649376777,
2012-03-02,3266.800048828125,3266.800048828125,3071.14990234375,3210.14990234375,3210.14990234375,0.0,-0.011379444489306167,0.009719242696783814,0.16202416086741933,-0.0049286732207241,
2012-03-09,3192.449951171875,3192.75,2902.64990234375,3090.5,3090.5,0.0,-0.037272372313951085,-0.06645521824497813,0.1977289235814217,-0.0886518338139165,
2012-03-16,3132.75,3270.75,3074.800048828125,3106.449951171875,3106.449951171875,0.0,0.005160961388731566,-0.07804058847065543,0.22823422866687082,-0.04205885366597517,
2012-03-23,3102.89990234375,3153.14990234375,2984.949951171875,3018.39990234375,3018.39990234375,0.0,-0.028344267640593723,-0.07043213588567088,0.22470168901402898,-0.012542803121336266,
2012-03-30,3022.050048828125,3063.699951171875,2926.25,3054.75,3054.75,0.0,0.012042836877918184,-0.048408923904236234,0.1740233506890443,0.04564954091224882,
2012-04-06,3047.25,3107.050048828125,3033.949951171875,3059.85009765625,3059.85009765625,0.0,0.0016695630268435124,-0.0099174574805857,0.06529612005704055,0.05893652850802544,
2012-04-13,3035.199951171875,3035.199951171875,2872.35009765625,2945.550048828125,2945.550048828125,0.0,-0.03735478705825335,-0.05179542721525332,-0.01895115764429034,-0.01417378590307028,
2012-04-20,2924.550048828125,3077.0,2916.0,3033.199951171875,3033.199951171875,0.0,0.02975671806310709,0.004903276340763485,-0.022068883764138292,0.034215814028756064,
2012-04-27,3019.14990234375,3045.85009765625,2892.75,2922.800048828125,2922.800048828125,0.0,-0.0363971726628497,-0.04319500815840083,-0.08066366318215779,-0.09231222977673237,
2012-05-04,2941.85009765625,2998.550048828125,2813.800048828125,2828.5,2828.5,0.0,-0.0322635990326926,-0.07560831095400944,-0.14559734179127015,-0.10087896365204596,
2012-05-11,2788.35009765625,2894.050048828125,2682.949951171875,2700.89990234375,2700.89990234375,0.0,-0.045112284835159944,-0.08305754186105518,-0.19840328229813042,-0.09659833881153324,
2012-05-18,2702.550048828125,2748.10009765625,2616.39990234375,2687.25,2687.25,0.0,-0.00505383495771361,-0.11405444967062506,-0.17241541092630575,-0.029488210200244835,
2012-05-25,2674.89990234375,2742.89990234375,2610.89990234375,2690.550048828125,2690.550048828125,0.0,0.001228039381570456,-0.0794614739701811,-0.16186155454493323,0.028812365808773333,
2012-06-01,2690.60009765625,2752.75,2644.800048828125,2654.64990234375,2654.64990234375,0.0,-0.013343050986920457,-0.061463707850892724,-0.14102899131410773,-0.08272149494488334,
2012-06-08,2630.800048828125,2762.10009765625,2594.60009765625,2752.050048828125,2752.050048828125,0.0,0.036690392355836376,0.018938186654006817,-0.11408518016202274,-0.003800836116780615,
2012-06-15,2782.60009765625,2809.800048828125,2725.25,2775.85009765625,2775.85009765625,0.0,0.008648116279084128,0.032970545225137204,-0.08035708074969228,0.07578577883488258,
2012-06-22,2799.300048828125,2822.85009765625,2719.85009765625,2755.89990234375,2755.89990234375,0.0,-0.007187057877997338,0.02428865931859847,-0.09783127838816597,0.08963306798532722,
2012-06-29,2766.85009765625,2875.10009765625,2709.800048828125,2870.35009765625,2870.35009765625,0.0,0.04152915540044333,0.0812537258197632,-0.061931138438824584,0.16463117094974322,
2012-07-06,2882.800048828125,2980.85009765625,2856.5,2924.949951171875,2924.949951171875,0.0,0.01902201879840648,0.06282585682530528,-0.006993633553925016,0.1241376683108475,
2012-07-13,2897.699951171875,2935.050048828125,2828.300048828125,2831.75,2831.75,0.0,-0.031863776381723996,0.02013793986604262,-0.0664149922243158,-0.014117622859307177,-0.2680754878430093
2012-07-20,2820.199951171875,2848.449951171875,2760.35009765625,2834.39990234375,2834.39990234375,0.0,0.000935782588063816,0.028484343692323444,-0.030245020188712002,-0.05597097422474406,-0.2588719013060149
2012-07-27,2809.39990234375,2809.39990234375,2638.0,2708.199951171875,2708.199951171875,0.0,-0.04452439864520208,-0.05649141776007627,-0.042531394317880555,-0.1268518251768409,-0.286011845492391
2012-08-03,2727.39990234375,2793.699951171875,2682.10009765625,2714.449951171875,2714.449951171875,0.0,0.0023078059643621973,-0.07196704337305448,0.005016864496298679,-0.14619801803196508,-0.24145380912632075
2012-08-10,2745.0,2813.949951171875,2735.64990234375,2797.0,2797.0,0.0,0.0304113357450142,-0.012271563520791062,0.04084100846590388,-0.15511252076725568,-0.156933346696991
2012-08-17,2808.449951171875,2833.050048828125,2737.300048828125,2741.25,2741.25,0.0,-0.019932070075080466,-0.03286406490020155,0.018843712345718133,-0.18642782707591632,-0.12747116491818877
2012-08-24,2736.550048828125,2799.60009765625,2713.199951171875,2760.449951171875,2760.449951171875,0.0,0.007004086154810851,0.01929325786206837,0.0398546146272305,-0.14987223425469332,-0.10488050892629464
2012-08-31,2767.75,2772.35009765625,2533.10009765625,2554.800048828125,2554.800048828125,0.0,-0.07449868897512413,-0.05881482628730228,-0.0716738418634475,-0.20414929939475723,-0.2080717874305249
2012-09-07,2570.10009765625,2582.89990234375,2487.949951171875,2575.75,2575.75,0.0,0.008200231239812616,-0.07910260993922058,-0.07208606034785581,-0.166558809254166,-0.24044489918983836
2012-09-14,2594.699951171875,2748.75,2566.199951171875,2740.89990234375,2740.89990234375,0.0,0.06411720948995447,-0.00012771460328320217,-0.005442868221463115,-0.11767453349448787,-0.15478413117600653
2012-09-21,2768.300048828125,2824.550048828125,2703.85009765625,2817.699951171875,2817.699951171875,0.0,0.028020012245778547,0.020739372570655057,-0.018342761228801296,-0.06649216726254004,-0.07820097222079125
2012-09-28,2817.10009765625,2876.699951171875,2729.75,2768.39990234375,2768.39990234375,0.0,-0.017496557363256948,0.08360726844889577,-0.0535223000193229,-0.09373929050045016,-0.05236890516498682
2012-10-05,2776.699951171875,2817.60009765625,2466.60009765625,2790.75,2790.75,0.0,0.00807329087005404,0.08347083373774633,-0.014478679261940464,-0.08794551663245609,-0.034192191572592456
2012-10-12,2788.800048828125,2819.300048828125,2736.949951171875,2787.550048828125,2787.550048828125,0.0,-0.0011466276706530998,0.017020010998754165,-0.01652902029698955,-0.053640236078439596,-0.06705373675954396
2012-10-19,2781.10009765625,2799.550048828125,2710.85009765625,2720.800048828125,2720.800048828125,0.0,-0.023945758401023642,-0.03438971644353028,0.004652572883622419,-0.10299350763969728,-0.07230170031451044
2012-10-26,2705.949951171875,2729.35009765625,2683.199951171875,2685.64990234375,2685.64990234375,0.0,-0.012919048020274215,-0.02989091277237188,-0.010609902317665343,-0.08113799867338123,-0.1659601988729522
2012-11-02,2681.449951171875,2724.949951171875,2619.25,2707.050048828125,2707.050048828125,0.0,0.007968330669496204,-0.029991920154752272,-0.03215943910328034,-0.042937935715706255,-0.13948536491139352
2012-11-09,2696.75,2712.699951171875,2644.0,2653.0,2653.0,0.0,-0.01996640174847275,-0.04826820916980101,-0.03219334245326033,-0.01773479361533692,-0.11261998082446312
2012-11-16,2645.14990234375,2648.85009765625,2582.10009765625,2588.050048828125,2588.050048828125,0.0,-0.024481700404023754,-0.04879079594885216,-0.062453551193913937,-0.03691504369592524,-0.0653146953281134
2012-11-23,2588.550048828125,2600.39990234375,2535.75,2582.699951171875,2582.699951171875,0.0,-0.0020672311413268973,-0.03833334757521123,0.01092058157606024,-0.04008477660663634,-0.012427348044816489
2012-11-30,2585.550048828125,2715.199951171875,2585.550048828125,2711.300048828125,2711.300048828125,0.0,0.04979289119430974,0.0015699746673836223,0.05262546785523625,0.021339968948206556,-0.06314680013014984
2012-12-07,2717.10009765625,2802.14990234375,2712.449951171875,2765.10009765625,2765.10009765625,0.0,0.01984289745112444,0.04225408882632875,0.008829288253761503,0.00474193731821182,0.0009230778748088309
2012-12-14,2767.5,2794.25,2698.75,2755.550048828125,2755.550048828125,0.0,-0.003453780510955018,0.06472054127231597,-0.022056962565478955,-0.007313092607293514,0.06791845780865358
2012-12-21,2754.050048828125,2950.64990234375,2753.800048828125,2894.85009765625,2894.85009765625,0.0,0.05055253809937743,0.12086194772363701,0.045676275022783486,0.050419173495499514,0.144571466686513
2012-12-28,2896.14990234375,2916.85009765625,2870.35009765625,2889.35009765625,2889.35009765625,0.0,-0.001899925666082991,0.06566962181300506,0.035331039203171155,0.006619401589901708,0.17234033237437685
2013-01-04,2890.699951171875,3002.10009765625,2886.35009765625,2955.800048828125,2955.800048828125,0.0,0.02299823452539629,0.06896674421787319,0.060357660688722614,0.010547222404229561,0.13599419831149406
2013-01-11,2965.0,3013.89990234375,2852.199951171875,2859.85009765625,2859.85009765625,0.0,-0.03246158386454989,0.03785089981308154,0.05110630929605264,0.009923226858391532,-0.004334488375249856
2013-01-18,2861.14990234375,2913.550048828125,2797.75,2825.10009765625,2825.10009765625,0.0,-0.012150986524950724,-0.024094511856234457,0.05192418981744518,-0.0032810489020304034,-0.059068379623248735
2013-01-25,2820.85009765625,2847.5,2703.5,2766.89990234375,2766.89990234375,0.0,-0.020601109093721592,-0.042379840162612314,0.02210888326262528,0.021674895587556087,-0.1079264296550837
2013-02-01,2771.550048828125,2803.300048828125,2746.64990234375,2754.35009765625,2754.35009765625,0.0,-0.004535691615323523,-0.06815411998242005,0.03820207224133054,0.014699164546080334,-0.1336478422092474
2013-02-08,2762.75,2772.699951171875,2643.800048828125,2654.050048828125,2654.050048828125,0.0,-0.03641514160217796,-0.07196183079553209,0.025501825217748353,-0.051108312896630315,-0.198293294418328
2013-02-15,2665.949951171875,2665.949951171875,2581.75,2603.449951171875,2603.449951171875,0.0,-0.019065238682515417,-0.0784574488770361,0.008034227898050972,-0.050269055660054685,-0.22732533192010873
2013-02-22,2602.300048828125,2630.25,2497.300048828125,2508.64990234375,2508.64990234375,0.0,-0.0364132403564944,-0.09333550511937383,-0.07474279601476208,-0.09121703102105871,-0.22741836503454627
2013-03-01,2515.050048828125,2524.449951171875,2338.449951171875,2378.75,2378.75,0.0,-0.051780801387387165,-0.13636614240719003,-0.13972372934481736,-0.06890952147463691,-0.2589909903387191
2013-03-08,2373.5,2453.550048828125,2314.85009765625,2445.35009765625,2445.35009765625,0.0,0.02799793910930104,-0.07863451982151759,-0.11257278789176639,-0.05062599333931861,-0.2087525974255784
2013-03-15,2442.949951171875,2449.10009765625,2353.699951171875,2378.39990234375,2378.39990234375,0.0,-0.02737857265373511,-0.08644300948701722,-0.17840308751414524,-0.13225583308971822,-0.2343672231234486
2013-03-22,2344.5,2344.5,2198.60009765625,2218.39990234375,2218.39990234375,0.0,-0.06727211847020809,-0.11569968361421368,-0.23221491776187098,-0.21269122305903343,-0.26504108994265796
2013-03-29,2247.35009765625,2254.199951171875,2168.949951171875,2232.10009765625,2232.10009765625,0.0,0.006175710383878874,-0.061649985220704195,-0.24484063171282433,-0.19372194177346425,-0.2693018748977003
2013-04-05,2242.050048828125,2278.10009765625,2172.550048828125,2187.550048828125,2187.550048828125,0.0,-0.019958804210843173,-0.10542459710583518,-0.2350822686053018,-0.21614259649623757,-0.2850793408135516
2013-04-12,2191.5,2212.14990234375,2135.35009765625,2150.949951171875,2150.949951171875,0.0,-0.01673109041590004,-0.09563150038298385,-0.23862876470949157,-0.22837261627782224,-0.26976289130526854
2013-04-19,2140.550048828125,2195.5,2114.949951171875,2179.0,2179.0,0.0,0.013040772433055903,-0.017760504903612695,-0.21247602844098523,-0.19913262242901075,-0.28161676279925274
2013-04-26,2186.949951171875,2263.199951171875,2186.949951171875,2213.85009765625,2213.85009765625,0.0,0.01599361985142278,-0.00817615662450033,-0.19623503942361065,-0.17567435140215526,-0.24255848478452136
2013-05-03,2220.75,2247.449951171875,2169.699951171875,2231.25,2231.25,0.0,0.007859566626561953,0.01997666348035554,-0.15930372112417734,-0.17576329962355064,-0.21115432207884033
2013-05-10,2234.25,2294.449951171875,2225.64990234375,2234.10009765625,2234.10009765625,0.0,0.001277354691876731,0.038657406435269825,-0.14186938886586697,-0.15789668388381073,-0.1728312123979222
2013-05-17,2244.35009765625,2251.949951171875,2169.35009765625,2231.449951171875,2231.449951171875,0.0,-0.0011862254905924408,0.024070652212884402,-0.11049766287152951,-0.1377871721676014,-0.16961579638222157
2013-05-24,2240.199951171875,2261.800048828125,2156.949951171875,2199.300048828125,2199.300048828125,0.0,-0.014407628693113184,-0.0065722827591302435,-0.07543876034550712,-0.14844926224193644,-0.18258348333418473
2013-05-31,2202.800048828125,2267.85009765625,2148.14990234375,2155.10009765625,2155.10009765625,0.0,-0.02009728103967734,-0.03412880777310923,-0.11869466064519374,-0.2051414233597182,-0.18817916601599893
2013-06-07,2159.64990234375,2187.800048828125,2134.60009765625,2137.0,2137.0,0.0,-0.00839872712916423,-0.04346273372357656,-0.10149676768228377,-0.22715275233205456,-0.22348795912706054
2013-06-14,2146.300048828125,2154.5,1965.8499755859373,2023.0,2023.0,0.0,-0.053345811885821215,-0.09341457605285064,-0.0880814600367179,-0.26584530705209386,-0.271214248309701
2013-06-21,2031.0,2068.800048828125,1907.199951171875,1941.1500244140625,1941.1500244140625,0.0,-0.04045970122883713,-0.11737826521288675,-0.13034812979386134,-0.32944713579964957,-0.295638414601628
2013-06-28,1940.3499755859373,1975.199951171875,1873.0,1969.199951171875,1969.199951171875,0.0,0.014450159135061869,-0.08626056241496538,-0.09981490378847357,-0.3184626699377039,-0.31395130065151233
2013-07-05,1968.1500244140625,2015.75,1907.5,1938.3499755859373,1938.3499755859373,0.0,-0.015666248400818206,-0.09295742836409115,-0.09884003831428512,-0.34422154964290375,-0.33730490847908645
2013-07-12,1923.1500244140625,1969.25,1894.050048828125,1948.949951171875,1948.949951171875,0.0,0.005468556101554167,-0.036604077522553125,-0.10557597468018587,-0.3185132490793453,-0.31175070144897143
2013-07-19,1928.75,1958.4000244140625,1868.550048828125,1891.25,1891.25,0.0,-0.029605660800669065,-0.025706423401831047,-0.1457190340022475,-0.33055469377208535,-0.33275117655905384
2013-07-26,1889.5,1905.8499755859373,1754.949951171875,1768.5,1768.5,0.0,-0.06490416391275611,-0.10191953897441342,-0.2073949579831933,-0.36083701528126777,-0.3469832243240585
2013-08-02,1766.75,1771.0999755859375,1621.4000244140625,1639.050048828125,1639.050048828125,0.0,-0.07319759749611254,-0.1544096424936564,-0.26634887552817355,-0.40492312497861604,-0.39617599207510945
2013-08-09,1633.4000244140625,1732.699951171875,1598.699951171875,1725.5999755859375,1725.5999755859375,0.0,0.05280493223479854,-0.11460015966630666,-0.22669115895710934,-0.34982387527022607,-0.38305328009083395
2013-08-16,1749.25,1855.3499755859373,1735.300048828125,1748.199951171875,1748.199951171875,0.0,0.013096879871166811,-0.07563783150198278,-0.20511075689586522,-0.3285064111238365,-0.3622617597184222
2013-08-23,1730.800048828125,1960.25,1690.75,1944.5999755859373,1944.5999755859373,0.0,0.112344142489198,0.09957589798469746,-0.09767533410593754,-0.2248420260757945,-0.29554963502945975
2013-08-30,1954.800048828125,1991.449951171875,1841.6500244140625,1932.550048828125,1932.550048828125,0.0,-0.006196609538772324,0.17906713721758782,-0.09567147925684372,-0.18757748866920654,-0.24356113516023425
2013-09-06,1936.199951171875,2035.4000244140625,1928.4000244140625,2019.1500244140625,2019.1500244140625,0.0,0.04481124596925734,0.17011477340131997,-0.0019031021186047825,-0.17429000193088084,-0.21609239079333686
2013-09-13,2046.5,2154.60009765625,2028.050048828125,2101.699951171875,2101.699951171875,0.0,0.04088350333540358,0.20220799100413966,0.08270866483195949,-0.11633869934959473,-0.233208060836258
2013-09-20,2127.0,2191.60009765625,2048.14990234375,2142.25,2142.25,0.0,0.01929392861503132,0.10164045402423083,0.08787835319879145,-0.03432649914169994,-0.23971677711495043
2013-09-27,2127.35009765625,2181.949951171875,2100.199951171875,2122.35009765625,2122.35009765625,0.0,-0.009289253048780477,0.09821222945466146,0.09492616111014307,-0.04916894189254317,-0.23336578076763725
2013-10-04,2104.5,2183.64990234375,2035.6500244140625,2160.550048828125,2160.550048828125,0.0,0.017998892460796112,0.07002947908989343,0.10857133479955094,-0.012342574751358915,-0.22581741509338893
2013-10-11,2154.39990234375,2218.800048828125,2136.550048828125,2164.449951171875,2164.449951171875,0.0,0.001805050684137166,0.029856783298211287,0.14445469989259752,0.006276296662618641,-0.22352965390458146
2013-10-18,2164.35009765625,2248.39990234375,2120.89990234375,2236.64990234375,2236.64990234375,0.0,0.033357182101986016,0.044065773062784475,0.264715805679248,0.02645704559144102,-0.17794403770791722
2013-10-25,2240.5,2309.25,2218.60009765625,2230.35009765625,2230.35009765625,0.0,-0.002816625293434849,0.0508869861382748,0.36075777506055284,0.0074530791481628444,-0.16953058709929492
2013-11-01,2238.800048828125,2319.050048828125,2185.5,2311.60009765625,2311.60009765625,0.0,0.036429258386555974,0.06991277471681534,0.3395921015073802,0.0360112482492998,-0.1460815071901106
2013-11-08,2312.050048828125,2345.10009765625,2292.85009765625,2320.050048828125,2320.050048828125,0.0,0.0036554554485623836,0.07188897926330196,0.3271079473906404,0.03847184432874928,-0.12549941619746519
2013-11-15,2319.64990234375,2321.35009765625,2237.0,2288.75,2288.75,0.0,-0.01349110931634212,0.023293809908137675,0.176977285166511,0.025678393009905154,-0.11564693231633938
2013-11-22,2302.5,2345.60009765625,2255.25,2272.449951171875,2272.449951171875,0.0,-0.007121812704806163,0.018875894667776727,0.1758815522267385,0.03326053777097271,-0.12012622676483464
2013-11-29,2280.449951171875,2348.89990234375,2260.449951171875,2346.0,2346.0,0.0,0.032365970828178714,0.014881424507045216,0.1618750323818985,0.08858052697940133,-0.13473243176682514
2013-12-06,2345.85009765625,2436.449951171875,2345.85009765625,2427.75,2427.75,0.0,0.034846547314578036,0.046421391308465454,0.15513634505549878,0.13605521759475891,-0.12200285188308158
2013-12-13,2476.949951171875,2478.10009765625,2387.449951171875,2398.800048828125,2398.800048828125,0.0,-0.011924601450674532,0.048083036080010855,0.11975728735120783,0.18576374138809926,-0.1294659845324595
2013-12-20,2399.550048828125,2450.14990234375,2376.10009765625,2435.14990234375,2435.14990234375,0.0,0.015153348664213473,0.07159671485304764,0.14738369745544366,0.25448825269381325,-0.15879930905047068
2013-12-27,2437.35009765625,2484.550048828125,2436.5,2475.60009765625,2475.60009765625,0.0,0.01661096726471256,0.05524300837862328,0.14581937085836416,0.25716034889347594,-0.14319829235495585
2014-01-03,2496.64990234375,2531.949951171875,2402.800048828125,2424.0,2424.0,0.0,-0.020843470520582774,-0.0015446400988570197,0.11991501521557457,0.250548162370553,-0.17991746398372443
2014-01-10,2421.85009765625,2446.949951171875,2381.550048828125,2389.60009765625,2389.60009765625,0.0,-0.014191378854682357,-0.0038352305255160424,0.06838361030585327,0.22609618385501307,-0.16443169534843338
2014-01-17,2389.0,2443.0,2346.25,2404.75,2404.75,0.0,0.006339932090984268,-0.01248379096272112,0.07819395821625363,0.27151354923992077,-0.14879122265613864
2014-01-24,2405.14990234375,2451.5,2380.25,2393.60009765625,2393.60009765625,0.0,-0.004636616007381189,-0.03312328193783509,0.035473263772198615,0.35346344227099236,-0.13491626653038302
2014-01-31,2362.5,2362.5,2237.39990234375,2279.64990234375,2279.64990234375,0.0,-0.047606195965682385,-0.059550370320235135,-0.017413480586240593,0.3908360540751248,-0.17234562727390212
2014-02-07,2274.199951171875,2322.75,2169.199951171875,2317.449951171875,2317.449951171875,0.0,0.016581514902469063,-0.030193397863994442,0.012539574515292085,0.3429821418402439,-0.1268250754370187
2014-02-14,2325.199951171875,2351.75,2209.5,2254.89990234375,2254.89990234375,0.0,-0.02699089522796172,-0.06231421048185881,-0.007722963851887976,0.2898409594578799,-0.13388006505415417
2014-02-21,2247.550048828125,2271.0,2208.050048828125,2235.949951171875,2235.949951171875,0.0,-0.008403899060964282,-0.0658631935379439,-0.04690965423193738,0.14982514617082088,-0.10870386932712306
2014-02-28,2231.300048828125,2236.60009765625,2132.64990234375,2163.64990234375,2163.64990234375,0.0,-0.03233527154319005,-0.05088500645679772,-0.10878389358716922,0.11958285564493454,-0.090425684774041
2014-03-07,2159.800048828125,2339.699951171875,2146.64990234375,2334.0,2334.0,0.0,0.07873274575138978,0.007141491370614483,-0.027013526558739898,0.15593193758710622,-0.045535442046917396
2014-03-14,2315.89990234375,2332.699951171875,2194.25,2229.35009765625,2229.35009765625,0.0,-0.04483714753374035,-0.01133079329195208,-0.08451217088912044,0.060736617714245655,-0.0626681007431179
2014-03-21,2246.699951171875,2321.35009765625,2237.75,2304.199951171875,2304.199951171875,0.0,0.03357474162282359,0.030523939037289116,-0.0692357972705876,0.07559806333148567,0.038676547333723166
2014-03-28,2308.550048828125,2435.199951171875,2292.449951171875,2429.449951171875,2429.449951171875,0.0,0.05435726180633771,0.12284799335613394,0.0022483296913675677,0.1446980184158877,0.08841442806388766
2014-04-04,2437.449951171875,2559.050048828125,2437.449951171875,2529.0,2529.0,0.0,0.04097637359440398,0.08354755784061707,0.05833607994930823,0.1705352539144933,0.15608783504395274
2014-04-11,2529.0,2628.5,2494.699951171875,2595.60009765625,2595.60009765625,0.0,0.026334558187524726,0.1642855468887745,0.07936379983626152,0.1991961727971312,0.20672268373428304
2014-04-18,2595.25,2615.300048828125,2491.64990234375,2574.39990234375,2574.39990234375,0.0,-0.008167743302076147,0.11726410767193007,0.07553467467875463,0.15100709308420468,0.1814593402220055
2014-04-25,2586.050048828125,2650.64990234375,2586.0,2618.800048828125,2618.800048828125,0.0,0.017246794658418496,0.07793949307945813,0.14877290856621816,0.17416546020289614,0.18291660831082734
2014-05-02,2615.35009765625,2636.64990234375,2459.75,2465.300048828125,2465.300048828125,0.0,-0.05861463156329516,-0.025187801965945056,0.06379861518972008,0.06649071841090182,0.10489638042717098
2014-05-09,2457.89990234375,2579.449951171875,2456.550048828125,2568.800048828125,2568.800048828125,0.0,0.041982719324245465,-0.010325184088382788,0.1392080181289228,0.10721751460734463,0.14981421446738308
2014-05-16,2568.10009765625,2880.35009765625,2564.0,2778.35009765625,2778.35009765625,0.0,0.08157507195771063,0.07922242194261364,0.24258152388433363,0.21391593562261058,0.24508734609851457
2014-05-23,2809.800048828125,3163.25,2809.800048828125,3154.75,3154.75,0.0,0.1354760520142051,0.20465478126583392,0.458068607394686,0.38825939747237714,0.434433651597915
2014-05-30,3201.64990234375,3241.89990234375,3051.050048828125,3096.89990234375,3096.89990234375,0.0,-0.018337458643711835,0.25619593599402,0.3268637113726436,0.3200766847160059,0.4370097731013709
2014-06-06,3107.699951171875,3519.949951171875,3089.949951171875,3463.5,3463.5,0.0,0.11837647622346625,0.34829489807119596,0.5535917860730941,0.426629595304294,0.6207299953205427
2014-06-13,3491.14990234375,3553.35009765625,3280.449951171875,3297.800048828125,3297.800048828125,0.0,-0.04784176444979793,0.18696346137589748,0.43121261987308124,0.37477071106413584,0.6301532619021875
2014-06-20,3292.699951171875,3397.75,3236.050048828125,3273.35009765625,3273.35009765625,0.0,-0.007414018682110002,0.037594135084000335,0.3473626390522304,0.3442088696493635,0.6862942361419555
2014-06-27,3271.050048828125,3383.39990234375,3260.800048828125,3265.75,3265.75,0.0,-0.0023218102034645582,0.0545222974525148,0.29132068011071577,0.3191750974205474,0.6584146257248003
2014-07-04,3269.949951171875,3482.550048828125,3269.949951171875,3392.14990234375,3392.14990234375,0.0,0.03870470867143849,-0.02060057677385596,0.30688464120754233,0.3994017748942864,0.75001931801214
2014-07-11,3395.60009765625,3423.75,3125.85009765625,3135.0,3135.0,0.0,-0.07580735219457035,-0.049366258238117244,0.2177595241306045,0.3119349982764261,0.6085584948525593
2014-07-18,3125.800048828125,3370.39990234375,3104.050048828125,3350.0,3350.0,0.0,0.06858054226475274,0.023416347184687547,0.27921182890579077,0.39307620334754123,0.7713152676801058
2014-07-25,3356.64990234375,3426.800048828125,3313.5,3335.39990234375,3335.39990234375,0.0,-0.004358238106343282,0.021327383401592348,0.3529387240020643,0.39346581144013393,0.8860050338387051
2014-08-01,3340.60009765625,3345.199951171875,3220.75,3227.550048828125,3227.550048828125,0.0,-0.03233490935819716,-0.04852375580510093,0.2564426921046341,0.4158095265022148,0.9691589351623113
2014-08-08,3232.60009765625,3339.949951171875,3138.199951171875,3150.10009765625,3150.10009765625,0.0,-0.023996514384028167,0.004816618072169154,0.1338024319950173,0.35929584846625273,0.8255100499677599
2014-08-15,3176.050048828125,3232.64990234375,3133.85009765625,3224.64990234375,3224.64990234375,0.0,0.02366585263210097,-0.03741793959888062,0.022157033788335,0.43006343607183584,0.844554394468529
2014-08-22,3207.64990234375,3329.10009765625,3207.64990234375,3240.39990234375,3240.39990234375,0.0,0.004884251151900942,-0.02848234178253839,0.046336660701044474,0.4492273857227602,0.6663580906234294
2014-08-29,3247.10009765625,3255.300048828125,3049.800048828125,3080.5,3080.5,0.0,-0.04934573113278273,-0.04556088878668718,-0.11058178143496467,0.4237515952387132,0.5940078767263897
2014-09-05,3098.5,3186.14990234375,3083.550048828125,3151.449951171875,3151.449951171875,0.0,0.023031959477966213,0.00042851130877696875,-0.04437809918410773,0.35023562603765,0.56078048340484
2014-09-12,3157.39990234375,3204.300048828125,3137.050048828125,3158.5,3158.5,0.0,0.002237081006317032,-0.020513824553688997,-0.035086408184228035,0.4167806139199848,0.5028310764525972
2014-09-19,3136.199951171875,3142.199951171875,2986.85009765625,3074.85009765625,3074.85009765625,0.0,-0.026484059630758283,-0.051089312947997345,-0.058455148845977134,0.33445454509815264,0.43533672431147163
2014-09-26,3053.89990234375,3060.25,2820.75,2924.64990234375,2924.64990234375,0.0,-0.04884797324818779,-0.050592467994238,-0.13781820186572202,0.2038321270759289,0.37802425036919884
2014-10-03,2922.300048828125,2935.300048828125,2830.0,2853.5,2853.5,0.0,-0.024327664752875955,-0.09454376740493098,-0.08979266347687398,0.1283115856069592,0.3207284883531065
2014-10-10,2835.050048828125,2871.75,2736.39990234375,2748.800048828125,2748.800048828125,0.0,-0.036691764910417035,-0.12971345612533636,-0.17946267199160448,0.05902294090303428,0.2699762576352813
2014-10-17,2732.14990234375,2810.449951171875,2670.85009765625,2712.14990234375,2712.14990234375,0.0,-0.013333143856716578,-0.1179570332839841,-0.18685915279965348,0.053507615454223556,0.212594738006038
2014-10-24,2748.5,2838.050048828125,2714.35009765625,2824.25,2824.25,0.0,0.04133255966396865,-0.03432886181121775,-0.12495547481116742,0.07845194262303878,0.26628102151668753
2014-10-31,2840.449951171875,2977.14990234375,2790.5,2966.39990234375,2966.39990234375,0.0,0.05033191195671427,0.03956541172025574,-0.05831566922244069,0.20326120293301497,0.2832669047519971
2014-11-07,2975.800048828125,2995.199951171875,2839.89990234375,2843.699951171875,2843.699951171875,0.0,-0.04136325350972736,0.0345241198552102,-0.11813684049700768,0.10701490856369222,0.22570629569316814
2014-11-14,2855.64990234375,2879.60009765625,2780.60009765625,2863.550048828125,2863.550048828125,0.0,0.006980376972637314,0.05582292717432025,-0.11629732899419398,0.03066566421695649,0.25114147409202614
2014-11-21,2850.050048828125,2905.699951171875,2774.10009765625,2796.35009765625,2796.35009765625,0.0,-0.023467356961117458,-0.009878694288306678,-0.09224148753246231,-0.11360643548419047,0.23054419579811025
2014-11-28,2829.5,2867.300048828125,2756.75,2838.64990234375,2838.64990234375,0.0,0.01512679142820983,-0.043065670241920095,-0.09925591511037946,-0.08338984408393535,0.20999569579869992
2014-12-05,2834.0,2840.949951171875,2761.10009765625,2808.449951171875,2808.449951171875,0.0,-0.01063884318631203,-0.012395822556973246,-0.11082794010705244,-0.1891295073850513,0.15681184272345794
2014-12-12,2803.25,2824.75,2623.550048828125,2626.25,2626.25,0.0,-0.06487562689014592,-0.08286918153403233,-0.14589332273407007,-0.20363576896263336,0.0948182201692842
2014-12-19,2602.25,2644.14990234375,2466.35009765625,2629.10009765625,2629.10009765625,0.0,0.0010852347096621529,-0.05981010751843263,-0.10105476366612387,-0.19681671094738362,0.07964610109867554
2014-12-26,2643.300048828125,2671.64990234375,2580.10009765625,2615.89990234375,2615.89990234375,0.0,-0.00502080362945001,-0.07847040236137781,-0.08326619858288065,-0.1989895422663247,0.05667304861569833
2015-01-02,2626.449951171875,2733.5,2626.449951171875,2715.449951171875,2715.449951171875,0.0,0.038055756162126864,-0.033114351908316575,-0.01213260224964996,-0.19948999031685488,0.12023512837123551
2015-01-09,2721.949951171875,2738.050048828125,2544.550048828125,2599.10009765625,2599.10009765625,0.0,-0.04284735701551534,-0.01033789713231792,-0.04168272726732625,-0.17094095768540674,0.08767157325005148
2015-01-16,2599.14990234375,2599.14990234375,2450.949951171875,2496.199951171875,2496.199951171875,0.0,-0.039590682397021015,-0.05054967157882306,-0.11615474863348674,-0.25486568621735073,0.038028880828308465
2015-01-23,2510.300048828125,2614.199951171875,2491.14990234375,2602.85009765625,2602.85009765625,0.0,0.042725001430396814,-0.004988648333144496,-0.1225558982793451,-0.21962877799832792,0.08742061809108881
2015-01-30,2587.050048828125,2593.5,2503.64990234375,2513.300048828125,2513.300048828125,0.0,-0.03440461243187254,-0.07444434844269932,-0.1161866258806924,-0.22129788514335613,0.10249387252145814
2015-02-06,2497.300048828125,2593.199951171875,2490.550048828125,2507.050048828125,2507.050048828125,0.0,-0.002486770333257393,-0.03541612303086428,-0.12449581600499471,-0.20413638579503224,0.08181410673416023
2015-02-13,2477.050048828125,2559.39990234375,2434.300048828125,2555.35009765625,2555.35009765625,0.0,0.019265689909422345,0.023696077093746437,-0.0861837722687131,-0.20755735504838446,0.13324325172936113
2015-02-20,2571.949951171875,2649.25,2532.35009765625,2622.050048828125,2622.050048828125,0.0,0.02610207941097853,0.007376510537108416,-0.07630382786436185,-0.19082516730986765,0.17267832737217237
2015-02-27,2640.949951171875,2642.5,2511.89990234375,2606.35009765625,2606.35009765625,0.0,-0.0059876626607077155,0.03702305614942847,-0.07196135128963055,-0.153919786509901,0.20460805365643941
2015-03-06,2612.550048828125,2616.0,2467.75,2474.800048828125,2474.800048828125,0.0,-0.05047290037758967,-0.012863724046943026,-0.05766775865659213,-0.21471066106956127,0.0603256421714331
2015-03-13,2476.25,2476.25,2383.550048828125,2391.14990234375,2391.14990234375,0.0,-0.033800769692074795,-0.06425741641550542,-0.09050632782092405,-0.24294763262822539,0.07257711781456067
2015-03-20,2398.699951171875,2423.75,2334.85009765625,2366.0,2366.0,0.0,-0.01051791120209511,-0.09765261686845439,-0.0955311409736469,-0.2305315950837924,0.026820610249858934
2015-03-27,2369.25,2380.449951171875,2268.25,2292.85009765625,2292.85009765625,0.0,-0.030917118488482664,-0.12028315009634105,-0.15562792948301207,-0.2160257896786858,-0.05622665881622069
2015-04-03,2311.35009765625,2362.85009765625,2287.85009765625,2347.64990234375,2347.64990234375,0.0,0.02390029978127073,-0.051377947299048876,-0.09674509863596492,-0.17727355796609423,-0.07170822366795171
2015-04-10,2356.199951171875,2486.800048828125,2324.75,2483.0,2483.0,0.0,0.05765344207461465,0.03841252176043852,-0.005288018359938751,-0.09669675644157583,-0.04338114247950775
2015-04-17,2487.75,2510.5,2443.550048828125,2488.550048828125,2488.550048828125,0.0,0.0022352190205900957,0.05179630127984991,-0.04391341972826135,-0.08244376659357855,-0.03334752049884193
2015-04-24,2491.60009765625,2514.0,2423.64990234375,2454.89990234375,2454.89990234375,0.0,-0.013521989039449345,0.0706761444427384,-0.023236440277636272,-0.13077811725458088,-0.06258597198274762
2015-05-01,2461.25,2476.050048828125,2393.949951171875,2402.39990234375,2402.39990234375,0.0,-0.021385800679643574,0.02332119450406167,-0.04174234436735391,-0.19012945609740084,-0.02551419512374342
2015-05-08,2421.800048828125,2517.85009765625,2398.5,2435.60009765625,2435.60009765625,0.0,0.013819595680182317,-0.019089771382903797,-0.04686246323344656,-0.14351016651649517,-0.051852985300525956
2015-05-15,2464.39990234375,2517.39990234375,2394.64990234375,2422.85009765625,2422.85009765625,0.0,-0.005234849519126339,-0.02640089605704876,-0.07597107128481528,-0.15389985984433074,-0.12795363705239715
2015-05-22,2428.199951171875,2457.39990234375,2401.949951171875,2409.85009765625,2409.85009765625,0.0,-0.005365581639811601,-0.018350974165785683,-0.07539278785942916,-0.13821588374214788,-0.2361201053470956
2015-05-29,2407.39990234375,2407.39990234375,2354.10009765625,2382.60009765625,2382.60009765625,0.0,-0.011307757286024733,-0.008241677277868509,-0.03725551533568694,-0.16065729145075602,-0.23064994904966551
2015-06-05,2386.75,2403.699951171875,2247.10009765625,2315.5,2315.5,0.0,-0.028162551374968925,-0.04931026968336094,-0.03163745705344512,-0.1755238511429349,-0.33145661902699586
2015-06-12,2325.64990234375,2337.85009765625,2239.800048828125,2247.199951171875,2247.199951171875,0.0,-0.029496890014305777,-0.07249732315436708,-0.05021134777181957,-0.14433128941575435,-0.3185760452728422
2015-06-19,2257.699951171875,2287.25,2223.60009765625,2261.050048828125,2261.050048828125,0.0,0.006163268937874111,-0.06174659949714034,-0.013869222789850477,-0.13999088477316957,-0.3092550502168838
2015-06-26,2273.550048828125,2343.699951171875,2271.550048828125,2281.449951171875,2281.449951171875,0.0,0.009022313484092548,-0.04245368183434384,-0.028198391551391477,-0.12785273277170128,-0.30140091826628645
2015-07-03,2255.5,2325.25,2210.64990234375,2268.25,2268.25,0.0,-0.0057857728437543665,-0.020405959835888554,-0.08648811921063226,-0.16468723755298165,-0.3313237724450827
2015-07-10,2240.60009765625,2278.699951171875,2152.60009765625,2179.89990234375,2179.89990234375,2472400.0,-0.03895077599746499,-0.029948402585639577,-0.12402810489173022,-0.16128666829358196,-0.3046571284389952
2015-07-17,2185.550048828125,2227.39990234375,2158.85009765625,2207.64990234375,2207.64990234375,1388300.0,0.012729942310729214,-0.02361741019932384,-0.100716937486512,-0.11559572729446665,-0.3410000291511194
2015-07-24,2214.300048828125,2215.050048828125,2148.550048828125,2151.64990234375,2151.64990234375,1501300.0,-0.025366340895151773,-0.05689366482111635,-0.10437479611757039,-0.1733485135078603,-0.3549049693166302
2015-07-31,2144.949951171875,2144.949951171875,2085.89990234375,2128.64990234375,2128.64990234375,2168200.0,-0.010689471356351454,-0.06154528718450347,-0.12602651626097183,-0.15304585167366924,-0.34047501351167864
2015-08-07,2133.64990234375,2211.5,2102.60009765625,2131.949951171875,2131.949951171875,1806800.0,0.0015503013550943745,-0.021996400440369324,-0.12006526807654261,-0.14961811306143802,-0.3232119980066358
2015-08-14,2144.699951171875,2144.699951171875,1875.8499755859373,1920.5999755859373,1920.5999755859373,3421600.0,-0.09913458590796864,-0.1300251124297681,-0.20302097734051716,-0.24840045309349246,-0.40440046710497135
2015-08-21,1925.550048828125,1964.8499755859373,1798.8499755859375,1822.3499755859373,1822.3499755859373,2534900.0,-0.05115588943503235,-0.15304531020549061,-0.2351423231374109,-0.30499039238385184,-0.4376157170391688
2015-08-28,1765.9000244140625,1850.199951171875,1666.6500244140625,1820.1500244140625,1820.1500244140625,3299500.0,-0.0012072056418073185,-0.14492748553438206,-0.2139278668045509,-0.30164791520109857,-0.40913811900208974
2015-09-04,1811.300048828125,1847.449951171875,1730.8499755859375,1748.5,1748.5,2630700.0,-0.03936490039447593,-0.1798587959164346,-0.22192059541110787,-0.29347827480933053,-0.4451760214850261
2015-09-11,1762.199951171875,1821.300048828125,1701.9000244140625,1767.3499755859375,1767.3499755859375,2363100.0,0.010780655182120347,-0.07979277410604269,-0.21834990936979315,-0.260878636737236,-0.44044642216687113
2015-09-18,1778.300048828125,1820.9000244140625,1767.1500244140625,1789.300048828125,1789.300048828125,1963700.0,0.012419766059583282,-0.018135883447517154,-0.21571803584424698,-0.24374469618422445,-0.4180854376634532
2015-09-25,1776.25,1796.6500244140625,1674.800048828125,1684.800048828125,1684.800048828125,1817600.0,-0.05840272572978511,-0.07436198872096211,-0.25722471119668244,-0.2651939825676669,-0.4239310327441369
2015-10-02,1695.5999755859375,1695.5999755859375,1595.300048828125,1650.800048828125,1650.800048828125,1828500.0,-0.020180436262243084,-0.055876437616171004,-0.24271749952681587,-0.2968286935883978,-0.42148237293564916
2015-10-09,1664.199951171875,1844.8499755859373,1653.75,1834.949951171875,1834.949951171875,4046300.0,0.11155191234363904,0.03824934309545891,-0.1688220359470034,-0.26099478406287757,-0.3324541914374036
2015-10-16,1856.949951171875,1916.6500244140625,1838.0999755859373,1879.5,1879.5,3376400.0,0.024278617953407133,0.05041074649886146,-0.1264842863364074,-0.2447409282023204,-0.3070073308352911
2015-10-23,1882.0999755859373,1893.800048828125,1817.550048828125,1846.699951171875,1846.699951171875,1772700.0,-0.017451475833000774,0.09609443117974781,-0.13245482540902287,-0.24774938912629896,-0.3461273077199699
2015-10-30,1859.699951171875,1870.800048828125,1799.050048828125,1806.050048828125,1806.050048828125,2438400.0,-0.022012185746771995,0.09404530858247151,-0.15286470593017987,-0.2482308848472038,-0.3911643378220292
2015-11-06,1807.199951171875,1810.050048828125,1700.199951171875,1720.25,1720.25,1953100.0,-0.04750701614487218,-0.06250849027169536,-0.10431634808534995,-0.2937058913508105,-0.39506627649267523
2015-11-13,1674.9000244140625,1734.8499755859375,1668.25,1704.050048828125,1704.050048828125,1707700.0,-0.009417207482560697,-0.09334926904595642,-0.06491614033675142,-0.2966754111298334,-0.4049169667820236
2015-11-20,1696.949951171875,1752.800048828125,1682.800048828125,1726.0999755859375,1726.0999755859375,2610000.0,0.012939717805223072,-0.06530566890923861,-0.05167159166366042,-0.28373139173067563,-0.3827310904193786
2015-11-27,1729.5,1758.1500244140625,1691.5,1736.3499755859375,1736.3499755859375,1953300.0,0.005938242364275981,-0.03859254802346879,-0.006948827231376908,-0.2712373439025815,-0.3883183783416515
2015-12-04,1737.25,1816.0,1733.1500244140625,1776.949951171875,1776.949951171875,2355400.0,0.023382368852360447,0.03296029714976023,0.005431847522307853,-0.232584776000054,-0.36728445154224254
2015-12-11,1795.199951171875,1802.550048828125,1651.300048828125,1699.800048828125,1699.800048828125,2074100.0,-0.0434170373188455,-0.0024940582014728596,-0.05001955935708868,-0.24359198746791122,-0.3527653312410757
2015-12-18,1695.1500244140625,1798.25,1692.9000244140625,1772.699951171875,1772.699951171875,2234400.0,0.04288733983388737,0.02699726333645236,0.052172305197218716,-0.21598376290226573,-0.32573888961010866
2015-12-25,1778.4000244140625,1840.550048828125,1774.5999755859375,1835.8499755859373,1835.8499755859373,1491800.0,0.03562363973232796,0.05730411575951044,0.11209711732755046,-0.19531437687557152,-0.298195632814129
2016-01-01,1841.5999755859373,1844.449951171875,1805.9000244140625,1830.300048828125,1830.300048828125,1808500.0,-0.0030230829488345767,0.030023410406728956,-0.002534075842657413,-0.19307834285104153,-0.3259680414885777
2016-01-08,1819.6500244140625,1874.449951171875,1723.050048828125,1750.800048828125,1750.800048828125,2609400.0,-0.04343550121790196,0.030003528965163007,-0.06847563244047616,-0.19684383354220636,-0.32638221574962933
2016-01-15,1722.300048828125,1762.949951171875,1620.5,1624.5999755859375,1624.5999755859375,2747200.0,-0.07208137407047588,-0.08354486357831359,-0.12026857716923522,-0.26410434287557005,-0.349170736573708
2016-01-22,1615.0,1654.3499755859375,1537.9000244140625,1622.050048828125,1622.050048828125,3223900.0,-0.0015695720769002275,-0.11645827796444808,-0.10187979016383875,-0.24613662889057475,-0.3768177236604181
2016-01-29,1636.75,1672.0999755859375,1633.1500244140625,1658.449951171875,1658.449951171875,2593900.0,0.02244067769058522,-0.09389176259175613,-0.035925039283897675,-0.220891162353265,-0.3401305379573921
2016-02-05,1663.8499755859375,1673.199951171875,1534.25,1643.25,1643.25,3668400.0,-0.009165155186705909,-0.061429087176523844,-0.035679731865819964,-0.2292267465768837,-0.3445483863522759
2016-02-12,1664.1500244140625,1679.800048828125,1450.4000244140625,1495.5999755859375,1495.5999755859375,3362800.0,-0.0898524414508215,-0.079404162217517,-0.13353803560639932,-0.22128501791235344,-0.41471817229361574
2016-02-19,1536.6500244140625,1665.9000244140625,1536.6500244140625,1652.9000244140625,1652.9000244140625,3982900.0,0.10517521489427595,0.019019126819314502,-0.04806055941787568,-0.09298430786731393,-0.3696153797091728
2016-02-26,1657.949951171875,1685.75,1603.75,1629.550048828125,1629.550048828125,2858600.0,-0.014126671450812589,-0.017425851363997547,-0.08295107143931757,-0.10471662941481696,-0.37477699166604994
2016-03-04,1640.949951171875,1837.199951171875,1609.0999755859375,1828.0,1828.0,4233600.0,0.12178205346597881,0.11242963639129777,0.07542060682976115,0.04546754360880745,-0.26135446745865376
2016-03-11,1851.199951171875,1895.75,1816.050048828125,1856.5999755859373,1856.5999755859373,3580700.0,0.015645500867580653,0.24137470305759345,0.04732894834153889,0.05049933586040889,-0.2235534987722264
2016-03-18,1847.300048828125,1882.0,1808.5999755859373,1877.9000244140625,1877.9000244140625,3317900.0,0.01147261074448891,0.13612438542963923,0.022904948327656438,0.04951655573025038,-0.2062975382865332
2016-03-25,1879.6500244140625,1951.9000244140625,1868.5999755859373,1948.5999755859373,1948.5999755859373,2001100.0,0.037648410593069004,0.19579019802874664,0.06463417122976933,0.1565764002329535,-0.15014070148859926
2016-04-01,1954.5,1954.5,1845.8499755859373,1901.0,1901.0,3941100.0,-0.024427782090895356,0.03993435448577687,0.0857893231568101,0.15156284454285518,-0.19025405018773967
2016-04-08,1907.699951171875,1924.9000244140625,1855.949951171875,1905.75,1905.75,3340900.0,0.0024986849026829017,0.026473136410847475,0.1730580011320395,0.03858418524325913,-0.23248086991542494
2016-04-15,1912.5,1979.4000244140625,1907.6500244140625,1967.5,1967.5,2291100.0,0.032401941492850694,0.047712857138864084,0.21297120358366906,0.046820963022080386,-0.20937897112959047
2016-04-22,1970.300048828125,2093.949951171875,1950.550048828125,2061.949951171875,2061.949951171875,3608000.0,0.048005057774777704,0.058169956382070565,0.2432994735324292,0.11655927096516527,-0.16006760633976014
2016-04-29,2062.449951171875,2096.89990234375,2011.949951171875,2045.800048828125,2045.800048828125,3844900.0,-0.007832344492440968,0.07617046229780389,0.2449718842708808,0.1327482591944582,-0.14843484349451186
2016-05-06,2040.550048828125,2086.699951171875,1944.5999755859373,1966.300048828125,1966.300048828125,3713000.0,-0.03886010269944962,0.031772293757379,0.3147232421274808,0.14303156449825605,-0.1926835399948157
2016-05-13,1977.4000244140625,1993.800048828125,1916.550048828125,1920.25,1920.25,2600300.0,-0.023419644858153732,-0.02401524777636599,0.1617460049833992,0.12687417914782229,-0.20744168124245133
2016-05-20,1924.4000244140625,1973.1500244140625,1905.0999755859373,1909.300048828125,1909.300048828125,2264400.0,-0.005702357074274134,-0.07403181743426601,0.17167315615815504,0.1061352620551419,-0.2077100352901392
2016-05-27,1926.800048828125,1972.800048828125,1871.949951171875,1968.800048828125,1968.800048828125,2201300.0,0.031163252751456927,-0.03763808689129089,0.07702409673310995,0.13387282316961846,-0.17367582971023032
2016-06-03,2009.75,2074.0,1988.3499755859373,2047.6500244140625,2047.6500244140625,3571200.0,0.04004976311986108,0.0413721067821875,0.10290318396014753,0.15233972856898093,-0.11567694907619841
2016-06-10,2042.0999755859373,2144.14990234375,2028.699951171875,2113.75,2113.75,3079800.0,0.03228089507378207,0.10076812914985034,0.12559240242809344,0.2435286147081006,-0.05938499202186398
2016-06-17,2085.800048828125,2146.0,2070.199951171875,2131.25,2131.25,2721700.0,0.008279124778237668,0.11624676347130536,0.09373397654854254,0.20226211919907766,-0.05740697730039135
2016-06-24,2113.800048828125,2180.300048828125,2018.199951171875,2086.550048828125,2086.550048828125,2622900.0,-0.020973584127566003,0.059808003392770814,0.09760654856818785,0.1365580393692971,-0.0854280858730383
2016-07-01,2071.25,2212.10009765625,2071.25,2199.14990234375,2199.14990234375,2768400.0,0.053964607069389325,0.07398719318406921,0.15395508453036855,0.20152425486290415,-0.030464057161357916
2016-07-08,2211.050048828125,2268.949951171875,2208.10009765625,2223.949951171875,2223.949951171875,2005800.0,0.011277107031991918,0.0521348083604376,0.13034305015088954,0.27024782336535047,0.020207372265471424
2016-07-15,2253.39990234375,2433.10009765625,2253.39990234375,2418.89990234375,2418.89990234375,4232000.0,0.08765932482839789,0.13496769611436954,0.173112810506874,0.48892031188867624,0.09568999132322875
2016-07-22,2425.0,2440.60009765625,2362.800048828125,2428.14990234375,2428.14990234375,3092300.0,0.0038240524095425332,0.16371514965935208,0.186895026097317,0.49696361348282947,0.12850603608831257
2016-07-29,2428.14990234375,2472.75,2408.449951171875,2422.699951171875,2422.699951171875,4995400.0,-0.0022444871161432234,0.10165293806933118,0.23211101612683938,0.46082186529655256,0.13813922548013235
2016-08-05,2431.10009765625,2520.85009765625,2403.050048828125,2517.550048828125,2517.550048828125,3754400.0,0.03915057562550017,0.1320174033150081,0.3110532737029683,0.5320554077761297,0.18086733107608644
2016-08-12,2533.85009765625,2555.39990234375,2442.75,2510.14990234375,2510.14990234375,2699500.0,-0.0029394237813940016,0.037723760256298755,0.31469640085350115,0.6783564745381452,0.3069613320066573
2016-08-19,2514.949951171875,2635.300048828125,2503.85009765625,2629.800048828125,2629.800048828125,3153200.0,0.04766653432635892,0.0830468276648546,0.33573749675262476,0.5910218464425061,0.4430817812492738
2016-08-26,2622.39990234375,2622.39990234375,2540.800048828125,2551.949951171875,2551.949951171875,2712500.0,-0.029603048220696926,0.05334956973829175,0.24628228493397875,0.5660457639868655,0.402054730072809
2016-09-02,2548.949951171875,2623.60009765625,2539.64990234375,2570.949951171875,2570.949951171875,2107100.0,0.007445287079895557,0.021211058889815115,0.2162980253917801,0.40642776322312635,0.47037457888011147
2016-09-09,2579.550048828125,2685.14990234375,2576.550048828125,2607.199951171875,2607.199951171875,2790300.0,0.014099846628082613,0.03866304906233231,0.22331962518328452,0.40428739925467827,0.4752029802741804
2016-09-16,2551.64990234375,2568.949951171875,2442.300048828125,2450.89990234375,2450.89990234375,2744700.0,-0.05994939082361972,-0.06802804135778129,0.17461831491665203,0.30512799961673864,0.369753442944871
2016-09-23,2456.35009765625,2560.60009765625,2447.85009765625,2542.0,2542.0,2366000.0,0.037170060502729196,-0.0038989601529237916,0.1559011949530391,0.30452634293789793,0.5087843817241735
2016-09-30,2539.199951171875,2598.949951171875,2466.85009765625,2522.050048828125,2522.050048828125,2654400.0,-0.00784813185360933,-0.019020168915174995,0.1340408301451077,0.3266965012246843,0.5277743967953512
2016-10-07,2542.10009765625,2677.449951171875,2540.199951171875,2666.550048828125,2666.550048828125,3638900.0,0.057294659979940654,0.022763922509884127,0.10238131236617876,0.3992129339252919,0.4532004249626296
2016-10-14,2689.35009765625,2722.60009765625,2617.199951171875,2643.5,2643.5,1681700.0,-0.008644146333669944,0.07858342051100098,0.08868896333310605,0.34358322744599756,0.40649108805533385
2016-10-21,2643.10009765625,2717.10009765625,2605.0,2688.050048828125,2688.050048828125,2448800.0,0.016852675932712335,0.05745477924001774,0.1095266037909064,0.3036446628107614,0.45559653430561253
2016-10-28,2689.75,2701.949951171875,2606.800048828125,2678.35009765625,2678.35009765625,2722300.0,-0.0036085455983617676,0.06197341281976154,0.06387163937534224,0.3091944636478341,0.4829877496441066
2016-11-04,2692.14990234375,2811.75,2644.699951171875,2674.75,2674.75,3499400.0,-0.0013441475255233648,0.00307511616947842,0.06557381194747025,0.3602959536079433,0.5548612120331347
2016-11-11,2714.64990234375,2891.25,2508.550048828125,2810.64990234375,2810.64990234375,3628200.0,0.05080845026404335,0.0632305285960848,0.06876943119543033,0.4636895728908996,0.6493939859786593
2016-11-18,2786.550048828125,2812.89990234375,2610.25,2626.0,2626.0,2631500.0,-0.06569651459962123,-0.023083665743194093,0.02901704588450915,0.37537313824077323,0.5213487266915606
2016-11-25,2633.199951171875,2776.85009765625,2532.10009765625,2757.449951171875,2757.449951171875,3393400.0,0.05005710250261797,0.029533052301430995,0.07254127989344594,0.4005738941408359,0.5880726754071359
2016-12-02,2762.0,2822.39990234375,2711.25,2717.60009765625,2717.60009765625,2661900.0,-0.014451705097562884,0.016020225313113423,0.04234433436328988,0.3271799698456257,0.5293622062140966
2016-12-09,2723.25,2879.5,2713.85009765625,2865.25,2865.25,3016200.0,0.05433098948998727,0.019426146817759005,0.16906039176059973,0.35552927261975165,0.685639438577119
2016-12-16,2859.35009765625,2877.800048828125,2739.14990234375,2742.800048828125,2742.800048828125,2551400.0,-0.04273621888905854,0.044478312577351575,0.07899293816999409,0.2869443044354838,0.5472443867417878
2016-12-23,2733.64990234375,2748.550048828125,2598.64990234375,2623.10009765625,2623.10009765625,1875900.0,-0.04364151561941876,-0.048722499372482964,0.040066631062725344,0.25714698246968437,0.4288205095947728
2016-12-30,2606.14990234375,2663.199951171875,2523.39990234375,2652.5,2652.5,2163000.0,0.011208074892002484,-0.023954995332975737,-0.005268998732763208,0.2061478834039876,0.44921593686144523
2017-01-06,2660.0,2827.5,2641.199951171875,2797.85009765625,2797.85009765625,2415500.0,0.054797397796889635,-0.02352321868728735,0.0583885370365993,0.2580544342654687,0.598040906800839
2017-01-13,2810.89990234375,2978.949951171875,2790.60009765625,2952.300048828125,2952.300048828125,3721300.0,0.05520308300335941,0.0763817982610544,0.09830546128231576,0.22051352599069785,0.8172473797824178
2017-01-20,2961.89990234375,3011.5,2922.050048828125,2933.10009765625,2933.10009765625,2859600.0,-0.0065033874790254576,0.11818077406843375,0.09511452599976566,0.20795676363518623,0.8082673218223526
2017-01-27,2935.35009765625,3137.39990234375,2933.25,3109.64990234375,3109.64990234375,3240300.0,0.060192219429734184,0.17234680578463712,0.16259459850219637,0.28354726751845316,0.8750339135326
2017-02-03,3100.89990234375,3170.449951171875,3045.85009765625,3128.699951171875,3128.699951171875,3668600.0,0.006126107255278734,0.11825145807231663,0.11315889914389876,0.2427558104071177,0.9039707598794311
2017-02-10,3140.64990234375,3159.39990234375,3051.35009765625,3075.449951171875,3075.449951171875,3202000.0,-0.017019848764997403,0.041713206756417875,0.17115382755973907,0.22520569321389905,1.0563319078465438
2017-02-17,3089.64990234375,3116.199951171875,2981.949951171875,3053.60009765625,3053.60009765625,3594300.0,-0.007104603834407808,0.04108281203777797,0.10740000787993109,0.16115295496209914,0.8474197184059711
2017-02-24,3056.300048828125,3158.699951171875,3034.050048828125,3120.25,3120.25,4318500.0,0.02182666367966979,0.0034087752606042354,0.14816377975957873,0.2226924742654759,0.9147923699820679
2017-03-03,3121.64990234375,3233.699951171875,3105.300048828125,3187.10009765625,3187.10009765625,4581900.0,0.021424596636888005,0.018665946685779478,0.11232880120626465,0.23965855352552667,0.7434902065953228
2017-03-10,3200.699951171875,3216.5,3022.64990234375,3034.64990234375,3034.64990234375,3848800.0,-0.047833513426393415,-0.013266367353036768,0.10640580732099636,0.16394981557887278,0.6345200593822176
2017-03-17,3064.10009765625,3167.199951171875,3022.199951171875,3127.5,3127.5,3291700.0,0.030596642329165924,0.02420091039441319,0.19229151902911878,0.27606190567359756,0.6654241223389059
2017-03-24,3135.89990234375,3145.10009765625,3061.25,3123.0,3123.0,3238700.0,-0.0014388489208633226,0.000881339636247036,0.1773798303487275,0.2285601888276947,0.602689130210486
2017-03-31,3109.64990234375,3113.75,3035.0,3096.550048828125,3096.550048828125,3401000.0,-0.008469404794068214,-0.028411422940470055,0.10676052709975248,0.22779087998945236,0.6289058647175829
2017-04-07,3103.699951171875,3158.300048828125,3093.449951171875,3111.10009765625,3111.10009765625,2910300.0,0.004698793366388898,0.025192426728847694,0.05378858727152691,0.1667135589761357,0.6324807019054177
2017-04-14,3120.85009765625,3143.35009765625,2980.10009765625,2985.550048828125,2985.550048828125,2460600.0,-0.04035551569771356,-0.04538767423561152,0.017882087015641313,0.12939286885875734,0.5174333157957434
2017-04-21,2979.39990234375,3020.0,2864.89990234375,2905.25,2905.25,4093700.0,-0.02689623269241259,-0.06972462375920585,-0.0657308406935756,0.08080204878125863,0.40898182244862413
2017-04-28,2917.35009765625,3016.14990234375,2893.25,2974.39990234375,2974.39990234375,3469400.0,0.023801704618793496,-0.03944717332458492,-0.04931762432838305,0.11053439389666231,0.45390548018001353
2017-05-05,2994.14990234375,3010.25,2836.75,2856.699951171875,2856.699951171875,2955200.0,-0.039570990800238515,-0.08177176513093476,-0.07112780356469373,0.06802503081479583,0.4528301277693658
2017-05-12,2871.25,2947.39990234375,2829.10009765625,2912.050048828125,2912.050048828125,3194700.0,0.019375537719158897,-0.02461857908858367,-0.04635513633129951,0.03607711739545327,0.5164952734425856
2017-05-19,2925.0,3042.25,2902.60009765625,2943.199951171875,2943.199951171875,4343400.0,0.010696898000185584,0.013062542353282858,-0.05674226386607639,0.12079206061381376,0.541507293721764
2017-05-26,2962.25,3022.89990234375,2841.14990234375,2997.75,2997.75,4529600.0,0.01853426533471003,0.007850355844165602,-0.05941140593465999,0.08714575172107875,0.5226279589866578
2017-06-02,3009.85009765625,3050.050048828125,2907.60009765625,2923.35009765625,2923.35009765625,3483300.0,-0.024818581383954652,0.02333116799929713,-0.036676324541272454,0.07571018273713115,0.4276610078876981
2017-06-09,2927.85009765625,3004.449951171875,2887.699951171875,2997.699951171875,2997.699951171875,2643500.0,0.025433099366112044,0.029412235678510257,-0.04150281337430051,0.04622631573924618,0.41819039676966296
2017-06-16,2991.25,3022.449951171875,2921.449951171875,2931.050048828125,2931.050048828125,2432900.0,-0.02223368029802142,-0.004128126714229019,-0.061463320900376206,0.06863424115820282,0.37527275018328443
2017-06-23,2954.300048828125,2997.449951171875,2856.550048828125,2892.39990234375,2892.39990234375,2948100.0,-0.0131864505349637,-0.035143056511133364,-0.06592825669381142,0.10266470765950575,0.3862116099099644
2017-06-30,2903.14990234375,3011.14990234375,2861.85009765625,2991.35009765625,2991.35009765625,2181100.0,0.03421041303186301,0.02326098405200172,-0.0384912076889502,0.1277474449222431,0.36023019370721854
2017-07-07,2999.449951171875,3109.25,2995.60009765625,3087.75,3087.75,2936600.0,0.032226218662696926,0.03003971387894322,0.0342315317112134,0.10361523749488866,0.3884080432533832
2017-07-14,3104.14990234375,3163.949951171875,3046.800048828125,3140.050048828125,3140.050048828125,2447200.0,0.01693791557869817,0.07130550366533694,0.08081922341558379,0.06359448460346195,0.29813145462763035
2017-07-21,3155.199951171875,3232.39990234375,3144.300048828125,3203.14990234375,3203.14990234375,2605200.0,0.02009517445085751,0.10743673437002776,0.07690626933511902,0.09206975408145412,0.3191730458041071
2017-07-28,3204.25,3298.14990234375,3178.800048828125,3207.14990234375,3207.14990234375,2888300.0,0.0012487707793735758,0.0721412732185982,0.1226764998641574,0.03135401188619791,0.32379162380072346
2017-08-04,3217.75,3310.25,3210.550048828125,3302.0,3302.0,2992900.0,0.029574575727481456,0.06938709416241595,0.1339090828225289,0.05539043421636336,0.3115925943704765
2017-08-11,3319.25,3439.85009765625,3193.64990234375,3216.60009765625,3216.60009765625,4225100.0,-0.025863083689809163,0.02437860786858903,0.09289214155345338,0.04589577093608388,0.28143745305923007
2017-08-18,3257.35009765625,3457.800048828125,3251.199951171875,3384.64990234375,3384.64990234375,2821300.0,0.05224454379950694,0.05666297411407317,0.12906343168834966,0.10841295326837086,0.287036976005836
2017-08-25,3419.64990234375,3455.14990234375,3327.35009765625,3414.050048828125,3414.050048828125,2051300.0,0.008686318329117704,0.06451215340236338,0.1678553490959862,0.09415913751402138,0.33782014308719766
2017-09-01,3425.0,3545.199951171875,3378.050048828125,3542.5,3542.5,2995800.0,0.037623921540331784,0.07283464566929143,0.18173935273780462,0.11151199882460738,0.37789535668917984
2017-09-08,3550.199951171875,3702.800048828125,3486.35009765625,3652.949951171875,3652.949951171875,3095700.0,0.03117853244089619,0.13565561159858452,0.2462939527874577,0.20374674796937642,0.4011008053026237
2017-09-15,3658.25,3738.64990234375,3606.25,3663.300048828125,3663.300048828125,2712400.0,0.002833353260952798,0.08232761275883216,0.2665261279602811,0.17131896045663475,0.4946755048319107
2017-09-22,3672.60009765625,3700.14990234375,3479.0,3491.800048828125,3491.800048828125,2814400.0,-0.046815711984843356,0.02277353843324237,0.1672990237966403,0.1180915942453169,0.3736428201526849
2017-09-29,3494.800048828125,3569.949951171875,3366.14990234375,3550.300048828125,3550.300048828125,3086200.0,0.016753536623505427,0.0022018486459067788,0.14980165130859846,0.14653404364373812,0.40770404238321056
2017-10-06,3586.800048828125,3719.199951171875,3564.60009765625,3711.5,3711.5,1995700.0,0.04540459931691787,0.01602815521995904,0.1819875295889446,0.1929863660754798,0.39187336897393
2017-10-13,3713.85009765625,3808.10009765625,3637.35009765625,3784.550048828125,3784.550048828125,3651500.0,0.019682082400141354,0.033098571884327965,0.18150887851329212,0.267622376758889,0.4316436727172783
2017-10-20,3804.75,3885.0,3804.14990234375,3819.89990234375,3819.89990234375,1947600.0,0.009340569700371892,0.09396295576138103,0.19105748675863543,0.3148265733908442,0.4210672543128664
2017-10-27,3830.699951171875,3982.449951171875,3823.050048828125,3945.300048828125,3945.300048828125,4721500.0,0.03282812369178423,0.11125820200193526,0.1948213351993111,0.32641883349960144,0.4730337353135976
2017-11-03,3959.0,3984.550048828125,3853.699951171875,3938.39990234375,3938.39990234375,4371700.0,-0.0017489535393954148,0.06113428596086479,0.22439836559522397,0.3786536807017973,0.4724366398144686
2017-11-10,3926.300048828125,3979.949951171875,3802.550048828125,3865.699951171875,3865.699951171875,4557200.0,-0.018459260860892,0.02144241753887699,0.14212697404686225,0.32748403576632223,0.3753758331652539
2017-11-17,3855.550048828125,3860.300048828125,3641.25,3767.85009765625,3767.85009765625,3194300.0,-0.02531232499976155,-0.01362596037020869,0.10363059819511644,0.2801882849162285,0.43482486582492386
2017-11-24,3767.199951171875,3855.050048828125,3727.949951171875,3765.89990234375,3765.89990234375,2766300.0,-0.0005175883493117039,-0.04547186380353052,0.06306278118383912,0.25624214905971154,0.36571831548322353
2017-12-01,3752.949951171875,3778.449951171875,3610.5,3617.89990234375,3617.89990234375,3578700.0,-0.039300035539417966,-0.0813782266776083,-0.009594998370257124,0.23758694014936643,0.331284873541162
2017-12-08,3637.949951171875,3680.699951171875,3521.449951171875,3643.5,3643.5,2855000.0,0.0070759552080656984,-0.05747987530809673,-0.005404975995471295,0.21543185086808503,0.2716167873658495
2017-12-15,3656.550048828125,3699.10009765625,3526.300048828125,3665.89990234375,3665.89990234375,2725100.0,0.006147907875325931,-0.027057922335051776,0.04985962858155468,0.25071214795852037,0.33655382714099913
2017-12-22,3638.75,3852.35009765625,3552.800048828125,3839.300048828125,3839.300048828125,3702300.0,0.04730084047671723,0.01949073219888131,0.08140157057863107,0.3273752518512705,0.463649844037044
2017-12-29,3858.449951171875,3985.5,3853.800048828125,3940.14990234375,3940.14990234375,3818500.0,0.026267770748058084,0.08907101044759136,0.0616057934376264,0.3171811301628964,0.4854476540409991
2018-01-05,3942.64990234375,4181.64990234375,3874.85009765625,4130.39990234375,4130.39990234375,4492600.0,0.04828496496715329,0.13363521403698364,0.09138466899723419,0.33767303128289217,0.4762763401097767
2018-01-12,4147.64990234375,4210.0,4127.39990234375,4189.5,4189.5,4429600.0,0.014308565527205719,0.14282989487014963,0.09675648763190803,0.33421440259002644,0.41906307987325486
2018-01-19,4206.75,4256.39990234375,3957.64990234375,4033.39990234375,4033.39990234375,4206600.0,-0.03725983951694711,0.05055605215718173,0.02233033037418619,0.25919798489371493,0.37513203370274195
2018-01-26,4044.5,4218.7001953125,3985.10009765625,4135.14990234375,4135.14990234375,3883700.0,0.025226856365240247,0.04949050285726608,0.049956836501776625,0.28935348463812915,0.32977988912098377
2018-02-02,4154.4501953125,4216.64990234375,3915.449951171875,3948.300048828125,3948.300048828125,4339200.0,-0.045185750922770884,-0.04408770526367056,0.02136743635035865,0.19572987547792997,0.2619618724861308
2018-02-09,3874.949951171875,4004.5,3718.35009765625,3986.39990234375,3986.39990234375,4796600.0,0.00964968544549527,-0.048478362013665066,0.05800384808924508,0.23932095421137634,0.29620054484215075
2018-02-16,4063.75,4113.10009765625,3962.25,3991.60009765625,3991.60009765625,3224400.0,0.0013044841059328682,-0.010363416893824695,0.05993260606104611,0.17932436524445516,0.3071784025419535
2018-02-23,4005.050048828125,4037.10009765625,3861.10009765625,4028.800048828125,4028.800048828125,4449400.0,0.009319558638581471,-0.025718500181903248,0.11357421641715004,0.18006472992714717,0.29117860710780397
2018-03-02,4049.699951171875,4102.25,3950.5,3960.89990234375,3960.89990234375,2717900.0,-0.01685368984845137,0.0031912097256552308,0.08711401189618506,0.11810865274347204,0.24279118351398554
2018-03-09,3911.85009765625,3923.89990234375,3677.699951171875,3688.14990234375,3688.14990234375,5105000.0,-0.06886061418482403,-0.07481687921591806,0.006069451046869734,0.00963603434002236,0.21534609296949947
2018-03-16,3722.85009765625,3798.5,3648.949951171875,3664.5,3664.5,4305500.0,-0.006412402686973517,-0.08194711134722976,-0.045529145053791686,0.0003275601659380456,0.1717026378896882
2018-03-23,3672.85009765625,3676.89990234375,3409.699951171875,3447.550048828125,3447.550048828125,4931200.0,-0.05920315218225547,-0.14427372740155486,-0.12502058696360974,-0.01267254693316433,0.10392252604166674
2018-03-30,3451.85009765625,3595.39990234375,3415.449951171875,3512.550048828125,3512.550048828125,2797000.0,0.018853968493392825,-0.11319393687538704,-0.14958596458542261,-0.010632904115374875,0.13434305709266137
2018-04-06,3543.449951171875,3617.25,3456.39990234375,3604.050048828125,3604.050048828125,4204400.0,0.026049450891248327,-0.02280272107762782,-0.13974220101966228,-0.028950545917250436,0.15844875950575799
2018-04-13,3607.89990234375,3748.050048828125,3602.449951171875,3725.449951171875,3725.449951171875,4534600.0,0.033684299801337136,0.016632542276401985,-0.07634996742894995,-0.015616149051734696,0.24782699678210807
2018-04-20,3707.0,3944.10009765625,3696.5,3891.449951171875,3891.449951171875,5720000.0,0.04455837608227253,0.12875807343091017,-0.05893376465838618,0.018730870090136298,0.33945441912808705
2018-04-27,3893.199951171875,3907.10009765625,3715.199951171875,3763.85009765625,3763.85009765625,3799900.0,-0.032789796892338186,0.07154347847996223,-0.04671629533997057,-0.04599141989866429,0.2654149479666248
2018-05-04,3771.89990234375,3814.300048828125,3611.39990234375,3633.60009765625,3633.60009765625,2423500.0,-0.034605522701636415,0.008199122772374778,-0.08850085624376924,-0.07739178657457135,0.2719572092846765
2018-05-11,3661.10009765625,3747.199951171875,3636.14990234375,3712.800048828125,3712.800048828125,3443900.0,0.021796551365947048,-0.003395536783354358,-0.06984668854774012,-0.03955296693355592,0.27497810359483355
2018-05-18,3717.89990234375,3778.89990234375,3582.89990234375,3590.64990234375,3590.64990234375,3441500.0,-0.03289973736208318,-0.07729767891208306,-0.10875450287283972,-0.047029523659321115,0.21998163968237505
2018-05-25,3594.5,3621.300048828125,3420.449951171875,3567.39990234375,3567.39990234375,3600300.0,-0.006475150914831307,-0.052193947743782276,-0.0993461106571154,-0.05270984496334097,0.19002582014635983
2018-06-01,3585.60009765625,3652.85009765625,3552.60009765625,3568.39990234375,3568.39990234375,4318500.0,0.00028031620434343374,-0.017943690433780968,-0.03246885380767772,-0.01368197057302023,0.2206543120526887
2018-06-08,3583.75,3704.800048828125,3519.199951171875,3658.550048828125,3658.550048828125,3996200.0,0.025263465124848672,-0.014611613684158087,-0.0016236733993382213,0.0041306570133456955,0.220452382967117
2018-06-15,3661.35009765625,3685.35009765625,3522.800048828125,3541.949951171875,3541.949951171875,3959500.0,-0.03187057607524002,-0.013562990683131382,0.02738173514720632,-0.0338116027370603,0.20842356567333153
2018-06-22,3524.050048828125,3524.050048828125,3398.35009765625,3431.550048828125,3431.550048828125,3957900.0,-0.031169244022554166,-0.03808091529810631,-0.02306016964143287,-0.10620425463346062,0.18640235260950422
2018-06-29,3424.60009765625,3465.35009765625,3317.60009765625,3440.14990234375,3440.14990234375,4062700.0,0.0025061133870281083,-0.035940478508522666,-0.04547665661237643,-0.1268987252750412,0.15003252378888665
2018-07-06,3448.0,3450.800048828125,3275.14990234375,3322.050048828125,3322.050048828125,3969200.0,-0.03432985679931111,-0.09197632819258128,-0.10828219614569157,-0.19570740669854647,0.07588051131993367
2018-07-13,3361.89990234375,3427.0,3275.800048828125,3286.60009765625,3286.60009765625,3919200.0,-0.010671106892077176,-0.07209301572178939,-0.15543045936733169,-0.2155149546112305,0.04667124617418694
2018-07-20,3288.39990234375,3288.60009765625,3062.25,3092.199951171875,3092.199951171875,4094000.0,-0.05914931561737802,-0.09889119867919105,-0.17844763448539347,-0.23335150839492935,-0.03463776424908893
2018-07-27,3102.89990234375,3309.800048828125,3068.800048828125,3297.699951171875,3297.699951171875,4392800.0,0.06645753937164378,-0.04140806511798367,-0.09244279432429503,-0.20251985319739418,0.028233806209666756
2018-08-03,3307.949951171875,3386.699951171875,3265.800048828125,3380.85009765625,3380.85009765625,4204300.0,0.025214588263200444,0.017699928647633367,-0.08940690228568837,-0.1437200679163928,0.023879496564582103
2018-08-10,3399.89990234375,3512.75,3385.550048828125,3434.75,3434.75,4664700.0,0.015942706948502527,0.04507694819622232,-0.043418296571322235,-0.13838298110016878,0.06782002602770021
2018-08-17,3412.449951171875,3444.0,3329.64990234375,3394.10009765625,3394.10009765625,3226300.0,-0.011834894051604872,0.09763280229338389,-0.04857874346345181,-0.14968934396780742,0.002792074685761703
2018-08-24,3412.25,3498.14990234375,3394.050048828125,3481.199951171875,3481.199951171875,2862500.0,0.02566213458930422,0.055644844199603805,-0.024436709325824535,-0.13592138875582394,0.019668693013683125
2018-08-31,3515.60009765625,3687.35009765625,3510.25,3643.449951171875,3643.449951171875,5602400.0,0.046607492323266886,0.07767272902684175,-0.004127344837358882,-0.08014591607933164,0.028496810493119362
2018-09-07,3658.550048828125,3713.14990234375,3538.300048828125,3699.75,3699.75,4187000.0,0.015452400769226049,0.07715263119586568,0.044551744379085934,0.0031452348639295913,0.012811576795108248
2018-09-14,3716.550048828125,3727.39990234375,3542.60009765625,3713.699951171875,3713.699951171875,3419200.0,0.003770511837793089,0.0941633553283594,0.08222228973175083,0.013426102107211069,0.013758060129383187
2018-09-21,3697.64990234375,3776.050048828125,3519.0,3673.25,3673.25,4222500.0,-0.010892089211222089,0.05516777304431342,0.06775870362435099,0.06546676566699694,0.051964588073355245
2018-09-28,3683.64990234375,3724.75,3471.60009765625,3485.35009765625,3485.35009765625,5320100.0,-0.05115358397706393,-0.04339289838873017,0.04915640837070767,-0.0077436480032361255,-0.018294214651889407
2018-10-05,3464.050048828125,3648.64990234375,3395.60009765625,3444.64990234375,3444.64990234375,4418800.0,-0.011677505608366001,-0.06895063116595712,0.04808914987868729,-0.044228061299039,-0.07189818069682075
2018-10-12,3408.25,3455.89990234375,3234.89990234375,3438.10009765625,3438.10009765625,4907900.0,-0.0019014427803079048,-0.07421166414606495,0.11186215378901565,-0.07713158337430792,-0.0915432341234732
2018-10-19,3455.64990234375,3474.35009765625,3296.75,3365.0,3365.0,2601000.0,-0.021261771204998392,-0.0839175117402845,0.02040817837420561,-0.1352837522716538,-0.11908686457062401
2018-10-26,3397.0,3402.949951171875,3230.64990234375,3283.89990234375,3283.89990234375,3469200.0,-0.024101069140044618,-0.05779912768245765,-0.02867627741901657,-0.12751575723256492,-0.1676425463966501
2018-11-02,3302.449951171875,3469.699951171875,3221.800048828125,3439.25,3439.25,4266700.0,0.04730658737356008,-0.0015676200765935011,0.0013101390203071883,-0.05348692548241896,-0.12673926333552488
2018-11-09,3438.39990234375,3480.35009765625,3410.949951171875,3431.89990234375,3431.89990234375,2657700.0,-0.0021371222377698507,-0.0018033783590903907,0.01113691511738324,-0.07565722441019573,-0.11221772364837057
2018-11-16,3438.449951171875,3463.39990234375,3345.10009765625,3354.60009765625,3354.60009765625,3289500.0,-0.022523910046067908,-0.0030906099089895722,-0.03636672851066991,-0.06574013371045218,-0.10967793019607064
2018-11-23,3371.550048828125,3403.800048828125,3207.5,3214.75,3214.75,2812400.0,-0.04168905192423944,-0.02105725034261763,-0.11766319200679243,-0.09885348208706912,-0.14635277533551427
2018-11-30,3226.050048828125,3226.199951171875,3092.199951171875,3163.75,3163.75,4832400.0,-0.015864375145812293,-0.08010467398415355,-0.14487465369281705,-0.1133981373774764,-0.12552859797186278
2018-12-07,3225.85009765625,3262.89990234375,3041.85009765625,3071.199951171875,3071.199951171875,3989100.0,-0.029253275014816227,-0.10510211877844744,-0.17300805354435167,-0.16054176923024055,-0.15707425520190066
2018-12-14,3009.25,3164.300048828125,2985.050048828125,3112.35009765625,3112.35009765625,3541700.0,0.013398719438203033,-0.07221427083641119,-0.15269853735622407,-0.12128908071484445,-0.1509997052384312
2018-12-21,3161.35009765625,3222.699951171875,3148.449951171875,3162.300048828125,3162.300048828125,3622200.0,0.016048950023163977,-0.01631540591706193,-0.09268797675314233,-0.07846308407827218,-0.17633422535095733
2018-12-28,3158.050048828125,3158.85009765625,3049.60009765625,3112.199951171875,3112.199951171875,3451400.0,-0.0158429297924515,-0.016293970392137536,-0.09651197091050534,-0.09533013400039492,-0.21013158679048716
2019-01-04,3137.25,3167.25,2949.300048828125,3001.699951171875,3001.699951171875,3981900.0,-0.03550543079932644,-0.022629591399114468,-0.12693061111916681,-0.09643144833692541,-0.27326650635726735
2019-01-11,3040.64990234375,3055.300048828125,2951.89990234375,2971.25,2971.25,3474800.0,-0.010144235488955933,-0.04533554813210283,-0.11701337295690939,-0.09595024897648285,-0.2907864900346103
2019-01-18,2969.699951171875,3003.949951171875,2930.10009765625,2957.10009765625,2957.10009765625,2888500.0,-0.004762272559949543,-0.06488946273391016,-0.09951576308835108,-0.0436905296064134,-0.266846787015113
2019-01-25,2967.199951171875,2975.39990234375,2846.949951171875,2857.550048828125,2857.550048828125,2664500.0,-0.033664754502908734,-0.08182311751783933,-0.16913569853074795,-0.13347178605116505,-0.3089609527314833
2019-02-01,2859.199951171875,2920.35009765625,2777.300048828125,2815.64990234375,2815.64990234375,4498300.0,-0.014662961546923037,-0.06198156106691821,-0.17956526050749433,-0.16717694632610924,-0.2868703321624584
2019-02-08,2814.300048828125,2855.050048828125,2731.699951171875,2740.5,2740.5,3760000.0,-0.02669007332239537,-0.07766091712242318,-0.18306208781347788,-0.20212533663294274,-0.3125376110939697
2019-02-15,2739.60009765625,2805.199951171875,2653.75,2677.10009765625,2677.10009765625,4902200.0,-0.023134428879310387,-0.09468735949179519,-0.167244700939031,-0.21124892589205446,-0.32931655672917626
2019-02-22,2681.60009765625,2846.699951171875,2649.25,2842.199951171875,2842.199951171875,5367400.0,0.0616711544182329,-0.005371768610857752,-0.10163573254148561,-0.18355739657668724,-0.2945294090734043
2019-03-01,2854.10009765625,2925.64990234375,2777.300048828125,2922.699951171875,2922.699951171875,7368900.0,0.028323130456324508,0.03801965888550862,-0.04835243629882746,-0.19782074947075334,-0.26211214036425146
2019-03-08,2927.64990234375,3035.699951171875,2918.699951171875,2947.949951171875,2947.949951171875,4380100.0,0.008639272050446234,0.07569784753580544,-0.05282186814657397,-0.2032029323138388,-0.20069681839707543
2019-03-15,2967.60009765625,3065.800048828125,2961.89990234375,3008.25,3008.25,5383100.0,0.02045490928506255,0.12369724338423715,-0.04871455790073187,-0.1899587905450646,-0.1790830945558739
2019-03-22,3017.89990234375,3055.199951171875,2976.14990234375,2983.199951171875,2983.199951171875,3787400.0,-0.008327116705102666,0.049609458314804344,-0.04144977894220003,-0.18785817704434082,-0.1346898786325349
2019-03-29,2956.0,3006.199951171875,2920.60009765625,2973.699951171875,2973.699951171875,3433300.0,-0.003184499918038708,0.017449618794960875,-0.009328047591521837,-0.14680021580283653,-0.15340709460809643
2019-04-05,3084.64990234375,3145.949951171875,3052.300048828125,3132.35009765625,3132.35009765625,5172900.0,0.05335109428974305,0.06255199360188324,0.05421963741060165,-0.09066227731155208,-0.13088052185214538
2019-04-12,3153.800048828125,3162.199951171875,3050.699951171875,3071.60009765625,3071.60009765625,3947000.0,-0.01939438380322034,0.021058787552979297,0.038720366649323434,-0.1065995723189801,-0.17550896189330112
2019-04-19,3090.699951171875,3177.39990234375,3085.39990234375,3109.85009765625,3109.85009765625,3251500.0,0.012452792936549884,0.04245446116832485,0.08829243390910779,-0.07582463665490347,-0.200850547565247
2019-04-26,3105.64990234375,3113.050048828125,2985.0,3046.64990234375,3046.64990234375,4478700.0,-0.020322585760687017,0.024531712132936256,0.08204144975826555,-0.0722464164728871,-0.1905496172015726
2019-05-03,3048.89990234375,3108.949951171875,2996.39990234375,3081.25,3081.25,2629700.0,0.011356768504852788,-0.01631366100950371,0.12433862433862441,-0.10409246201933564,-0.15201180174244477
2019-05-10,3011.75,3061.85009765625,2855.050048828125,2872.5,2872.5,4382900.0,-0.06774847870182554,-0.064819667706148,0.07298938971868063,-0.16300006359792685,-0.226325155617618
2019-05-17,2862.60009765625,2868.300048828125,2760.35009765625,2807.25,2807.25,4340200.0,-0.022715404699738873,-0.09730375682233228,-0.01229679536003958,-0.16316403795452872,-0.2181777459931128
2019-05-24,2875.0,2927.699951171875,2804.35009765625,2904.300048828125,2904.300048828125,4189700.0,0.03457121696611454,-0.04672340376428452,-0.0062955153286852195,-0.0965704801841123,-0.1858776340381616
2019-05-31,2898.449951171875,3020.85009765625,2875.10009765625,2900.39990234375,2900.39990234375,5466700.0,-0.0013428868983246245,-0.05869374366125757,-0.016129869779241912,-0.08323985702291581,-0.1871987496584262
2019-06-07,2905.0,2973.60009765625,2886.300048828125,2906.949951171875,2906.949951171875,2933000.0,0.0022583261097313123,0.011993020425369982,-0.03367407922484,-0.05348072499718792,-0.20543660401666397
2019-06-14,2935.35009765625,2997.199951171875,2890.60009765625,2944.89990234375,2944.89990234375,3658600.0,0.013054903527519146,0.04903371710526305,-0.012838579195162514,-0.053801850710367694,-0.16856535441179443
2019-06-21,2940.89990234375,2952.60009765625,2838.300048828125,2930.199951171875,2930.199951171875,4778500.0,-0.004991664117403705,0.008917777746207944,-0.014628241152190746,-0.07339597573679346,-0.14610018519982282
2019-06-28,2932.85009765625,3044.5,2854.89990234375,2980.199951171875,2980.199951171875,4592900.0,0.01706368194429997,0.027513464182521874,-0.048573799779986215,-0.04241372728969306,-0.13370055498410527
2019-07-05,3002.60009765625,3022.449951171875,2843.89990234375,2851.25,2851.25,3825500.0,-0.043268892451719276,-0.01916095980579946,-0.07173788600423137,-0.05012158230976371,-0.1417197338716203
2019-07-12,2831.550048828125,2859.550048828125,2736.60009765625,2826.300048828125,2826.300048828125,4534100.0,-0.008750530880096474,-0.04027296595759855,-0.0911780439326717,-0.04878416530816154,-0.14005356147721637
2019-07-19,2831.0,2859.39990234375,2734.0,2741.85009765625,2741.85009765625,3474900.0,-0.02988003740327949,-0.06427883989292205,-0.1000442500639871,-0.0727909076093175,-0.11330116391174838
2019-07-26,2743.64990234375,2796.949951171875,2662.35009765625,2692.449951171875,2692.449951171875,4484400.0,-0.018017085079378492,-0.09655392413748975,-0.126182571627789,-0.05777679999829122,-0.1835370133613634
2019-08-02,2686.85009765625,2689.14990234375,2430.35009765625,2459.10009765625,2459.10009765625,5213400.0,-0.08666822327154522,-0.13753613409688736,-0.14391641508920805,-0.12663144107181346,-0.2726385297706623
2019-08-09,2428.199951171875,2466.5,2355.75,2398.0,2398.0,5513900.0,-0.02484652727820391,-0.15154089849933383,-0.14578323982545194,-0.12497719394271123,-0.3018414731785428
2019-08-16,2381.85009765625,2423.64990234375,2350.050048828125,2402.050048828125,2402.050048828125,4183800.0,0.0016889277848728401,-0.12393093594671278,-0.1729332340171451,-0.10274178730519867,-0.29228662098479996
2019-08-23,2413.699951171875,2420.699951171875,2183.25,2278.64990234375,2278.64990234375,5782400.0,-0.05137284568428435,-0.1536890402170784,-0.21436699108201507,-0.19827952238045965,-0.34544124603452064
2019-08-30,2297.300048828125,2314.199951171875,2174.10009765625,2289.949951171875,2289.949951171875,7106300.0,0.004959098287324437,-0.06878538480218466,-0.21224995626473364,-0.21649502534336273,-0.3714885666440023
2019-09-06,2269.699951171875,2366.5,2198.85009765625,2357.699951171875,2357.699951171875,4409000.0,0.02958579944741979,-0.016805691754847807,-0.19939555524605157,-0.20022388771063182,-0.36274073892239345
2019-09-13,2356.85009765625,2452.550048828125,2322.60009765625,2444.10009765625,2444.10009765625,4949300.0,0.03664594658935738,0.017505900365664573,-0.16589306587122798,-0.1875342482651874,-0.34186925982401917
2019-09-20,2418.800048828125,2519.39990234375,2335.89990234375,2497.64990234375,2497.64990234375,8057300.0,0.021909824699426705,0.09610954266153104,-0.1619186822140496,-0.1627614832312494,-0.32004358474273464
2019-09-27,2569.25,2576.25,2404.5,2453.949951171875,2453.949951171875,6557400.0,-0.017496427794330915,0.0716172857472599,-0.13934241081214382,-0.17478226066324443,-0.2959244028822091
2019-10-04,2428.64990234375,2449.75,2290.0,2297.199951171875,2297.199951171875,5060100.0,-0.06387660837383602,-0.02566060196503328,-0.18720591887461913,-0.2666209460779202,-0.33311076123908756
2019-10-11,2305.699951171875,2357.5,2252.35009765625,2337.10009765625,2337.10009765625,5317100.0,0.017369035056796323,-0.043778894367954346,-0.14761930287362635,-0.2391261807031625,-0.3202350044289143
2019-10-18,2360.64990234375,2463.25,2331.449951171875,2456.0,2456.0,7157400.0,0.050874972134479,-0.016675636687378148,-0.08781962727625126,-0.21025132309400585,-0.27013372956909365
2019-10-25,2453.0,2478.39990234375,2404.89990234375,2410.85009765625,2410.85009765625,4438400.0,-0.018383510726282526,-0.017563460695293687,-0.019620998773488996,-0.208688173917977,-0.2658576176650196
2019-11-01,2434.5,2568.35009765625,2428.39990234375,2561.75,2561.75,5616000.0,0.06259198881359307,0.11516195997356249,0.06828607172643864,-0.16860040567951318,-0.25514283637420954
2019-11-08,2578.85009765625,2677.85009765625,2578.35009765625,2612.949951171875,2612.949951171875,8992100.0,0.01998631840416709,0.11803082537725262,0.08779996172296278,-0.09035684902632724,-0.23862874048645444
2019-11-15,2610.14990234375,2637.800048828125,2491.0,2498.800048828125,2498.800048828125,4986300.0,-0.04368621844155696,0.017426729978878175,0.09661429176019332,-0.10987619598250065,-0.2551123901254414
2019-11-22,2511.35009765625,2550.300048828125,2466.64990234375,2521.14990234375,2521.14990234375,5000500.0,0.008944234464100642,0.04575141556695295,0.10096288395017505,-0.13192512482963825,-0.21575553236060352
2019-11-29,2535.050048828125,2668.35009765625,2533.300048828125,2625.5,2625.5,6215200.0,0.04138988227524365,0.024885332292378326,0.11358529684619834,-0.09477999986195329,-0.17013038324772822
2019-12-06,2631.85009765625,2637.10009765625,2514.0,2535.85009765625,2535.85009765625,5883800.0,-0.034145839780517995,-0.02950682368831703,0.03753937904915716,-0.1276595262212974,-0.17431292720337277
2019-12-13,2539.0,2645.300048828125,2484.0,2626.75,2626.75,5389000.0,0.03584592891660421,0.051204557656336025,0.051688628392275726,-0.10803419908790268,-0.156023609947329
2019-12-20,2640.550048828125,2724.64990234375,2586.64990234375,2707.5,2707.5,7959000.0,0.030741410488245968,0.07391472338991512,0.10332323554807754,-0.07600162271615984,-0.14381938519612125
2019-12-27,2711.0,2768.75,2694.550048828125,2760.35009765625,2760.35009765625,4787800.0,0.019519888331025026,0.05136168259617224,0.20161507762879216,-0.07377016882010734,-0.11305502828734981
2020-01-03,2765.199951171875,2873.10009765625,2737.699951171875,2848.35009765625,2848.35009765625,6809900.0,0.03188001408760388,0.12323283631348203,0.21875400224094155,-0.0010170635138097017,-0.05108766899095185
2020-01-10,2828.25,2864.550048828125,2736.39990234375,2840.75,2840.75,6711800.0,-0.0026682456143659605,0.08146949652612534,0.15665716612377856,0.005112674140124174,-0.043920908708456
2020-01-17,2851.85009765625,2927.949951171875,2846.14990234375,2864.64990234375,2864.64990234375,5535700.0,0.008413236766258825,0.058042438538781216,0.18823227753922533,0.0447872058331964,-0.03126380313800492
2020-01-24,2872.699951171875,2882.35009765625,2749.5,2796.199951171875,2796.199951171875,3350100.0,-0.023894700401564495,0.012987429944507412,0.09151945005245432,0.03853367820443365,-0.021469474412673772
2020-01-31,2766.699951171875,2767.64990234375,2559.85009765625,2569.0,2569.0,6325200.0,-0.08125311320338746,-0.0980743546539844,-0.016820050897708216,0.04469110568068979,-0.08759963450656216
2020-02-07,2475.449951171875,2715.85009765625,2458.449951171875,2710.800048828125,2710.800048828125,6196600.0,0.05519659354928952,-0.045744944529393594,0.08484072188946157,0.13044205539121134,-0.010837420606413017
2020-02-14,2687.64990234375,2692.85009765625,2608.85009765625,2613.60009765625,2613.60009765625,5558700.0,-0.03585655504687424,-0.08763716797717602,0.036669852604382935,0.0880706248944867,-0.023719695821457387
2020-02-21,2614.35009765625,2627.25,2514.0,2612.25,2612.25,4484600.0,-0.0005165662709688545,-0.06578569286319547,-0.005046657779470554,0.1464025242812066,-0.0809056206890243
2020-02-28,2578.800048828125,2578.800048828125,2230.60009765625,2246.050048828125,2246.050048828125,6965700.0,-0.14018564500789554,-0.12571037414241926,-0.11428122233880134,-0.01917068201481187,-0.23151535006952828
2020-03-06,2307.60009765625,2351.449951171875,2133.800048828125,2183.89990234375,2183.89990234375,7779400.0,-0.027670864465732525,-0.19437071602243516,-0.16859240417102883,-0.07371593180961777,-0.25918012906711607
2020-03-13,2101.949951171875,2107.949951171875,1546.1500244140625,1903.3499755859373,1903.3499755859373,9208100.0,-0.12846281391227132,-0.2717516435307875,-0.29700831926650517,-0.22124712592125861,-0.36728996074596953
2020-03-20,1807.5999755859373,1852.449951171875,1558.050048828125,1692.8499755859375,1692.8499755859375,9694400.0,-0.11059447957551705,-0.3519571344297301,-0.3867263514786412,-0.322222872790379,-0.43253888331523205
2020-03-27,1538.25,1606.75,1480.699951171875,1554.8499755859375,1554.8499755859375,6572400.0,-0.08151933248085663,-0.30774028103372886,-0.45412258947194106,-0.3663888805705168,-0.47713286440577085
2020-04-03,1506.4000244140625,1601.0,1483.5,1522.9000244140625,1522.9000244140625,5870400.0,-0.02054857489375128,-0.3026694937896677,-0.46390917031978796,-0.33706248616400036,-0.513815513293499
2020-04-10,1579.699951171875,1726.4000244140625,1559.1500244140625,1705.449951171875,1705.449951171875,6481000.0,0.11986993488167341,-0.10397458531142689,-0.4046567611014039,-0.2702708998719492,-0.4447682325335256
2020-04-17,1714.5,1842.1500244140625,1659.949951171875,1816.5,1816.5,7063300.0,0.06511480958548121,0.0730425177643188,-0.3503683457119321,-0.26038273615635177,-0.41588824446264727
2020-04-24,1842.4000244140625,1842.9000244140625,1616.6500244140625,1645.199951171875,1645.199951171875,7950100.0,-0.0943022564426782,0.058108484422678464,-0.3595951922258175,-0.31758513199502336,-0.45999704465345914
2020-05-01,1672.5999755859375,1871.949951171875,1653.800048828125,1859.9000244140625,1859.9000244140625,6690200.0,0.13050089935223785,0.22128832792530884,-0.31389258118904984,-0.273972860578096,-0.39638133081896554
2020-05-08,1769.25,1772.300048828125,1671.0,1676.550048828125,1676.550048828125,6098900.0,-0.09858055442721958,-0.01694561738612843,-0.3585284717690461,-0.35836886271923674,-0.41634463052110526
2020-05-15,1695.300048828125,1813.550048828125,1657.4000244140625,1742.5999755859375,1742.5999755859375,9222900.0,0.03939633463610592,-0.040682644874243,-0.3329122497517705,-0.30262528352231566,-0.37925016454325855
2020-05-22,1746.199951171875,1759.449951171875,1667.800048828125,1710.449951171875,1710.449951171875,7589400.0,-0.018449457629110988,0.03966083268694631,-0.23846311792370745,-0.32155959882362395,-0.41106293343828726
2020-05-29,1724.949951171875,1890.75,1724.3499755859375,1879.8499755859373,1879.8499755859373,7080500.0,0.09903828188483499,0.010726356744986676,-0.13922338035342552,-0.28400305633748346,-0.3518652465589758
2020-06-05,1909.800048828125,2057.050048828125,1907.0,2049.699951171875,2049.699951171875,9335100.0,0.09035294187930965,0.22257009422687646,0.07689073342430608,-0.1917109165615497,-0.294896718003149
2020-06-12,2088.25,2105.64990234375,1872.4000244140625,1966.0999755859373,1966.0999755859373,7646300.0,-0.04078644561519407,0.12825662982397867,0.16141418551010167,-0.25150852742516905,-0.33237120418891575
2020-06-19,1966.300048828125,2026.449951171875,1915.949951171875,1997.550048828125,1997.550048828125,8229800.0,0.015996171930583003,0.16785062752613733,0.28472205048294663,-0.26221604844759927,-0.31828882597952246
2020-06-26,2001.050048828125,2123.60009765625,1995.699951171875,2043.3499755859373,2043.3499755859373,8877000.0,0.022928049679997287,0.0869750257325923,0.3417492565686435,-0.2597497044592645,-0.3143580937304389
2020-07-03,2034.3499755859373,2041.300048828125,1964.3499755859373,2008.5,2008.5,6790100.0,-0.017055314068723848,-0.020100479169314345,0.17769507021879383,-0.2948549401800419,-0.2955721174923279
2020-07-10,2024.3499755859373,2121.75,2013.699951171875,2078.199951171875,2078.199951171875,12245500.0,0.03470249000342296,0.05701641675293234,0.14406823626307452,-0.2684326494158673,-0.26469238394077665
2020-07-17,2098.199951171875,2130.5,2018.550048828125,2103.0,2103.0,7859900.0,0.011933427683000541,0.05278964160809774,0.27826407878387927,-0.2658788781556156,-0.23299964436507414
2020-07-24,2115.449951171875,2168.699951171875,2071.25,2087.5,2087.5,6373300.0,-0.007370423204945298,0.02160668751881456,0.12237215581393412,-0.25345109918726016,-0.2246838240794684
2020-07-31,2094.35009765625,2192.300048828125,2064.5,2147.300048828125,2147.300048828125,7091000.0,0.028646729977544805,0.06910632254325377,0.2807849370968942,-0.16414945549703197,-0.12679437047938769
2020-08-07,2149.10009765625,2319.89990234375,2133.39990234375,2314.35009765625,2314.35009765625,8188000.0,0.07779539190123508,0.1136320623774496,0.3281017617815962,-0.14624831932670934,-0.03488319530598416
2020-08-14,2322.449951171875,2454.300048828125,2295.64990234375,2405.800048828125,2405.800048828125,7266300.0,0.03951431171303188,0.14398480686073456,0.40653051390357664,-0.07950720885512286,0.0015611664718766516
2020-08-21,2420.0,2579.449951171875,2414.699951171875,2523.60009765625,2523.60009765625,6912100.0,0.048965020549195604,0.20891022642215562,0.3424476050912839,-0.03393622445927835,0.10749795089651615
2020-08-28,2545.75,2570.64990234375,2493.39990234375,2520.35009765625,2520.35009765625,7202000.0,-0.001287842714469023,0.17372981900303808,0.22961904556581092,0.12212552831190959,0.10061361662793922
2020-09-04,2524.699951171875,2556.35009765625,2410.5,2451.35009765625,2451.35009765625,6599300.0,-0.02737714893822296,0.05919588403618814,0.24680846757332287,0.12246449346211974,0.0397209774033489
2020-09-11,2456.75,2480.14990234375,2302.39990234375,2384.300048828125,2384.300048828125,6150000.0,-0.027352294106105846,-0.00893673603941969,0.19361217018161292,0.25268609525903374,-0.02446710299855137
2020-09-18,2401.449951171875,2416.5,2352.800048828125,2362.199951171875,2362.199951171875,5558000.0,-0.009269008599447126,-0.06395630854281253,0.15604276281379859,0.39539828410031364,-0.05423095968925473
2020-09-25,2367.199951171875,2368.300048828125,2107.550048828125,2172.64990234375,2172.64990234375,6599000.0,-0.08024301614860763,-0.13795710192637,0.08172760883432906,0.3973373228661483,-0.11463153463818243
2020-10-02,2198.39990234375,2293.35009765625,2189.550048828125,2261.25,2261.25,4444000.0,0.040779739782591085,-0.07754914234323596,0.08808105722690684,0.48483154754037017,-0.015649465408327123
2020-10-09,2280.10009765625,2345.64990234375,2255.699951171875,2260.85009765625,2260.85009765625,5868300.0,-0.00017685012437806957,-0.051776181119716935,0.0750594853334523,0.3256619439947446,-0.032625902534712536
2020-10-16,2279.60009765625,2339.64990234375,2218.199951171875,2329.85009765625,2329.85009765625,5077100.0,0.030519493561970368,-0.013694798994291935,0.11609585516467069,0.2826039623761354,-0.05136396675234123
2020-10-23,2350.60009765625,2462.10009765625,2323.60009765625,2443.0,2443.0,5990100.0,0.048565314333988585,0.12443334628584624,0.13770779325099514,0.48492588895340805,0.01333550450731269
2020-10-30,2432.800048828125,2434.75,2279.449951171875,2343.60009765625,2343.60009765625,5183600.0,-0.04068763910918949,0.03641795363460476,0.012638537285098561,0.260067781543565,-0.08515659308822099
2020-11-06,2350.800048828125,2512.5,2325.199951171875,2500.35009765625,2500.35009765625,6089300.0,0.06688427780693473,0.10593360446510003,0.03930087576238139,0.49136621325676777,-0.04309300048595477
2020-11-13,2525.64990234375,2684.449951171875,2502.199951171875,2681.0,2681.0,6977800.0,0.0722498431372014,0.1507178091401653,0.0623711746127813,0.5385057027207474,0.0729149782341818
2020-11-20,2723.14990234375,2828.199951171875,2718.800048828125,2774.75,2774.75,6068900.0,0.03496829541215973,0.13579615227179698,0.10093831907730766,0.622233961361421,0.10058905954798414
2020-11-27,2792.89990234375,2963.75,2779.5,2925.75,2925.75,8870200.0,0.054419317055590666,0.2483998455734564,0.19352596872936534,0.556374199003866,0.11435916968196524
2020-12-04,2968.85009765625,3193.550048828125,2935.699951171875,3161.35009765625,3161.35009765625,8241600.0,0.08052639414039131,0.26436297885628135,0.3259027944951989,0.5423477450193679,0.24666284516506565
2020-12-11,3168.25,3202.35009765625,3056.699951171875,3146.10009765625,3146.10009765625,8133500.0,-0.004823888379621777,0.1734800811847259,0.3318517325747494,0.6001730007237547,0.19771584568620915
2020-12-18,3178.050048828125,3289.300048828125,3150.60009765625,3216.60009765625,3216.60009765625,8922000.0,0.02240869578578275,0.15923960632714662,0.4804962797670884,0.6102725934417954,0.18803327706602024
2020-12-25,3188.85009765625,3223.89990234375,2980.25,3144.300048828125,3144.300048828125,6407300.0,-0.022477164283121742,0.07469881186981975,0.3905141177791598,0.5387966263226576,0.1390946574124341
2021-01-01,3181.39990234375,3284.5,3163.699951171875,3254.64990234375,3254.64990234375,6618600.0,0.035095204593070584,0.02951264548544308,0.4395690832035879,0.6204380892923824,0.1426439134086157
2021-01-08,3291.5,3581.85009765625,3287.10009765625,3529.199951171875,3529.199951171875,10486300.0,0.08435624631405525,0.12176975990084449,0.5147755448825357,0.6982003821055796,0.24234795429794076
2021-01-15,3532.699951171875,3586.89990234375,3420.39990234375,3449.14990234375,3449.14990234375,12856100.0,-0.022682208414273708,0.07229677225246167,0.4118501442258493,0.6401093211334998,0.20403889477795656
2021-01-22,3449.89990234375,3462.699951171875,3283.550048828125,3362.14990234375,3362.14990234375,6508900.0,-0.02522360653008504,0.06928405372662105,0.43460904687028945,0.6106107316616767,0.20239967135922732
2021-01-29,3276.0,3304.0,3062.699951171875,3077.449951171875,3077.449951171875,8850100.0,-0.08467794698071351,-0.0544451650680674,0.23080761932362215,0.4331718349521638,0.19791745861108412
2021-02-05,3096.25,3466.800048828125,3071.949951171875,3443.14990234375,3443.14990234375,10464000.0,0.11883213601333087,-0.02438231044391581,0.2842782179573853,0.48773943312666446,0.2701600414358185
2021-02-12,3467.10009765625,3593.14990234375,3450.300048828125,3486.25,3486.25,9174900.0,0.01251763614093937,0.010756301902402177,0.25641949725200464,0.44910214034544005,0.3338880738205896
2021-02-19,3479.39990234375,3644.800048828125,3477.35009765625,3552.10009765625,3552.10009765625,5785800.0,0.018888518510218777,0.056496646737876244,0.21408189273049638,0.40755268671736133,0.35978566280266056
2021-02-26,3561.550048828125,3945.800048828125,3558.85009765625,3822.64990234375,3822.64990234375,15940200.0,0.07616615445775698,0.2421485200394915,0.2091827175920098,0.5167138509441795,0.7019433312887284
2021-03-05,3877.25,4075.39990234375,3811.35009765625,3869.39990234375,3869.39990234375,10179300.0,0.012229736228613675,0.12379652704340627,0.22990362106607365,0.5784770629227158,0.7717844568751207
2021-03-12,3922.14990234375,3953.75,3760.85009765625,3840.199951171875,3840.199951171875,5917900.0,-0.00754637719254303,0.10152741518017216,0.1938692515647209,0.610619415563624,1.0176005466307831
2021-03-19,3845.5,3903.550048828125,3631.14990234375,3832.5,3832.5,5489500.0,-0.0020050912113379615,0.07893918939073918,0.21887222608680923,0.6224282783930788,1.263933635745528
2021-03-26,3835.0,3894.89990234375,3614.39990234375,3855.300048828125,3855.300048828125,7992200.0,0.005949132114318356,0.008541233782449309,0.18455138479006084,0.7744690687023312,1.4795318579693029
2021-04-02,3914.25,4204.39990234375,3907.75,4189.14990234375,4189.14990234375,6213600.0,0.08659503781478795,0.08263555281694268,0.18699704190824828,0.8525814935737976,1.7507714460478323
2021-04-09,4206.10009765625,4588.85009765625,4101.14990234375,4467.2998046875,4467.2998046875,13708600.0,0.06639769615026925,0.16329875045289222,0.295188649716819,0.9759380815732122,1.6194259184315904
2021-04-16,4372.64990234375,4500.85009765625,4166.4501953125,4434.0,4434.0,8476100.0,-0.007454123551895675,0.15694716242661455,0.3187990210992868,0.9031267309688522,1.440957886044591
2021-04-23,4302.35009765625,4528.2001953125,4266.85009765625,4446.85009765625,4446.85009765625,6781500.0,0.0028980824664524008,0.1534381348626641,0.44497885204044185,0.8202415463185633,1.7029237962770187
2021-04-30,4491.0,4936.5,4488.85009765625,4847.9501953125,4847.9501953125,16029400.0,0.09019869994440621,0.15726348025888592,0.4079985864142899,1.0685910536361387,1.6065649398761548
2021-05-07,4825.7998046875,5387.10009765625,4786.0498046875,5335.85009765625,5335.85009765625,15479900.0,0.10064045270421751,0.19442399904689345,0.5305414407045537,1.134041189934925,2.182636928367216
2021-05-14,5425.39990234375,5519.0498046875,4984.39990234375,5091.35009765625,5091.35009765625,13075100.0,-0.04582212684486686,0.14825216455937085,0.43333519824388667,0.8990488987900971,1.9216975605341196
2021-05-21,5117.9501953125,5365.64990234375,5036.25,5099.14990234375,5099.14990234375,9028600.0,0.0015319717831014934,0.1466880579202119,0.333930658734233,0.8376970546333002,1.9811745727199948
2021-05-28,5098.4501953125,5188.5498046875,4987.25,5055.75,5055.75,9131800.0,-0.00851120347017098,0.042863436362944096,0.3065979551345057,0.7280184568059471,1.6894433415752523
2021-06-04,5181.85009765625,5360.75,5034.64990234375,5339.14990234375,5339.14990234375,6299600.0,0.05605496758023043,0.0006184215499136503,0.39033122499635864,0.6888828308835737,1.6048446258152067
2021-06-11,5379.10009765625,5421.5,5173.4501953125,5406.7998046875,5406.7998046875,10479700.0,0.01267053811582497,0.06195796811860643,0.41077620474559695,0.7185720850761879,1.7500126503364433
2021-06-18,5369.75,5412.75,4858.7998046875,5048.64990234375,5048.64990234375,12028900.0,-0.06624064424084042,-0.009903611575880156,0.3095348840301966,0.5695609491594582,1.527420980167967
2021-06-25,4969.0,5250.2998046875,4925.7998046875,5223.9501953125,5223.9501953125,8903700.0,0.034722212147720866,0.03326908872323586,0.2470191607108161,0.6614032103136775,1.5565616549923198
2021-07-02,5253.0498046875,5316.9501953125,5114.9501953125,5130.0498046875,5130.0498046875,9655300.0,-0.017974978151448995,-0.03916355627409163,0.14835583662967555,0.5762217008327779,1.5541696811986556
2021-07-09,5194.2001953125,5300.60009765625,5124.5,5273.60009765625,5273.60009765625,7830200.0,0.027982241583226486,-0.024635590708531607,0.18935500623731394,0.4942763715910017,1.5375807052071782
2021-07-16,5313.5,5396.7998046875,5235.89990234375,5391.2998046875,5391.2998046875,1204017600.0,0.022318663693054575,0.06786961048431595,0.21238622537085972,0.5630807466570327,1.5636233022765098
2021-07-23,5334.5,5412.0498046875,5148.60009765625,5353.7998046875,5353.7998046875,7178700.0,-0.006955651022670928,0.024856594056259507,0.10434298806619502,0.592373915557832,1.5646945172155688
2021-07-30,5402.60009765625,5879.10009765625,5350.0,5770.35009765625,5770.35009765625,13508600.0,0.07780460759926822,0.12481366016830586,0.08143032357502933,0.8750427104294367,1.6872584019198347
2021-08-06,5815.64990234375,5905.2998046875,5664.5,5841.35009765625,5841.35009765625,8668200.0,0.012304279428182019,0.10765890273938772,0.14730866776285034,0.6965134436000149,1.5239699488732517
2021-08-13,5861.5498046875,5861.5498046875,5540.0498046875,5799.2998046875,5799.2998046875,2332445400.0,-0.007198728421640377,0.07567748312665934,0.1373071817366922,0.6634778930620293,1.4105493752535097
2021-08-20,5818.7998046875,5936.10009765625,5302.10009765625,5335.9501953125,5335.9501953125,7738400.0,-0.07989750917869087,-0.0033340076256440643,0.05542208283884675,0.5021958978107828,1.1144198719393663
2021-08-27,5410.7998046875,5533.0,5171.9501953125,5492.7001953125,5492.7001953125,10660900.0,0.029376211220580872,-0.04811664762880219,0.028759314830502314,0.4368828785353338,1.179340164059084
2021-09-03,5544.25,5746.39990234375,5542.89990234375,5719.35009765625,5719.35009765625,8707500.0,0.04126384005760486,-0.020885582606827602,0.05780689210978007,0.47809744198110904,1.3331429089319204
2021-09-10,5757.5,5798.7998046875,5682.7001953125,5765.14990234375,5765.14990234375,5885300.0,0.008007868709815291,-0.005888625091626909,0.14191912964045628,0.5012629487129849,1.417963253063431
2021-09-17,5803.60009765625,5913.85009765625,5615.5498046875,5683.85009765625,5683.85009765625,7059500.0,-0.014101941157583564,0.06519924092420726,0.08803680838236594,0.4830659093688845,1.4061680700808252
2021-09-24,5565.2001953125,5627.2998046875,5268.9501953125,5498.2001953125,5498.2001953125,9299900.0,-0.032662702068850025,0.0010013290011157139,0.07176351198162023,0.4261406701623025,1.5306425068214198
2021-10-01,5501.39990234375,5733.10009765625,5478.85009765625,5638.7998046875,5638.7998046875,9606400.0,0.025571933429209937,-0.0140838192440359,0.06925054995989477,0.3460487058562165,1.493664921918187
2021-10-08,5669.7001953125,5861.7001953125,5606.9501953125,5681.4501953125,5681.4501953125,9841200.0,0.007563735564710905,-0.014518218684517303,0.05381826296744374,0.27178618935559284,1.5129707631665963
2021-10-15,5718.7998046875,6079.5498046875,5707.64990234375,6019.2001953125,6019.2001953125,7647300.0,0.05944785017717158,0.05900051758833902,0.12428563168208329,0.3575101928986242,1.5835139356680545
2021-10-22,6157.2001953125,6312.2001953125,5645.25,5690.10009765625,5690.10009765625,12463200.0,-0.05467505432242303,0.03490231267085453,-0.013907301748050771,0.2795799212245238,1.3291445344479125
2021-10-29,5715.25,5855.5498046875,5482.2998046875,5563.39990234375,5563.39990234375,8547100.0,-0.022266777936769122,-0.013371622500424785,-0.04758321118674658,0.14757777580368314,1.3738691203791578
2021-11-05,5648.5,5764.75,5616.89990234375,5697.9501953125,5697.9501953125,6057500.0,0.024184904074946445,0.002904188091556792,-0.017476180364581317,0.06786174480713036,1.2788609485741937
2021-11-12,5751.10009765625,5812.60009765625,5626.7998046875,5728.7001953125,5728.7001953125,8026600.0,0.005396677567539365,-0.04826222597251861,0.07360451009175861,0.1251829250456864,1.136777394745431
2021-11-19,5754.75,5761.25,5405.35009765625,5423.89990234375,5423.89990234375,5458800.0,-0.05320583772531029,-0.04678304260801103,-0.01252576884270229,0.06368708632212083,0.9547346255856384
2021-11-26,5433.0498046875,5687.35009765625,5309.0,5323.75,5323.75,12259600.0,-0.018464555789547976,-0.04307615964165912,-0.06916871513397371,0.05300895020521179,0.8196189011364607
2021-12-03,5312.0,5460.39990234375,5174.0,5392.39990234375,5392.39990234375,8534600.0,0.012895027441887752,-0.053624598758359676,-0.06465573425045945,0.009973497836542222,0.7057269001435644
2021-12-10,5393.14990234375,5677.10009765625,5313.60009765625,5658.89990234375,5658.89990234375,8195600.0,0.04942140880244583,-0.012184315916176636,-0.0043896645555076,0.04662649011670239,0.7987030694158335
2021-12-17,5738.9501953125,5758.85009765625,5466.35009765625,5476.7998046875,5476.7998046875,6562700.0,-0.032179416635524816,0.009753111837644823,-0.0038922538039347643,0.08480483111831316,0.7026673003828254
2021-12-24,5400.10009765625,5603.9501953125,5195.35009765625,5492.7001953125,5492.7001953125,5486700.0,0.0029032265541988345,0.03173518578304768,-0.025909699658701935,0.051445743154510115,0.7468753331475537
2021-12-31,5477.64990234375,5548.39990234375,5407.4501953125,5521.75,5521.75,3947100.0,0.005288802165516193,0.023987482382385794,-0.02810905487550719,0.07635407261633032,0.6965726470375992
2022-01-07,5529.9501953125,5706.9501953125,5526.14990234375,5684.85009765625,5684.85009765625,6051100.0,0.029537754816181483,0.004585731460235332,-0.05554726322554082,0.07798278071611309,0.6108041982060519
2022-01-14,5714.64990234375,5901.89990234375,5602.89990234375,5871.39990234375,5871.39990234375,6804000.0,0.03281525484100456,0.07204939229630392,0.031862322556008627,0.08905089960658907,0.7022744933045804
2022-01-21,5879.5498046875,5921.7998046875,5663.85009765625,5719.5498046875,5719.5498046875,6539100.0,-0.025862673328661212,0.04130019868344448,0.028067351814484276,0.06831596498617087,0.7011584762179728
2022-01-28,5669.0498046875,5669.60009765625,5329.7001953125,5466.0498046875,5466.0498046875,5332900.0,-0.044321670176250993,-0.010087417089237993,-0.04069891499153089,-0.052735152602326196,0.7761620469590611
2022-02-04,5543.0,5882.0498046875,5463.4501953125,5829.5,5829.5,7059500.0,0.0664922948562996,0.02544480502720492,0.017595580367424146,-0.002028657323758898,0.6930717991778002
2022-02-11,5837.75,6081.9501953125,5730.7001953125,6023.7998046875,6023.7998046875,8591300.0,0.03333044080753056,0.02595631448692748,0.11060305557713623,0.038711569941346946,0.7278737338651846
2022-02-18,5892.75,5913.5,5615.25,5778.39990234375,5778.39990234375,5653800.0,-0.040738389438637834,0.010289288434558008,0.08540031037215301,0.08291863507645392,0.6267559312747011
2022-02-25,5753.5,5767.4501953125,5293.39990234375,5618.7001953125,5618.7001953125,7513900.0,-0.027637358045516147,0.027927003243565895,0.04196652641996956,0.022939537116467568,0.46984430665951193
2022-03-04,5586.5,6294.64990234375,5554.4501953125,6010.14990234375,6010.14990234375,10692800.0,0.06966908598501553,0.03098891883416255,0.06207036810361721,0.050844903655516305,0.5532511640121036
2022-03-11,6014.2998046875,6275.5498046875,5957.10009765625,6190.0498046875,6190.0498046875,8830300.0,0.029932681425066443,0.02759885875865775,0.13023116152420644,0.07370144914549615,0.6119082035815726
2022-03-18,6187.25,6230.2998046875,5868.85009765625,6183.7998046875,6183.7998046875,6124200.0,-0.0010096849293954602,0.07015781344231953,0.12582146936852445,0.08795969253964064,0.613515930772994
2022-03-25,6236.7998046875,6565.4501953125,6233.35009765625,6500.2001953125,6500.2001953125,8610800.0,0.05116601452478453,0.156886818900821,0.1771992928532622,0.18224145436796868,0.6860426200259901
2022-04-01,6497.9501953125,6617.85009765625,6405.64990234375,6477.2001953125,6477.2001953125,6255700.0,-0.003538352559754432,0.07771025690833722,0.13937924202837304,0.14868419161255608,0.5461848695575753
2022-04-08,6491.64990234375,6783.7998046875,6481.7001953125,6755.5498046875,6755.5498046875,6740600.0,0.04297375424283456,0.09135629241169707,0.15058587680100177,0.18905377543592472,0.5122221700005356
2022-04-15,6768.60009765625,6825.64990234375,6499.7001953125,6627.0,6627.0,2990600.0,-0.019028770182154875,0.07167117457077787,0.15865762626435953,0.1009768382784193,0.4945872801082545
2022-04-22,6624.89990234375,6773.10009765625,6432.39990234375,6440.64990234375,6440.64990234375,4898000.0,-0.02811982762279308,-0.009161301372178299,0.17830062521941636,0.13190449935962478,0.44836227012427265
2022-04-29,6322.25,6422.5498046875,6215.39990234375,6327.2998046875,6327.2998046875,4983500.0,-0.01759917079408435,-0.02314277559824096,0.08539322492280643,0.13730810579011843,0.30514950644612404
2022-05-06,6272.60009765625,6420.89990234375,5974.0498046875,6066.0,6066.0,3969800.0,-0.04129720619432631,-0.10207160403273752,0.007005577323413226,0.06459336990875797,0.13683853350086905
2022-05-13,5974.35009765625,6019.0498046875,5290.2998046875,5313.0498046875,5313.0498046875,6104500.0,-0.12412630981083084,-0.19827224917949293,-0.08053269166564636,-0.07255579388935474,0.04354438464825017
2022-05-20,5401.5,5775.10009765625,5323.14990234375,5706.35009765625,5706.35009765625,6525200.0,0.07402533524563548,-0.1140102032902438,0.015599675956527115,0.05207511207764903,0.11907871055789299
2022-05-27,5491.2001953125,5491.2001953125,4954.2998046875,5211.5,5211.5,8721600.0,-0.08671919689251073,-0.17634691560859406,-0.1328835245910096,-0.021084761681145814,0.030806507442021402
2022-06-03,5238.0498046875,5460.39990234375,5192.2998046875,5328.7998046875,5328.7998046875,6735400.0,0.02250787771035201,-0.1215298706416914,-0.13913458327068817,-0.01179439559529083,-0.00193852913770165
2022-06-10,5284.85009765625,5399.5,5153.10009765625,5199.9501953125,5199.9501953125,4441700.0,-0.02417985552049773,-0.0212871351733267,-0.15910114176549073,-0.08110228400420483,-0.038257308731066586
2022-06-17,5105.60009765625,5107.64990234375,4677.14990234375,4724.85009765625,4724.85009765625,5655300.0,-0.09136627848561496,-0.17200136395471566,-0.27312237228270464,-0.1372972783098022,-0.06413591969155585
2022-06-24,4714.25,4761.75,4437.2998046875,4596.60009765625,4596.60009765625,7793800.0,-0.02714371828719353,-0.11798904391130194,-0.2903415119108447,-0.16314382103377623,-0.120091132993415
2022-07-01,4683.10009765625,4808.0,4571.2998046875,4696.5,4696.5,5542100.0,0.021733433455455087,-0.11865707623906141,-0.3047938160797481,-0.14945443020781457,-0.08451181200840407
2022-07-08,4653.25,4908.7998046875,4551.5498046875,4799.5498046875,4799.5498046875,6225100.0,0.021941830019695407,-0.07700081262046343,-0.2757582911290931,-0.1557297514904996,-0.08989120983584487
2022-07-15,4776.5,4947.85009765625,4751.0498046875,4830.7001953125,4830.7001953125,6259700.0,0.006490273440766581,0.0224028478086018,-0.249966964738355,-0.17724899075871547,-0.10398227323354992
2022-07-22,4888.5,5130.35009765625,4872.5498046875,5094.10009765625,5094.10009765625,6072700.0,0.0545262367139534,0.10823216930567203,-0.1949014184720076,-0.10935296105274894,-0.04850754912499178
2022-07-29,5086.2998046875,5517.4501953125,5081.5,5485.7998046875,5485.7998046875,7995900.0,0.07689281708686235,0.16806128067443837,-0.09564790559058689,0.0036132125951473526,-0.04931248332476845
2022-08-05,5551.0,5685.25,5462.5498046875,5595.85009765625,5595.85009765625,9580500.0,0.020060938584509413,0.16591145531838003,0.053227487669934126,-0.040080607658246836,-0.04202795516373914
2022-08-12,5617.0498046875,5878.35009765625,5590.75,5853.4501953125,5853.4501953125,7192700.0,0.04603413121522726,0.21171878995770266,0.02577831628603855,-0.02827942742095113,0.00933740148788842
2022-08-19,5869.0498046875,6022.7001953125,5784.89990234375,5883.25,5883.25,4380300.0,0.005090981163786701,0.15491448680147268,0.12889763024081358,0.018145178497203318,0.10256838700786397
2022-08-26,5856.9501953125,5954.5,5651.64990234375,5902.7001953125,5902.7001953125,7355200.0,0.0033060290336972553,0.0759962823048641,0.10769787037602097,0.0505454980916995,0.07464452553771217
2022-09-02,5724.35009765625,5949.85009765625,5706.75,5887.7001953125,5887.7001953125,5416400.0,-0.0025412098706811825,0.052154738344132534,0.13226088215613552,-0.020373819126125126,0.02943517965882858
2022-09-09,5908.14990234375,6111.9501953125,5902.25,6025.2998046875,6025.2998046875,6146600.0,0.02337068886159499,0.029358686525191358,0.2752361831915757,-0.02661529473886315,0.045124568614944405
2022-09-16,6065.85009765625,6308.25,6051.7998046875,6137.64990234375,6137.64990234375,9175500.0,0.01864639126651335,0.04324138908660169,0.33525861983801075,-0.0074630330543312695,0.07984021339243719
2022-09-23,6156.60009765625,6265.39990234375,6010.9501953125,6027.35009765625,6027.35009765625,6694100.0,-0.017971016014676988,0.02111743748102568,0.2833706159174385,-0.07274392840965682,0.09624056664849667
2022-09-30,5971.25,5973.0,5600.25,5768.2001953125,5768.2001953125,8183500.0,-0.042995661135483254,-0.020296549762357174,0.201821093653193,-0.10946087485656197,0.022948215064743094
2022-10-07,5772.0,5968.25,5555.0,5931.5498046875,5931.5498046875,4365100.0,0.028318990992674875,-0.015559391737995365,0.2278861375920651,-0.12197378804434955,0.044020382257569546
2022-10-14,5844.7998046875,5951.85009765625,5718.2998046875,5767.2001953125,5767.2001953125,5179200.0,-0.027707701155121445,-0.06035693024618238,0.1321332688311203,-0.1297419352176702,-0.04186602734965472
2022-10-21,5740.5,5826.35009765625,5656.10009765625,5748.35009765625,5748.35009765625,4516100.0,-0.0032685006619973533,-0.046288998561488826,0.04785998438083827,-0.10748912224456919,0.010237078258780175
2022-10-28,5791.7998046875,5981.14990234375,5765.75,5883.35009765625,5883.35009765625,4789900.0,0.023484999644514115,0.01996288243208455,0.05137735911124852,-0.07016416492582755,0.05750983228397999
2022-11-04,5883.25,6332.7001953125,5855.2998046875,6324.14990234375,6324.14990234375,7213400.0,0.07492326605943456,0.06618845168357046,0.080414062019045,0.042556858282847054,0.10989911908082362
2022-11-11,6367.2998046875,6459.5,6293.25,6447.2001953125,6447.2001953125,6169300.0,0.019457206876634547,0.11790816634953893,0.09585691502358396,0.21346504029086688,0.12542112093558533
2022-11-18,6480.39990234375,6603.2001953125,6367.60009765625,6444.39990234375,6444.39990234375,6267800.0,-0.0004343424872684798,0.12108688456037098,0.09177150949686186,0.12933833221880953,0.18814875244268903
2022-11-25,6505.14990234375,6506.35009765625,6370.0,6455.14990234375,6455.14990234375,4697000.0,0.0016681149777950655,0.09718949156455747,0.09637883863091834,0.238635690750024,0.21251935240079822
2022-12-02,6427.7998046875,6715.60009765625,6371.0,6694.5,6694.5,6929900.0,0.03707893717066835,0.05856124591844303,0.11106504522677563,0.25628663965029364,0.24146949804117934
2022-12-09,6739.7998046875,6835.35009765625,6645.14990234375,6681.5498046875,6681.5498046875,5683600.0,-0.001934452955784649,0.03634905110366926,0.08861696431007804,0.28492573077153494,0.18071531923019135
2022-12-16,6661.9501953125,6827.85009765625,6592.39990234375,6657.7001953125,6657.7001953125,4040600.0,-0.003569472663104034,0.033098550090160384,0.10458162997722042,0.4090817820051127,0.21561868841988474
2022-12-23,6667.85009765625,6802.9501953125,6205.5,6228.0,6228.0,4342500.0,-0.06454183617565712,-0.035188943057894884,0.07971287214704414,0.35491447323763947,0.1338685488996849
2022-12-30,6422.4501953125,6804.60009765625,6411.64990234375,6723.39990234375,6723.39990234375,5459900.0,0.07954397918171963,0.004316962035066041,0.13349801042393317,0.4315766852642926,0.21762120746932578
2023-01-06,6768.5,6907.35009765625,6668.2001953125,6697.2998046875,6697.2998046875,3078121700.0,-0.0038819790634723184,0.0023572375362599374,0.16127402862327744,0.3954016683286743,0.1780961132904213
2023-01-13,6766.10009765625,6879.14990234375,6657.5,6869.7998046875,6869.7998046875,6036700.0,0.02575664895265195,0.03185778919938942,0.19509071089606977,0.42211263935477783,0.17004460928393028
2023-01-20,6895.64990234375,6919.60009765625,6709.10009765625,6805.25,6805.25,6453500.0,-0.009396169688009715,0.09268625561978161,0.15669642075371426,0.33590818192422933,0.18982266653622037
2023-01-27,6816.0,6843.0498046875,6323.85009765625,6389.25,6389.25,4154400.0,-0.06112927519194744,-0.049699542968917654,0.010293889085728924,0.16468887445373426,0.16889714296433866
2023-02-03,6426.4501953125,6551.2001953125,5580.25,5901.9501953125,5901.9501953125,6910700.0,-0.07626870206792657,-0.11875675758435178,-0.08457159441030382,0.05470126831747257,0.01242820058538463
2023-02-10,5882.5498046875,5999.10009765625,5657.5498046875,5773.60009765625,5773.60009765625,6790800.0,-0.021747065530676513,-0.15956792602359027,-0.10409034430708408,-0.013641543874447715,-0.041535196245491735
2023-02-17,5772.4501953125,5906.7998046875,5658.75,5807.7001953125,5807.7001953125,4542000.0,0.0059062105236717954,-0.1465853281933066,-0.10029971678832317,-0.01284150846683385,0.005070658567065456
2023-02-24,5783.4501953125,5824.60009765625,5429.39990234375,5443.60009765625,5443.60009765625,4210900.0,-0.06269264690180143,-0.1480064017441406,-0.1868548662848234,-0.07777797998631786,-0.031163808633592915
2023-03-03,5435.75,5694.39990234375,5209.35009765625,5667.89990234375,5667.89990234375,8187700.0,0.04120431344397857,-0.03965643308116007,-0.15170879990037867,-0.03733211367381517,-0.056945335068353975
2023-03-10,5726.7998046875,5799.60009765625,5548.14990234375,5635.7001953125,5635.7001953125,5236100.0,-0.0056810648716528744,-0.02388456076127088,-0.1535064616937184,-0.06466061806117984,-0.08955495139234759
2023-03-17,5660.35009765625,5733.5498046875,5409.7001953125,5602.60009765625,5602.60009765625,6843900.0,-0.005873289300197482,-0.03531520064031368,-0.10041745381241973,-0.08717502842304248,-0.0939874713587403
2023-03-24,5565.7001953125,5568.2001953125,5358.35009765625,5372.89990234375,5372.89990234375,4074300.0,-0.04099885612192655,-0.012987764355236187,-0.2008656363768011,-0.10858008655694062,-0.17342547292338506
2023-03-31,5390.75,5546.89990234375,5304.4501953125,5497.4501953125,5497.4501953125,3962800.0,0.023181204793042864,-0.03007281532279127,-0.1791542329544833,-0.04693838473567957,-0.15126134293472004
2023-04-07,5523.35009765625,5556.7001953125,5436.0498046875,5528.10009765625,5528.10009765625,2359700.0,0.005575294228201244,-0.019092587243328962,-0.195304047450664,-0.06801758736180852,-0.18169501262200072
2023-04-14,5548.89990234375,5717.7001953125,5538.7001953125,5710.0498046875,5710.0498046875,3293100.0,0.03291360572656621,0.019178543026156625,-0.16093460127291426,-0.009909555536402381,-0.13836580584163272
2023-04-21,5704.2998046875,5839.89990234375,5644.2001953125,5677.89990234375,5677.89990234375,3968700.0,-0.00563040664152481,0.05676636556488868,-0.11133546154184759,-0.012255724532370449,-0.11842748970448391
2023-04-28,5666.60009765625,5805.35009765625,5647.2998046875,5799.39990234375,5799.39990234375,3066500.0,0.02139875695058424,0.05492541019993458,-0.017375662209111575,-0.014269114351352807,-0.08343209878448654
2023-05-05,5828.39990234375,5911.25,5787.10009765625,5807.0498046875,5807.0498046875,3986600.0,0.0013190851592521646,0.05046032128642475,0.00579356146346699,-0.0817659457225407,-0.04268878920417074
2023-05-12,5835.2998046875,5914.2001953125,5683.5,5690.89990234375,5690.89990234375,3830700.0,-0.02000153369616231,-0.0033537189689710756,-0.020111281409295523,-0.11730677969618897,0.07111736414043923
2023-05-19,5698.5498046875,5753.64990234375,5544.9501953125,5618.0498046875,5618.0498046875,3868200.0,-0.012801156039705996,-0.010540886363908042,0.03204675286605996,-0.1282276255630438,-0.01547404057893631
2023-05-26,5641.9501953125,5993.4501953125,5620.25,5935.39990234375,5935.39990234375,5186100.0,0.05648759065671949,0.023450702191624595,0.047195611180321784,-0.08051710771446041,0.13890432741892922
2023-06-02,5973.2998046875,6016.25,5848.39990234375,5956.0,5956.0,5643000.0,0.003470717726722361,0.025649891136161118,0.05683407448712585,-0.11031443722458734,0.11770008600450343
2023-06-09,5991.14990234375,6149.25,5943.5498046875,6039.35009765625,6039.35009765625,4735700.0,0.01399430786706679,0.06122936640811294,0.07795487673352008,-0.09611538128185604,0.1614246042395613
2023-06-16,6068.35009765625,6265.2998046875,6048.2001953125,6231.5,6231.5,4641000.0,0.0318163211664646,0.10919272997556173,0.15980199022165187,-0.06401612911506227,0.3188778207145915
2023-06-23,6260.85009765625,6285.2001953125,6023.14990234375,6037.2001953125,6037.2001953125,4531700.0,-0.031180262326486408,0.017151378954019858,0.09818188083999879,-0.03063580678990041,0.3134055752186913
2023-06-30,6037.7998046875,6238.14990234375,5988.60009765625,6209.10009765625,6209.10009765625,3371300.0,0.028473447423065235,0.042494979458739035,0.1231887968686971,-0.07649400781711901,0.3220696471108804
2023-07-07,6254.39990234375,6343.5498046875,6243.10009765625,6279.25,6279.25,4448500.0,0.011297917772372434,0.03972280104060366,0.09968392829870454,-0.06242064964672822,0.30829978967347005
2023-07-14,6300.35009765625,6487.14990234375,6284.7001953125,6469.4501953125,6469.4501953125,6311700.0,0.030290272773420446,0.03818505902471325,0.13940899039837085,-0.058276750525077525,0.33923653585253977
2023-07-21,6500.39990234375,6554.85009765625,6427.4501953125,6442.2998046875,6442.2998046875,4422000.0,-0.004196707572564962,0.06710057580822548,0.11085628050652807,-0.05333385185151174,0.2646590528622601
2023-07-28,6442.10009765625,6674.60009765625,6384.60009765625,6640.7998046875,6640.7998046875,5171900.0,0.030811978023060682,0.0695269363098534,0.1435754863557377,0.03937078760222246,0.21054359275252388
2023-08-04,6643.64990234375,6819.85009765625,6532.75,6622.89990234375,6622.89990234375,9000700.0,-0.0026954437522894725,0.054727857999562035,0.16377023247521239,0.12215448846109367,0.18353776222806006
2023-08-11,6655.7001953125,6747.10009765625,6537.60009765625,6688.85009765625,6688.85009765625,5042700.0,0.009957903076439623,0.03391322225538085,0.19060000003476518,0.1585232756892081,0.1427192295943247
2023-08-18,6643.5,6648.14990234375,6433.5498046875,6493.7001953125,6493.7001953125,3247600.0,-0.029175403768149866,0.007978577865562997,0.09406279309811794,0.11811904487660763,0.10376070969489648
2023-08-25,6534.35009765625,6708.2001953125,6510.0498046875,6519.35009765625,6519.35009765625,4493700.0,0.0039499671331093555,-0.018288415643176403,0.09458530853865854,0.1976173820084921,0.10446912123936913
2023-09-01,6563.7001953125,6867.75,6525.10009765625,6851.0,6851.0,7282600.0,0.050871620234504755,0.03444112111305331,0.1343935836173391,0.20873694279022503,0.1636122378402407
2023-09-08,6911.4501953125,7064.2001953125,6851.0,6977.89990234375,6977.89990234375,2767322800.0,0.018522829126222495,0.04321367656135422,0.11977852882030815,0.2381602392809372,0.15810003295025354
2023-09-15,7020.35009765625,7168.5,6851.5,7035.7998046875,7035.7998046875,7444800.0,0.008297611481113742,0.08348084960348445,0.1654077348884917,0.2558097458411861,0.14633449555354705
2023-09-22,7073.10009765625,7073.10009765625,6722.75,6761.7998046875,6761.7998046875,4188300.0,-0.03894368907674883,0.03718924484795072,0.08901446237593724,0.2585009822606017,0.12185283667475066
2023-09-29,6783.2001953125,6869.9501953125,6690.4501953125,6839.2998046875,6839.2998046875,5185400.0,0.011461445508379908,-0.0017078083947599243,0.0891905569435043,0.24408581464169554,0.18569043602984237
2023-10-06,6833.5,6837.39990234375,6686.0498046875,6744.39990234375,6744.39990234375,3707000.0,-0.013875675150065492,-0.0334627901328266,0.04249970225143196,0.22002130627178307,0.13703840048917448
2023-10-13,6673.4501953125,6910.5,6586.7001953125,6820.7998046875,6820.7998046875,5352200.0,0.011327902178101867,-0.030558004202558386,0.05875231073918652,0.19452544863762178,0.18268823236470122
2023-10-20,6827.0,6967.60009765625,6694.10009765625,6712.75,6712.75,4475600.0,-0.015841222111994013,-0.007253956949967222,0.010834567737113998,0.18225930633773224,0.16776986195342558
2023-10-27,6725.0,6729.2001953125,6348.7001953125,6453.10009765625,6453.10009765625,3707800.0,-0.038680109097426585,-0.05646772594565275,-0.025638286429092827,0.11271859266823725,0.09684108382857781
2023-11-03,6478.39990234375,6521.5498046875,6346.2998046875,6479.14990234375,6479.14990234375,4019900.0,0.004036789185551504,-0.03932892530702736,-0.03135070935226647,0.11573864875650375,0.02450922296173852
2023-11-10,6527.0498046875,6664.64990234375,6505.75,6646.0498046875,6646.0498046875,4387300.0,0.025759537108930974,-0.025620162591475815,0.023461139996111102,0.1678381132569875,0.030842784984337124
2023-11-17,6692.7998046875,6851.4501953125,6670.64990234375,6803.89990234375,6803.89990234375,4212300.0,0.023750965204160535,0.013578623119250732,0.04364695873439861,0.21107860180712867,0.05578486832718976
2023-11-24,6820.14990234375,6891.2001953125,6767.0498046875,6874.25,6874.25,4369200.0,0.010339672638631336,0.06526319070995212,0.0033936651583710287,0.15817806939773682,0.06492492103151348
2023-12-01,6949.0498046875,7127.35009765625,6922.7001953125,7087.0,7087.0,5367100.0,0.03094883078153976,0.09381633498499053,0.015635090669558815,0.18989254533243782,0.058630218836358106
2023-12-08,7270.4501953125,7512.64990234375,7190.0498046875,7362.89990234375,7362.89990234375,7950100.0,0.038930422229963346,0.10786107819274116,0.04649081934342769,0.21915434331272543,0.10197485876379209
2023-12-15,7388.85009765625,7751.14990234375,7355.10009765625,7735.35009765625,7735.35009765625,10376700.0,0.05058471529593134,0.13689945600046838,0.14397798235520853,0.24133035347127496,0.16186518928901195
2023-12-22,7712.10009765625,7799.0498046875,7310.4501953125,7652.64990234375,7652.64990234375,11029300.0,-0.010691202630577434,0.11323415679437754,0.1189230068696212,0.2675825970266057,0.22874918149385848
2023-12-29,7698.0498046875,8016.4501953125,7674.64990234375,7978.0,7978.0,11268800.0,0.04251469775934824,0.1257231550726683,0.18290731799986548,0.2848882888860911,0.18660203407191367
2024-01-05,8017.9501953125,8045.9501953125,7823.0,7871.7998046875,7871.7998046875,7516100.0,-0.013311631400413693,0.06911677587546139,0.15408750148006312,0.25362102236533035,0.17536918373849075
2024-01-12,7915.2001953125,7940.0498046875,7729.75,7898.35009765625,7898.35009765625,6154600.0,0.0033728364068583705,0.021072090848142544,0.17661913487858927,0.2208688310761049,0.14972056278363954
2024-01-19,7941.39990234375,7973.2001953125,7484.9501953125,7732.35009765625,7732.35009765625,8948700.0,-0.021017047604569794,0.010414718604609075,0.1982380531280803,0.20024685781156792,0.1362330697118035
2024-01-26,7780.5498046875,7792.0498046875,7470.14990234375,7719.64990234375,7719.64990234375,6020400.0,-0.0016424754637467398,-0.03238281494813866,0.1914603024620969,0.16245785588879347,0.20822473722952606
2024-02-02,7766.64990234375,8115.2001953125,7748.5,8078.25,8078.25,9704700.0,0.04645289646456319,0.026226555607977042,0.21549645840787424,0.21974514474259577,0.36874248895153006
2024-02-09,8120.5498046875,8348.25,7935.2998046875,8095.60009765625,8095.60009765625,11741500.0,0.0021477544834895834,0.024973570120490285,0.18984703094581779,0.21031268147165094,0.40217541234672605
2024-02-16,8135.75,8182.9501953125,7547.2001953125,7976.4501953125,7976.4501953125,11967300.0,-0.014717859195916172,0.031568681522870845,0.16033751977488464,0.22833668869873724,0.373426645154727
2024-02-23,8004.5498046875,8118.89990234375,7904.5,8047.75,8047.75,6898700.0,0.008938788927610908,0.04250194008884223,0.13556511923239745,0.23444053156360178,0.4783874376563719
2024-03-01,8058.5,8225.650390625,7812.0,8208.5,8208.5,10130100.0,0.01997452704171976,0.01612354160864049,0.11484606729300761,0.19814625602101876,0.44824364251840065
2024-03-08,8337.0,8436.5498046875,8097.2001953125,8371.2998046875,8371.2998046875,8841200.0,0.019833076041603226,0.034055499741281414,0.0822134355914852,0.19968757388963576,0.48540545354955866
2024-03-15,8407.7998046875,8410.25,7578.35009765625,7802.64990234375,7802.64990234375,10041100.0,-0.06792850759273195,-0.021789177981815344,0.019601053480057917,0.10899259770656733,0.39268371226564125
2024-03-22,7781.60009765625,8169.4501953125,7742.60009765625,8130.7998046875,8130.7998046875,10869400.0,0.04205621249842073,0.010319630292628279,0.0191526453606794,0.20246088904480208,0.5132982099928396
2024-03-29,8109.10009765625,8320.900390625,8103.7001953125,8257.2001953125,8257.2001953125,4389400.0,0.015545874165064255,0.005932898253334873,0.04895962806314014,0.20731660127740037,0.5020054574306376
2024-04-05,8343.5,8813.0498046875,8335.2998046875,8699.0498046875,8699.0498046875,11902500.0,0.053510826784341825,0.03915162610906342,0.10137556541952342,0.28981820927677915,0.5736056965349883
2024-04-12,8789.2998046875,9054.9501953125,8712.2001953125,8951.2998046875,8951.2998046875,10742000.0,0.02899741990947957,0.14721279523238895,0.15764285005676681,0.3123533985759035,0.5676395322049888
2024-04-19,8902.2998046875,9060.7998046875,8670.5,8909.0,8909.0,9204700.0,-0.004725548871164942,0.09571016554409062,0.15406788037047559,0.3271758966146512,0.5690660549197954
2024-04-26,8995.7001953125,9377.099609375,8879.4501953125,9222.650390625,9222.650390625,11233200.0,0.03520601533561574,0.11692222211840919,0.14166439397456143,0.4291813626096772,0.5902766744707135
2024-05-03,9320.2998046875,9401.5498046875,9162.2001953125,9276.2998046875,9276.2998046875,7302200.0,0.005817136266710987,0.06635782217144537,0.14584461840859375,0.4317155714103662,0.5974203970490475
2024-05-10,9326.25,9338.25,8807.849609375,8977.4501953125,8977.4501953125,6817300.0,-0.032216467305636765,0.002921407080042737,0.12549442113839748,0.3507949021057062,0.5775097698722853
2024-05-17,8970.599609375,9582.5,8789.9501953125,9557.9501953125,9557.9501953125,7598600.0,0.064662012862305,0.07284209174009426,0.1876549588782579,0.4047752513260898,0.7012932472292588
2024-05-24,9671.4501953125,10060.25,9645.2998046875,9928.400390625,9928.400390625,8735100.0,0.03875833078667634,0.0765235556058168,0.2095267577054274,0.44428852465723523,0.6727432951408223
2024-05-31,9997.75,10022.5498046875,9517.400390625,9723.599609375,9723.599609375,9986700.0,-0.020627772167950198,0.04821963650436034,0.16154000408995994,0.37203324529067316,0.6325721305196441
2024-06-07,10195.599609375,10195.599609375,8534.9501953125,9833.599609375,9833.599609375,13505100.0,0.011312683000022306,0.09536665706143732,0.26028973905662434,0.33556068122626237,0.6282546052747002
2024-06-14,9853.4501953125,9937.849609375,9750.349609375,9912.099609375,9912.099609375,6480200.0,0.007982834680920092,0.03705286246795736,0.21908051452214572,0.28140284334102583,0.5906442444636122
2024-06-21,9957.2998046875,10042.849609375,9747.0498046875,9990.900390625,9990.900390625,5678300.0,0.007949958571387805,0.006295072473005536,0.20996223348159804,0.305547819137149,0.6548896951242889
2024-06-28,9912.849609375,9994.5,9646.099609375,9814.2998046875,9814.2998046875,9216000.0,-0.017676143193581795,0.009327841432821948,0.1282036573004841,0.23017044430778388,0.5806315972248708
2024-07-05,9849.650390625,10027.9501953125,9798.349609375,9970.5,9970.5,2777200.0,0.01591557201440863,0.013921696638378833,0.1138605808710349,0.2666099554593304,0.5878488673010311
2024-07-12,9992.849609375,9993.7001953125,9600.099609375,9708.2001953125,9708.2001953125,5974700.0,-0.026307587852916092,-0.020570759183013987,0.08970705974997184,0.22914280517817298,0.5006221397834805
2024-07-19,9721.5498046875,9821.900390625,9241.150390625,9256.2998046875,9256.2998046875,5252500.0,-0.04654831807477511,-0.07352696525998947,0.0036485622502513415,0.19708752032492338,0.4368005347954309
2024-07-26,9211.25,9448.349609375,8964.0498046875,9423.400390625,9423.400390625,6796700.0,0.01805263328364526,-0.03982957743717985,0.01585767914305314,0.22070307719058313,0.41901588178781757
2024-08-02,9510.75,9759.599609375,9301.5,9314.5498046875,9314.5498046875,7695600.0,-0.011551094236194381,-0.06578909736848704,0.037549593931583525,0.15304054772846842,0.4064156097831424
2024-08-09,9077.2001953125,9152.0498046875,8797.599609375,9038.2998046875,9038.2998046875,7480500.0,-0.029657901432979417,-0.0690035616435325,-0.05436839280454209,0.11644593305741102,0.3512486709568343
2024-08-16,8970.2001953125,9171.5,8727.7998046875,8994.099609375,8994.099609375,6467100.0,-0.0048903218821726435,-0.02832667489656271,-0.0941038580728698,0.12758174239720566,0.3850500236933363
2024-08-23,9033.4501953125,9352.4501953125,9031.4501953125,9290.5,9290.5,6472600.0,0.03295498198797442,-0.014103230799491162,-0.04454107807538965,0.15442204342828747,0.42506536093835434
2024-08-30,9349.7998046875,9518.4501953125,9266.650390625,9405.25,9405.25,6161900.0,0.01235132662397076,0.009737474941285518,-0.04355979767232199,0.14579399403057813,0.3728287841191067
2024-09-06,9437.599609375,9449.25,9101.9501953125,9161.150390625,9161.150390625,4601800.0,-0.025953548217750755,0.013592222939295073,-0.07576086281858407,0.09435220388298893,0.31288074045715897
2024-09-13,9136.099609375,9442.650390625,8993.349609375,9370.650390625,9370.650390625,5675900.0,0.022868307043009573,0.04186642327793466,-0.06208149173241828,0.20095743214241302,0.33185290240662324
2024-09-20,9432.7998046875,9500.849609375,9122.9501953125,9404.2998046875,9404.2998046875,5340700.0,0.0035909368784226015,0.012249050609493661,-0.04177577699472523,0.1566266579661466,0.3907983194308906
2024-09-27,9461.650390625,10167.400390625,9403.400390625,10064.599609375,10064.599609375,11451100.0,0.07021254302828361,0.07010442140028172,0.009437802454741462,0.21888768242394518,0.4715833340829647
2024-10-04,10124.099609375,10322.0498046875,9979.400390625,10113.2001953125,10113.2001953125,8215500.0,0.004828864318877635,0.10392251672473063,0.04171731029975567,0.16256377677743394,0.4994959287331193
2024-10-11,10157.75,10177.599609375,9574.7001953125,9932.7001953125,9932.7001953125,7372800.0,-0.01784796073587691,0.05997980729809438,0.07307459837055652,0.10963775228610628,0.45623687540079816
2024-10-18,9968.0498046875,10062.650390625,9484.2001953125,9753.900390625,9753.900390625,5773400.0,-0.018001127706631093,0.03717454708996448,0.035072265456193685,0.09483672585307001,0.4530409132806972
2024-10-25,9802.7998046875,9858.75,8924.5498046875,9048.9501953125,9048.9501953125,6063300.0,-0.07227367177032751,-0.10091304706413162,-0.02851448700626824,-0.018834086510431947,0.4022640371871895
2024-11-01,9056.599609375,9427.849609375,9001.75,9390.2998046875,9390.2998046875,3816500.0,0.03772256471826152,-0.07148087417077598,0.03894537773768514,0.012289382878978738,0.449310472241224
2024-11-08,9393.5,9671.25,9118.7001953125,9308.900390625,9308.900390625,8179800.0,-0.008668457424742315,-0.06280264101617472,0.0350008110786173,0.03692030455212825,0.40066666127891115
2024-11-15,9281.599609375,9304.4501953125,8802.2001953125,8828.7001953125,8828.7001953125,5009000.0,-0.051585061088000206,-0.09485438217123476,-0.04970666860637207,-0.07629774011143575,0.29759407428543505
2024-11-22,8918.2998046875,9129.650390625,8652.150390625,8846.2001953125,8846.2001953125,6772900.0,0.0019821717368193603,-0.02240591401475811,-0.059440185501448695,-0.1090004585566855,0.28686041318143807
2024-11-29,8973.599609375,9074.849609375,8864.099609375,9034.0,9034.0,5680400.0,0.02122943190761295,-0.03794338967853195,-0.013879303930554254,-0.07092019797998705,0.27472837589953425
2024-12-06,9032.5,9416.599609375,8996.2998046875,9397.150390625,9397.150390625,4777800.0,0.04019818359807403,0.009480174488586846,0.002827978730965297,-0.04438346445729857,0.27628387120049114
2024-12-13,9397.599609375,9605.349609375,9239.099609375,9439.2998046875,9439.2998046875,6454900.0,0.004485339949922507,0.06916075932663235,0.0037217018520139256,-0.047699258817003765,0.22028087746765768
2024-12-20,9446.4501953125,9469.900390625,8788.9501953125,8813.25,8813.25,5127300.0,-0.06632375468958063,-0.003724785171599465,-0.12433178247939336,-0.11787229824952039,0.15165989722080409
2024-12-27,8902.0498046875,8979.4501953125,8707.650390625,8720.7001953125,8720.7001953125,3874600.0,-0.010501211776302699,-0.03468007579007082,-0.1376913314388286,-0.11142920342138674,0.09309353162603418
2025-01-03,8720.849609375,8817.150390625,8573.349609375,8729.9501953125,8729.9501953125,4347200.0,0.0010606946452502708,-0.07100026790867664,-0.12108993288326664,-0.1244220254438092,0.10901577935378759
2025-01-10,8740.650390625,8740.7998046875,8204.4501953125,8262.9501953125,8262.9501953125,5303200.0,-0.053494005068981165,-0.12462254973518605,-0.1528568198979695,-0.14886899434746137,0.046161551861880756
2025-01-17,8194.650390625,8556.349609375,7935.35009765625,8521.7001953125,8521.7001953125,5579800.0,0.031314481375766645,-0.03308085038861941,-0.058266427444050195,-0.07936212362125417,0.10208411255143623
2025-01-24,8558.2998046875,8696.4501953125,8332.099609375,8438.7998046875,8438.7998046875,4929500.0,-0.00972815151025852,-0.03232543079241801,-0.10132796820022993,-0.1044846387846412,0.09315835710702514
2025-01-31,8333.4501953125,8437.5498046875,8055.14990234375,8399.7001953125,8399.7001953125,4487100.0,-0.0046333140114641624,-0.0378295399872185,-0.09766998863025289,-0.09821726530622088,0.03979205834339128
2025-02-07,8187.9501953125,8611.900390625,7979.5498046875,8585.7998046875,8585.7998046875,5223600.0,0.02215550615471429,0.03907195393216223,-0.027512587951957546,-0.05006472564290487,0.06055137372375485
2025-02-14,8560.900390625,8563.75,8060.4501953125,8187.5,8187.5,6648300.0,-0.04639053014840211,-0.03921754903984209,-0.07446137107111117,-0.08968097357230076,0.026459113956672997
2025-02-21,8155.39990234375,8657.2998046875,8028.7998046875,8609.7001953125,8609.7001953125,5099500.0,0.05156643606870226,0.02025174131161034,-0.046966991884824005,-0.07327913510440776,0.06982699454039953
2025-02-28,8506.150390625,8557.0498046875,8119.5498046875,8219.25,8219.25,4696100.0,-0.045350033851942806,-0.02148293285672287,-0.12534655099274816,-0.1260997846947184,0.0013096180788207956
2025-03-07,8244.7001953125,8978.0498046875,8085.5498046875,8926.900390625,8926.900390625,7641200.0,0.08609671084648851,0.03972845788359436,-0.05428362533924869,-0.02556993281539377,0.06636969155332273
2025-03-14,8924.650390625,9042.7998046875,8715.150390625,8777.650390625,8777.650390625,4813800.0,-0.01671912908950368,0.07207943702290076,-0.004039328213201743,-0.06328269386650853,0.1249576106174366
2025-03-21,8810.2001953125,9291.650390625,8803.849609375,9203.5498046875,9203.5498046875,7631900.0,0.04852089056968856,0.06897448179418819,0.05536821568921013,-0.021346618479765822,0.13193658997501667
2025-03-28,9261.25,9305.5498046875,9045.099609375,9092.5,9092.5,5762000.0,-0.012065975307803622,0.10624448702740508,0.04152942417497063,-0.09658601902747388,0.10116017353699247
2025-04-04,9015.849609375,9127.0498046875,8375.349609375,8414.4501953125,8414.4501953125,5529500.0,-0.07457242834066535,-0.05740516561052633,0.01833485576204308,-0.16797353628848122,-0.032716171968764085
2025-04-11,7691.0,8229.0,7690.2001953125,8168.2998046875,8168.2998046875,8376900.0,-0.029253294619549175,-0.06942069447062038,-0.04147064347785834,-0.17763552266056182,-0.08747332980512712
2025-04-18,8332.400390625,8515.900390625,8282.849609375,8476.5,8476.5,3805000.0,0.03773125407757871,-0.07899667194903459,0.004467483076391776,-0.13096303421888322,-0.04854641373891566
2025-04-25,8502.75,8833.75,8469.0,8569.75,8569.75,6457000.0,0.011001002772370594,-0.05749243882320598,0.020244746923514967,-0.05295644079914741,-0.07079314112228363
2025-05-02,8554.2001953125,8762.400390625,8458.599609375,8518.400390625,8518.400390625,3923500.0,-0.005991961186148975,0.012353771535828617,-0.007850103146558651,-0.09285107314968377,-0.08170277265936554
2025-05-09,8523.099609375,8655.599609375,8256.2001953125,8420.5498046875,8420.5498046875,4556800.0,-0.011486967206330245,0.03088157952469417,0.028464098282442674,-0.09543023865978395,-0.06203324758245732
2025-05-16,8641.900390625,9242.900390625,8620.650390625,9201.849609375,9201.849609375,7138500.0,0.09278489205687857,0.0855718291010441,0.06877700740205706,0.04226549840945104,-0.03725700371530938
2025-05-23,9222.099609375,9343.349609375,9111.0,9249.599609375,9249.599609375,6589300.0,0.005189174136398744,0.07933132347793115,0.1253581055905344,0.04560143396667149,-0.06836960180322349
2025-05-30,9282.900390625,9384.4501953125,9178.75,9193.25,9193.25,5923600.0,-0.006092113362170415,0.07922257447744663,0.029836740382442217,0.017627850343148177,-0.05454251827313661
2025-06-06,9130.75,9418.650390625,9047.9501953125,9406.4501953125,9406.4501953125,5595000.0,0.023190949371821645,0.11708266247367538,0.0716364604084816,0.0009896409337855072,-0.04343774721672322
2025-06-13,9450.0498046875,9581.7998046875,9156.900390625,9258.7998046875,9258.7998046875,5069000.0,-0.01569671741828582,0.006188994357664512,0.006003118489331216,-0.019122181065841848,-0.06590932601904043
2025-06-20,9272.5,9381.650390625,8997.349609375,9138.599609375,9138.599609375,5938500.0,-0.012982265287952988,-0.012000519448160274,0.005070069769040453,0.03691596282585885,-0.08530770480403949
2025-06-27,9083.0,9678.4501953125,9064.099609375,9578.2001953125,9578.2001953125,5679700.0,0.04810371443415984,0.041873134670818324,0.1383037480747462,0.09832926035697431,-0.02405669421900425
2025-07-04,9604.2001953125,9786.150390625,9453.2998046875,9580.400390625,9580.400390625,5975300.0,0.00022970863707527656,0.01849265043673798,0.17287570482258063,0.09741753117550944,-0.03912538081089212
2025-07-11,9577.900390625,9578.5498046875,9266.650390625,9382.849609375,9382.849609375,4178800.0,-0.02062030533121717,0.013398043731834175,0.1069249819353506,0.13553263514740888,-0.03351296629570866
2025-07-18,9379.650390625,9509.0498046875,9334.0498046875,9458.2001953125,9458.2001953125,4245400.0,0.00803067181874173,0.034972599697838946,0.10367282538142897,0.10989591026860301,0.021812213831141847
2025-07-25,9510.900390625,9644.75,9406.400390625,9425.099609375,9425.099609375,4359600.0,-0.003499670683002165,-0.015984275001103665,0.10644007996476379,0.116876786689458,0.0001803190652591713
2025-08-01,9418.099609375,9464.599609375,9086.349609375,9102.349609375,9102.349609375,4164400.0,-0.034243669921426134,-0.049898831130043564,0.08096856149558773,0.08365172538593901,-0.02278158362583571
2025-08-08,9127.400390625,9374.2998046875,9102.150390625,9147.099609375,9147.099609375,3361100.0,0.004916313031297914,-0.025125629186728893,-0.005949890763724208,0.06537536600621108,0.0120376406004008
2025-08-15,9153.349609375,9424.75,9134.4501953125,9216.25,9216.25,3386000.0,0.007559816070454417,-0.025580997474806133,-0.003605519242281363,0.12564885496183198,0.024699569748309447
2025-08-22,9335.0,9538.9501953125,9290.75,9375.4501953125,9375.4501953125,4237600.0,0.017273858164926104,-0.005267786667539798,0.019818910103880594,0.0889403791803236,0.009143770013723795
2025-08-29,9419.900390625,9477.0,9132.2001953125,9154.7998046875,9154.7998046875,2859700.0,-0.02353491150060394,0.005762269915284168,-0.02675296051111864,0.11382423027496436,-0.026628765350469208
2025-09-05,9169.349609375,9736.150390625,9163.400390625,9681.650390625,9681.650390625,5275400.0,0.05754911054065204,0.05843937467370863,0.04567012948302662,0.08454782365362057,0.05681600866771608
2025-09-12,9722.599609375,9902.349609375,9683.650390625,9883.599609375,9883.599609375,4827600.0,0.020858966250790534,0.07241010273972592,0.08152233732132519,0.1259960433068983,0.054739980403408106
2025-09-19,9900.599609375,10018.7001953125,9833.7998046875,9989.900390625,9989.900390625,4667700.0,0.010755269886607799,0.06553820696735291,0.04298304346509507,0.08543992292376146,0.062269451006401466
2025-09-26,9984.5,10187.349609375,9871.7998046875,9888.25,9888.25,5959000.0,-0.010175315733917945,0.08011646469177336,0.03213327176557779,0.08751718449271384,-0.017521770981404283
2025-10-03,9910.7001953125,10346.9501953125,9910.7001953125,10277.099609375,10277.099609375,5626900.0,0.0393244112330291,0.061502863119968554,0.09530686702113367,0.22136317535043948,0.01620648369429767
2025-10-10,10303.099609375,10373.2998046875,10089.0498046875,10261.5498046875,10261.5498046875,7161400.0,-0.0015130538068653943,0.03824013621049538,0.08493683711338029,0.2562650796434722,0.03310777562079159
2025-10-17,10218.0,10340.7998046875,10053.900390625,10199.2998046875,10199.2998046875,4453200.0,-0.006066335123332323,0.020961111309879543,0.0821423886642445,0.20324424051052903,0.04566372386687467
2025-10-24,10249.9501953125,10457.400390625,10138.349609375,10347.4501953125,10347.4501953125,3461800.0,0.014525545229772785,0.04643897507774386,0.13678892147310018,0.20743897958662738,0.1434973087455651
2025-10-31,10416.4501953125,10837.4501953125,10396.849609375,10612.150390625,10612.150390625,7843800.0,0.0255812002296385,0.03260168666112362,0.1601656091892174,0.24579145191441043,0.13011837868345477
2025-11-07,10644.0498046875,10720.4501953125,10184.5498046875,10426.7998046875,10426.7998046875,3411400.0,-0.01746588383267189,0.01610380528723976,0.1313494973213074,0.23825641395567465,0.12008930884987623
2025-11-14,10474.7998046875,10721.2998046875,10418.5,10494.75,10494.75,8012100.0,0.00651687925205513,0.028967693956472695,0.11938624613963844,0.1405044035177201,0.1887083905705702
2025-11-21,10526.25,10531.5,10121.5,10142.5498046875,10142.5498046875,4337400.0,-0.03355965557183349,-0.019802017575095143,0.10789422172773744,0.09653933500077594,0.14654310107767188
2025-11-28,10163.2998046875,10379.599609375,9997.900390625,10293.0498046875,10293.0498046875,4738800.0,0.014838477788932769,-0.030069361457542132,0.06315032968496093,0.11963122994452458,0.1393679217055015
2025-12-05,10390.900390625,10418.900390625,10168.349609375,10340.349609375,10340.349609375,5806600.0,0.004595314856628674,-0.008291153271556606,0.046212920196276874,0.09928287448201112,0.10037076981240789
2025-12-12,10352.599609375,10553.150390625,9968.400390625,10536.4501953125,10536.4501953125,5981700.0,0.018964599200756993,0.003973433889563838,0.054710235669657825,0.1379930895555337,0.11623217964537602
2025-12-19,10513.650390625,10585.4501953125,10380.7001953125,10521.099609375,10521.099609375,5678600.0,-0.0014569030036633013,0.037322942650234614,0.0640001627563016,0.15128138435802985,0.193782045145094
2025-12-26,10602.4501953125,10836.0498046875,10575.5,10806.150390625,10806.150390625,6555500.0,0.02709324992950357,0.04984922794251245,0.051478607910678154,0.12820260281398688,0.23913793028149954
2026-01-02,10921.599609375,11433.7998046875,10751.0,11421.849609375,11421.849609375,12035500.0,0.056976739772579554,0.10459027410634802,0.1130725696188184,0.19221004798003727,0.3083522074968883
2026-01-09,11469.849609375,11652.7001953125,11036.5498046875,11094.7998046875,11094.7998046875,9643000.0,-0.028633699083120412,0.052992193672912746,0.08780014482841625,0.1824552525708163,0.342716528895634
2026-01-16,11162.150390625,11729.650390625,11048.25,11600.0498046875,11600.0498046875,7550000.0,0.04553935257006936,0.10255108642361721,0.12105393944707665,0.226454247652371,0.361236553600923
2026-01-23,11603.5,11783.900390625,11246.9501953125,11477.7998046875,11477.7998046875,9085700.0,-0.010538747855254882,0.06215436485551762,0.0815715366064953,0.21779082241960723,0.36012230060392314
2026-01-30,11710.599609375,12509.75,11579.599609375,11827.5498046875,11827.5498046875,14010200.0,0.0304718679495668,0.03551965830293402,0.13434131528738802,0.2993952454326374,0.4080918996713634
2026-02-06,11343.099609375,12104.2998046875,11227.900390625,11943.150390625,11943.150390625,10411500.0,0.0097738405541683,0.07646380294118305,0.13801190029538568,0.3056762143908749,0.3910352747922823
2026-02-13,12129.0498046875,12325.099609375,11841.25,11872.7998046875,11872.7998046875,7946200.0,-0.005890454665355538,0.02351283008196936,0.17059319730432532,0.28824628289027543,0.4501129532442749
2026-02-20,11776.5498046875,12098.25,11713.0498046875,11989.9501953125,11989.9501953125,5252700.0,0.009867124229513857,0.04462095517782427,0.16485885357828778,0.27886660859306645,0.3926094896823884
2026-02-27,12109.7998046875,12457.0,11875.2998046875,12240.650390625,12240.650390625,7017600.0,0.02090919405240821,0.03492697919342347,0.18377529319967167,0.33707461132655925,0.4892660997810019
2026-03-06,11909.900390625,12344.7998046875,11671.5,12000.4501953125,12000.4501953125,6804000.0,-0.019623156257813523,0.0047977127318499235,0.13894622694190795,0.23950460005588048,0.3443020163992567
2026-03-13,11751.7001953125,12103.9501953125,11249.5,11292.5,11292.5,6415500.0,-0.05899363638782762,-0.04887640777522351,0.07331936957783669,0.1425493187005067,0.2865060121397629
2026-03-20,11262.25,11676.150390625,11198.7998046875,11412.75,11412.75,7540000.0,0.010648660615452776,-0.04814033302141307,0.056134662895425125,0.1424288084704297,0.24003783781202803
2026-03-27,11215.150390625,11387.650390625,10819.849609375,11161.650390625,11161.650390625,6118600.0,-0.022001674388293813,-0.08814891084761278,-0.02278083039514278,0.12877914601926532,0.2275667187929613
2026-04-03,11154.900390625,11573.0,11052.5498046875,11456.599609375,11456.599609375,5747000.0,0.026425233583533103,-0.04531918195451812,0.03260985426115037,0.1147697351229362,0.3615387034743176
2026-04-10,11431.400390625,12387.150390625,11366.099609375,12356.400390625,12356.400390625,7366000.0,0.07853995181202711,0.09421300780385211,0.06520235677193931,0.2041456335358396,0.5127261102162406
2026-04-17,12147.75,12902.7001953125,12104.2998046875,12880.0,12880.0,5788900.0,0.042374768769411375,0.12856235350813794,0.12216628789254935,0.26283178714684663,0.5194950746180618
2026-04-24,12854.599609375,12986.599609375,12618.349609375,12746.650390625,12746.650390625,6047300.0,-0.01035323054153725,0.14200408940700093,0.07770845197145082,0.23186390366965592,0.48740049483648873
2026-05-01,12851.099609375,13164.2998046875,12805.849609375,12833.0498046875,12833.0498046875,7195500.0,0.006778205364920575,0.12014474121851504,0.07451127926523005,0.20927892390447944,0.5065093463804573
2026-05-08,12911.150390625,13256.2001953125,12880.9501953125,13050.9501953125,13050.9501953125,7611300.0,0.016979626350815513,0.056209719880432774,0.09923104996345122,0.25167361412705747,0.549892880871909
2026-05-15,12997.5498046875,13628.650390625,12865.2998046875,13300.599609375,13300.599609375,10901300.0,0.019128830493289728,0.03265524917507756,0.10931233180392197,0.2673574510469521,0.44542675375004226
2026-05-22,13157.650390625,13348.400390625,12985.0,13271.599609375,13271.599609375,7002700.0,-0.0021803528300753383,0.04118330719544128,0.08422340201298417,0.30850721612837173,0.43482963261712126
2026-05-29,13355.7001953125,13873.75,13271.650390625,13440.9501953125,13440.9501953125,7367000.0,0.012760374854728918,0.04736990815721409,0.12003716331931225,0.305827762456899,0.46204554377532436
2026-06-05,13505.150390625,13629.150390625,13125.849609375,13221.650390625,13221.650390625,7963900.0,-0.01631579624214219,0.013079522391695964,0.17083465934248387,0.27864636014218425,0.40559404622306117
2026-06-12,13011.099609375,13075.5498046875,12627.599609375,12854.5,12854.5,6081000.0,-0.027768877543860482,-0.03353981192401012,0.1263280103393134,0.220002919552428,0.38835489168823867
2026-06-19,13004.900390625,13931.349609375,12757.7001953125,13020.7998046875,13020.7998046875,15537700.0,0.012937088543895081,-0.01889748124335644,0.16656581679211646,0.23758925284626153,0.42481346828346367
2026-06-26,13053.849609375,13106.400390625,12428.25,12445.650390625,12445.650390625,10535900.0,-0.04417158874184102,-0.07404980973998465,0.08633022144202851,0.15171915443841755,0.2993725477481468
2026-07-03,12447.150390625,12744.5498046875,12375.0498046875,12598.4501953125,12598.4501953125,7387700.0,0.01227736597860729,-0.04713482635680555,0.019589022452780602,0.10301313939309376,0.3150233478384519
2026-07-10,12648.2001953125,12822.0498046875,12394.5498046875,12688.900390625,12688.900390625,4383600.0,0.00717947000704533,-0.012882617711696298,-0.01483692619371113,0.14367997746692107,0.35235039661583345
2026-07-17,12584.7001953125,12768.25,12325.7001953125,12436.9501953125,12436.9501953125,4945700.0,-0.019855951859993337,-0.0448397654623961,-0.024296594463772303,0.07214627563812814,0.3149383538610522
2026-09-18,12908.099609375,13054.7001953125,12908.0,13052.599609375,13052.599609375,0.0,0.04950163861671952,0.048767979149342056,0.017108154961520183,0.13720397911491333,0.38487656898520006
