Date,Open,High,Low,Close,Adj Close,Volume,Return_1W,Return_4W,Return_12W,Return_26W,Return_52W
2011-02-04,4633.2998046875,4723.9501953125,4557.10009765625,4573.25,4573.25,0,,,,,
2011-02-11,4550.39990234375,4558.60009765625,4354.7001953125,4428.7001953125,4428.7001953125,0,-0.0316076760919477,,,,
2011-02-18,4436.64990234375,4553.25,4432.35009765625,4463.25,4463.25,0,0.00780134196576876,,,,
2011-02-25,4460.60009765625,4507.39990234375,4274.25,4328.10009765625,4328.10009765625,0,-0.030280603224948188,,,,
2011-03-04,4338.4501953125,4499.7001953125,4317.7998046875,4446.75,4446.75,0,0.027413853577000546,-0.027660853878532787,,,
2011-03-11,4433.64990234375,4472.25,4345.2001953125,4386.85009765625,4386.85009765625,0,-0.013470490210547026,-0.009449747287148869,,,
2011-03-18,4381.0,4428.75,4307.2998046875,4340.0,4340.0,23451000,-0.010679666871060922,-0.027614406542317838,,,
2011-03-25,4352.39990234375,4501.5498046875,4336.35009765625,4480.39990234375,4480.39990234375,26914000,0.03235020791330645,0.03518860498858922,,,
2011-04-01,4477.60009765625,4591.85009765625,4422.35009765625,4550.9501953125,4550.9501953125,39325000,0.01574642766415657,0.023432888134592655,,,
2011-04-08,4573.4501953125,4611.7001953125,4552.14990234375,4587.9501953125,4587.9501953125,26102000,0.008130170274794457,0.04584157041602377,,,
2011-04-15,4608.25,4626.5498046875,4555.25,4593.7998046875,4593.7998046875,13048000,0.0012749940879865918,0.058479217669930916,,,
2011-04-22,4597.85009765625,4643.10009765625,4526.60009765625,4610.2998046875,4610.2998046875,14120000,0.0035917977930086664,0.028992925893913668,,,
2011-04-29,4613.2001953125,4701.4501953125,4567.2998046875,4685.5498046875,4685.5498046875,24181000,0.016322148924781343,0.029576155219988687,0.024555798324495726,,
2011-05-06,4711.5498046875,4750.4501953125,4488.7998046875,4539.25,4539.25,28102000,-0.03122361532495921,-0.010614804703472314,0.0249621333149872,,
2011-05-13,4551.10009765625,4645.14990234375,4500.85009765625,4607.5498046875,4607.5498046875,39474000,0.015046495497604173,0.002993164827507222,0.03233065696241533,,
2011-05-20,4608.35009765625,4682.89990234375,4551.0498046875,4619.7998046875,4619.7998046875,40157000,0.002658679888286164,0.0020606035187431537,0.06739670997655778,,
2011-05-27,4610.4501953125,4646.7001953125,4520.7001953125,4632.10009765625,4632.10009765625,30585000,0.0026625164484983532,-0.011407350099614355,0.04168214935767689,,
2011-06-03,4647.2001953125,4853.5,4647.2001953125,4759.39990234375,4759.39990234375,32729000,0.027482092788087886,0.04849917989618335,0.08492421587109655,,
2011-06-10,4757.0,4857.64990234375,4754.85009765625,4772.64990234375,4772.64990234375,20228000,0.0027839644223792703,0.03583251503614471,0.09968891759072585,,
2011-06-17,4756.60009765625,4847.39990234375,4741.14990234375,4754.5,4754.5,25706000,-0.0038028983300947283,0.029157149878188626,0.06117759656071442,,
2011-06-24,4758.9501953125,4793.0498046875,4598.39990234375,4720.5,4720.5,25914000,-0.007151119991586907,0.019084195177146324,0.037255913031554844,,
2011-07-01,4712.7998046875,4868.7998046875,4697.60009765625,4796.25,4796.25,28789000,0.016047028916428285,0.007742593270656517,0.045401496489722026,,
2011-07-08,4816.0498046875,4910.35009765625,4787.2001953125,4850.2998046875,4850.2998046875,19381000,0.011269180023455894,0.01626976709639183,0.05583612932767945,,
2011-07-15,4853.7001953125,4960.39990234375,4778.5,4922.2998046875,4922.2998046875,20950000,0.014844443209555136,0.03529283934956351,0.06767455766819674,,
2011-07-22,4914.85009765625,4938.9501953125,4773.2001953125,4850.0,4850.0,30177000,-0.014688216394021514,0.027433534583200858,0.03509731027679641,,
2011-07-29,4843.35009765625,4949.2001953125,4811.2001953125,4848.4501953125,4848.4501953125,32960000,-0.00031954735824746283,0.010883543458431122,0.06811702270474207,,
2011-08-05,4859.5,4906.75,4633.0,4710.75,4710.75,28225000,-0.02840086827036592,-0.02877137709150146,0.022398063979147675,0.030066145520144305,
2011-08-12,4653.89990234375,4713.4501953125,4521.2001953125,4555.0498046875,4555.0498046875,32700000,-0.03305210323462293,-0.07460943351119498,-0.01401575885048112,0.028529727414994932,
2011-08-19,4575.75,4601.64990234375,4366.9501953125,4418.9501953125,4418.9501953125,16929000,-0.029878841112767396,-0.0888762483891753,-0.046015823891975005,-0.009925458956477895,
2011-08-26,4416.10009765625,4504.0,4374.14990234375,4412.2001953125,4412.2001953125,25016000,-0.0015275121242960266,-0.08997720558659505,-0.07295031183663991,0.01943118129402599,
2011-09-02,4420.35009765625,4615.85009765625,4420.35009765625,4587.9501953125,4587.9501953125,18084000,0.039832734740077314,-0.026067994414371354,-0.03869961359213625,0.03175357177995175,
2011-09-09,4577.89990234375,4625.2998046875,4521.5,4551.25,4551.25,29052000,-0.007999257566046913,-0.0008341960791712344,-0.04274897465558947,0.037475614320987116,
2011-09-16,4531.10009765625,4602.60009765625,4466.10009765625,4567.25,4567.25,26780000,0.003515517714913541,0.03355996291716812,-0.03246478127317021,0.052361751152073754,
2011-09-23,4583.85009765625,4617.9501953125,4452.10009765625,4487.39990234375,4487.39990234375,22343000,-0.017483189590289605,0.017043584538875223,-0.06439407821866039,0.0015623605375800764,
2011-09-30,4503.14990234375,4557.75,4422.64990234375,4520.9501953125,4520.9501953125,24646000,0.007476555176467947,-0.01460347151729191,-0.06790293850633833,-0.006592029952536049,
2011-10-07,4498.0498046875,4586.60009765625,4440.25,4518.39990234375,4518.39990234375,17946000,-0.0005641055217538993,-0.0072178187654490245,-0.08205512024259809,-0.015159339140126127,
2011-10-14,4520.2001953125,4580.25,4484.2001953125,4537.89990234375,4537.89990234375,23449000,0.0043156870621134935,-0.006426207817888274,-0.06435053559922677,-0.012168554295010847,
2011-10-21,4540.9501953125,4622.9501953125,4493.60009765625,4568.10009765625,4568.10009765625,25282000,0.006655103894403158,0.017983731574792383,-0.05782262091240897,-0.009153354189318397,
2011-10-28,4601.35009765625,4816.35009765625,4581.4501953125,4772.4501953125,4772.4501953125,16575000,0.04473415496326272,0.05562989839188348,0.013097743525447125,0.01854646610266819,
2011-11-04,4765.85009765625,4771.75,4687.9501953125,4748.9501953125,4748.9501953125,21496000,-0.004924095388796679,0.05102476495034458,0.042568226241008755,0.04619710201299765,
2011-11-11,4733.85009765625,4745.7001953125,4621.25,4661.2001953125,4661.2001953125,16118000,-0.01847776800999401,0.027171223610522377,0.05482071290528956,0.011644017514562455,
2011-11-18,4685.7998046875,4729.7998046875,4552.9501953125,4601.75,4601.75,36935000,-0.012754267746810322,0.007366279552633914,0.0429603817362767,-0.003907053433178098,
2011-11-25,4602.10009765625,4639.0498046875,4492.7998046875,4594.75,4594.75,25785000,-0.0015211604280980229,-0.03723458350325737,0.0014821008071201902,-0.008063318336999803,
2011-12-02,4625.0498046875,4798.7001953125,4625.0498046875,4744.60009765625,4744.60009765625,31022000,0.032613329921377554,-0.0009160124821995241,0.042482855843174905,-0.003109594694955531,
2011-12-09,4740.89990234375,4755.7001953125,4577.25,4606.25,4606.25,20892000,-0.029159485480049763,-0.01178885115635242,0.0085390552301714,-0.03486530664275933,
2011-12-16,4621.64990234375,4655.7001953125,4537.5498046875,4588.5498046875,4588.5498046875,36405000,-0.003842647557666168,-0.0028685163932199442,0.0225408710043693,-0.034903816450205016,
2011-12-23,4584.10009765625,4605.7001953125,4504.89990234375,4561.2001953125,4561.2001953125,31792000,-0.005960403730839059,-0.007301769342728082,0.00890299566709074,-0.03374638379144157,
2011-12-30,4546.89990234375,4594.9501953125,4507.5498046875,4576.25,4576.25,21251000,0.0032995273268132674,-0.03548246305087166,0.012803226563953052,-0.045869168621318734,
2012-01-06,4586.64990234375,4690.85009765625,4542.7001953125,4658.60009765625,4658.60009765625,22644000,0.0179951046503688,0.011365014416553576,0.026598249831416565,-0.039523269643246484,
2012-01-13,4672.7998046875,4794.5,4639.7001953125,4752.0498046875,4752.0498046875,26020000,0.02005961127212119,0.0356321728998068,0.04026831792184882,-0.03458749096060165,
2012-01-20,4738.60009765625,4830.89990234375,4688.60009765625,4790.9501953125,4790.9501953125,24499000,0.008186023342311888,0.05037051437385087,0.003876415518839993,-0.012175217461340204,
2012-01-27,4799.0,4838.25,4765.64990234375,4824.14990234375,4824.14990234375,23795000,0.006929670666109722,0.054170970192570334,0.015835016990802808,-0.005011971246449809,
2012-02-03,4804.4501953125,4915.2998046875,4798.0498046875,4906.35009765625,4906.35009765625,34487000,0.017039311998278572,0.053181212125213984,0.052593729527061095,0.04152207135939068,0.07283662551932424
2012-02-10,4942.5498046875,4976.39990234375,4822.2001953125,4837.9501953125,4837.9501953125,31510000,-0.013941096942190145,0.01807649207301365,0.05132834145977072,0.062106980769754294,0.09240860341667867
2012-02-17,4856.35009765625,4881.4501953125,4790.7001953125,4833.9501953125,4833.9501953125,38036000,-0.0008267964403344541,0.00897525506361374,0.05205945814516566,0.09391370838264268,0.08305611276816216
2012-02-24,4844.5498046875,4884.5498046875,4764.60009765625,4781.10009765625,4781.10009765625,21666000,-0.010933107607831616,-0.00892381156451727,0.007692956044500043,0.0836090580694111,0.1046648621286066
2012-03-02,4792.39990234375,4938.0,4763.9501953125,4873.4501953125,4873.4501953125,23981000,0.01931565869150509,-0.006705575771991157,0.05800818351424697,0.06222822564457986,0.09595776585427562
2012-03-09,4868.89990234375,4922.2998046875,4808.7998046875,4889.35009765625,4889.35009765625,17865000,0.0032625556241536735,0.01062431407283837,0.0655545446322634,0.07428730517028281,0.11454688188877693
2012-03-16,4921.35009765625,4959.4501953125,4786.64990234375,4805.10009765625,4805.10009765625,37483000,-0.017231328973637217,-0.005968224017745549,0.053472746623663525,0.05207731077918876,0.10716592111895151
2012-03-23,4810.7998046875,4929.85009765625,4773.89990234375,4878.7001953125,4878.7001953125,23131000,0.015317078970352727,0.020413732334132684,0.06609127458344721,0.0871997819415149,0.088898379977286
2012-03-30,4883.5,5055.10009765625,4827.0,5036.60009765625,5036.60009765625,39955000,0.0323651579360138,0.033477289354608475,0.08114025502858091,0.1140578595354571,0.10671395675654094
2012-04-06,5033.60009765625,5072.10009765625,4980.25,4991.85009765625,4991.85009765625,11733000,-0.008884961905318622,0.02096393139225894,0.05046249572809769,0.10478271192129673,0.08803493611513336
2012-04-13,4970.7001953125,5157.35009765625,4942.25,5116.85009765625,5116.85009765625,28683000,0.025040816041068448,0.06487898142893211,0.06802406392423221,0.1275810854738073,0.11386005381319197
2012-04-20,5114.35009765625,5237.85009765625,5093.5498046875,5195.2998046875,5195.2998046875,20063000,0.01533164066447501,0.06489425394066872,0.07693581456982335,0.1372999044729879,0.12688979562786873
2012-04-27,5210.4501953125,5231.0498046875,5085.39990234375,5137.60009765625,5137.60009765625,22017000,-0.011106136161610936,0.020053210110328124,0.04713279635516998,0.07651204044044291,0.09647753450758567
2012-05-04,5139.75,5219.64990234375,5106.10009765625,5184.5,5184.5,23003000,0.009128756900550705,0.038592886119357184,0.07163153622856067,0.09171496578705196,0.1421490334306328
2012-05-11,5178.0498046875,5201.7998046875,4961.5,4970.64990234375,4970.64990234375,35424000,-0.04124796945824094,-0.028572303765448614,0.028279088842042333,0.06638841801784134,0.07880546343456762
2012-05-18,4981.14990234375,5099.85009765625,4973.2001953125,5022.0498046875,5022.0498046875,28944000,0.010340680465046326,-0.03334744990918215,0.05039628999806256,0.09133477583256377,0.08707087254990031
2012-05-25,5011.0,5069.0,4960.14990234375,5041.2001953125,5041.2001953125,25129000,0.003813261789463951,-0.018763605674121497,0.0344211992073602,0.0971652854480658,0.08831849248319279
2012-06-01,5037.39990234375,5104.5498046875,4964.39990234375,4978.2001953125,4978.2001953125,25834000,-0.012497024033796489,-0.03979164908621857,0.018172169282547612,0.049234939267409406,0.04597224386650134
2012-06-08,4961.0498046875,5041.4501953125,4901.4501953125,5024.14990234375,5024.14990234375,21042000,0.009230184650773188,0.010763180077271839,0.045586938926484466,0.09072453782225232,0.05269609234829775
2012-06-15,5034.2998046875,5055.0498046875,4903.7001953125,4985.9501953125,4985.9501953125,23952000,-0.007603218011753565,-0.007188222096345065,0.021983314347343352,0.08660696898593745,0.04868023878693872
2012-06-22,5000.5498046875,5103.2001953125,4932.2998046875,5075.2998046875,5075.2998046875,21963000,0.01792027715379141,0.006764184728610179,0.007683696597087231,0.11271147666426362,0.07516148812360979
2012-06-29,5078.60009765625,5221.2001953125,5043.7998046875,5216.0,5216.0,23177000,0.027722538712402933,0.047768228548022984,0.04490317176170655,0.13979786943458072,0.08751628876726603
2012-07-06,5209.9501953125,5279.35009765625,5209.9501953125,5259.60009765625,5259.60009765625,21011000,0.008358914427962105,0.046863688363013134,0.027898022665425737,0.12900871236025702,0.08438659659206804
2012-07-13,5244.60009765625,5277.0,5211.60009765625,5247.4501953125,5247.4501953125,20811000,-0.0023100429915126064,0.05244737507523589,0.010037994453745869,0.10424983133306576,0.0660566002735874
2012-07-20,5248.5498046875,5395.35009765625,5248.5498046875,5264.60009765625,5264.60009765625,21134000,0.0032682353724995394,0.03729834694571421,0.02471971301501985,0.09886345777653305,0.0854845562177835
2012-07-27,5248.14990234375,5324.5,5222.2001953125,5287.0,5287.0,24811000,0.004254815546905766,0.013611963190184095,0.01977046966920626,0.09594438544112815,0.09045154369358932
2012-08-03,5307.75,5520.64990234375,5298.2998046875,5506.14990234375,5506.14990234375,33256000,0.04145070973023457,0.04687615029845449,0.1077323912407313,0.12224969534359609,0.16884782727670755
2012-08-10,5530.85009765625,5578.2001953125,5482.25,5502.85009765625,5502.85009765625,23288000,-0.0005992943791987004,0.04867123895180492,0.09573785837806281,0.13743421810914325,0.20807682322010845
2012-08-17,5503.7998046875,5537.4501953125,5477.89990234375,5524.9501953125,5524.9501953125,22443000,0.004016118423008308,0.049452967524001634,0.09595929168808048,0.14294727336455915,0.25028569029205494
2012-08-24,5524.14990234375,5640.0498046875,5504.0,5601.2998046875,5601.2998046875,24882000,0.013819058394368255,0.05944766496831844,0.12516563917250934,0.17155041523462788,0.2695026419332227
2012-08-31,5608.85009765625,5692.2001953125,5556.39990234375,5648.9501953125,5648.9501953125,31757000,0.00850702377778867,0.02593469039191354,0.12435940509603083,0.15912751108976342,0.23125795940069738
2012-09-07,5652.75,5686.25,5547.5,5680.85009765625,5680.85009765625,27084000,0.005647049671321236,0.032346874227195954,0.13937160924652936,0.16188245558022363,0.2481955721299094
2012-09-14,5760.5,5844.39990234375,5622.25,5632.5498046875,5632.5498046875,35063000,-0.008502300208322211,0.019475217978668802,0.109796469458874,0.17220238709175884,0.23324753510044327
2012-09-21,5645.9501953125,5673.75,5482.7998046875,5506.14990234375,5506.14990234375,37867000,-0.02244097375553744,-0.01698711114590279,0.05562689845547353,0.12861001535493188,0.22702456259089177
2012-09-28,5503.39990234375,5634.89990234375,5481.39990234375,5623.0,5623.0,43332000,0.021221742910869867,-0.004593808480385153,0.06909268681960934,0.1164277272314369,0.24376508412548947
2012-10-05,5642.7998046875,5702.39990234375,5274.5,5532.10009765625,5532.10009765625,32401000,-0.016165730454161475,-0.026184461382174118,0.05424537475325164,0.10822640692949803,0.22434937527036536
2012-10-12,5550.39990234375,5703.9501953125,5536.14990234375,5622.2001953125,5622.2001953125,29834000,0.016286780077320318,-0.001837464333894867,0.06792540573318195,0.09876195081183314,0.23894319317372492
2012-10-19,5639.39990234375,5666.9501953125,5556.85009765625,5590.0498046875,5590.0498046875,21578000,-0.005718471329392627,0.015237489685494543,0.05731980417770011,0.07598214055786223,0.22371438567109792
2012-10-26,5584.5,5678.0,5577.60009765625,5603.85009765625,5603.85009765625,13997000,0.0024687245106793654,-0.00340563797683624,0.017743831360441664,0.0907524897106533,0.1742081883139086
2012-11-02,5547.10009765625,5751.2001953125,5544.9501953125,5736.7998046875,5736.7998046875,22602000,0.023724707962273106,0.03700216977599036,0.042514279487804396,0.1065290393842222,0.2080143123737257
2012-11-09,5736.5,5837.9501953125,5736.5,5751.5498046875,5751.5498046875,38642000,0.002571119875570238,0.0230069376545583,0.04101387367568532,0.1571021732943898,0.23392035606441053
2012-11-16,5759.4501953125,5770.64990234375,5643.85009765625,5658.85009765625,5658.85009765625,13019000,-0.016117344051458926,0.012307635060971656,0.010274453247546056,0.12680087170270005,0.22971697672760372
2012-11-23,5661.60009765625,5714.14990234375,5591.39990234375,5680.85009765625,5680.85009765625,23174000,0.003887715634862232,0.013740553130106914,0.005647049671321236,0.12688444766357843,0.23637849668779576
2012-11-30,5689.14990234375,5881.39990234375,5682.9501953125,5869.75,5869.75,29732000,0.033252048390026046,0.023174975568062806,0.033252048390026046,0.17909078978522963,0.2371432532110671
2012-12-07,5873.14990234375,5906.4501953125,5812.9501953125,5887.14990234375,5887.14990234375,24090000,0.002964334485071829,0.023576271137517812,0.045201570600293284,0.1717703525520633,0.2780786762211669
2012-12-14,5891.85009765625,6061.60009765625,5879.9501953125,5918.89990234375,5918.89990234375,30107000,0.005393102014840778,0.04595453143302142,0.07496163513897591,0.18711572929636455,0.28992822444625355
2012-12-21,5922.85009765625,6145.14990234375,5922.4501953125,5972.14990234375,5972.14990234375,27824000,0.008996604247170081,0.051277502430082,0.06209317132202563,0.1767087920260253,0.3093373775791006
2012-12-28,5986.89990234375,6107.60009765625,5974.5498046875,6035.5,6035.5,18854000,0.010607586663454072,0.028237999914817458,0.09099616663787824,0.15711273006134974,0.3188746244195575
2013-01-04,6042.14990234375,6099.9501953125,6009.7001953125,6080.39990234375,6080.39990234375,18112000,0.007439301191906278,0.03282573116119658,0.08149829090278105,0.15605745483449573,0.30519893849717006
2013-01-11,6110.75,6205.89990234375,6046.2998046875,6056.10009765625,6056.10009765625,28340000,-0.0039964155446640115,0.023180016147624327,0.0833714026264929,0.15410339731592115,0.2744184818270241
2013-01-18,6060.5498046875,6093.2998046875,5942.5,5960.75,5960.75,24337000,-0.015744471874424737,-0.0019088439724656014,0.06368833857511991,0.13223224735600891,0.24416864233571878
2013-01-25,5960.4501953125,5973.5498046875,5846.2998046875,5949.4501953125,5949.4501953125,31064000,-0.0018957018307259599,-0.014257278549830166,0.037067772602286775,0.12529793745271411,0.23326395649978404
2013-02-01,5958.89990234375,6003.64990234375,5902.25,5989.64990234375,5989.64990234375,31369000,0.006756877646092896,-0.014925005173593853,0.04139755470120399,0.08781090391204072,0.22079545550672974
2013-02-08,5996.25,6005.7998046875,5816.14990234375,5837.35009765625,5837.35009765625,39901000,-0.025427163051367163,-0.0361206050878613,0.0315435109464961,0.06078668218537686,0.2065750704321161
2013-02-15,5861.60009765625,5989.0,5835.2998046875,5865.35009765625,5865.35009765625,25841000,0.0047966970511572615,-0.016004681012246835,0.032477533613520126,0.061611397444370386,0.2133658520817825
2013-02-22,5864.5,5955.14990234375,5857.2001953125,5944.14990234375,5944.14990234375,24329000,0.013434799862839908,-0.0008908878627013062,0.012675139885642395,0.06120902462127331,0.24325987344578714
2013-03-01,5949.7998046875,5963.4501953125,5715.2998046875,5807.0,5807.0,33684000,-0.02307308944037101,-0.030494253474193767,-0.013614381096673123,0.027978615357354242,0.19155829387267143
2013-03-08,5798.7001953125,5980.2001953125,5769.5498046875,5973.5,5973.5,24606000,0.028672292061305393,0.02332392268170036,0.009224703670800416,0.051515160110366054,0.2217370163088641
2013-03-15,5987.10009765625,6042.39990234375,5960.35009765625,6003.85009765625,6003.85009765625,24805000,0.005080789764166704,0.02361325371785461,0.005308003956842944,0.0659204633503192,0.24947451158919787
2013-03-22,5968.7001953125,6070.2001953125,5942.89990234375,5949.75,5949.75,29100000,-0.009010900801365684,0.0009421191841143539,-0.014207605003727974,0.08056447890520135,0.2195358931291933
2013-03-29,5997.0498046875,5997.39990234375,5908.9501953125,5953.0,5953.0,17783000,0.0005462414387158443,0.02514206991561907,-0.02095255318562883,0.0586875333451895,0.1819481167008259
2013-04-05,5976.0498046875,6203.0,5965.4501953125,6132.0,6132.0,21588000,0.030068872837224925,0.02653385787226914,0.012532801822929596,0.10843981340791453,0.2284022717106564
2013-04-12,6120.2998046875,6284.75,6103.2998046875,6242.10009765625,6242.10009765625,23892000,0.017955006140941032,0.03968286951284927,0.04720045256993677,0.11025930788814509,0.21991068304217376
2013-04-19,6236.14990234375,6392.5498046875,6173.5498046875,6355.39990234375,6355.39990234375,16883000,0.018150911218171695,0.06817931885268291,0.06823314654370805,0.13691293000904414,0.22329800805904232
2013-04-26,6355.9501953125,6573.7998046875,6337.39990234375,6505.60009765625,6505.60009765625,18323000,0.023633476668731612,0.09282716238136235,0.08614029262555212,0.16091615305290685,0.266272184287772
2013-05-03,6532.5498046875,6609.25,6476.10009765625,6586.75,6586.75,15564000,0.012473853468642382,0.07416014350945854,0.12838015363249178,0.14815754850256613,0.270469669206288
2013-05-10,6594.0498046875,6726.9501953125,6547.2998046875,6596.4501953125,6596.4501953125,26816000,0.0014726830853608597,0.0567677691982702,0.12464730757476739,0.14689960433558413,0.32708002472718034
2013-05-17,6725.4501953125,6926.4501953125,6644.14990234375,6885.14990234375,6885.14990234375,37333000,0.04376591931769647,0.08335431414860905,0.15830690939152925,0.216704769259642,0.37098399460659714
2013-05-24,6905.2001953125,6905.2001953125,6640.7998046875,6664.14990234375,6664.14990234375,36441000,-0.03209806658309211,0.02437128048258308,0.1476063203622784,0.17309025722984317,0.3219371665779769
2013-05-31,6659.64990234375,6903.4501953125,6638.0,6729.25,6729.25,50145000,0.009768702476718794,0.02163434167077849,0.12651711726793335,0.14642872354018488,0.3517435490714693
2013-06-07,6732.75,6878.4501953125,6655.5498046875,6782.7001953125,6782.7001953125,35969000,0.007942964715607292,0.028234883078833928,0.1297251072208303,0.1521194988787733,0.3500194713832865
2013-06-14,6798.2998046875,6812.25,6586.85009765625,6656.89990234375,6656.89990234375,30029000,-0.01854722888322413,-0.03315105745516189,0.11885371693663593,0.12468533210162391,0.33513164824674324
2013-06-21,6667.39990234375,6718.35009765625,6536.60009765625,6597.85009765625,6597.85009765625,31561000,-0.008870466065849958,-0.009948726493109405,0.10832355075697131,0.10476967349177646,0.2999921879614946
2013-06-28,6566.60009765625,6767.0,6432.9501953125,6756.2998046875,6756.2998046875,39848000,0.024015354196594396,0.004019735436712857,0.10181014427389101,0.11942669284856278,0.29530287666554833
2013-07-05,6752.2001953125,7029.9501953125,6752.2001953125,6983.9501953125,6983.9501953125,30953000,0.0336945365371526,0.02967107408625891,0.11884623540958539,0.14860047159405876,0.32784813781272915
2013-07-12,6968.60009765625,7266.64990234375,6944.85009765625,7251.4501953125,7251.4501953125,23205000,0.038302105902694006,0.08931338936903965,0.14099038718842904,0.19737951460195613,0.3818997656786063
2013-07-19,7225.5,7345.9501953125,7205.0498046875,7241.2998046875,7241.2998046875,23548000,-0.001399773886823552,0.09752414764012629,0.11308713969312345,0.2148303157635365,0.37547005857315896
2013-07-26,7233.85009765625,7314.14990234375,7101.7001953125,7158.35009765625,7158.35009765625,23241000,-0.01145508531183237,0.05950746778433502,0.08678029341575888,0.20319523025778552,0.3539531109620295
2013-08-02,7162.85009765625,7214.25,7006.35009765625,7036.10009765625,7036.10009765625,31713000,-0.017077957676312372,0.007467106850039151,0.06664946893045132,0.17470974303573628,0.2778620674059855
2013-08-09,7087.9501953125,7087.9501953125,6729.35009765625,6856.10009765625,6856.10009765625,47942000,-0.02558235350573801,-0.054520142455341314,-0.004219197127082297,0.17452268288808614,0.24591801993232032
2013-08-16,6979.89990234375,7159.75,6937.5498046875,6960.75,6960.75,47256000,0.0152637652387142,-0.03874301744914521,0.04450681662366818,0.18675780372964668,0.25987561044544205
2013-08-23,6969.0498046875,7002.5,6449.64990234375,6710.2001953125,6710.2001953125,61000000,-0.03599465642172184,-0.06260519480466331,-0.002830895670022704,0.12887465921185814,0.1979719760218881
2013-08-30,6753.89990234375,7052.75,6508.25,6980.5498046875,6980.5498046875,69419000,0.040289350765399856,-0.007895040178188206,0.029169741205977706,0.20209226875968667,0.23572514597136318
2013-09-06,6978.14990234375,7165.39990234375,6836.14990234375,7103.7998046875,7103.7998046875,49492000,0.017656202369222607,0.03612836795015961,0.06713333667318722,0.18921901811124142,0.25048182623553417
2013-09-13,7148.25,7363.9501953125,7128.5498046875,7287.89990234375,7287.89990234375,30389000,0.025915721545921144,0.04699923174137122,0.10458706919283078,0.21387106336794792,0.2938900063127077
2013-09-20,7339.60009765625,7369.5,7073.89990234375,7260.7001953125,7260.7001953125,97107000,-0.003732173519905624,0.08203928109098135,0.0746563067368693,0.22033702177612513,0.31865283802424393
2013-09-27,7231.60009765625,7445.2001953125,7143.5498046875,7364.60009765625,7364.60009765625,43145000,0.014309901187054663,0.055017198317367066,0.05450352475297371,0.23712415549407861,0.3097279206217767
2013-10-04,7359.5498046875,7533.85009765625,7328.14990234375,7472.4501953125,7472.4501953125,33596000,0.014644392937312789,0.05189481696566722,0.030476662467165516,0.21859918384091648,0.3507438519556625
2013-10-11,7471.0498046875,7807.89990234375,7471.0498046875,7642.0498046875,7642.0498046875,52589000,0.022696653031075487,0.04859423250720796,0.05534227428901417,0.2242754337689803,0.35926319576080656
2013-10-18,7666.7001953125,7693.7998046875,7536.89990234375,7632.2001953125,7632.2001953125,24410000,-0.0012888700841701128,0.05116586417379421,0.06619543486862933,0.20090007121312548,0.36531881861098414
2013-10-25,7656.0,7700.35009765625,7424.39990234375,7473.2001953125,7473.2001953125,33788000,-0.02083278686762613,0.014746231460797343,0.062122495642415565,0.14873341169630816,0.3335831731898191
2013-11-01,7474.5,7626.85009765625,7387.5498046875,7502.7998046875,7502.7998046875,45789400,0.003960767623161665,0.004061533845222343,0.09432471781622964,0.13907462780392454,0.30783713222082687
2013-11-08,7533.0,7544.85009765625,7394.7001953125,7491.5498046875,7491.5498046875,32117000,-0.0014994402480219549,-0.01969366908701453,0.07625612249937141,0.13569413591738577,0.3025271551298927
2013-11-15,7505.89990234375,7625.64990234375,7443.10009765625,7461.5,7461.5,31443000,-0.004011159969689815,-0.022365791114512423,0.11196384352471789,0.08370915751014474,0.3185541004329415
2013-11-22,7516.89990234375,7557.5498046875,7262.0,7293.2001953125,7293.2001953125,33114000,-0.022555760193995855,-0.024086066918547644,0.04478879162427174,0.09439317875300435,0.2838219755739475
2013-11-29,7341.7001953125,7392.35009765625,7205.25,7351.7998046875,7351.7998046875,33209000,0.008034828032372321,-0.02012582021789522,0.03491089372146372,0.09251399556971429,0.2524894253907748
2013-12-06,7363.4501953125,7543.2001953125,7322.14990234375,7365.75,7365.75,36975000,0.0018975211081788679,-0.016792226971351965,0.01068210303371675,0.08596131155707631,0.25115720207287406
2013-12-13,7507.5498046875,7507.5498046875,7266.89990234375,7276.89990234375,7276.89990234375,30919000,-0.012062600231646514,-0.02474034680107884,0.002231149420232059,0.09313644625807149,0.22943452709214807
2013-12-20,7378.25,7655.10009765625,7301.85009765625,7646.60009765625,7646.60009765625,44851000,0.050804628382125516,0.04845608140180868,0.03829128483021704,0.15895329303897743,0.28037645114289034
2013-12-27,7638.14990234375,7726.2001953125,7578.39990234375,7661.2001953125,7661.2001953125,26762000,0.0019093580767648444,0.04208498583268372,0.025259452397341287,0.13393431564377623,0.2693563408686108
2014-01-03,7677.7998046875,7744.2001953125,7569.5498046875,7663.10009765625,7663.10009765625,24187000,0.00024799017064092155,0.04036928997810807,0.0027545349097095606,0.0972443793771014,0.26029541160646885
2014-01-10,7703.89990234375,7928.0,7666.4501953125,7880.35009765625,7880.35009765625,38519000,0.028350145141187166,0.08292682370388804,0.03251354733804779,0.0867274662867139,0.3012252060869993
2014-01-17,7880.10009765625,7947.35009765625,7747.85009765625,7816.10009765625,7816.10009765625,50099000,-0.008153191064329657,0.02216671433516626,0.04588394441230559,0.0793780548343912,0.311261183182695
2014-01-24,7809.39990234375,7957.35009765625,7753.39990234375,7811.9501953125,7811.9501953125,57301000,-0.0005309428349048462,0.019677073585968374,0.04120467007954187,0.09130596977510907,0.313054137585258
2014-01-31,7748.14990234375,7830.64990234375,7619.25,7701.2001953125,7701.2001953125,64406000,-0.014176997706213612,0.0049718909019473845,0.02798491581726137,0.094526810083017,0.2857513078183451
2014-02-07,7693.0,7882.0,7693.0,7872.0,7872.0,58338000,0.022178335889964318,-0.001059609985948895,0.055015747503853074,0.1481746018689305,0.34855711381105636
2014-02-14,7908.14990234375,7974.9501953125,7681.2998046875,7725.7001953125,7725.7001953125,53990000,-0.018584832912538096,-0.011565857808148783,0.059301813801570624,0.1098947951459972,0.3171763094584297
2014-02-21,7731.64990234375,7952.35009765625,7731.64990234375,7903.2998046875,7903.2998046875,33324000,0.022988157045332525,0.01169357293519524,0.07501564442061714,0.17780387688111832,0.3295929501325776
2014-02-28,7891.5,8305.400390625,7885.85009765625,8276.5,8276.5,35742000,0.04722080707240184,0.07470261648796872,0.12364660760954416,0.18565159358110428,0.4252626140864475
2014-03-07,8287.0,8305.099609375,7844.14990234375,7897.85009765625,7897.85009765625,34229000,-0.04575000330378176,0.0032838030559261266,0.08533169394188089,0.11177824752955301,0.3221478358845318
2014-03-14,7880.89990234375,7880.89990234375,7607.89990234375,7767.2001953125,7767.2001953125,56255000,-0.016542464180539618,0.005371681394675365,0.01577172810347638,0.06576658562703486,0.293703218597116
2014-03-21,7805.35009765625,7874.64990234375,7733.9501953125,7787.10009765625,7787.10009765625,26826000,0.0025620431871653526,-0.014702682411507517,0.016433443733891995,0.07249988130395368,0.30881131100571446
2014-03-28,7830.75,7868.7001953125,7523.14990234375,7632.2998046875,7632.2998046875,42823000,-0.019879068077645723,-0.07783485716335403,-0.004019299314408031,0.03634952386843704,0.28209302951243065
2014-04-04,7677.14990234375,7903.2001953125,7588.60009765625,7843.25,7843.25,68337000,0.02763913901586279,-0.00691328614510589,-0.0047079250536450346,0.04962225173746959,0.2790688193085453
2014-04-11,7886.0498046875,8101.2001953125,7763.0498046875,7964.7998046875,7964.7998046875,81793000,0.015497377322857275,0.02544026218021922,0.019024795636360725,0.042233433208199056,0.27598078852950136
2014-04-18,7997.7001953125,7997.7001953125,7856.0498046875,7941.60009765625,7941.60009765625,18564000,-0.002912779680613764,0.01984050520250813,0.01659635546851601,0.040538756115670926,0.24958306631932636
2014-04-25,7975.60009765625,8043.4501953125,7909.10009765625,7989.2998046875,7989.2998046875,24415000,0.0060063093639437515,0.046774892121080214,0.037409702652627885,0.06906005404468085,0.22806500319098566
2014-05-02,7993.9501953125,8195.900390625,7993.9501953125,8157.0498046875,8157.0498046875,28495000,0.02099683377779571,0.040008899969719236,0.036210595107660115,0.08720078064607906,0.2384028245625689
2014-05-09,8139.2001953125,8186.0498046875,7993.14990234375,8009.0,8009.0,33014000,-0.018149920404117448,0.0055494420947639345,0.03666979011939775,0.06907118137140711,0.214137871561779
2014-05-16,8020.2001953125,8039.85009765625,7682.35009765625,7699.4501953125,7699.4501953125,40000000,-0.03865024406136841,-0.030491324086592275,-0.025792974379397204,0.03189039674495753,0.11826907249928675
2014-05-23,7714.85009765625,7731.39990234375,7357.4501953125,7489.2998046875,7489.2998046875,41014000,-0.027294207416646676,-0.0625837072363512,-0.09511269199691896,0.02688800583055939,0.12381922892423969
2014-05-30,7588.5498046875,7750.7001953125,7411.39990234375,7712.89990234375,7712.89990234375,50723000,0.029855941608359693,-0.05444982107238283,-0.023417790034706454,0.049117237581199236,0.14617526505089717
2014-06-06,7745.39990234375,7746.35009765625,7534.60009765625,7672.7001953125,7672.7001953125,28578000,-0.005212009430983877,-0.0419902365697965,-0.012166546197306838,0.041672632836099455,0.13121617856780343
2014-06-13,7681.10009765625,8037.9501953125,7671.89990234375,7986.35009765625,7986.35009765625,41817000,0.0408786860374617,0.03726238823109962,0.025587188748218415,0.09749346628830224,0.1997101075298473
2014-06-20,7969.9501953125,8156.4501953125,7961.9501953125,8043.7001953125,8043.7001953125,37723000,0.00718101472574828,0.07402566395833232,0.05390254591051735,0.051931589541077905,0.21913957975035814
2014-06-27,8065.0,8377.5,8027.4501953125,8361.0,8361.0,36544000,0.039446995410446606,0.08402807061703332,0.06601217607496901,0.09134336485759409,0.237511691562172
2014-07-04,8416.400390625,8847.7001953125,8403.7998046875,8796.4501953125,8796.4501953125,37339000,0.05208111413855998,0.14646082492399937,0.10441573059194176,0.14789707601534308,0.2595236147612445
2014-07-11,8831.599609375,9001.849609375,8578.849609375,8819.0498046875,8819.0498046875,35340000,0.0025691738000226394,0.10426536488497073,0.11048777277140975,0.1191190360070975,0.21617739447322304
2014-07-18,8817.9501953125,8847.9501953125,8686.599609375,8829.400390625,8829.400390625,23639000,0.001173662261437558,0.09767895076079158,0.10515321823879908,0.12964269652490756,0.21931153643293122
2014-07-25,8864.0498046875,9182.75,8811.849609375,9168.150390625,9168.150390625,24267000,0.038366138697219165,0.0965375422347805,0.12395420037235327,0.17360584251116662,0.2807630620953827
2014-08-01,9180.4501953125,9364.0498046875,9108.349609375,9179.7001953125,9179.7001953125,35589000,0.0012597747850329188,0.043568711410908456,0.14617307969940074,0.19198306270494303,0.30465741929542633
2014-08-08,9204.5,9262.599609375,8997.150390625,9130.599609375,9130.599609375,22597000,-0.005348822389926511,0.03532691294269652,0.18587683246964803,0.15988308045922262,0.33174829412077655
2014-08-15,9174.0,9439.2001953125,9090.650390625,9433.599609375,9433.599609375,27125000,0.03318511521290346,0.06843037941642494,0.25961035816333267,0.22106726521678288,0.3552562021872643
2014-08-22,9395.7998046875,9988.0498046875,9395.7998046875,9956.099609375,9956.099609375,37625000,0.05538712915913302,0.08594418559666361,0.2908373939028561,0.2597395841506569,0.4837261660732517
2014-08-29,9972.9501953125,10203.5498046875,9971.900390625,10082.2998046875,10082.2998046875,26087000,0.012675666201015678,0.09832560869862617,0.31404845074581456,0.21818399138373712,0.44434179065911805
2014-09-05,10121.849609375,10420.400390625,10059.4501953125,10384.4501953125,10384.4501953125,38294000,0.029968399718139915,0.13732401370990877,0.3002748525086596,0.31484518785614424,0.4618162787273701
2014-09-12,10426.900390625,10555.5498046875,10125.099609375,10353.099609375,10353.099609375,40060000,-0.003018993335983433,0.09747074691257951,0.28710659994616816,0.3329255521987302,0.42058751466187094
2014-09-19,10358.7001953125,10678.7998046875,10270.2998046875,10587.25,10587.25,44574000,0.022616452990848357,0.06339333829391247,0.26626599689032404,0.3595882764094087,0.45815826507133806
2014-09-26,10540.75,10621.9501953125,10227.349609375,10501.650390625,10501.650390625,56497000,-0.008085159921131568,0.041592751064844835,0.1938509463989435,0.37594835886494415,0.4259634265772423
2014-10-03,10532.099609375,10917.2001953125,10532.099609375,10796.7001953125,10796.7001953125,25729000,0.02809556533617763,0.039698779641322623,0.22424755891205428,0.3765594868597202,0.44486746824827494
2014-10-10,10791.5498046875,10849.7998046875,10171.9501953125,10330.099609375,10330.099609375,29526000,-0.043216962358562094,-0.002221556912209488,0.16996615311991436,0.29696914708332756,0.35174460692976606
2014-10-17,10293.0498046875,10322.7998046875,10053.7001953125,10178.400390625,10178.400390625,22682000,-0.014685165147132473,-0.03861716776074997,0.11019125526486162,0.28165612287993214,0.33361286786951827
2014-10-24,10254.0498046875,10474.849609375,10217.9501953125,10452.4501953125,10452.4501953125,15005000,0.026924643772111567,-0.004684996498876215,0.1386483188906229,0.3083061658519579,0.39865786037268336
2014-10-31,10584.0498046875,10919.849609375,10491.2001953125,10874.75,10874.75,45283000,0.04040199157101787,0.007229042510727979,0.19102254673769337,0.3331719506911379,0.4494255855268612
2014-11-07,10903.0,11325.400390625,10809.849609375,11289.7001953125,11289.7001953125,26055000,0.038157216976252295,0.09289364306483772,0.19675422561849332,0.4096266943828817,0.5069912754565788
2014-11-14,11329.2001953125,11487.7001953125,11146.5,11195.2998046875,11195.2998046875,38524000,-0.008361638395339765,0.09990758616640139,0.12446643202983099,0.4540388626064893,0.5004087388175971
2014-11-21,11185.849609375,11295.650390625,11046.150390625,11189.5498046875,11189.5498046875,43250000,-0.0005136083981951423,0.07051931323294514,0.10982117388388057,0.4940715549515109,0.5342441596323202
2014-11-28,11214.349609375,11316.650390625,11032.349609375,11254.75,11254.75,41639000,0.0058268828014140794,0.03494333203062139,0.08380798100224407,0.4592112101156627,0.530883633804063
2014-12-05,11306.5,11383.5498046875,11129.099609375,11146.2001953125,11146.2001953125,33720000,-0.009644799279193261,-0.012710700684468224,0.07660513429420956,0.4527089436026801,0.5132471500271527
2014-12-12,11161.2001953125,11273.599609375,11014.5498046875,11155.9501953125,11155.9501953125,32681000,0.0008747375633986199,-0.0035148330157737107,0.053715572534180245,0.3968771790490917,0.533063577213613
2014-12-19,11111.099609375,11151.150390625,10355.7998046875,10731.599609375,10731.599609375,34303000,-0.03803804951691192,-0.04092659698611434,0.021896483904594533,0.3341620583557907,0.40344721475160306
2014-12-26,10759.0498046875,10876.4501953125,10674.9501953125,10738.0498046875,10738.0498046875,24707000,0.0006010469591937184,-0.045909522229503064,-0.00543225148091675,0.2843020936117091,0.4016145683358554
2015-01-02,10793.0,11005.099609375,10790.900390625,10955.599609375,10955.599609375,15261000,0.020259712763907256,-0.017100050474390005,0.06055120702150174,0.2454569020595465,0.42965633617728116
2015-01-09,10955.900390625,10982.0,10525.650390625,10934.5498046875,10934.5498046875,26374000,-0.0019213740404940838,-0.019845946490333777,0.07428961182927774,0.23987845026972976,0.3875715760318341
2015-01-16,10948.349609375,11127.5498046875,10866.7001953125,11101.150390625,11101.150390625,25677000,0.015236163254392032,0.03443575931841192,0.06206202212792333,0.2572938024661482,0.42029276134191407
2015-01-23,11145.650390625,11645.7001953125,11144.099609375,11581.099609375,11581.099609375,34467000,0.04323418761674658,0.07851051354962824,0.06495318139497464,0.2631882240083441,0.4824850798874971
2015-01-30,11644.599609375,11805.7001953125,11472.2001953125,11693.5498046875,11693.5498046875,29684000,0.00970980296391466,0.06735826624049102,0.035771508754739,0.27384877020914766,0.5184061585368251
2015-02-06,11686.150390625,11779.7998046875,11292.2001953125,11322.9501953125,11322.9501953125,36567000,-0.03169265240794894,0.03552047387067536,0.011402141331807059,0.2401102534040005,0.43838290082729925
2015-02-13,11276.900390625,11861.099609375,11197.650390625,11789.900390625,11789.900390625,43084000,0.04123926955943058,0.062043119475406305,0.0536527917938221,0.24977748461025806,0.5260623752625577
2015-02-20,11745.75,11819.650390625,11663.75,11746.5,11746.5,23637000,-0.0036811498983919666,0.01428192453254673,0.043692663097803175,0.17982949758147249,0.48627792065196274
2015-02-27,11749.099609375,11797.650390625,11362.099609375,11554.7998046875,11554.7998046875,42955000,-0.016319771447878106,-0.011865515802941262,0.03665819761131117,0.14604802758547208,0.39609736056152967
2015-03-06,11826.25,12654.25,11787.5498046875,12632.5,12632.5,39313000,0.0932686168111112,0.11565447008939689,0.13235536003987503,0.21648231369073945,0.5994859162683772
2015-03-13,12584.5498046875,12824.5498046875,12467.0,12487.0498046875,12487.0498046875,39680000,-0.011513967568770989,0.059131069047610785,0.16357768265776151,0.20611703507422585,0.6076642149926077
2015-03-20,12523.150390625,13019.150390625,12426.599609375,12622.25,12622.25,44632000,0.010827232807363973,0.07455412250457583,0.1754694967507029,0.19221233086967815,0.6209179080411495
2015-03-27,12666.650390625,13051.849609375,12480.2998046875,12588.5498046875,12588.5498046875,44715000,-0.002669903964229836,0.08946498576120998,0.1490516497075287,0.19872109015603012,0.6493783167369866
2015-04-03,12704.0498046875,13190.0,12623.599609375,13136.2001953125,13136.2001953125,23886000,0.0435038506517309,0.03987335802988334,0.20134806004369565,0.2166865762388881,0.6748414490565136
2015-04-10,13244.5498046875,14020.7001953125,13234.7998046875,13505.900390625,13505.900390625,57654000,0.028143617622729433,0.08159257806075493,0.21662169373282514,0.30743176748923373,0.6956986643501588
2015-04-17,13521.7001953125,13782.599609375,12765.25,12809.150390625,12809.150390625,44814000,-0.05158856350544705,0.014807216670958079,0.10603922103008956,0.25846399228144934,0.6129180811314432
2015-04-24,12882.9501953125,12967.9501953125,12182.5498046875,12210.0,12210.0,336394000,-0.046775185890823634,-0.030070962148995295,0.044165390658829295,0.16814715897672383,0.5282941307116953
2015-05-01,12255.7001953125,12261.2001953125,11772.7001953125,12057.7998046875,12057.7998046875,62830000,-0.012465208461302169,-0.0820937847011356,0.06489912935227915,0.10878868982620293,0.47820598051986996
2015-05-08,12149.2998046875,12405.75,11777.650390625,12104.7001953125,12104.7001953125,62095000,0.003889630893255225,-0.10374726266196443,0.026700802742813723,0.07218969378286855,0.5113872137985391
2015-05-15,12207.849609375,12450.0498046875,12149.9501953125,12294.650390625,12294.650390625,58105000,0.01569226765203635,-0.040166598432364586,0.0466649972864257,0.09819751191274029,0.5968218611388776
2015-05-22,12327.150390625,12710.2998046875,12325.5498046875,12690.099609375,12690.099609375,42737000,0.03216433214331493,0.03932019732800973,0.0982535244121614,0.13410278616025217,0.694430713193289
2015-05-29,12708.25,12729.650390625,12282.0,12511.75,12511.75,81205000,-0.014054232422513135,0.037647846428502385,-0.009558678013061539,0.11168617694751104,0.6221849315324324
2015-06-05,12184.7001953125,12195.400390625,11513.2001953125,11715.849609375,11715.849609375,65903000,-0.06361223574839647,-0.032123933650837655,-0.061759999949948186,0.05110705030240381,0.5269526126581343
2015-06-12,11735.5,11771.9501953125,11233.9501953125,11328.4501953125,11328.4501953125,40031000,-0.03306626723447381,-0.07858704108001746,-0.10250151951415165,0.015462600404265059,0.4184765326825648
2015-06-19,11372.9501953125,11905.4501953125,11291.400390625,11810.0,11810.0,47557000,0.04250800386506137,-0.06935324674085408,-0.06184586920390123,0.10048831766728616,0.4682297590954878
2015-06-26,11875.5,12090.900390625,11858.400390625,12066.849609375,12066.849609375,48415000,0.02174848512912786,-0.03555860616020945,-0.08140486366210264,0.12374684685364712,0.44323042810369584
2015-07-03,11887.650390625,12367.650390625,11776.0,12264.849609375,12264.849609375,35929000,0.016408591008391316,0.04685959775044313,-0.09188952571510633,0.11950509754661343,0.39429535063027576
2015-07-10,12042.5498046875,12570.400390625,12042.5498046875,12537.25,12537.25,35445000,0.022209843520362593,0.1067047816644573,-0.021227043350510066,0.14657212449893842,0.42161006884621544
2015-07-17,12622.4501953125,13179.900390625,12620.099609375,13139.0,13139.0,32277000,0.0479969690322839,0.11253175275190519,0.07608517608517618,0.18357102981831308,0.48809652056904174
2015-07-24,13184.75,13201.25,12180.7998046875,12226.0498046875,12226.0498046875,82884000,-0.06948399385893145,0.013193186329994111,0.013953623606737242,0.05568989276203151,0.33353504074163
2015-07-31,12219.25,12381.5498046875,11872.599609375,12353.25,12353.25,55342000,0.010404030520449137,0.007207621246120066,0.02053333008476743,0.05641573400132538,0.34571388358718225
2015-08-07,12371.400390625,12788.849609375,12278.599609375,12641.0498046875,12641.0498046875,38439000,0.02329749698965866,0.008279312025164964,0.028174807990200224,0.11640955639994521,0.3844709378897839
2015-08-14,12718.5498046875,13238.9501953125,12570.400390625,13137.25,13137.25,54972000,0.039253084433581,-0.00013319126265320946,0.03523616081741876,0.11427998242006998,0.3926020335805174
2015-08-21,13200.4501953125,13753.5,12958.2001953125,13470.0,13470.0,75073000,0.02532874079430636,0.10174587991908601,0.07658800727316328,0.14672455625079817,0.35293945706571606
2015-08-28,13068.400390625,13311.900390625,12149.900390625,12940.75,12940.75,83883000,-0.039291017074981394,0.04755833485115257,0.10455070963396773,0.1199458423113704,0.2835117235834961
2015-09-04,12970.7998046875,13252.0,12453.2001953125,12521.5498046875,12521.5498046875,86132000,-0.03239380988833718,-0.009453328785690496,0.1053188731737269,-0.008782916707896327,0.20579805085296465
2015-09-11,12592.4501953125,12622.349609375,11933.5498046875,12341.849609375,12341.849609375,43977000,-0.014351274252427437,-0.06054542546004682,0.04503383652624904,-0.011628062479417167,0.1920922308328934
2015-09-18,12423.0498046875,12810.2001953125,12324.7001953125,12751.2001953125,12751.2001953125,39003000,0.033167685468031616,-0.05336301445341496,0.0567132771262695,0.010216102146012096,0.20439209382157775
2015-09-25,12726.349609375,12887.849609375,12482.2998046875,12826.4501953125,12826.4501953125,40129000,0.005901405267534132,-0.008832548707570997,0.04578943923684342,0.01889815700108799,0.22137470951831428
2015-10-02,12894.849609375,13183.0498046875,12582.75,13140.849609375,13140.849609375,45252000,0.02451180250771179,0.04945871831741333,0.04814449814552635,0.0003539390381823715,0.2171172091154514
2015-10-09,13212.5,13398.349609375,13058.0498046875,13277.7001953125,13277.7001953125,49375000,0.010414135311301864,0.07582741773377455,0.010556373796521745,-0.016896333358929816,0.2853409645016809
2015-10-16,13309.849609375,13335.0,13026.900390625,13203.5498046875,13203.5498046875,37261000,-0.005584580878786327,0.03547506136256007,0.07995223441877553,0.030790442928296136,0.29721265601310676
2015-10-23,13221.7001953125,13490.599609375,13172.900390625,13258.5,13258.5,41147000,0.0041617743807798036,0.03368428506005472,0.07328031084937159,0.08587223587223591,0.26845856734585527
2015-10-30,13335.099609375,13335.099609375,13031.400390625,13170.150390625,13170.150390625,57884000,-0.0066636202719010384,0.002229747856568931,0.041855747276725586,0.0922515387512961,0.21107615261270385
2015-11-06,13094.400390625,13155.2001953125,12205.2998046875,12226.650390625,12226.650390625,47495000,-0.0716392730542863,-0.07915902522475682,-0.06931432448762109,0.010074615095359896,0.08299159225694264
2015-11-13,11877.2001953125,12031.650390625,11595.7998046875,11640.5498046875,11640.5498046875,46521000,-0.04793631675171661,-0.1183772563530685,-0.13581664404695615,-0.05320204846461263,0.039771154660241725
2015-11-20,11688.4501953125,11837.349609375,11576.75,11685.349609375,11685.349609375,55464000,0.003848598686417626,-0.11865221485273603,-0.09701140896972738,-0.07917589545614956,0.04430918252670013
2015-11-27,11709.2998046875,11749.5,11497.2001953125,11567.5498046875,11567.5498046875,59971000,-0.01008098248023237,-0.12168430415785458,-0.07618865195447821,-0.07546507845125583,0.02779269239099058
2015-12-04,11535.5,11812.7001953125,11483.099609375,11645.0498046875,11645.0498046875,98555000,0.006699776643156907,-0.04756826827922167,-0.05645829650672485,-0.006043078995384699,0.04475512736482057
2015-12-11,11728.2001953125,11785.349609375,11202.150390625,11383.5,11383.5,55624000,-0.022460170550942404,-0.02208227351804204,-0.10726050680431509,0.0048594294663781845,0.020397169286674677
2015-12-18,11376.4501953125,11823.5,11349.150390625,11663.7998046875,11663.7998046875,45716000,0.024623341212061334,-0.0018441728666989121,-0.09064475150341267,-0.012379356080651993,0.08686498092028527
2015-12-25,11449.650390625,11883.599609375,11416.349609375,11795.75,11795.75,41393000,0.011312796646207213,0.019727617271206865,-0.10236017071646364,-0.02246647784226774,0.09850021321849156
2016-01-01,11816.349609375,12091.5,11816.349609375,11979.849609375,11979.849609375,66806000,0.015607283078651113,0.028750396975780523,-0.09774664037042258,-0.023237137761734306,0.09349100336995897
2016-01-08,11945.2998046875,11983.849609375,11431.349609375,11486.599609375,11486.599609375,58963000,-0.04117330484800075,0.009056934104185954,-0.1300370143416244,-0.08380230039482339,0.05048674289734767
2016-01-15,11420.599609375,11471.849609375,11121.599609375,11259.75,11259.75,54169000,-0.019749065614670935,-0.03464135285699255,-0.15075234755062794,-0.14302838876626833,0.014286772432966721
2016-01-22,11246.9501953125,11309.5,10825.5,11141.2998046875,11141.2998046875,52596000,-0.010519789099447174,-0.05548186383337217,-0.15404915857162205,-0.08872448724886628,-0.03797565166709027
2016-01-29,11244.7001953125,11809.7001953125,11212.400390625,11755.849609375,11755.849609375,42964000,0.05515961471828801,-0.01869806444186961,-0.038506112975226214,-0.048359775008601,0.0053277067894752506
2016-02-05,11837.25,11856.599609375,11065.150390625,11652.400390625,11652.400390625,66585000,-0.008799807941358928,0.01443427880211634,0.001018043489039222,-0.07820943903692978,0.029095791258437753
2016-02-12,11657.099609375,11657.099609375,10810.150390625,11081.0498046875,11081.0498046875,81725000,-0.04903286591466449,-0.015870707192655265,-0.05171431107227453,-0.15651678968676852,-0.06012354324054836
2016-02-19,11198.349609375,11446.7998046875,10875.7001953125,11341.650390625,11341.650390625,52428000,0.02351768023163836,0.01798269407068709,-0.01952871765211328,-0.1580066525148478,-0.03446555223896475
2016-02-26,11412.349609375,11570.0498046875,11098.400390625,11164.25,11164.25,55284000,-0.015641497005730254,-0.05032384974568016,-0.04128791312631075,-0.1372795239843131,-0.03379978980934517
2016-03-04,11234.5,11602.9501953125,10900.400390625,11537.650390625,11537.650390625,66896000,0.03344607928208343,-0.009847756355190307,0.013541563721614525,-0.0785764884866067,-0.0866692744409262
2016-03-11,11558.25,11710.75,11416.5498046875,11695.599609375,11695.599609375,42661000,0.013689894684132842,0.055459529152872555,0.0027263674977273666,-0.05236249188363973,-0.06338168003585587
2016-03-18,11716.349609375,11781.400390625,10922.150390625,11092.25,11092.25,70958000,-0.051587744923429546,-0.021989779444370305,-0.05964012462115598,-0.130101493969356,-0.12121452197508364
2016-03-25,11141.2998046875,11300.5,11078.75,11198.2998046875,11198.2998046875,39527000,0.009560711730036697,0.0030498962928544593,-0.06523869916329228,-0.12693694403616185,-0.1104376613327076
2016-04-01,11243.4501953125,11243.4501953125,10353.900390625,10928.2998046875,10928.2998046875,102733000,-0.024110802953050126,-0.05281409691808936,-0.04860444549941767,-0.16837189911290162,-0.16807755346274822
2016-04-08,10983.25,11084.400390625,10814.650390625,11012.5,11012.5,46207000,0.0077047845334901055,-0.05840654880382867,-0.02195874686382915,-0.17060184836167613,-0.1846156360190374
2016-04-15,11064.0498046875,11253.5498046875,10920.2998046875,11225.75,11225.75,32364000,0.01936435868331432,0.01203543014266728,0.007579923060410776,-0.14979303550514467,-0.12361478648762592
2016-04-22,11228.5498046875,11362.849609375,11191.650390625,11286.75,11286.75,43343000,0.005433935371801368,0.00789853789014261,-0.03990350548555033,-0.14871591809028173,-0.07561425061425064
2016-04-29,11296.0498046875,11326.2998046875,11114.5,11293.25,11293.25,46523000,0.0005758965158260132,0.03339496553306143,-0.03082200907840038,-0.14251169006855435,-0.0634070740161301
2016-05-06,11313.0498046875,11341.650390625,11080.9501953125,11121.400390625,11121.400390625,39624000,-0.015217019845925717,0.00988879824063571,0.0036414046185795357,-0.09039679427224567,-0.08123289208503315
2016-05-13,11133.599609375,11320.0,11091.9501953125,11157.650390625,11157.650390625,38993000,0.003259481605442316,-0.006066375019486481,-0.01622338845430238,-0.041484244487149824,-0.0924792461660392
2016-05-20,11211.099609375,11334.0498046875,11057.7998046875,11070.650390625,11070.650390625,47891000,-0.007797340564918542,-0.019146309555452157,-0.008383868990303855,-0.05260426425383413,-0.12761516998287448
2016-05-27,11109.5498046875,11247.5,10819.900390625,11206.7998046875,11206.7998046875,65591000,0.012298230840872337,-0.007655032458548261,-0.028675733337034992,-0.031186379664759567,-0.10429797552800368
2016-06-03,11284.0,11318.150390625,10791.7001953125,10808.2001953125,10808.2001953125,74534000,-0.03556765680852769,-0.028161938632882744,-0.07587464035201541,-0.07186311981578142,-0.0774719243012646
2016-06-10,10886.5498046875,10886.5498046875,10580.7001953125,10657.599609375,10657.599609375,58207000,-0.013933918988918714,-0.044816853346664964,-0.03918505178164933,-0.06376776831598363,-0.05921821382196524
2016-06-17,10632.150390625,10820.7001953125,10603.400390625,10653.4501953125,10653.4501953125,42045000,-0.0003893385203597166,-0.0376852470804967,-0.048654672484025774,-0.08662268096962333,-0.09792970403789159
2016-06-24,10636.7001953125,10821.099609375,10499.0,10747.7998046875,10747.7998046875,50949000,0.008856249162972007,-0.04095727665341298,-0.01651675038440814,-0.08884133652480763,-0.10931186244856328
2016-07-01,10750.0498046875,11281.599609375,10747.2001953125,11250.900390625,11250.900390625,50698000,0.04680963500251267,0.04095965908408128,0.02164816259931901,-0.060847944049276737,-0.08267114975261969
2016-07-08,11346.150390625,11639.650390625,11256.7998046875,11569.7001953125,11569.7001953125,40739000,0.028335492593387857,0.08558217791698297,0.03063939561387885,0.007234567997797647,-0.07717400583760392
2016-07-15,11679.7001953125,11762.7001953125,11535.900390625,11607.7001953125,11607.7001953125,47891000,0.0032844412005936796,0.08957192106833789,0.028436015266795067,0.030902124408845655,-0.11654614542107467
2016-07-22,11634.4501953125,12011.7998046875,11542.0,11815.75,11815.75,49635000,0.017923430239136895,0.09936454108930537,0.046266575166581836,0.060536042215535435,-0.03355947433897988
2016-07-29,11815.150390625,11902.5498046875,11452.5498046875,11697.25,11697.25,56179000,-0.010028986733808698,0.0396723456681678,0.05177851611748685,-0.004984719209768396,-0.053103434318903964
2016-08-05,11772.349609375,11800.7998046875,11478.0498046875,11678.900390625,11678.900390625,45745000,-0.001568711395840916,0.009438463699927402,0.04671682493636564,0.002274209528649651,-0.0761130941597683
2016-08-12,11718.4501953125,11766.25,11200.7001953125,11362.400390625,11362.400390625,60722000,-0.027100154073928406,-0.021132506918688176,0.026353465217099137,0.025390246492573487,-0.1351005430645683
2016-08-19,11418.349609375,11626.099609375,11320.2998046875,11587.400390625,11587.400390625,47559000,0.019802153793633703,-0.019325866692761817,0.0339615762368044,0.021667922351330526,-0.1397624060412027
2016-08-26,11590.900390625,11657.2001953125,11361.0,11395.4501953125,11395.4501953125,63097000,-0.01656542354985857,-0.025800919420162827,0.054333745617951124,0.02070897689611928,-0.11941346557869525
2016-09-02,11421.099609375,11654.4501953125,11268.2998046875,11555.150390625,11555.150390625,41716000,0.014014382281991145,-0.01059603180615687,0.08421697325357069,0.0015167732950394086,-0.0771788979109218
2016-09-09,11617.150390625,12042.7001953125,11556.0498046875,11818.7998046875,11818.7998046875,36796000,0.02281661468260987,0.04016751728262191,0.1093870612815886,0.01053389303903196,-0.04238017973336716
2016-09-16,11688.2998046875,11842.25,11592.7998046875,11725.5,11725.5,32750000,-0.007894186061980335,0.011918083842751503,0.09096747362991353,0.0570894092722396,-0.08043950213326279
2016-09-23,11737.099609375,11895.9501953125,11703.75,11798.650390625,11798.650390625,49976000,0.006238573248475543,0.03538255956560232,0.04868499239904578,0.05361086918624913,-0.0801312747515377
2016-09-30,11802.7998046875,11867.099609375,11268.7001953125,11461.0,11461.0,61180000,-0.028617712996504285,-0.00814791564300077,-0.009395247368340631,0.048745020253196936,-0.12783417049203227
2016-10-07,11528.9501953125,11748.2001953125,11444.599609375,11480.099609375,11480.099609375,53579000,0.0016664871629874511,-0.02865774874857996,-0.010992753412861989,0.0424608044835415,-0.13538493560595055
2016-10-14,11512.7001953125,11577.25,11300.849609375,11380.099609375,11380.099609375,25288000,-0.008710725812721809,-0.029457199319858463,-0.0368703121363434,0.013749603311582703,-0.1381030270105954
2016-10-21,11401.9501953125,11585.849609375,11261.900390625,11494.5498046875,11494.5498046875,30041000,0.010057046883685805,-0.02577418398456255,-0.017328876044583108,0.018410951309057122,-0.1330429683080665
2016-10-28,11535.0498046875,11633.75,11413.4501953125,11571.849609375,11571.849609375,40044000,0.006724909283178482,0.009671896813105318,-0.009166169559587378,0.024669568934983177,-0.12135782309575827
2016-11-04,11666.400390625,11705.2001953125,10540.75,10606.0,10606.0,57550000,-0.08346544778740572,-0.07614042030272838,-0.066570474954315,-0.04634311979806671,-0.13255064460399246
2016-11-11,10923.0,11172.150390625,9777.25,10901.25,10901.25,103504000,0.027838016217235584,-0.04207780474790579,-0.059215213723014415,-0.02297978352507224,-0.06351072905420618
2016-11-18,10955.75,10991.599609375,10483.7998046875,10751.4501953125,10751.4501953125,50312000,-0.013741525484462835,-0.06464799596344017,-0.05651378304166588,-0.028833011977580814,-0.07992053685011224
2016-11-25,10785.900390625,11116.599609375,10586.150390625,11085.0,11085.0,55536000,0.03102370365189655,-0.0420718922047324,-0.0406875180963846,-0.010868384089145144,-0.04171581820135817
2016-12-02,11100.900390625,11215.4501953125,11003.7001953125,11038.0498046875,11038.0498046875,43902000,-0.0042354709348217945,0.04073635722114832,-0.06606000718366878,0.021266224276145884,-0.05212515276282148
2016-12-09,11082.349609375,11164.25,10770.25,10929.4501953125,10929.4501953125,50646000,-0.009838659119737025,0.0025868772216488534,-0.06789047841776474,0.025507674889415632,-0.039886660929195794
2016-12-16,10928.599609375,10988.7998046875,10538.849609375,10646.5,10646.5,54862000,-0.025888785826925997,-0.009761492022560492,-0.09765103231980488,-0.0006523891495319178,-0.08721855842198722
2016-12-23,10637.25,10656.0,10075.2001953125,10156.650390625,10156.650390625,73152000,-0.046010389271122,-0.08374827328597201,-0.11380766158057765,-0.05500190037077901,-0.13895679455524235
2016-12-30,10144.5498046875,10285.0498046875,9870.0498046875,10267.0,10267.0,82703000,0.010864763985265924,-0.06985380736007007,-0.10566978080785516,-0.08745081339844152,-0.1429775552469862
2017-01-06,10301.849609375,10559.5498046875,10245.400390625,10472.7001953125,10472.7001953125,45878000,0.02003508281995714,-0.041790757251073285,-0.07973563019738228,-0.09481663150134634,-0.08826802087146723
2017-01-13,10507.150390625,10525.7001953125,10230.099609375,10445.099609375,10445.099609375,56623000,-0.0026354794296368222,-0.018917051671910934,-0.0912998084435227,-0.10015770276415215,-0.0723506641466285
2017-01-20,10432.099609375,10502.900390625,10281.7998046875,10307.849609375,10307.849609375,44914000,-0.013140133185212677,0.014886720811968068,-0.10923059343736741,-0.12761783133740978,-0.07480726754717082
2017-01-27,10268.900390625,10402.75,10195.4501953125,10367.2001953125,10367.2001953125,39486000,0.005757804797959176,0.009759442418671549,-0.022515538816471836,-0.11370619630148115,-0.11812412205027578
2017-02-03,10367.0498046875,10576.150390625,10065.650390625,10555.0,10555.0,61527000,0.018114804493928105,0.007858508613121318,-0.031762412567366116,-0.09623340837183514,-0.09417805377747912
2017-02-10,10630.0498046875,10806.7998046875,10417.599609375,10438.099609375,10438.099609375,72844000,-0.011075356762198063,-0.0006701707271146162,-0.029144960004941156,-0.08134731654172578,-0.05802249846765595
2017-02-17,10465.900390625,10646.099609375,10105.5,10624.400390625,10624.400390625,87651000,0.01784815131316364,0.030709681771268427,-0.04155161112990524,-0.08310751053179566,-0.06324035526548044
2017-02-24,10646.9501953125,10685.099609375,10529.9501953125,10561.599609375,10561.599609375,54323000,-0.005910995344774017,0.018751389999239754,-0.04316434549064696,-0.07317399239571099,-0.05398037401751121
2017-03-03,10576.650390625,10759.0,10512.5498046875,10614.0498046875,10614.0498046875,56537000,0.004966122297037634,0.005594486469682636,-0.028857846002196097,-0.08144425248684262,-0.08005101165900974
2017-03-10,10623.650390625,10656.5,10444.349609375,10468.349609375,10468.349609375,46399000,-0.013727106805938916,0.0028980371075240097,-0.01673323539426097,-0.11426288774067339,-0.10493262773943257
2017-03-17,10602.9501953125,10783.900390625,10468.849609375,10674.9501953125,10674.9501953125,49333000,0.019735736161550888,0.004757897182800619,0.05103058437119312,-0.08959530976824015,-0.037620843804232695
2017-03-24,10704.900390625,10724.150390625,10373.2998046875,10556.349609375,10556.349609375,77813000,-0.011110176981395048,-0.0004970837935703853,0.028182488494691738,-0.10529176983132837,-0.057325683943895256
2017-03-31,10526.5,10543.7001953125,10389.5,10411.150390625,10411.150390625,57053000,-0.013754680748831016,-0.019116116637486802,-0.00587716668477245,-0.09160192037125903,-0.04732203758179088
2017-04-07,10439.599609375,10556.900390625,10260.650390625,10285.7998046875,10285.7998046875,41470000,-0.012040032199551631,-0.017438260231967817,-0.015251152276663849,-0.1040321813681998,-0.06598866699772987
2017-04-14,10317.0498046875,10577.400390625,10257.2998046875,10531.9501953125,10531.9501953125,39242000,0.02393108900610952,-0.013395847042245945,0.0217407698433707,-0.07452917313340468,-0.061804316387546465
2017-04-21,10533.0,10542.849609375,10192.5,10208.5,10208.5,42123000,-0.03071132974560209,-0.032951694690565914,-0.015307912678705238,-0.1118834427219626,-0.09553237202914922
2017-04-28,10175.7001953125,10252.349609375,10075.0498046875,10120.900390625,10120.900390625,52590000,-0.008581046125777592,-0.02787876354772123,-0.04112739075082894,-0.12538611092685692,-0.10380976329887326
2017-05-05,10132.0498046875,10150.599609375,9908.7001953125,9935.150390625,9935.150390625,41673000,-0.018353110180993393,-0.0340906318148152,-0.04818398344256791,-0.06325189603762027,-0.10666372564016058
2017-05-12,9951.0498046875,10197.099609375,9924.5,10121.400390625,10121.400390625,62387000,0.018746570779215377,-0.038981365945902846,-0.047343848264966404,-0.0715376318656118,-0.09287349609651585
2017-05-19,10159.25,10301.25,10114.0498046875,10156.099609375,10156.099609375,63684000,0.003428302152945095,-0.005133015685458209,-0.03839380538910586,-0.05537397980014502,-0.08261039315490193
2017-05-26,10202.900390625,10203.25,9033.75,9060.4501953125,9060.4501953125,121002000,-0.10788092439061114,-0.10477824643890343,-0.14637199164911407,-0.18263868332769506,-0.19152208005689908
2017-06-02,8913.0498046875,9292.75,8634.900390625,9254.7001953125,9254.7001953125,197725000,0.021439332021326862,-0.0684891691176196,-0.11593512438442144,-0.1615638306521927,-0.14373345903360957
2017-06-09,9267.5,9551.400390625,9149.900390625,9507.349609375,9507.349609375,86821000,0.02729957845533093,-0.06066855944349048,-0.10937761437521343,-0.13011638833831007,-0.10792767998041308
2017-06-16,9510.400390625,9764.599609375,9494.5498046875,9525.5,9525.5,94300000,0.0019090904795489028,-0.062090727112689925,-0.09765209068668124,-0.1052928192363688,-0.10587651649310714
2017-06-23,9560.349609375,9564.9501953125,9402.5,9478.150390625,9478.150390625,65211000,-0.004970826662642369,0.04610148351442844,-0.08961545698543982,-0.06680352024583647,-0.11813110005163663
2017-06-30,9510.4501953125,9632.2001953125,9399.5498046875,9606.400390625,9606.400390625,59168000,0.013531121021972181,0.03800233264073061,-0.06605217163111421,-0.06434202876935813,-0.1461660794162134
2017-07-07,9637.599609375,9778.099609375,9497.599609375,9723.849609375,9723.849609375,57097000,0.012226142360734826,0.02277185639481627,-0.07672848531862264,-0.07150501513188356,-0.15954178196297186
2017-07-14,9782.75,9994.650390625,9705.2998046875,9958.25,9958.25,51233000,0.024105719446648965,0.045430686053225644,-0.02451388548758393,-0.04661033667290526,-0.14209965519083545
2017-07-21,9993.849609375,10259.650390625,9933.0,10052.400390625,10052.400390625,57796000,0.00945451164863309,0.06058671537518556,-0.006768172529733829,-0.024782008705061864,-0.14923721383534694
2017-07-28,10079.849609375,10092.0,9641.150390625,9672.599609375,9672.599609375,63241000,-0.037782098453241764,0.006891157567677997,-0.026426452638074638,-0.06699982375680968,-0.1730877249460343
2017-08-04,9707.9501953125,9707.9501953125,9104.2001953125,9256.849609375,9256.849609375,85260000,-0.04298224022392505,-0.04802624667803934,-0.08541809906569797,-0.12298914169824726,-0.20738688577173348
2017-08-11,9280.5498046875,9323.0498046875,8314.5,8521.349609375,8521.349609375,100661000,-0.07945467745906909,-0.14429246008334795,-0.16096238348144776,-0.18363016944947208,-0.25003966447038095
2017-08-18,8494.0498046875,8909.7001953125,8483.650390625,8639.400390625,8639.400390625,72171000,0.013853531032234967,-0.14056344207277915,-0.04647117920314092,-0.18683407317287948,-0.2544142690007617
2017-08-25,8691.7998046875,8921.400390625,8468.7001953125,8902.0498046875,8902.0498046875,56832000,0.03040134756892532,-0.0796631552846101,-0.03810500428783392,-0.1571305357205931,-0.21880665949035139
2017-09-01,8949.2998046875,9088.900390625,8841.150390625,9071.7001953125,9071.7001953125,64918000,0.019057452423560717,-0.020001341911722093,-0.04582238288922447,-0.14531207576337635,-0.21492149486235934
2017-09-08,9093.9501953125,9127.650390625,8793.25,8840.2998046875,8840.2998046875,65279000,-0.025507940699425746,0.03742953991250375,-0.0719332523555194,-0.15552115332769256,-0.2520137449843838
2017-09-15,8888.25,9396.400390625,8787.650390625,9338.0,9338.0,124082000,0.05629901771528134,0.08086204803438468,-0.014786681456713913,-0.12524182041613374,-0.20361605048825215
2017-09-22,9378.9501953125,9709.2001953125,9217.5498046875,9465.4501953125,9465.4501953125,148912000,0.013648553792300344,0.06328883829972876,-0.01467252972820654,-0.10334059162778031,-0.19775144767120312
2017-09-29,9468.0,9474.150390625,8977.25,9172.599609375,9172.599609375,120142000,-0.030938896713283204,0.011122437017333953,-0.056690510666529303,-0.1189638738064226,-0.19966847488220918
2017-10-06,9308.9501953125,9508.650390625,9196.150390625,9477.75,9477.75,58387000,0.03326760172907983,0.07210730511362251,-0.04825144980292717,-0.07855974450516245,-0.17441918428476177
2017-10-13,9497.150390625,9613.7998046875,9385.150390625,9545.599609375,9545.599609375,60878000,0.007158830880219513,0.02223169944045833,-0.05041589685610304,-0.09365317606386891,-0.1612024554239162
2017-10-20,9588.099609375,9760.7998046875,9561.099609375,9593.5,9593.5,35135000,0.005018059900391725,0.013528126190016199,-0.0081776991263377,-0.06024391438507126,-0.1653870605625849
2017-10-27,9637.900390625,9722.849609375,9302.2001953125,9650.099609375,9650.099609375,54214000,0.005899787290873926,0.05205721609302172,0.042482055623084936,-0.04651767758588976,-0.16607111783090256
2017-11-03,9686.0498046875,10062.5,9599.099609375,9897.2001953125,9897.2001953125,99181000,0.02560601402470941,0.04425630506317435,0.16145923462919765,-0.0038197907248903595,-0.06683007775669436
2017-11-10,9886.7001953125,9986.599609375,9262.5,9311.5,9311.5,130621000,-0.05917837203999354,-0.024524348281388608,0.07779470553353751,-0.08001861001123667,-0.14583190001146662
2017-11-17,9334.650390625,9345.4501953125,8990.150390625,9161.7998046875,9161.7998046875,80432000,-0.016076915138538372,-0.04499923857950694,0.0291786729684691,-0.09790173816035352,-0.14785450908920805
2017-11-24,9184.2001953125,9419.349609375,9119.900390625,9364.2998046875,9364.2998046875,66298000,0.022102644056508858,-0.029616254365897654,0.03225410927118055,0.0335358180691947,-0.15522780291497518
2017-12-01,9324.9501953125,9401.4501953125,9055.9501953125,9083.849609375,9083.849609375,61948000,-0.029948869767295827,-0.08217986601127036,0.027549948538889923,-0.018460953065128516,-0.17704216142262874
2017-12-08,9137.25,9152.900390625,8923.5498046875,9098.4501953125,9098.4501953125,51216000,0.0016073126004234606,-0.022880288319551134,-0.025653223890287014,-0.04300877014760163,-0.16752901264743325
2017-12-15,9162.400390625,9273.150390625,8975.4501953125,9100.2998046875,9100.2998046875,59576000,0.0002032883991553991,-0.006712654861606437,-0.03857718154872658,-0.044638097245551456,-0.1452308453775889
2017-12-22,9102.2001953125,9418.150390625,8921.2998046875,9326.599609375,9326.599609375,56727000,0.02486729113813757,-0.0040259492005615405,0.016789133567173486,-0.0159894889829878,-0.08172485507782867
2017-12-29,9336.650390625,9732.900390625,9307.4501953125,9620.099609375,9620.099609375,84708000,0.03146913261988615,0.05903334192659493,0.015019346297908243,0.0014260511943027243,-0.06300773260202586
2018-01-05,9627.400390625,9740.599609375,9476.4501953125,9701.0498046875,9701.0498046875,58380000,0.008414694088366037,0.06623101697973333,0.01628501107042335,-0.002344730287222707,-0.07368208544443822
2018-01-12,9759.7998046875,9939.0498046875,9656.0,9741.849609375,9741.849609375,67478000,0.0042057102590882245,0.07049765595162505,0.015463554424870907,-0.021730765006401698,-0.06732822340619882
2018-01-19,9764.0,9819.400390625,9565.9501953125,9637.7998046875,9637.7998046875,58237000,-0.010680703240108391,0.03336695133772927,-0.0012745780028582399,-0.04124393874364196,-0.0650038397997279
2018-01-26,9621.349609375,9920.5498046875,9587.099609375,9729.150390625,9729.150390625,59285000,0.00947836516515621,0.011335722672115356,-0.01697952970245986,0.005846492518432056,-0.061545045206708004
2018-02-02,9716.2001953125,9752.0498046875,9014.0,9042.75,9042.75,77818000,-0.07055090764003558,-0.06785861509229785,-0.028862159695000833,-0.023128776895993575,-0.14327333017527233
2018-02-09,8910.900390625,9282.2001953125,8729.099609375,9222.5498046875,9222.5498046875,106725000,0.0198833103522158,-0.053306078979884375,0.006630793216952702,0.08228745767466861,-0.11645317157116908
2018-02-16,9298.0498046875,9453.75,9141.0498046875,9180.900390625,9180.900390625,65736000,-0.004516041110597335,-0.04740702476931302,-0.019584957539558467,0.06267796091353817,-0.13586649099498815
2018-02-23,9188.2998046875,9198.650390625,8753.5498046875,9095.400390625,9095.400390625,125123000,-0.009312812073128174,-0.06513929526782536,0.0012715733688588582,0.02171978254218354,-0.13882359424499757
2018-03-02,9091.75,9146.599609375,8905.2001953125,8917.75,8917.75,58884000,-0.019531893374162168,-0.013823228553260902,-0.019860546734167595,-0.01697037953172753,-0.15981645421885626
2018-03-09,8888.849609375,8955.599609375,8491.5,8515.7001953125,8515.7001953125,89525000,-0.04508422019988223,-0.0766436207279394,-0.06423959890572806,-0.03671816754482504,-0.18652886910786703
2018-03-16,8582.900390625,8796.099609375,8492.7001953125,8546.7998046875,8546.7998046875,59178000,0.003652031971736136,-0.0690673636525897,-0.08361030143329551,-0.08472908495529019,-0.1993592805294302
2018-03-23,8606.25,8674.099609375,8280.4501953125,8327.400390625,8327.400390625,70824000,-0.025670358388664938,-0.08443828385956587,-0.13437482679391766,-0.12023197853294787,-0.21114772636655477
2018-03-30,8323.25,8491.7001953125,8282.0498046875,8358.0498046875,8358.0498046875,53662000,0.003680550066621713,-0.06276249001289558,-0.1384386254105271,-0.08880250303904869,-0.19720208708023945
2018-04-06,8424.400390625,8808.5498046875,8385.2998046875,8772.400390625,8772.400390625,74414000,0.049575031929711244,0.03014434390888976,-0.09951387648368715,-0.07442163059534168,-0.14713483081527656
2018-04-13,8785.849609375,8841.5498046875,8669.2001953125,8730.599609375,8730.599609375,62320000,-0.00476503344451451,0.02150510236436043,-0.09412938779567392,-0.08537965485159948,-0.17103675506737914
2018-04-20,8707.900390625,8904.099609375,8696.25,8819.7998046875,8819.7998046875,66754000,0.01021696095382918,0.05913002749535656,-0.09346659774256849,-0.08064837601631314,-0.13603371654136254
2018-04-27,8781.099609375,9092.7001953125,8781.099609375,8987.400390625,8987.400390625,77339000,0.01900276532902989,0.07529873602626025,-0.00612088240579467,-0.06867278531572796,-0.11199596441537574
2018-05-04,9030.4501953125,9110.5498046875,8796.849609375,8817.4501953125,8817.4501953125,48250000,-0.018909827973145554,0.005135402248128695,-0.043924903411104554,-0.10909650999192577,-0.11249957487983109
2018-05-11,8828.75,8882.349609375,8403.349609375,8445.7001953125,8445.7001953125,61195000,-0.04216071446568859,-0.0326322849299574,-0.08007931292482418,-0.09298177572759492,-0.16556011328873288
2018-05-18,8458.349609375,8598.0498046875,8195.349609375,8211.849609375,8211.849609375,85984000,-0.02768871503008019,-0.06893015814138892,-0.09714259332230302,-0.10368598043655919,-0.1914366808893132
2018-05-25,8211.349609375,8320.099609375,7900.35009765625,8297.25,8297.25,80636000,0.01039965351137262,-0.0767908806360641,-0.06958033136161024,-0.11394870165875781,-0.08423424651761213
2018-06-01,8404.25,8556.2998046875,8181.2998046875,8213.2001953125,8213.2001953125,133558000,-0.010129838764349586,-0.06852888154913872,-0.03552262210528645,-0.09584586397863137,-0.1125374110473637
2018-06-08,8263.7001953125,8647.150390625,8019.2998046875,8603.9501953125,8603.9501953125,128503000,0.04757585237274653,0.018737345198191147,0.006686759012847876,-0.05434991557735458,-0.09502116269834826
2018-06-15,8624.7001953125,9352.2001953125,8610.9501953125,9316.25,9316.25,204381000,0.08278753229831182,0.1344886284040283,0.11874649506324308,0.023730008895010757,-0.02196735079523382
2018-06-22,9314.900390625,9424.150390625,9082.25,9360.900390625,9360.900390625,120302000,0.004792742855226129,0.12819312309801445,0.11998619407305577,0.003677737083890742,-0.01237055703568224
2018-06-29,9360.75,9469.900390625,9083.5,9173.150390625,9173.150390625,117210000,-0.02005683130524849,0.11687894760684991,0.04568304935423129,-0.04645993668448489,-0.04510013973837834
2018-07-06,9198.900390625,9462.400390625,9079.599609375,9189.900390625,9189.900390625,99806000,0.0018259811827698869,0.06810246247493734,0.05260816001191926,-0.052690113374690095,-0.05491129955724594
2018-07-13,9241.5,9356.5,9142.2001953125,9164.0,9164.0,71111000,-0.002818353793194728,-0.01634241245136192,0.03902585125906888,-0.059316211247904094,-0.07975798960660763
2018-07-20,9132.2998046875,9132.2998046875,8724.650390625,8895.25,8895.25,88781000,-0.0293267132256656,-0.04974418818635773,-0.010253286447672316,-0.07704557261361134,-0.11511184847990874
2018-07-27,8917.4501953125,9106.400390625,8858.150390625,9039.0,9039.0,79891000,0.01616031027795728,-0.01462424411596941,0.02512628932174521,-0.07093634725700493,-0.06550458356209576
2018-08-03,9021.900390625,9558.5,8978.400390625,9500.75,9500.75,94201000,0.051084190729062895,0.03382513369699969,0.12492153170119269,0.050648309419147886,0.02634809907443958
2018-08-10,9551.2001953125,9597.400390625,9102.5498046875,9138.25,9138.25,112773000,-0.03815488250927557,-0.002809908336970701,0.11281263475251446,-0.009140617993155575,0.07239468146528094
2018-08-17,9117.349609375,9780.9501953125,9094.25,9693.849609375,9693.849609375,151767000,0.060799344445052306,0.08977820852421226,0.1683207821115429,0.05587134125469806,0.12205120391158508
2018-08-24,9725.7001953125,10142.4501953125,9723.349609375,10061.099609375,10061.099609375,120566000,0.03788484604143538,0.11307662455747325,0.2249914004430511,0.10617445931741343,0.13020032802750503
2018-08-31,10113.9501953125,10445.0498046875,9980.849609375,10390.9501953125,10390.9501953125,132480000,0.03278474508195339,0.09369788651553823,0.2076952980241067,0.1651986426298675,0.14542477943458487
2018-09-07,10463.400390625,10704.599609375,10119.7998046875,10661.25,10661.25,214807000,0.026013001660756263,0.16666210707739437,0.14437139406950217,0.25195224766937274,0.20598285528132831
2018-09-14,10624.5,10786.349609375,10152.4501953125,10652.849609375,10652.849609375,137710000,-0.0007879367452221508,0.09892870620486449,0.1380154862072771,0.24641384527720356,0.1408063406912614
2018-09-21,10634.0,10739.7001953125,9861.349609375,10252.349609375,10252.349609375,118088000,-0.037595574394248654,0.019008856628533133,0.11764760990432976,0.23115848025238583,0.08313386028402436
2018-09-28,10328.9501953125,10440.400390625,9881.5498046875,9972.4501953125,9972.4501953125,125399000,-0.027301001694924,-0.04027543122945498,0.08515324121312684,0.19315515321763033,0.08719998909796511
2018-10-05,9987.400390625,10142.5498046875,9496.0,9547.349609375,9547.349609375,81496000,-0.042627496514078045,-0.10448121848985814,0.04183212673232206,0.08833947200793335,0.007343473859829697
2018-10-12,9503.0498046875,9828.2998046875,9384.2001953125,9525.599609375,9525.599609375,94289000,-0.0022781191524234856,-0.1058167571433627,0.07086361927714235,0.09105903781755398,-0.0020952062540269267
2018-10-19,9559.2001953125,9925.0498046875,9519.0,9650.2998046875,9650.2998046875,70623000,0.013091059925484538,-0.058723105202827974,0.06762914091022232,0.09416313503608209,0.005920655098504257
2018-10-26,9704.849609375,9751.7998046875,9021.2001953125,9115.099609375,9115.099609375,105747000,-0.05545943713091006,-0.0859719095253535,-0.04059157336262931,0.014208693637729475,-0.05543984224579934
2018-11-02,9172.150390625,9801.9501953125,9168.849609375,9547.849609375,9547.849609375,98137000,0.04747616795705789,5.237055522822054e-05,0.044822543635269385,0.08283567220496368,-0.035297920527358695
2018-11-09,9542.0,9682.2998046875,9369.400390625,9643.900390625,9643.900390625,78957000,0.010059938643743216,0.012419247722061488,-0.005152671102065964,0.14187103112865884,0.03569783500241641
2018-11-16,9683.900390625,9730.849609375,9153.400390625,9301.349609375,9301.349609375,126130000,-0.03551994186740037,-0.0361595186030389,-0.07551361476354534,0.13267412968159809,0.015231702030435335
2018-11-23,9386.2001953125,9416.150390625,9200.9501953125,9302.2998046875,9302.2998046875,57421000,0.0001021567140688795,0.0205373724188338,-0.10476908946364738,0.12113047150411282,-0.006620890113851807
2018-11-30,9323.400390625,9352.400390625,8965.849609375,9275.7001953125,9275.7001953125,159888000,-0.002859465931381422,-0.028503739082282764,-0.129961290157111,0.1293649216789332,0.021119965013456365
2018-12-07,9108.0498046875,9157.599609375,8641.849609375,8682.599609375,8682.599609375,308155000,-0.06394132771100391,-0.09967966717952592,-0.1849505129844402,0.009141081977130483,-0.04570565063396681
2018-12-14,8539.099609375,8870.0498046875,8417.650390625,8726.400390625,8726.400390625,167404000,0.005044662108190101,-0.06181352630488146,-0.148838976126471,-0.06331405977458737,-0.04108649408120679
2018-12-21,8775.349609375,8913.650390625,8716.0,8774.0498046875,8774.0498046875,99537000,0.005460374487708641,-0.05678703235664484,-0.12017110811827392,-0.06269168151017124,-0.05924450794822189
2018-12-28,8804.599609375,8850.900390625,8549.400390625,8814.2001953125,8814.2001953125,83185000,0.004576038604607646,-0.049753656358279,-0.07679088375925669,-0.03913052550401319,-0.08377246045115094
2019-01-04,8866.9501953125,8929.7001953125,8683.7998046875,8788.0498046875,8788.0498046875,81539000,-0.0029668478189214254,0.01214500265549967,-0.07742817617083242,-0.043727414754946015,-0.09411352568861597
2019-01-11,8840.599609375,8968.650390625,8711.5,8902.4501953125,8902.4501953125,83187000,0.013017722153096933,0.020174389989787267,-0.07749496124584054,-0.028541008804834123,-0.08616427554524242
2019-01-18,8915.7001953125,9097.5498046875,8616.849609375,8689.599609375,8689.599609375,157544000,-0.02390921389816647,-0.009624996118369755,-0.04668078443842427,-0.02311912432196961,-0.09838347076386955
2019-01-25,8694.2001953125,9001.0498046875,8694.2001953125,8891.0,8891.0,190981000,0.023177177278423056,0.008713190418382366,-0.0687955546272997,-0.016373492642991483,-0.0861483641400631
2019-02-01,8886.150390625,8991.9501953125,8562.349609375,8969.5498046875,8969.5498046875,93664000,0.008834754773085152,0.02065304635656351,-0.06992508825506405,-0.05591139597531769,-0.008094904239584144
2019-02-08,8992.099609375,9088.5498046875,8703.400390625,8984.849609375,8984.849609375,122498000,0.0017057494546164342,0.009255812978980371,-0.034027320044071274,-0.01678662661067487,-0.02577380446258859
2019-02-15,8924.9501953125,8957.2998046875,8252.099609375,8643.2998046875,8643.2998046875,91185000,-0.03801397013157781,-0.0053281861960070565,-0.07084269630483475,-0.10837281854171787,-0.05855641201449768
2019-02-22,8703.599609375,8778.400390625,8539.75,8772.599609375,8772.599609375,77851000,0.014959541796453424,-0.013316881186030805,-0.054238556156843365,-0.1280675125012546,-0.03549055207978791
2019-03-01,8795.349609375,8993.7998046875,8659.099609375,8972.650390625,8972.650390625,100748000,0.02280404784873702,0.0003456791037472762,0.033405983725982136,-0.13649375447178203,0.006156305191892475
2019-03-08,8975.2001953125,9209.150390625,8937.900390625,9021.849609375,9021.849609375,79737000,0.005483242588099291,0.004118043329450316,0.03385694049374677,-0.15377187390080904,0.05943720451092349
2019-03-15,9052.9501953125,9345.099609375,9047.150390625,9221.75,9221.75,103044000,0.022157362323716345,0.0669246940848669,0.05102549054067573,-0.13433960506825948,0.07897110155105347
2019-03-22,9224.0498046875,9338.2998046875,9133.7998046875,9199.349609375,9199.349609375,58643000,-0.002429082400303595,0.04864578562823563,0.043696467691683116,-0.10270816350596457,0.1047084537608689
2019-03-29,9159.9501953125,9322.0498046875,9081.5498046875,9199.400390625,9199.400390625,69573000,5.52009132781528e-06,0.025271239837553194,0.04680794887144213,-0.07751854253941204,0.10066350471681074
2019-04-05,9367.599609375,9425.9501953125,9163.5,9271.5498046875,9271.5498046875,78497000,0.007842838771973337,0.02767727307857415,0.04146045204154536,-0.02888757780658613,0.056899980830325214
2019-04-12,9292.099609375,9520.2998046875,9207.4501953125,9426.4501953125,9426.4501953125,77634000,0.016707065581062386,0.022197543341827775,0.08479683979254116,-0.010408732061855552,0.07970249662924522
2019-04-19,9431.7998046875,9474.099609375,9338.650390625,9409.900390625,9409.900390625,33514000,-0.0017556773063660547,0.022887572512238163,0.05836243286750653,-0.024911082445928656,0.0669063469699025
2019-04-26,9392.25,9578.400390625,9260.9501953125,9461.7001953125,9461.7001953125,81253000,0.005504819661970917,0.02851270664931671,0.05486901810476619,0.038024881876333794,0.052773859411254787
2019-05-03,9468.599609375,9471.849609375,9193.0498046875,9220.4501953125,9220.4501953125,54482000,-0.025497531629623982,-0.005511442040592285,0.02622198436039147,-0.03429038238526794,0.04570482294464684
2019-05-10,9121.349609375,9229.7998046875,8881.599609375,8944.599609375,8944.599609375,75019000,-0.02991725784471322,-0.051116865411022894,0.034859349032888565,-0.07251223601705825,0.05907140941841593
2019-05-17,8904.7998046875,8906.400390625,8244.650390625,8448.9501953125,8448.9501953125,176290000,-0.05541325891692239,-0.10212118677365445,-0.03689321620430808,-0.0916425518726176,0.02887298199748023
2019-05-24,8640.0,8725.7998046875,8413.2998046875,8608.4501953125,8608.4501953125,116798000,0.018878085006169387,-0.0901793527999033,-0.0405900352133447,-0.07458903969375008,0.03750642626321965
2019-05-31,8593.7998046875,8607.4501953125,8403.599609375,8455.099609375,8455.099609375,171083000,-0.01781395982531242,-0.08300577192278413,-0.06281971264640296,-0.0884677780284655,0.029452516474705925
2019-06-07,8459.849609375,8602.0498046875,8096.5498046875,8179.60009765625,8179.60009765625,78277000,-0.03258382803832094,-0.08552641203938738,-0.11300999293450265,-0.05793190223532119,-0.049320380525614715
2019-06-14,8215.0498046875,8277.2998046875,7954.60009765625,8083.5498046875,8083.5498046875,112679000,-0.011742663678175669,-0.04324802279314244,-0.12129116210024193,-0.07366732640736162,-0.13231720867435937
2019-06-21,8098.2998046875,8131.2001953125,7737.0,7911.5498046875,7911.5498046875,105601000,-0.02127778069731945,-0.08095538393246193,-0.13999288336769566,-0.09830124277835905,-0.15483025408421536
2019-06-28,7921.5498046875,8202.650390625,7847.10009765625,8065.14990234375,8065.14990234375,124636000,0.0194146660829011,-0.04612006067898644,-0.1301184729368352,-0.08498221918843007,-0.12078734579710271
2019-07-05,8085.39990234375,8198.2998046875,7911.2001953125,7926.5,7926.5,75549000,-0.017191236867582393,-0.030942844959959914,-0.15912142580017896,-0.09803651820770909,-0.13747704946985573
2019-07-12,7862.7998046875,8189.0,7791.10009765625,8144.2998046875,8144.2998046875,117232000,0.027477424422822194,0.0075152626590822,-0.1344967038331677,-0.08516199181032169,-0.11127239145706025
2019-07-19,8198.75,8363.75,8029.9501953125,8040.10009765625,8040.10009765625,120883000,-0.012794188515908633,0.016248433763582648,-0.15024784851675355,-0.07474446935598977,-0.09613556699853854
2019-07-26,8028.5,8210.099609375,7890.2001953125,8178.89990234375,8178.89990234375,109365000,0.017263442370320847,0.014103891604909213,-0.11296089354706929,-0.08009223907954677,-0.09515434203520856
2019-08-02,8177.14990234375,8205.25,7781.85009765625,7868.2001953125,7868.2001953125,105959000,-0.03798795812896738,-0.007355050108812211,-0.12034070400807051,-0.12278761290777751,-0.17183378203694444
2019-08-09,7819.89990234375,8049.10009765625,7735.0498046875,7924.0498046875,7924.0498046875,120711000,0.00709814290290578,-0.027043454352359886,-0.062126107799311714,-0.11806539350203893,-0.13287010043635272
2019-08-16,7909.2998046875,7984.85009765625,7550.5498046875,7684.2998046875,7684.2998046875,93143000,-0.030255993577700036,-0.04425321683152528,-0.10735386389622392,-0.11095299499849676,-0.20730152474658248
2019-08-23,7770.2998046875,7851.14990234375,7554.7001953125,7780.5498046875,7780.5498046875,115195000,0.012525539404551367,-0.048704606048803556,-0.0797802315586632,-0.11308504307290257,-0.22667003540671327
2019-08-30,7834.9501953125,8112.5498046875,7690.75,8072.0498046875,8072.0498046875,121862000,0.03746521869500552,0.02590803542294773,-0.013148600382012154,-0.10037174599809273,-0.22316538401570707
2019-09-06,8032.89990234375,8104.7001953125,7768.0,8068.75,8068.75,119913000,-0.0004087938958929893,0.01826088917650437,-0.0018308546424639083,-0.10564348228378717,-0.2431703599484113
2019-09-13,8067.39990234375,8168.5,7974.64990234375,8033.0498046875,8033.0498046875,76726000,-0.004424501355538291,0.045384746673634346,0.015357294461827431,-0.12890180229484638,-0.2459247901502294
2019-09-20,8005.2998046875,8119.39990234375,7745.5498046875,7983.5498046875,7983.5498046875,92044000,-0.006162043209431589,0.026090701183828946,-0.01011761698719782,-0.13216149579188574,-0.2212955947788645
2019-09-27,8063.10009765625,8073.7001953125,7683.25,7695.2998046875,7695.2998046875,101933000,-0.03610549280105391,-0.04667339884117394,-0.029168005464265456,-0.1634998502152718,-0.2283441226605838
2019-10-04,7688.14990234375,7692.9501953125,7323.2998046875,7396.89990234375,7396.89990234375,92838000,-0.038776904073572704,-0.08326569761812552,-0.09176969417476255,-0.20219380166581935,-0.22524049029477466
2019-10-11,7396.7998046875,7414.14990234375,7047.10009765625,7278.4501953125,7278.4501953125,171602000,-0.016013425704695328,-0.09393687674321038,-0.09473139551655296,-0.22786944772361262,-0.23590634775903008
2019-10-18,7296.0498046875,7651.9501953125,7281.85009765625,7608.14990234375,7608.14990234375,111381000,0.04529806458572527,-0.04702167726483475,-0.0697832235159701,-0.19147391720281315,-0.2116151771110576
2019-10-25,7607.9501953125,7800.25,7591.7001953125,7736.5498046875,7736.5498046875,90905000,0.016876626248412352,0.005360414934694635,-0.01673195741809308,-0.18232985140235913,-0.1512380405881295
2019-11-01,7745.60009765625,7979.5498046875,7722.25,7949.4501953125,7949.4501953125,83929000,0.027518777232715008,0.07470025284425863,0.003205480941067984,-0.13784576382681968,-0.16740936226027658
2019-11-08,7983.60009765625,8061.9501953125,7771.0,7787.39990234375,7787.39990234375,188298000,-0.020385094438896578,0.06992556016375939,0.01341698011227499,-0.12937412042662788,-0.19250514968881116
2019-11-15,7728.5498046875,7853.0,7553.0498046875,7720.60009765625,7720.60009765625,141228000,-0.00857793429452558,0.01478022867002915,-0.007705073360642523,-0.08620598782323752,-0.1699484029850339
2019-11-22,7757.9501953125,8187.10009765625,7750.9501953125,8067.2001953125,8067.2001953125,223786000,0.04489289605369762,0.04273874000328437,-0.000600790318734612,-0.06287426746044522,-0.13277357592287276
2019-11-29,8072.14990234375,8320.25,8047.7998046875,8189.9501953125,8189.9501953125,169929000,0.015215935768065458,0.030253664604605435,0.015020938226181224,-0.031359703174697384,-0.11705315794366522
2019-12-06,8195.4501953125,8198.9501953125,7942.0,7957.5498046875,7957.5498046875,119404000,-0.02837628863213526,0.021849385478783567,-0.009398671965900607,-0.027146839737602235,-0.08350607390724674
2019-12-13,7987.5,8073.60009765625,7909.89990234375,8045.0498046875,8045.0498046875,97861000,0.010995846981498802,0.04202389748560398,0.007703340181317575,-0.004762759051434862,-0.07807922573315484
2019-12-20,8017.9501953125,8128.0,7973.7001953125,8049.4501953125,8049.4501953125,111731000,0.0005469687238526255,-0.0022002676976224933,0.04602164952810206,0.017430262594478663,-0.08258439665887074
2019-12-27,8043.0498046875,8097.75,7985.75,8068.0498046875,8068.0498046875,58938000,0.002310668297051066,-0.01488414309219721,0.09073394411232916,0.00035955963359191045,-0.08465321573043139
2020-01-03,8086.5498046875,8189.7998046875,8018.9501953125,8111.9501953125,8111.9501953125,72996000,0.005441264207304952,0.019403006505098963,0.11451613703928265,0.023396227251939683,-0.0769339756147458
2020-01-10,8076.85009765625,8171.2001953125,7943.14990234375,8058.5,8058.5,88118000,-0.00658906847620766,0.0016718597944120894,0.05919311572942543,-0.010534951652702795,-0.09479976599665496
2020-01-17,8082.2998046875,8371.599609375,8042.64990234375,8345.2998046875,8345.2998046875,97514000,0.03558972571663466,0.03675401452229421,0.07868494553362337,0.037959689969558674,-0.03962205627012361
2020-01-24,8353.7001953125,8375.2001953125,8208.5498046875,8294.0498046875,8294.0498046875,100970000,-0.006141181407432916,0.02801172594010204,0.04334886072727362,0.014078898594999556,-0.06714095099679451
2020-01-31,8270.0498046875,8513.150390625,8122.9501953125,8138.60009765625,8138.60009765625,131642000,-0.018742316563302497,0.0032852645420764492,0.045098518082627326,0.034366169598079255,-0.09264118323943016
2020-02-07,8020.9501953125,8363.2998046875,7944.89990234375,8341.849609375,8341.849609375,178744000,0.02497352238467676,0.03516158210274867,0.08046647978922561,0.0527255399682558,-0.07156491515774277
2020-02-14,8340.150390625,8384.099609375,8235.0,8331.7001953125,8331.7001953125,111778000,-0.0012166862911425769,-0.0016296130388702146,0.03278708766316352,0.08424975691735503,-0.036051000939017586
2020-02-21,8342.599609375,8473.7998046875,8068.2001953125,8364.349609375,8364.349609375,133738000,0.003918697660396875,0.008475932306045264,0.021294319245349858,0.07503323278462681,-0.04653694664962438
2020-02-28,8275.9501953125,8281.9501953125,7559.0,7576.75,7576.75,210507000,-0.0941614884787021,-0.06903522607260815,-0.047853901519181785,-0.061359854890869925,-0.15557280511937643
2020-03-06,7675.5498046875,8281.7001953125,7463.0498046875,8018.2998046875,8018.2998046875,196695000,0.05827693993961791,-0.03878633874241488,-0.0033250260283552713,-0.006252541634391928,-0.11123548364679758
2020-03-13,7921.25,7999.2998046875,6242.85009765625,7268.0,7268.0,173997000,-0.0935734286524027,-0.12766904357779807,-0.0970811889447516,-0.09523777684548562,-0.21186325805839457
2020-03-20,7075.35009765625,7406.0498046875,6332.0,6951.89990234375,6951.89990234375,218946000,-0.04349203324934647,-0.16886545553382137,-0.13834196978993263,-0.12922195358987076,-0.24430528270616958
2020-03-27,6518.0,7058.7998046875,6380.10009765625,6813.0498046875,6813.0498046875,182844000,-0.019972971361316372,-0.10079522160721943,-0.16012183992149887,-0.1146479048759852,-0.25940283981653867
2020-04-03,6708.7001953125,7452.7998046875,6608.7998046875,7361.60009765625,7361.60009765625,199196000,0.08051464596535562,-0.08190011885653659,-0.08648010204675183,-0.004772243122597164,-0.20600112680898497
2020-04-10,7729.25,9032.400390625,7569.85009765625,8800.4501953125,8800.4501953125,353181000,0.1954534447088947,0.21084895367535772,0.054539729102283996,0.20911045059842626,-0.06640888001628564
2020-04-17,9000.25,9454.099609375,8852.0,9157.75,9157.75,381519000,0.040600173486330604,0.3173017633514219,0.10413491788105333,0.20367633623765524,-0.02679628690609892
2020-04-24,9176.7001953125,9638.7001953125,8999.9501953125,9518.4501953125,9518.4501953125,447069000,0.039387425438836,0.39709094578519544,0.16954391186435358,0.23032235758960207,0.005997864953289689
2020-05-01,9590.5,9753.5,9253.900390625,9327.099609375,9327.099609375,243124000,-0.020103124144278617,0.2669935184803798,0.11810929783398705,0.1733012196082251,0.011566616792390239
2020-05-08,9181.599609375,9507.4501953125,9128.0498046875,9343.349609375,9343.349609375,275555000,0.0017422350656217667,0.06168995926500109,0.12142172549987618,0.1998034936619808,0.0445799719846669
2020-05-15,9413.25,9447.9501953125,9065.650390625,9093.0,9093.0,279781000,-0.026794417402919657,-0.007070514045480647,0.0871138133451892,0.17775819042361363,0.07622838220123729
2020-05-22,9097.599609375,9619.599609375,8999.849609375,9600.650390625,9600.650390625,268147000,0.055828702367205496,0.008635880172276345,0.2671198588609891,0.1900845594737468,0.11525886458084833
2020-05-29,9624.2998046875,9812.900390625,9362.0498046875,9768.599609375,9768.599609375,237835000,0.017493525117215247,0.04733518655212299,0.21828814677947994,0.19275445838071592,0.15535003260559965
2020-06-05,9844.2001953125,10234.7998046875,9677.9501953125,10081.2998046875,10081.2998046875,311399000,0.03201074952569449,0.0789813317669339,0.38708032535601267,0.26688491459380836,0.2324929928513444
2020-06-12,10158.849609375,10237.0498046875,9687.9501953125,9982.7998046875,9982.7998046875,244467000,-0.009770565493370298,0.09785547175712095,0.4359815223061423,0.24086239949328303,0.23495247086851134
2020-06-19,10020.75,10171.7998046875,9800.0498046875,10002.150390625,10002.150390625,186801000,0.001938392666996469,0.0418200833968565,0.46808707955478934,0.24258802128493584,0.264246656792686
2020-06-26,10223.0498046875,10404.349609375,10040.599609375,10137.849609375,10137.849609375,403224000,0.01356700443908454,0.03779968621557872,0.37712582521327653,0.256542764954792,0.25699456701095147
2020-07-03,10132.75,10264.900390625,9832.650390625,9963.400390625,9963.400390625,132095000,-0.01720771420683509,-0.01169486240332629,0.13214667085235443,0.2282373721158153,0.2569734927931622
2020-07-10,10002.25,10161.150390625,9852.2998046875,10072.25,10072.25,150405000,0.010924945812417652,0.0089604316486942,0.0998607736616528,0.24989141899857303,0.2367238733282948
2020-07-17,10171.849609375,10497.150390625,10065.9501953125,10472.150390625,10472.150390625,208607000,0.039703183561269784,0.04698989533695985,0.1001949031347733,0.2548561029218941,0.3024900515452178
2020-07-24,10495.150390625,10495.150390625,10110.0498046875,10237.9501953125,10237.9501953125,175264000,-0.022364097780925962,0.009873946625222452,0.09765635879153378,0.23437288615344176,0.2517514968460133
2020-07-31,10247.400390625,11194.4501953125,9994.7998046875,11148.900390625,11148.900390625,244887000,0.08897779125059468,0.11898548221704397,0.19324448476575595,0.36987937198630205,0.41695687881289367
2020-08-07,11176.2998046875,11478.5,11056.9501953125,11333.0,11333.0,265624000,0.01651280421608292,0.1251706421107499,0.24634334103156275,0.35857160350426254,0.43020302488456386
2020-08-14,11583.599609375,12045.2998046875,11456.5,11640.400390625,11640.400390625,338392000,0.027124361654019324,0.11155779438059388,0.21245956440532487,0.39712185001255906,0.5148290262600423
2020-08-21,11731.5,11751.0,11503.0498046875,11614.900390625,11614.900390625,152777000,-0.0021906462960274986,0.13449471515723377,0.18900362949445593,0.3886196695564579,0.4928122924715992
2020-08-28,11681.9501953125,11697.150390625,11444.5,11622.900390625,11622.900390625,159278000,0.0006887704354707758,0.0425154036176143,0.1529168476093432,0.534021894694295,0.43989453383643573
2020-09-04,11675.7001953125,11710.150390625,11005.900390625,11281.4501953125,11281.4501953125,221111000,-0.029377365703651126,-0.004548645962013542,0.13008879432954368,0.4069628811730588,0.39816578718048024
2020-09-11,11343.099609375,11415.75,11006.7998046875,11313.2998046875,11313.2998046875,151037000,0.002823183972237242,-0.028100458314212484,0.1310867526338575,0.5565905069740644,0.408344287631067
2020-09-18,11361.4501953125,12528.849609375,11186.5,12320.900390625,12320.900390625,314246000,0.08906336818900673,0.06078399093029252,0.2153366705332873,0.7723069324503875,0.5432859682782774
2020-09-25,12341.75,12496.7001953125,11268.900390625,11595.900390625,11595.900390625,243620000,-0.058843102128449454,-0.0023230002058503008,0.16384968344101591,0.7020131546149586,0.5068809123669875
2020-10-02,11724.75,12015.7001953125,11528.25,11822.900390625,11822.900390625,171397000,0.019575883920452064,0.04799473347296046,0.17380926710764721,0.6060231788995325,0.5983588458292977
2020-10-09,11881.25,12343.7001953125,11748.9501953125,12043.9501953125,12043.9501953125,196811000,0.018696749307199,0.06458331373153081,0.15009331856947217,0.36856069042100015,0.6547410330662287
2020-10-16,12067.900390625,12331.0498046875,11571.0498046875,11814.099609375,11814.099609375,185482000,-0.019084318866326555,-0.04113342086878857,0.15395165868106564,0.29006574861456147,0.5528216137980633
2020-10-23,11911.650390625,11923.9501953125,11316.349609375,11503.0498046875,11503.0498046875,159362000,-0.026328693254005442,-0.008007190714794943,0.031765411982719094,0.20850028824570055,0.4868449237821637
2020-10-30,11564.5,11625.9501953125,11135.150390625,11243.75,11243.75,156500000,-0.02254183100049134,-0.04898547492493799,-0.007875231624459578,0.20549264732827632,0.4144059933390145
2020-11-06,11256.25,11753.4501953125,11096.25,11623.349609375,11623.349609375,239476000,0.033760943579766556,-0.03492214590037057,-0.0014647933643014976,0.24402383463338206,0.4925841429919062
2020-11-13,11803.5498046875,11809.5498046875,11136.650390625,11726.4501953125,11726.4501953125,285386000,0.008870126891334484,-0.00741905155370004,0.009604025943910521,0.2896129105149565,0.5188521678350249
2020-11-20,11816.599609375,11837.2998046875,11454.7998046875,11526.75,11526.75,124567000,-0.017029893274294383,0.002060340145866535,-0.008272495452387618,0.20062178404661313,0.42884144696169746
2020-11-27,11569.7001953125,12012.4501953125,11525.400390625,11839.150390625,11839.150390625,225264000,0.027102209263235588,0.052953897998888166,0.04943515112482855,0.21195983703363952,0.4455704990002396
2020-12-04,12021.0,12393.5498046875,11875.599609375,12353.599609375,12353.599609375,155393000,0.043453221031584555,0.06282612366843066,0.09195370251360857,0.22539750317027063,0.5524376111473344
2020-12-11,12376.4501953125,12636.900390625,12277.5,12366.0,12366.0,159150000,0.0010037876422341885,0.05453907994621865,0.003660415062629374,0.23873064089629947,0.5370942753884347
2020-12-18,12399.75,12796.9501953125,12395.5498046875,12762.349609375,12762.349609375,151436000,0.03205156148916388,0.10719410149218134,0.10059151764472252,0.2759605795706821,0.585493331806314
2020-12-25,12752.0,12943.2001953125,11949.599609375,12908.9501953125,12908.9501953125,145322000,0.011486958939740166,0.0903611973317473,0.09185984562203409,0.2733420491239995,0.6000087391394708
2021-01-01,12989.400390625,13045.5498046875,12753.849609375,13001.9501953125,13001.9501953125,142972000,0.00720430388164095,0.052482726204390984,0.07954200942916989,0.30497116301243943,0.602814351945318
2021-01-08,13085.2998046875,13298.150390625,12965.650390625,13271.5498046875,13271.5498046875,139780000,0.020735320880724162,0.07322899924692705,0.12336532139579637,0.31763506710888834,0.6469007637510082
2021-01-15,13315.4501953125,13476.7998046875,12946.7998046875,13014.25,13014.25,134948000,-0.01938732163719281,0.019737775435955562,0.13137387223140462,0.24274857737440136,0.5594706367157691
2021-01-22,13000.7998046875,13013.4501953125,12468.75,12542.099609375,12542.099609375,134693000,-0.03627949291161614,-0.02841831290593333,0.11547300583657583,0.22505964280989255,0.5121804070053515
2021-01-29,12604.599609375,12867.849609375,12101.4501953125,12170.25,12170.25,181855000,-0.029648114825770344,-0.06396734203860799,0.04705187480413464,0.09160989636555028,0.4953738792872724
2021-02-05,12212.2001953125,13041.0,11934.25,12950.650390625,12950.650390625,233955000,0.06412361213820583,-0.024179498158471202,0.10439648614223063,0.14273805617444624,0.5524914733622617
2021-02-12,13039.5498046875,13118.7001953125,12689.400390625,12785.75,12785.75,144483000,-0.012732981406429755,-0.01755767716157286,0.10922419589216381,0.09839434821309467,0.534590743818818
2021-02-19,12817.9501953125,12863.2998046875,12236.150390625,12347.400390625,12347.400390625,120815000,-0.03428423122421442,-0.015523654317373237,0.042929600793184086,0.06306554299778933,0.4761937230344466
2021-02-26,12365.7998046875,12387.0498046875,11860.7001953125,11927.900390625,11927.900390625,139879000,-0.03397476284307699,-0.019913281105564784,-0.03445952857553691,0.026241298621642928,0.5742766213251065
2021-03-05,12007.2001953125,12447.2998046875,11949.75,12192.75,12192.75,103507000,0.02220421035567699,-0.05852218751682503,-0.014010189228529812,0.08077860460405617,0.520615379443921
2021-03-12,12224.2998046875,12377.2998046875,12053.099609375,12184.25,12184.25,69868000,-0.0006971355928727663,-0.047044561328041024,-0.04529727104093262,0.076984629626065,0.6764240506329113
2021-03-19,12213.75,12215.150390625,11280.7998046875,11667.099609375,11667.099609375,98289000,-0.0424441710097051,-0.055096681060616715,-0.09620074189986738,-0.053064367093453524,0.6782605867845677
2021-03-26,11685.099609375,12056.25,11669.0498046875,11883.2001953125,11883.2001953125,109306000,0.01852222001806303,-0.0037475325789636527,-0.08604478429730755,0.02477598073537912,0.7441821997450606
2021-04-02,11989.099609375,12400.5498046875,11958.0,12377.099609375,12377.099609375,56792000,0.041562828694691634,0.015119608732648393,-0.06739606213861937,0.0468750645306506,0.6813056190481686
2021-04-09,12383.5498046875,13074.0,12129.25,12995.349609375,12995.349609375,138567000,0.04995112098247212,0.06656951469109718,-0.001452284274929383,0.07899396781238632,0.47666872954941386
2021-04-16,13026.2998046875,13309.7001953125,12733.0,13234.25,13234.25,227710000,0.018383529324417225,0.13432219172670212,0.05518616596758874,0.12020809351379169,0.44514209276296035
2021-04-23,13233.2001953125,13633.400390625,12999.7998046875,13319.75,13319.75,247805000,0.006460509662428837,0.12088913601356044,0.0944516341077628,0.1579320463840983,0.39936121182411677
2021-04-30,13418.599609375,13619.5498046875,13145.0498046875,13469.25,13469.25,216026000,0.011223934383152834,0.08823960581182955,0.04004429072924509,0.1979321845469706,0.4440984404692727
2021-05-07,13502.650390625,13960.7998046875,13200.7001953125,13747.099609375,13747.099609375,252482000,0.02062843954748783,0.05784761646255965,0.07518914489764006,0.18271411179846608,0.4713245446345422
2021-05-14,13965.5,14282.900390625,13848.9501953125,13885.5,13885.5,207843000,0.010067606590310696,0.049209437633413344,0.1245686995412274,0.18411793583965874,0.5270537776311448
2021-05-21,13921.2998046875,14085.650390625,13741.25,13993.7001953125,13993.7001953125,138660000,0.007792315387454618,0.05059781116856543,0.1731905647293266,0.21401958013425304,0.45757835416830694
2021-05-28,14028.849609375,14228.599609375,13893.5498046875,13934.099609375,13934.099609375,154257000,-0.004259101245963848,0.034511914870909655,0.1428184461565274,0.17695097617890854,0.4264173132863729
2021-06-04,14001.2001953125,14206.9501953125,13849.2998046875,14101.5498046875,14101.5498046875,124291000,0.012017295699525254,0.025783634758184126,0.15735886941645982,0.1414931882676529,0.3987829027890535
2021-06-11,14126.9501953125,14530.9501953125,13920.2001953125,14464.0498046875,14464.0498046875,129966000,0.02570639433401145,0.041665752381081056,0.23972969195060556,0.16966276926148316,0.4488971117998175
2021-06-18,14447.75,14525.349609375,13855.099609375,14030.599609375,14030.599609375,97207000,-0.029967415845873813,0.0026368589827914235,0.18070884768141604,0.09937433457146216,0.4027583131049359
2021-06-25,13949.5498046875,14179.599609375,13899.650390625,14069.599609375,14069.599609375,67083600,0.002779638866890588,0.009724345583753013,0.13674447596091266,0.08991044170919138,0.38782879520762514
2021-07-02,14120.349609375,14575.2998046875,14095.0,14529.650390625,14529.650390625,93799500,0.03269821416548724,0.030358406832360796,0.1180653716421094,0.1174977732081508,0.45830236876725183
2021-07-09,14575.349609375,14597.900390625,14240.2998046875,14360.2001953125,14360.2001953125,56238700,-0.01166237251116753,-0.007179843182048784,0.08507850428339347,0.08202888182964818,0.4257191983233637
2021-07-16,14409.150390625,14715.150390625,14322.7998046875,14635.0498046875,14635.0498046875,70266400,0.019139678112894076,0.04308085271769979,0.0987480849631186,0.12454039262250993,0.3975209731316749
2021-07-23,14556.75,14707.0,14453.9501953125,14597.849609375,14597.849609375,52016600,-0.0025418564206447503,0.03754548918705636,0.08379082795070247,0.16390796310239497,0.42585667354180945
2021-07-30,14604.650390625,14713.150390625,13794.900390625,14425.2998046875,14425.2998046875,149204100,-0.011820220738312459,-0.0071819061802637085,0.04933405697082405,0.1852919869918448,0.293876463083085
2021-08-06,14516.0,14743.2998046875,14381.650390625,14517.5,14517.5,102364900,0.006391561808825497,0.010953872686179311,0.04551510568578743,0.12098617151376789,0.2809935586340775
2021-08-13,14589.75,14622.150390625,13930.2998046875,14049.0498046875,14049.0498046875,121679500,-0.03226796592474601,-0.040040861344544876,0.003955323367120567,0.09880529532389581,0.20692152617038762
2021-08-20,14036.400390625,14184.150390625,13601.2998046875,13711.150390625,13711.150390625,98522400,-0.024051406946380083,-0.06074176967685341,-0.01600026015315681,0.11044835000535436,0.18047937816944115
2021-08-27,13856.7998046875,13965.7998046875,13578.900390625,13948.7001953125,13948.7001953125,129702400,0.01732530078948913,-0.03303914759678883,-0.010839206434188564,0.16941789740932056,0.20010494166873216
2021-09-03,13975.099609375,14553.400390625,13960.7998046875,14485.650390625,14485.650390625,84903800,0.03849464020260074,-0.0021938770018942177,0.0014933981996176904,0.18805440861372547,0.28402378593523925
2021-09-10,14540.9501953125,14562.25,14247.7998046875,14329.849609375,14329.849609375,49401300,-0.010755525437147972,0.019987102942279344,0.021328382844026494,0.17609615769333353,0.2666374847979929
2021-09-17,14339.2998046875,14557.9501953125,14258.0498046875,14355.150390625,14355.150390625,80725100,0.0017655999148411539,0.046969071277953134,0.02029558688079014,0.2303958028343256,0.16510562828248054
2021-09-24,14281.0,14457.7001953125,14033.400390625,14289.150390625,14289.150390625,64508400,-0.004597652981964129,0.024407306096299264,-0.0165523597288465,0.20246652044636604,0.23225880779188368
2021-10-01,14297.5498046875,14604.7001953125,13956.150390625,14587.650390625,14587.650390625,118950000,0.020889975389708493,0.007041451177505431,0.01583892927807118,0.17860006390961125,0.2338470179612031
2021-10-08,14649.099609375,14938.25,14435.75,14514.7998046875,14514.7998046875,117250700,-0.0049939903950754205,0.012906638963712469,-0.008216576069422388,0.11692261008633054,0.2051527587964166
2021-10-15,14588.5,14802.400390625,14502.7998046875,14728.650390625,14728.650390625,76201400,0.014733278365192337,0.026018536193387787,0.008960277352494161,0.11291915980316225,0.24670105023807132
2021-10-22,14771.25,14795.900390625,13891.849609375,13949.650390625,13949.650390625,114449200,-0.0528901141204251,-0.023759285242231254,-0.032973277540334966,0.04729070670433,0.21269147117319354
2021-10-29,13945.099609375,14202.150390625,13587.25,13879.349609375,13879.349609375,128568900,-0.005039608827562159,-0.04855482290041724,-0.04395731982951612,0.030447100571672436,0.23440574624791544
2021-11-05,13952.099609375,14098.4501953125,13818.2998046875,13948.2001953125,13948.2001953125,78408400,0.0049606493009581865,-0.03903599202188235,-0.007178393612168099,0.014628582875791274,0.2000155432012778
2021-11-12,13912.2001953125,14061.25,13639.5498046875,13774.650390625,13774.650390625,115827800,-0.012442451517567399,-0.06477171870460274,0.004631267121350868,-0.007983119756220569,0.17466498055236213
2021-11-19,13790.4501953125,14016.9501953125,13388.650390625,13481.400390625,13481.400390625,112877900,-0.021289106560525517,-0.03356714949033357,-0.03350131540174173,-0.03660931687382485,0.1695751526340903
2021-11-26,13513.349609375,13990.400390625,13152.5498046875,13797.099609375,13797.099609375,160244000,0.02341739059760717,-0.005926070191678345,-0.047533301072599676,-0.009831995165860974,0.16537919987066219
2021-12-03,13910.9501953125,13998.150390625,13380.5,13443.849609375,13443.849609375,150627700,-0.025603207195805888,-0.03615882901558831,-0.06182898105367085,-0.046640277446233114,0.08825362926386426
2021-12-10,13463.5498046875,13527.2001953125,13132.5498046875,13446.099609375,13446.099609375,119085200,0.0001673627766878294,-0.023851841747911884,-0.06332575810864927,-0.0703779514768128,0.08734429964216406
2021-12-17,13537.599609375,13604.5,13152.9501953125,13230.7001953125,13230.7001953125,126541500,-0.016019471840913457,-0.01859600546296636,-0.07407369692231258,-0.0570110641264413,0.036697833884244746
2021-12-24,13177.150390625,13677.7998046875,13005.2001953125,13491.25,13491.25,127540900,0.01969282054927146,-0.022167674223876555,-0.07515949184864068,-0.04110633034572131,0.04510822304504236
2021-12-31,13491.400390625,14254.099609375,13472.099609375,14223.0,14223.0,126583300,0.05423885851941068,0.05795589903666154,-0.020103605190149754,-0.021105145848716367,0.09391281971897691
2022-01-07,14247.650390625,14280.0,13841.9501953125,13857.9501953125,13857.9501953125,85214500,-0.025666160773922475,0.03062974378460992,-0.059116088183253646,-0.03497513914631534,0.044184771127323996
2022-01-14,13896.0498046875,14097.4501953125,13765.25,13964.150390625,13964.150390625,118889200,0.007663485134217218,0.055435478431621776,0.0010394525736461269,-0.04584196316486844,0.0729892533665022
2022-01-21,13954.75,13970.150390625,13150.7001953125,13243.0498046875,13243.0498046875,132769400,-0.051639417061966064,-0.018397123714444574,-0.045845073623457244,-0.09280817661098684,0.05588778730385391
2022-01-28,13225.099609375,13238.599609375,12767.400390625,12983.0498046875,12983.0498046875,134943800,-0.019632939831425444,-0.08717923049374254,-0.06919533539168399,-0.09998059101214252,0.06678579361044346
2022-02-04,13081.099609375,13688.5498046875,13068.849609375,13580.2998046875,13580.2998046875,127691400,0.046002288290103,-0.020035458831344055,-0.01410929355200008,-0.06455658311090062,0.048619134566268984
2022-02-11,13569.150390625,13646.5,13313.5,13510.2998046875,13510.2998046875,125330800,-0.00515452537917005,-0.032501124181690155,0.0021436507503032054,-0.03834778917363113,0.05666854151594558
2022-02-18,13334.599609375,13519.75,13162.5498046875,13208.7998046875,13208.7998046875,110808300,-0.022316307140378355,-0.002586262266255135,-0.04263938228638686,-0.03663810633139741,0.06976362528233349
2022-02-25,13168.400390625,13221.599609375,12467.900390625,12899.849609375,12899.849609375,100447000,-0.023389725022773145,-0.006408370649742201,-0.04046460023032716,-0.07519342815110253,0.08148535676185942
2022-03-04,12807.400390625,12946.2001953125,12478.099609375,12600.150390625,12600.150390625,106381300,-0.02323276842950117,-0.07217435757376889,-0.06291409727176056,-0.1301632960312421,0.03341333092411469
2022-03-11,12436.75,13426.5,12290.900390625,13399.0,13399.0,142342600,0.06340000592130823,-0.008238144696750771,0.012720400447674418,-0.06495878426846935,0.09969838110675666
2022-03-18,13420.349609375,13566.150390625,13250.099609375,13546.0498046875,13546.0498046875,100014300,0.010974685027800524,0.02553222132114663,0.0040618774900398336,-0.05636308669158241,0.16104689753421542
2022-03-25,13632.099609375,13785.650390625,13400.900390625,13607.0498046875,13607.0498046875,123421400,0.004503157812020708,0.05482235969623561,-0.043306629776594274,-0.04773555930834217,0.1450661085433027
2022-04-01,13642.2001953125,13840.900390625,13491.900390625,13579.900390625,13579.900390625,98017800,-0.0019952461740198046,0.07775700841864341,-0.02006428084736167,-0.06908240689999312,0.09717953472224972
2022-04-08,13630.4501953125,13972.4501953125,13571.4501953125,13838.599609375,13838.599609375,84693500,0.019050155841245697,0.03280838938540187,-0.008990935913601339,-0.04658694604207514,0.0648885967170647
2022-04-15,13827.0,13948.25,13661.5,13772.75,13772.75,40491000,-0.004758401227996312,0.01673552058210004,0.03999835408947927,-0.06490074550438407,0.04068987664582435
2022-04-22,13699.400390625,13853.150390625,13413.4501953125,13569.849609375,13569.849609375,88696700,-0.01473201725327189,-0.002733891317108661,0.04519737762044462,-0.027226544796079555,0.018776599363726776
2022-04-29,13441.9501953125,13765.9501953125,13258.7998046875,13462.849609375,13462.849609375,89752400,-0.007885127918151547,-0.0086194138309591,-0.00864857160752519,-0.030008610757860654,-0.00047518537594892774
2022-05-06,13397.2998046875,13510.7001953125,12726.5498046875,12820.900390625,12820.900390625,61673500,-0.047683011945923504,-0.07354062170138631,-0.05102769176323585,-0.0808204491548914,-0.06737415491762111
2022-05-13,12727.650390625,12869.400390625,12299.2001953125,12629.5,12629.5,88818200,-0.014928779164757988,-0.083008113847997,-0.043857111414613126,-0.083134624701937,-0.09045407079327361
2022-05-20,12634.7001953125,13089.400390625,12536.5498046875,13065.5,13065.5,116538400,0.03452234846985225,-0.03716692696627677,0.012841265258209944,-0.03084993981146189,-0.06632986146319053
2022-05-27,13121.0,13253.7998046875,12398.400390625,12669.9501953125,12669.9501953125,110036100,-0.03027437179499448,-0.05889536294829856,0.005539600919321819,-0.08169466380431234,-0.09072343743057265
2022-06-03,12731.650390625,12822.650390625,12376.7001953125,12418.7998046875,12418.7998046875,135449600,-0.019822523905257183,-0.03136289758802957,-0.07315472761493391,-0.0762467473581887,-0.11933085535326315
2022-06-10,12406.599609375,12481.9501953125,12170.4501953125,12419.2001953125,12419.2001953125,78329800,3.2240686000051255e-05,-0.016651475093036106,-0.08318658395786072,-0.07637154594232787,-0.14137462446460236
2022-06-17,12288.25,12410.75,11745.0498046875,11803.9501953125,11803.9501953125,84037800,-0.0495402272549097,-0.09655579998373576,-0.13251216356640727,-0.10783631848188069,-0.1586995193401921
2022-06-24,11815.0,12270.5,11726.400390625,12178.400390625,12178.400390625,79847200,0.03172244791927348,-0.03879650646688082,-0.10320399706079864,-0.0973111912813861,-0.13441741565195908
2022-07-01,12275.7998046875,12325.75,12084.0,12260.900390625,12260.900390625,87665800,0.006774288687659613,-0.012714547021113964,-0.11400714402353129,-0.1379525845022147,-0.15614622093480457
2022-07-08,12240.2998046875,12460.0498046875,12143.9501953125,12449.4501953125,12449.4501953125,59421300,0.015378136896998962,0.002435744615133739,-0.09608101538817593,-0.10163840828901449,-0.13305872996281154
2022-07-15,12447.849609375,12855.650390625,12386.900390625,12732.0,12732.0,81749400,0.022695765696856718,0.07862196886056338,-0.06174347052425366,-0.08823668867475243,-0.1300337088076029
2022-07-22,12827.349609375,12869.400390625,12573.900390625,12617.5498046875,12617.5498046875,75730100,-0.008989176508993113,0.036059695853041474,-0.06278758429410569,-0.04723232255598697,-0.13565695343345063
2022-07-29,12612.349609375,12835.4501953125,12301.849609375,12776.5498046875,12776.5498046875,108631300,0.012601495731043633,0.04205640675922773,-0.0034592411286441527,-0.01590535375790081,-0.1142957181010712
2022-08-05,12835.400390625,13068.2998046875,12618.2001953125,12939.75,12939.75,117634000,0.012773416752355438,0.0393832496211044,0.02456550140543956,-0.04716757464120214,-0.10867918029963841
2022-08-12,12952.0498046875,13053.099609375,12830.4501953125,12864.0,12864.0,87174200,-0.0058540543673564205,0.01036757775683328,-0.015422295358003879,-0.04783756201052336,-0.0843508864415945
2022-08-19,12896.75,13011.900390625,12771.75,12799.9501953125,12799.9501953125,87157400,-0.004978996011155146,0.014456086439003979,0.010260498107411253,-0.030952820500005473,-0.0664568741026671
2022-08-26,12723.349609375,12794.599609375,12498.7998046875,12580.4501953125,12580.4501953125,76415200,-0.017148504224679173,-0.015348400966828657,0.013016587203860563,-0.024759933156924263,-0.0980915770531654
2022-09-02,12380.650390625,12715.75,12352.650390625,12506.150390625,12506.150390625,59099300,-0.0059059734376742945,-0.03350911797948186,0.007001271736107428,-0.007460228416792503,-0.13665247652815904
2022-09-09,12507.9501953125,12814.25,12444.900390625,12689.2998046875,12689.2998046875,66061900,0.014644747451605378,-0.013580550008745362,0.0750045192266724,-0.052966653878087966,-0.1144847887038678
2022-09-16,12707.849609375,12776.150390625,12315.5,12346.849609375,12346.849609375,77176500,-0.02698732007151383,-0.03539862101209046,0.0138318016608876,-0.08852766766718412,-0.13990106175143746
2022-09-23,12366.9501953125,12834.849609375,12185.400390625,12610.650390625,12610.650390625,96039900,0.02136583740760023,0.0024005655476266874,0.028525637502726076,-0.0732267044190027,-0.11746674603559715
2022-09-30,12570.849609375,12998.2998046875,12441.2001953125,12971.900390625,12971.900390625,123770800,0.02864642098622916,0.037241675931639184,0.041965724358591805,-0.0447720515254838,-0.11076149734424601
2022-10-07,12981.5,13310.75,12958.4501953125,13134.7001953125,13134.7001953125,101157400,0.012550189238668352,0.03510047027657648,0.03162898172419881,-0.050864930985187295,-0.09508223523202175
2022-10-14,13016.0498046875,13084.5,12742.900390625,12950.4501953125,12950.4501953125,78240600,-0.014027727870466022,0.04888701207465784,0.026383917303922644,-0.059704837791109244,-0.12073069481263199
2022-10-21,12932.5498046875,13150.400390625,12925.2001953125,12979.400390625,12979.400390625,69482300,0.00223545860382357,0.029241156370026333,0.01587678904230283,-0.04351184690669496,-0.0695537144538092
2022-10-28,13080.75,13244.9501953125,13026.7001953125,13048.2998046875,13048.2998046875,65859300,0.005308366487581706,0.005889608443009342,0.008388864134739826,-0.03079212920857588,-0.05987671094661062
2022-11-04,13121.099609375,13736.0498046875,13112.0498046875,13422.150390625,13422.150390625,104987900,0.02865128725837507,0.021884793032054484,0.043388556485152385,0.046896082309449305,-0.037714529281296594
2022-11-11,13458.849609375,13493.849609375,12934.0,13015.650390625,13015.650390625,105675400,-0.030285758106534777,0.005034589093751984,0.01685164332838518,0.030575271437903284,-0.055101216980183665
2022-11-18,12975.2001953125,13099.2001953125,12811.7998046875,12861.400390625,12861.400390625,83604600,-0.011851117337256079,-0.009091329063646958,0.022332284691781723,-0.015621262820022186,-0.04598928761370735
2022-11-25,12834.9501953125,12979.150390625,12754.5498046875,12968.4501953125,12968.4501953125,63394300,0.008323339716997724,-0.00611954128662151,0.03696579604816308,0.023559682192786813,-0.060059681927601694
2022-12-02,12965.599609375,13215.5498046875,12940.9501953125,13086.9501953125,13086.9501953125,97478800,0.009137560634873143,-0.024973658136525412,0.03133745728650106,0.053801526808798794,-0.026547411971465262
2022-12-09,13123.349609375,13138.7998046875,12702.75,12774.7001953125,12774.7001953125,66458900,-0.023859646085597652,-0.018512343838464895,0.034652611757142626,0.02862503175801767,-0.04993265211231823
2022-12-16,12765.0498046875,12944.25,12616.5498046875,12636.2001953125,12636.2001953125,75629300,-0.010841741714676112,-0.017509772534307744,0.0020260497195683236,0.07050605824569622,-0.0449333739880694
2022-12-23,12636.599609375,13094.099609375,12529.349609375,12784.4501953125,12784.4501953125,113298500,0.01173216613448358,-0.014188279804359882,-0.01445048062872678,0.04976431922488289,-0.05238949724358377
2022-12-30,12863.7998046875,12890.5,12528.75,12597.599609375,12597.599609375,68626100,-0.014615457300307666,-0.03739225553962722,-0.040891727862138794,0.027461214757722674,-0.11427971529389014
2023-01-06,12618.75,12805.599609375,12474.150390625,12654.9501953125,12654.9501953125,56971100,0.004552501088764593,-0.009373996897707237,-0.02281773957996902,0.01650675305142202,-0.08680937534375888
2023-01-13,12729.2001953125,12828.5498046875,12584.900390625,12668.7998046875,12668.7998046875,68190400,0.001094402519271176,0.0025798585707033084,-0.023930272323045565,-0.004963885902646847,-0.09276257772239038
2023-01-20,12691.349609375,12754.7001953125,12581.349609375,12606.4501953125,12606.4501953125,45628700,-0.004921508772435579,-0.013923164256626763,-0.03386261934418988,-0.0008796961016057647,-0.04807046856757047
2023-01-27,12631.7998046875,12744.400390625,12409.849609375,12508.0498046875,12508.0498046875,63413800,-0.007805558987698857,-0.007108481573017911,-0.06810388494648179,-0.02101506307293477,-0.03658616481841592
2023-02-03,12531.9501953125,12586.7001953125,12086.849609375,12184.599609375,12184.599609375,91772000,-0.02585936259953847,-0.03716732019314639,-0.06385011553849007,-0.05835896293398246,-0.10277388683501287
2023-02-10,12150.650390625,12463.650390625,12086.7998046875,12327.0,12327.0,94639900,0.011686915876614856,-0.026979651581599096,-0.04155071566036761,-0.04174440298507465,-0.0875850145292072
2023-02-17,12347.7001953125,12373.599609375,12135.2998046875,12154.0498046875,12154.0498046875,86988900,-0.014030193503082655,-0.035886421920202194,-0.06279859029873658,-0.050461164361525146,-0.07985206949882706
2023-02-24,12132.349609375,12140.7998046875,11928.2998046875,11996.2001953125,11996.2001953125,82070800,-0.012987408469736672,-0.040921615868780736,-0.08334638580581488,-0.04644110432690973,-0.07005115884496593
2023-03-03,12002.400390625,12006.349609375,11712.2998046875,11781.7998046875,11781.7998046875,128235000,-0.01787235850805291,-0.03305810757848626,-0.07772396811232651,-0.05791954864707971,-0.06494768400116757
2023-03-10,11818.9501953125,11887.75,11596.400390625,11683.9501953125,11683.9501953125,72814200,-0.008305149552453761,-0.05216596127910278,-0.07535888837478566,-0.07922813905016401,-0.1279983435097769
2023-03-17,11680.0498046875,11806.150390625,11542.4501953125,11676.150390625,11676.150390625,121418900,-0.0006675657253852885,-0.039320179013762724,-0.08669123722613159,-0.05432148604456444,-0.1380401992480078
2023-03-24,11660.599609375,11818.7998046875,11602.7001953125,11755.349609375,11755.349609375,111009900,0.006782990634789154,-0.02007723962722896,-0.06685797502035284,-0.06782368511982906,-0.13608388459595455
2023-03-31,11797.5498046875,12062.2001953125,11744.2998046875,12017.0498046875,12017.0498046875,107216900,0.022262221372284063,0.01996723793476818,-0.05040718302165137,-0.07360915187319705,-0.11508557065826697
2023-04-07,12071.9501953125,12289.150390625,12001.5,12274.349609375,12274.349609375,54831000,0.02141122895131331,0.05053080543764765,-0.03113556148914376,-0.06550211067965916,-0.11303528132574148
2023-04-14,12315.150390625,12606.650390625,12250.150390625,12478.900390625,12478.900390625,95953600,0.01666489775505231,0.0687512556060037,-0.010117820854512072,-0.03641184650539642,-0.09394272090722622
2023-04-21,12482.7001953125,12688.349609375,12354.9501953125,12545.75,12545.75,132916100,0.005357011217528518,0.06723750606231627,0.003014074608047368,-0.03341066440466889,-0.07546875159673694
2023-04-28,12505.4501953125,12625.5,12365.849609375,12613.9501953125,12613.9501953125,140330500,0.005436119427894015,0.04967112563619125,0.03523715179012954,-0.03328783181537287,-0.06305495780561643
2023-05-05,12618.75,12677.400390625,12549.2001953125,12608.349609375,12608.349609375,73488300,-0.00044399936980732413,0.027211217753231987,0.022823850845704596,-0.06063117738707635,-0.016578459762890185
2023-05-12,12598.349609375,12760.900390625,12435.25,12486.7001953125,12486.7001953125,120012700,-0.009648321773378377,0.0006250394220119748,0.027369510243137718,-0.04063955157350385,-0.011306845456075076
2023-05-19,12485.0498046875,12609.0,12101.150390625,12124.25,12124.25,101377000,-0.029026899792834238,-0.03359703485244003,0.010674197045955847,-0.057314939916055185,-0.07204087099613488
2023-05-26,12063.5,12628.150390625,12040.650390625,12601.5498046875,12601.5498046875,130778700,0.03936736744025393,-0.0009830695724173388,0.06957765482264056,-0.028291768491937264,-0.005398631373492391
2023-06-02,12634.75,12925.349609375,12487.0,12900.599609375,12900.599609375,124244000,0.023731192537624235,0.023179084420588802,0.10412997263122614,-0.014239420426941596,0.038796003822015424
2023-06-09,12958.5,13087.599609375,12849.849609375,12861.0498046875,12861.0498046875,82729000,-0.0030657338329265205,0.029979866859903614,0.10148031452334472,0.0067594235523964485,0.035577944024267394
2023-06-16,12850.4501953125,13278.5,12796.0498046875,13241.9501953125,13241.9501953125,108666100,0.029616586235920783,0.0921871617058787,0.1264616226089883,0.047937670394357035,0.1218236248210407
2023-06-23,13272.900390625,13347.5498046875,13077.4501953125,13186.2998046875,13186.2998046875,89705800,-0.004202582686400613,0.04640302256969098,0.09729925555804142,0.03143268605499672,0.08276123150281589
2023-06-30,13193.7001953125,13805.0498046875,13176.2001953125,13767.5,13767.5,118256000,0.04407606409084486,0.06719845719380468,0.12164802520245543,0.09286692916913886,0.1228783826126656
2023-07-07,13796.5498046875,13917.5498046875,13578.349609375,13769.0,13769.0,109748900,0.00010895224260032421,0.0705968959844614,0.10338247513732957,0.08803272928724404,0.10599261686145312
2023-07-14,13811.150390625,13980.0498046875,13705.349609375,13945.650390625,13945.650390625,93825100,0.012829572999128569,0.05314173402959943,0.11158363514536784,0.10078702052463262,0.09532283935163366
2023-07-21,13979.400390625,14363.900390625,13926.7998046875,14274.0,14274.0,93683500,0.023544947720454346,0.08248714282423952,0.13160427772296068,0.13227750705805752,0.13128144694916277
2023-07-28,14261.25,15105.650390625,14236.2001953125,14962.5498046875,14962.5498046875,146966700,0.04823804152217326,0.08680223749319049,0.18671755370441367,0.19623362860932603,0.17109470345413547
2023-08-04,14935.599609375,15302.25,14831.900390625,15241.0,15241.0,142635700,0.018609809086501228,0.10690681966736881,0.22057867664040365,0.2508412659102366,0.1778434668366855
2023-08-11,15276.0498046875,15750.5,15214.849609375,15355.5,15355.5,194004500,0.00751263040482919,0.10109600985858469,0.2665113305977689,0.2456802141640302,0.19368003731343286
2023-08-18,15349.7998046875,15450.599609375,15192.25,15271.5,15271.5,83137800,-0.00547035264237572,0.06988230348886093,0.2118747484789003,0.25649476885557765,0.1930905798049598
2023-08-25,15262.5498046875,15378.2001953125,15000.0498046875,15025.2001953125,15025.2001953125,71532500,-0.016128068931506423,0.00418714667237885,0.16469006482408233,0.2524966198199641,0.19432929362980333
2023-09-01,15052.7998046875,15256.5498046875,14991.599609375,15011.7998046875,15011.7998046875,83176500,-0.0008918610368453539,-0.015038396123121855,0.16722973883641368,0.27415166218618947,0.2003533730044389
2023-09-08,15063.2998046875,15426.0,15007.0,15250.5498046875,15250.5498046875,92139900,0.015904155604676395,-0.006834697360066477,0.15168457664838675,0.30525631740589665,0.20184328839435728
2023-09-15,15265.349609375,15601.0498046875,15248.150390625,15583.5498046875,15583.5498046875,130090900,0.021835278351580945,0.020433474425400222,0.1817985360190142,0.33464791762187507,0.26214785939037144
2023-09-22,15593.7998046875,15667.4501953125,14980.4501953125,15069.099609375,15069.099609375,79135300,-0.033012388176008156,0.002921719078072371,0.09454146427274379,0.28189293471605925,0.19495023195454353
2023-09-29,15049.400390625,15513.650390625,14964.400390625,15422.75,15422.75,109164500,0.023468581387900755,0.027375144929935757,0.12010676156583622,0.2834056819822812,0.18893527822232348
2023-10-06,15425.650390625,15441.0498046875,14985.0,15128.4501953125,15128.4501953125,61452600,-0.019082187332836287,-0.008006243115082357,0.08481496176633252,0.2325256063879404,0.15179257770280352
2023-10-13,15002.7001953125,15269.650390625,14993.0498046875,15235.0498046875,15235.0498046875,67679300,0.007046300711491815,-0.022363325709985005,0.06732869585872914,0.22086476594789617,0.17641082548635456
2023-10-20,15230.0,15394.150390625,15070.0498046875,15107.150390625,15107.150390625,95742800,-0.008395076859095574,0.0025250865835624303,0.009664167392926526,0.2041647881254609,0.16393284250148188
2023-10-27,15060.7001953125,15218.0,14544.25,14738.5,14738.5,86157200,-0.024402377754428994,-0.04436627709066154,-0.032970277540843806,0.16842858674652206,0.12953413246263001
2023-11-03,14786.650390625,14960.0498046875,14629.2001953125,14882.349609375,14882.349609375,79811600,0.009760125479187254,-0.01626740232874302,-0.03081308916186387,0.18035667398603517,0.1087902591055685
2023-11-10,14934.4501953125,15574.9501953125,14929.849609375,15516.5,15516.5,106091100,0.042610905352305606,0.01847386118986649,0.016042955832760386,0.24264215183326687,0.19214173201642915
2023-11-17,15533.900390625,15821.25,15430.400390625,15804.5,15804.5,79347200,0.01856088679792478,0.04616023481223519,0.05186618444728763,0.30354454914736984,0.22883197163508728
2023-11-24,15809.4501953125,16175.25,15782.9501953125,15954.5,15954.5,104361400,0.009490967762346258,0.08250500390134685,0.06279727997825679,0.266074431104123,0.23025494640576394
2023-12-01,15980.7998046875,16385.349609375,15884.349609375,16257.0498046875,16257.0498046875,85552200,0.018963289647905057,0.09237118004851341,0.0659976206032018,0.26017784420449197,0.24223364206814746
2023-12-08,16372.0498046875,16389.099609375,16079.2998046875,16163.150390625,16163.150390625,87561400,-0.005775919689649078,0.04167501631327952,0.037193103830756025,0.2567520253855151,0.26524694462542797
2023-12-15,16077.900390625,16258.2998046875,15909.5498046875,16179.7998046875,16179.7998046875,99844700,0.0010300847087432174,0.023746388983359124,0.07370713739402812,0.2218592855314443,0.28043237322953507
2023-12-22,16196.400390625,16500.900390625,15868.150390625,16394.349609375,16394.349609375,123939800,0.013260349774250058,0.027568999929487026,0.06299781876610844,0.24328658169497208,0.2823664184937802
2023-12-29,16418.599609375,16909.099609375,16385.69921875,16831.80078125,16831.80078125,89038700,0.026683045213629297,0.03535395311373035,0.11259253683931725,0.22257496141274746,0.3361117437582277
2024-01-05,16859.5,17529.849609375,16819.0,17358.599609375,17358.599609375,167384900,0.031297829327437965,0.07396139922347,0.13938581310276588,0.2607015476341783,0.3716845456890674
2024-01-12,17435.80078125,17476.0,17162.0,17347.44921875,17347.44921875,81783700,-0.0006423554247416696,0.07216711134610065,0.14829393831382354,0.2439326049943047,0.36930486598512546
2024-01-19,17423.25,17603.849609375,16818.69921875,17388.0,17388.0,108998800,0.0023375644879346513,0.060609320546439305,0.17976727618142951,0.21815889029003777,0.3792939114982139
2024-01-26,17361.94921875,17796.0,17347.349609375,17532.55078125,17532.55078125,96631200,0.008313249439268366,0.04163250320670442,0.1780767984516054,0.1717622337175022,0.4017013887072567
2024-02-02,17511.349609375,18084.69921875,17432.44921875,17972.099609375,17972.099609375,116273300,0.025070443748269167,0.0353427127651853,0.15825731378693653,0.17919425296076374,0.47498483212751763
2024-02-09,18034.19921875,18729.650390625,17979.55078125,18617.099609375,18617.099609375,175568500,0.035888962003278735,0.07318945711353897,0.1779619481397703,0.21240595287519137,0.5102701070313134
2024-02-16,18685.650390625,18958.849609375,18398.30078125,18870.80078125,18870.80078125,166384700,0.013627319893977585,0.08527724759891875,0.18278860392052398,0.2356874427037292,0.5526348076977621
2024-02-23,18938.69921875,19134.80078125,18755.650390625,19048.400390625,19048.400390625,134522800,0.009411344618266648,0.0864591597815938,0.17170093094828642,0.26776350018734796,0.58786949871578
2024-03-01,19065.05078125,19119.30078125,18761.25,18822.30078125,18822.30078125,114913500,-0.011869742589318832,0.04730672488769749,0.16451931253249796,0.2538337192168427,0.5975743174452319
2024-03-08,18933.900390625,19277.69921875,18811.30078125,19194.099609375,19194.099609375,98942500,0.01975310204878733,0.030993012451275836,0.18630019166332445,0.2585841071431658,0.6427748568352771
2024-03-15,19313.19921875,19397.25,18495.0,18718.44921875,18718.44921875,110566800,-0.02478107336656088,-0.008073402091731907,0.14176223301020618,0.2011672214195721,0.6031353307832856
2024-03-22,18713.400390625,18881.25,18189.94921875,18815.599609375,18815.599609375,92573500,0.005190087570271951,-0.012221539681861016,0.1178601656416276,0.24862135742132696,0.6005988962139743
2024-03-29,18690.099609375,19082.05078125,18684.80078125,18996.150390625,18996.150390625,71010500,0.009595802684918997,0.00923636336468392,0.09433657196434186,0.2316967071777083,0.5807665524707368
2024-04-05,19147.5,19395.55078125,18952.650390625,19160.75,19160.75,95152900,0.008664892938320401,-0.0017374927740143598,0.10452838099621542,0.26653753376118416,0.5610399418120899
2024-04-12,19246.5,19288.44921875,18765.80078125,18788.650390625,18788.650390625,117851400,-0.019419887497879817,0.003750373284378661,0.08055270247440771,0.2332516553273185,0.5056334935360423
2024-04-19,18613.75,18815.599609375,18298.25,18404.599609375,18404.599609375,87838300,-0.020440573072860513,-0.021843577060133512,0.049738845134708054,0.2182707614267405,0.46699875331287477
2024-04-26,18512.44921875,19056.69921875,18444.900390625,18994.650390625,18994.650390625,185618500,0.03205996293173574,-7.896336726942454e-05,0.05689656765070428,0.2887777175848967,0.5058447271881292
2024-05-03,19096.69921875,19267.150390625,18938.849609375,19133.400390625,19133.400390625,103569300,0.007304688275204141,-0.0014273767663061099,0.027732610991134665,0.2856437923331736,0.5175182306491777
2024-05-10,19193.900390625,19270.0,18406.650390625,18609.44921875,18609.44921875,111123000,-0.027384111615190276,-0.009537735183172913,-0.013849521571955736,0.19933291778107187,0.49034163771594175
2024-05-17,18680.099609375,19039.650390625,18638.599609375,18981.599609375,18981.599609375,139463600,0.01999792612078166,0.03135085860308995,-0.003506897160922562,0.2010249998022715,0.565589591881972
2024-05-24,19080.5,19422.19921875,18994.30078125,19119.5,19119.5,147195700,0.00726495097688673,0.006572882722633455,0.015789739108093448,0.19837663355166257,0.5172340145723953
2024-05-31,19258.150390625,19415.0,18732.349609375,18796.30078125,18796.30078125,177211100,-0.016904166884594285,-0.01761838473521793,-0.02072505802411817,0.1561938363398716,0.45700985616130074
2024-06-07,19206.900390625,19596.69921875,17904.75,19578.0,19578.0,175882600,0.04158792880829898,0.052046182015646814,0.045919978263423644,0.21127376327301217,0.522270755289693
2024-06-14,19696.55078125,19918.650390625,19629.849609375,19895.650390625,19895.650390625,97411000,0.016224864165134356,0.04815457074537344,0.05740187948684117,0.22965986172838604,0.5024713200981403
2024-06-21,19907.5,19927.900390625,19477.69921875,19528.400390625,19528.400390625,104253000,-0.018458808472682664,0.02138656296582031,0.02801883481943146,0.19116652114444443,0.48096135230316794
2024-06-28,19511.849609375,19797.900390625,19414.900390625,19731.55078125,19731.55078125,121468000,0.010402817771112849,0.04975713098467471,0.029790106402411087,0.17227806089709752,0.43319780506627925
2024-07-05,19794.849609375,20516.099609375,19660.94921875,20453.849609375,20453.849609375,144526300,0.036606287875323495,0.04473641890770241,0.08862793144423442,0.17831219508792184,0.48550000794356896
2024-07-12,20493.19921875,20804.25,20283.0,20612.650390625,20612.650390625,96888700,0.007763857869435675,0.03603802770568665,0.11997276920521838,0.18822370543940292,0.47807020922322185
2024-07-19,20705.80078125,20960.30078125,20398.44921875,20425.400390625,20425.400390625,72669500,-0.009084227231892728,0.04593310163952924,0.07532383963782574,0.174683712366287,0.4309514074978982
2024-07-26,20319.69921875,21703.30078125,20275.25,21603.099609375,21603.099609375,127776600,0.05765856219350041,0.0948505694698587,0.12907790399662078,0.232170941861934,0.4438113751579382
2024-08-02,21701.55078125,22005.099609375,21474.75,21902.849609375,21902.849609375,128013400,0.01387532369984168,0.07084240999483304,0.17697463003401115,0.21871401146416725,0.43710055832130434
2024-08-09,21526.80078125,22301.05078125,21501.80078125,22209.55078125,22209.55078125,141527700,0.014002797688193125,0.07747186122902949,0.17005685707756246,0.19296513674267235,0.4463580333593826
2024-08-16,22209.05078125,22326.55078125,21933.69921875,22106.5,22106.5,108675200,-0.004639930913730939,0.0823043650173243,0.15622793483093167,0.17146592008776795,0.44756572700782504
2024-08-23,22200.900390625,22661.0,22124.69921875,22527.849609375,22527.849609375,90905900,0.019059987305769743,0.04280635726915283,0.1985257030919274,0.18266359103111207,0.4993377337097409
2024-08-30,22520.650390625,23275.5,22437.150390625,23217.599609375,23217.599609375,156952000,0.03061765823014717,0.06002643598654167,0.18590252371922555,0.233515492032909,0.5466233170872159
2024-09-06,23343.05078125,23404.849609375,22902.30078125,23043.400390625,23043.400390625,131104300,-0.007502895289815403,0.03754464093343857,0.15821297309703675,0.20054604589891167,0.5109881732619399
2024-09-13,23019.0,23521.150390625,22884.55078125,23457.650390625,23457.650390625,194787800,0.017976947541497923,0.061120050239748425,0.20120695609489414,0.2531834297003521,0.5052828581822215
2024-09-20,23560.55078125,23573.849609375,22802.599609375,23005.25,23005.25,119219600,-0.019285835669449858,0.02119156505849218,0.16591190702865832,0.22266898093098653,0.526650602646999
2024-09-27,23134.349609375,23557.44921875,23022.150390625,23519.099609375,23519.099609375,139990000,0.022336188886232566,0.01298583854802371,0.14986176482861424,0.23809820020071903,0.5249614763498727
2024-10-04,23497.75,23578.5,22983.5,23094.69921875,23094.69921875,99880100,-0.018044925089556907,0.002226183083025912,0.12041386144374133,0.20531290365721588,0.5265740324085422
2024-10-11,23145.19921875,23907.900390625,22852.69921875,23582.25,23582.25,104305200,0.02111093877568959,0.005311683280299739,0.15455509067151274,0.2551327269236363,0.5478945131340656
2024-10-18,23624.099609375,23808.849609375,23075.5,23356.19921875,23356.19921875,79564000,-0.009585632467215777,0.015255179524239049,0.08115037383867896,0.26904141977925655,0.5460360567565468
2024-10-25,23412.69921875,23486.94921875,22437.94921875,22574.55078125,22574.55078125,93433300,-0.03346642277620682,-0.040160926388036144,0.03066729598451401,0.18846887502556497,0.5316722041761373
2024-11-01,22604.05078125,23003.94921875,22216.94921875,22807.150390625,22807.150390625,119609800,0.010303620728886909,-0.012450858329063896,0.026907325378211278,0.1920071667867289,0.5324966143960121
2024-11-08,22817.0,23032.55078125,22381.599609375,22542.25,22542.25,131388500,-0.011614795627159502,-0.04410096576874556,0.019711397100400374,0.2113335400215659,0.4527921889601392
2024-11-15,22671.05078125,22678.55078125,21693.900390625,21752.0,21752.0,101085300,-0.035056394104403976,-0.06868408698373207,-0.03443957691603772,0.14595189276127707,0.37631687177702555
2024-11-22,21802.650390625,22024.30078125,21475.94921875,21962.05078125,21962.05078125,61293900,0.009656619218922469,-0.027132322850416668,-0.054077460600966853,0.14867286180339434,0.3765427171801059
2024-11-29,22163.849609375,22297.55078125,21649.5,22240.19921875,22240.19921875,127897700,0.012664957397214849,-0.02485848350910369,-0.03485601769961755,0.18322213916343655,0.36803414432164305
2024-12-06,22323.94921875,22603.900390625,22145.05078125,22434.75,22434.75,145077500,0.008747708567555579,-0.0047688229879448985,-0.04360625951837904,0.14591633466135456,0.38801839108127534
2024-12-13,22434.5,22463.25,21798.0,22157.349609375,22157.349609375,96641600,-0.01236476406579079,0.01863505008160171,-0.036856821404896656,0.11367807406867847,0.3694452265692265
2024-12-20,22212.19921875,22791.0,22015.75,22501.849609375,22501.849609375,116257600,0.01554788844665067,0.02457870776739357,-0.043252080942525195,0.1522628151447296,0.37253688896005155
2024-12-27,22603.80078125,23066.099609375,22363.55078125,23008.349609375,23008.349609375,73961600,0.022509260740458226,0.034538826881433504,-0.0037389363055612135,0.16606899601823466,0.36695710152448124
2025-01-03,23037.19921875,23604.44921875,22980.80078125,23263.5,23263.5,107788400,0.011089469473335667,0.036940460669274255,-0.013516521960372785,0.13736535880938527,0.3401714725556486
2025-01-10,23283.94921875,23418.19921875,22336.80078125,22380.849609375,22380.849609375,102481400,-0.037941427155200214,0.010086946495867721,-0.041759774363972935,0.08578223494996107,0.29015219051251906
2025-01-17,22256.94921875,22288.55078125,21810.30078125,22061.69921875,22061.69921875,129524700,-0.014259976551172282,-0.019560631604329082,-0.0227181292540255,0.08011097931162414,0.2687887749453646
2025-01-24,22099.80078125,22395.80078125,21775.900390625,21872.400390625,21872.400390625,91051600,-0.008580428291040998,-0.04937117342337083,-0.0409849535777268,0.012465839908136767,0.24753098756264302
2025-01-31,21786.0,21807.150390625,20673.80078125,21438.599609375,21438.599609375,164555700,-0.01983324982638557,-0.07844479079351774,-0.04895919398573789,-0.02119587214812857,0.19288230509203985
2025-02-07,21370.19921875,22170.849609375,21060.69921875,22077.0,22077.0,112721300,0.029778082629325686,-0.013576321483690368,0.014941154836336956,-0.00596818830581225,0.1858452961643231
2025-02-14,22028.849609375,22082.0,20673.099609375,20811.55078125,20811.55078125,119148000,-0.05731979973501833,-0.05666600859273396,-0.05238581822159494,-0.05857775852124936,0.10284407230499326
2025-02-21,20755.55078125,21157.900390625,20299.94921875,20385.650390625,20385.650390625,109727800,-0.02046461578484149,-0.06797379224263167,-0.08338723992011232,-0.09509115410014635,0.07020274524774006
2025-02-28,20256.599609375,20550.599609375,19755.80078125,19813.5,19813.5,104690800,-0.028066329975330206,-0.0758025075791029,-0.11683883261458228,-0.14661720706047765,0.05266089572521282
2025-03-07,19764.25,20509.69921875,19633.94921875,20378.30078125,20378.30078125,92556700,0.028505856171297417,-0.07694429581691353,-0.08029158990081853,-0.11565565689945967,0.06169610432242423
2025-03-14,20429.94921875,20591.30078125,20101.44921875,20386.849609375,20386.849609375,58556000,0.000419506425818561,-0.02040699303665694,-0.09399227337822147,-0.1309082849353601,0.08913133620886637
2025-03-21,20442.0,21680.80078125,20404.55078125,21625.900390625,21625.900390625,83938900,0.06077696186468251,0.060839363779650046,-0.06008467544263607,-0.059958036073287646,0.1493601500666366
2025-03-28,21734.849609375,21869.0,20999.94921875,21137.44921875,21137.44921875,95615800,-0.022586397007855807,0.06682056268453329,-0.09138997920562253,-0.10126452245967976,0.11272277719920432
2025-04-04,21085.5,21996.599609375,20089.44921875,20560.0,20560.0,127364000,-0.027318774974880777,0.00891630861181425,-0.08135748379329955,-0.10975242391085749,0.07302689090980263
2025-04-11,19122.69921875,20684.75,19121.099609375,20461.900390625,20461.900390625,50556700,-0.004771381778939654,0.003681332951781302,-0.07251476018516956,-0.13231772241304374,0.08905642317102802
2025-04-18,20823.19921875,21166.69921875,20665.25,21126.75,21126.75,64000,0.03249207535384224,-0.023081137969237386,-0.0340909263413357,-0.09545428166070069,0.14790598265655186
2025-04-25,21308.900390625,22116.25,21078.05078125,21482.55078125,21482.55078125,16905200,0.016841245399789262,0.016326547206740427,0.0020500952802804395,-0.04837305559617133,0.13097900405963392
2025-05-02,21466.099609375,21980.849609375,21465.5,21627.44921875,21627.44921875,73400,0.006744936342776731,0.05191873632052535,-0.020362856422974085,-0.051725057785383055,0.1303505272040948
2025-05-09,21699.099609375,21802.05078125,20825.25,21071.75,21071.75,92400,-0.02569416361261112,0.029804152973709863,0.012502634786083489,-0.06523306236067827,0.1323145436657578
2025-05-16,20949.69921875,21717.0,20576.05078125,21633.19921875,21633.19921875,123600,0.026644641225811894,0.023971941673470942,0.061197401320034706,-0.005461602668720089,0.13969315884554723
2025-05-23,21723.849609375,22026.650390625,21172.849609375,21434.25,21434.25,97900,-0.009196476986056079,-0.0022483727254659636,0.0818002876826407,-0.024032399638225344,0.12106749653495119
2025-05-30,21541.650390625,21650.44921875,21356.349609375,21442.05078125,21442.05078125,94000,0.000363940014229458,-0.008572367255370472,0.0522001324555359,-0.03588764784207088,0.14075907971419732
2025-06-06,21445.5,21707.69921875,21261.0,21684.400390625,21684.400390625,83400,0.011302538728567901,0.029074490283198973,0.06364645867860408,-0.03344586453492904,0.10759017216390854
2025-06-13,21751.099609375,22354.75,21694.80078125,21985.150390625,21985.150390625,112400,0.0138694173960201,0.016269030221381042,0.016612025095414706,-0.0077716523765613,0.10502295521761829
2025-06-20,21899.349609375,22058.599609375,21394.849609375,21613.0,21613.0,116500,-0.01692735250897781,0.008339456710638293,0.02249802122898359,-0.039501179894326444,0.10674707439815467
2025-06-27,21531.30078125,22001.0,21460.75,21928.599609375,21928.599609375,124000,0.014602304602554073,0.022691338300087516,0.06656612886065183,-0.04692861584300878,0.11134699205765197
2025-07-04,22036.25,22409.900390625,21856.19921875,22384.599609375,22384.599609375,129800,0.02079476154989157,0.0322904579391885,0.09396484109711145,-0.037780230430717654,0.09439543346965085
2025-07-11,22401.55078125,22418.19921875,21973.75,22225.900390625,22225.900390625,113300,-0.007089660816784749,0.010950573260697816,0.05202647783615566,-0.0069232947566518765,0.07826504449586613
2025-07-18,22166.5,22794.19921875,22118.650390625,22592.75,22592.75,130300,0.016505500471411194,0.04533151344098463,0.05167911529942626,0.024071164056060912,0.10611050789338683
2025-07-25,22567.94921875,22715.94921875,22275.5,22662.69921875,22662.69921875,94600,0.003096091389936939,0.033476812128995004,0.04786741097061431,0.036132240358206946,0.049048498990171385
2025-08-01,22690.5,23162.44921875,21972.650390625,22011.69921875,22011.69921875,141100,-0.02872561620821379,-0.016658792077246853,0.04460707908692929,0.026732138284087714,0.004969655150643515
2025-08-08,22038.5,22237.599609375,21325.19921875,21402.150390625,21402.150390625,99800,-0.02769203876844606,-0.03706261548564582,-0.010680289391720832,-0.030567994264392828,-0.03635374702430416
2025-08-15,21391.75,22370.44921875,21324.05078125,22151.849609375,22151.849609375,74100,0.03502915384981109,-0.019515127225548046,0.03347910980673463,0.0644016797312641,0.002051415166353765
2025-08-22,22243.5,22304.650390625,21867.75,22265.0,22265.0,77700,0.005107943247191216,-0.017548625382671212,0.03838015435863196,0.09218982830389755,-0.011667762965960837
2025-08-29,22361.599609375,22394.05078125,21696.900390625,21804.05078125,21804.05078125,104300,-0.020702861834718145,-0.009433548743166598,0.00551780950681624,0.100464369306281,-0.0608826429909759
2025-09-05,21820.400390625,22156.69921875,21676.55078125,21924.80078125,21924.80078125,85200,0.005537961785698764,0.02442046154642208,-0.002745016900167929,0.07588954626790723,-0.04854316595696928
2025-09-12,21951.099609375,22399.25,21811.25,22341.19921875,22341.19921875,68400,0.01899211954783664,0.008547801321965753,0.03369264881090084,0.09586324747675978,-0.0475943307741169
2025-09-19,22315.30078125,22716.900390625,22111.849609375,22686.599609375,22686.599609375,92600,0.015460243975404797,0.018935531523691873,0.03456673082196904,0.04904763268075629,-0.013851203122113409
2025-09-26,22668.94921875,22685.44921875,21390.25,21507.19921875,21507.19921875,91700,-0.051986653395938,-0.013614514361490637,-0.039196608647738884,0.017492649949077732,-0.08554325735424972
2025-10-03,21543.400390625,21873.19921875,21365.900390625,21756.349609375,21756.349609375,79449400,0.011584511218354798,-0.007683133523341268,-0.021126288384161862,0.05818821057271406,-0.05795051049153421
2025-10-10,21727.150390625,22324.599609375,21591.44921875,22218.25,22218.25,96196800,0.021230601590717324,-0.00550325063333279,-0.016576114018877708,0.08583511677046896,-0.05784011279670087
2025-10-17,22154.69921875,22341.05078125,21924.849609375,22253.75,22253.75,81770300,0.0015977856041766714,-0.019079527863493873,-0.018045035801015907,0.05334469333901337,-0.04720156770477324
2025-10-24,22346.849609375,22667.44921875,22273.05078125,22357.349609375,22357.349609375,68643200,0.004655377604898092,0.03952864257117383,0.015703030792396433,0.04072136670513671,-0.009621505826614474
2025-10-31,22405.69921875,22521.44921875,22105.400390625,22175.400390625,22175.400390625,104651500,-0.008138228454132368,0.01926107958246015,0.03612954707292948,0.02533591300262783,-0.027699646346861617
2025-11-07,22187.099609375,22494.900390625,22105.19921875,22169.80078125,22169.80078125,77520000,-0.0002525144654148548,-0.0021806046268270096,0.0008103689846017392,0.05211008963422592,-0.016522273453182357
2025-11-14,22249.099609375,22864.599609375,22212.80078125,22821.05078125,22821.05078125,107854900,0.02937554587999691,0.025492367859349496,0.02497420980238041,0.05490873312304467,0.04914724077096366
2025-11-21,22885.44921875,22888.80078125,22544.900390625,22580.94921875,22580.94921875,101340600,-0.010521056405398688,0.01000116799538886,0.035630922221483674,0.05349845311825696,0.028180357274666834
2025-11-28,22604.650390625,23010.400390625,22442.05078125,22998.30078125,22998.30078125,96453300,0.01848246317977864,0.03710870496718943,0.0489628166162428,0.07257934494590712,0.03408699513180924
2025-12-05,23076.94921875,23101.099609375,22726.5,22947.150390625,22947.150390625,143035100,-0.0022240943412089598,0.03506344585795462,0.027122589344552805,0.05823310662285763,0.022839585492372416
2025-12-12,22938.099609375,22946.69921875,22405.05078125,22808.69921875,22808.69921875,92393300,-0.00603347995364012,-0.0005412354855346413,0.00538201455825682,0.037459322019292696,0.029396548813735768
2025-12-19,22736.75,22863.19921875,22394.25,22751.25,22751.25,78542800,-0.0025187415643050937,0.007541790187836295,0.05784345830420512,0.05266506269374904,0.01108355068381095
2025-12-26,22780.30078125,23005.75,22631.599609375,22684.650390625,22684.650390625,58447000,-0.002927294516784751,-0.013637981066875748,0.04266803935022212,0.034477841481804994,-0.014068771739199626
2026-01-02,22697.25,22803.650390625,22395.150390625,22790.900390625,22790.900390625,68360000,0.004683783887800663,-0.00680912432873737,0.02577387465822012,0.018150906799326183,-0.020315069072796454
2026-01-09,22810.44921875,23492.55078125,22696.44921875,22761.0,22761.0,101643900,-0.0013119442458403574,-0.002091273083683287,0.02279391113857221,0.024075497503835974,0.01698552098155215
2026-01-16,22758.0,22769.80078125,22175.19921875,22217.05078125,22217.05078125,79607600,-0.02389830054698827,-0.023479994231086154,-0.006275288912875876,-0.016629193823239796,0.007041686180181861
2026-01-23,22119.150390625,22213.19921875,21477.94921875,21722.25,21722.25,120212500,-0.02227121799926679,-0.04242518064209344,-0.02043482339180569,-0.04149767023214601,-0.006864833669072645
2026-01-30,21891.80078125,21903.849609375,21396.349609375,21715.099609375,21715.099609375,113635000,-0.0003291735720286626,-0.04720308381026184,-0.020509934949869302,-0.013474634848833045,0.012897297633148064
2026-02-06,21629.80078125,22564.099609375,21188.55078125,21961.349609375,21961.349609375,99098500,0.011340035478984767,-0.03513248058630991,-0.037671410493566704,0.02612817911021459,-0.005238501183358224
2026-02-13,22126.30078125,22581.0,21974.150390625,22194.900390625,22194.900390625,110986100,0.010634627898747251,-0.0009969995947298749,-0.017096217895235633,0.0019434395776947166,0.06647028008221856
2026-02-20,22184.599609375,22657.94921875,22121.69921875,22452.400390625,22452.400390625,76666500,0.011601764165103834,0.03361301847759779,-0.02373655322701318,0.00841681520884796,0.10138258826171476
2026-02-27,22558.80078125,23436.94921875,22450.0,22952.349609375,22952.349609375,106102900,0.02226707211932455,0.05697648282791423,0.0002265736120388162,0.05266447228752824,0.1584197445870239
2026-03-06,22385.30078125,23131.69921875,22354.099609375,22970.19921875,22970.19921875,70873200,0.0007776811384796467,0.045937505085950514,0.0070806317559415355,0.0476810917431012,0.12718913442895086
2026-03-13,22638.849609375,23540.900390625,22506.25,22832.19921875,22832.19921875,115201900,-0.006007784202731403,0.028713750316905706,0.0035580119224218887,0.02197733412573144,0.1199474002226657
2026-03-20,22800.150390625,22965.25,22040.55078125,22540.69921875,22540.69921875,104560100,-0.01276705748785767,0.003932712163901675,-0.006345752277253092,-0.006431126441915458,0.042301074711394326
2026-03-27,22461.80078125,22825.55078125,21983.69921875,22565.599609375,22565.599609375,98433400,0.0011046858122434333,-0.016850126744410998,-0.009885558595248756,0.049211446821131766,0.06756493538293906
2026-04-03,22412.900390625,22782.05078125,21149.900390625,21808.400390625,21808.400390625,83524800,-0.0335554663672849,-0.05057852642290772,-0.041852274037827875,0.0023924409280300374,0.060719863357246995
2026-04-10,21779.75,22250.5,21464.80078125,22164.849609375,22164.849609375,126270700,0.016344583388299805,-0.029228441946449357,-0.002349599521060397,-0.002403447194310959,0.08322536940558267
2026-04-17,21971.69921875,22593.0,21846.05078125,22497.25,22497.25,89042000,0.01499673566404014,-0.0019275896603002662,0.03567770373695178,0.010941976071448645,0.06487036576851613
2026-04-24,22544.80078125,23164.099609375,22307.19921875,22580.099609375,22580.099609375,183617900,0.0036826549633843797,0.0006425710041393362,0.03983403325612911,0.009963166649529676,0.05109024711734622
2026-05-01,22648.599609375,23386.150390625,22637.25,23267.69921875,23267.69921875,143030500,0.030451575558573474,0.06691452843796486,0.05948403138290459,0.04925723138630622,0.07584112131808762
2026-05-08,23371.30078125,24306.75,23296.099609375,24110.30078125,24110.30078125,219516900,0.036213359755871366,0.0877719094043452,0.08629912083020908,0.08752897778139568,0.14420021029340235
2026-05-15,24008.19921875,24847.900390625,23768.900390625,24634.80078125,24634.80078125,197313600,0.02175418733920953,0.09501386975074722,0.09720120578004043,0.07947705902701885,0.13874977677358236
2026-05-22,24617.0,25043.150390625,24436.25,24573.94921875,24573.94921875,142840000,-0.0024701463202542184,0.0883011874999513,0.07065070186594968,0.08826024011183375,0.14648047954791976
2026-05-29,24615.150390625,24945.349609375,24218.5,24345.80078125,24345.80078125,139293800,-0.009284158417887545,0.0463346870854866,0.05988635751043603,0.058591285191755826,0.13542314723641935
2026-06-05,24547.849609375,24571.349609375,23796.650390625,24248.05078125,24248.05078125,132880800,-0.004015066124885225,0.005713325654863821,0.0620111776765373,0.0566911519940394,0.11822556051553845
2026-06-12,24090.150390625,24526.80078125,24059.650390625,24380.05078125,24380.05078125,94478200,0.005443736537456889,-0.01034106190921158,0.08160135338525687,0.0688926425584262,0.1089326362600751
2026-06-19,24551.650390625,24553.5,24020.55078125,24460.30078125,24460.30078125,103322700,0.0032916256294970303,-0.004624752679690758,0.08396414031417265,0.07511898384704141,0.13174019253458558
2026-06-26,24558.75,25294.5,24468.400390625,24969.5,24969.5,222846300,0.02081737355986757,0.025618348903534205,0.144948714841731,0.1007222756370656,0.138672803771972
2026-07-03,25098.900390625,25861.5,24978.05078125,25745.150390625,25745.150390625,182434200,0.031063913599591597,0.061741029119447566,0.1615305695435736,0.1296241021357465,0.15012780393188496
2026-07-10,25805.849609375,26022.75,25308.94921875,25674.099609375,25674.099609375,138383300,-0.0027597734008916186,0.05307818428008426,0.14121057504250523,0.1279864509193358,0.15514328590280502
2026-07-17,25613.80078125,26135.75,25468.849609375,25645.0,25645.0,175786600,-0.0011334227808469377,0.04843355072960209,0.13573458238211167,0.15429362125971302,0.13509864890285606
2026-07-24,25699.30078125,26126.19921875,25458.150390625,25548.150390625,25548.150390625,132951600,-0.003776549400467899,0.023174288256673226,0.09800931112420974,0.17612818150168597,0.12732160207499565
2026-07-31,25639.349609375,26734.5,25592.400390625,26534.80078125,26534.80078125,168702800,0.038619249360104524,0.030671811142829686,0.10055867913043515,0.22195160319661644,0.20548625154059597
2026-08-07,26764.599609375,26801.19921875,26367.099609375,26541.80078125,26541.80078125,138783200,0.00026380450555141266,0.03379675178786612,0.07741081476296952,0.2085687470646007,0.24014644775491223
2026-08-14,26588.25,26797.900390625,26393.94921875,26445.55078125,26445.55078125,135926800,-0.0036263553024629136,0.031216641889257213,0.07616201799065991,0.19151473157412546,0.19383036846087287
2026-08-21,26528.0,26549.099609375,26192.849609375,26359.75,26359.75,92300600,-0.0032444316232896897,0.03176745075341425,0.08272265253649214,0.17402814582829707,0.1839097237817202
2026-08-28,26336.69921875,27009.94921875,26159.0,26991.849609375,26991.849609375,94477800,0.023979727022259256,0.017224505730902617,0.1131554388795104,0.175995053610984,0.23792821252215002
2026-09-04,27001.849609375,27188.44921875,26461.400390625,26478.099609375,26478.099609375,127494900,-0.0190335233574197,-0.002400032024955867,0.08605596628775469,0.15271527935907447,0.20767800234786904
2026-09-11,26472.849609375,26981.150390625,26307.55078125,26532.400390625,26532.400390625,128217200,0.0020507809114356235,0.0032840915318193,0.08471276080805046,0.16206065549902715,0.18759965079929586
2026-09-18,26597.599609375,26640.69921875,25854.80078125,26579.25,26579.25,54748900,0.0017657508813848644,0.008327089596828596,0.06446865175514138,0.17916705875257932,0.17158368630160004
