Date,Open,High,Low,Close,Adj Close,Volume,Return_1W,Return_4W,Return_12W,Return_26W,Return_52W
2011-07-15,3719.530029296875,3783.64990234375,3719.530029296875,3783.64990234375,3783.64990234375,0,,,,,
2011-07-22,3759.18994140625,3759.18994140625,3649.780029296875,3710.969970703125,3710.969970703125,0,-0.019208947317140512,,,,
2011-07-29,3758.659912109375,3758.659912109375,3659.889892578125,3671.159912109375,3671.159912109375,0,-0.010727669290788389,,,,
2011-08-05,3671.159912109375,3698.10009765625,3559.56005859375,3559.56005859375,3559.56005859375,0,-0.030399071734116268,,,,
2011-08-12,3485.3798828125,3608.070068359375,3475.239990234375,3608.070068359375,3608.070068359375,0,0.013628091384076724,-0.04640488378050345,,,
2011-08-19,3553.919921875,3553.919921875,3423.989990234375,3423.989990234375,3423.989990234375,0,-0.051018986504522856,-0.07733287596891425,,,
2011-08-26,3423.989990234375,3479.9599609375,3394.639892578125,3394.639892578125,3394.639892578125,0,-0.00857189937469438,-0.07532224859482273,,,
2011-09-02,3366.52001953125,3513.179931640625,3366.52001953125,3513.179931640625,3513.179931640625,0,0.03491976846253131,-0.013029735750953453,,,
2011-09-09,3628.110107421875,3694.570068359375,3628.110107421875,3694.570068359375,3694.570068359375,0,0.051631325536475536,0.023974035526237003,,,
2011-09-16,3662.429931640625,3685.93994140625,3550.8798828125,3685.93994140625,3685.93994140625,0,-0.002335894784357806,0.07650429817814519,,,
2011-09-23,3696.60009765625,3746.25,3515.27001953125,3515.27001953125,3515.27001953125,0,-0.046302957885387186,0.03553547085122788,,,
2011-09-30,3477.7900390625,3605.199951171875,3477.7900390625,3549.6201171875,3549.6201171875,0,0.009771681112801245,0.01037242220891832,,,
2011-10-07,3530.5,3564.199951171875,3440.300048828125,3535.75,3535.75,0,-0.0039074934019953655,-0.042987428962174556,-0.0655187210080379,,
2011-10-14,3514.800048828125,3749.14990234375,3514.800048828125,3693.39990234375,3693.39990234375,0,0.04458740079014345,0.0020238964975252127,-0.004734629624622344,,
2011-10-21,3720.64990234375,3763.449951171875,3653.050048828125,3692.14990234375,3692.14990234375,0,-0.0003384415533250751,0.0503175806779379,0.005717536347337848,,
2011-10-28,3740.35009765625,4014.14990234375,3736.199951171875,3983.85009765625,3983.85009765625,0,0.07900551251381494,0.12233139494735767,0.11919732553413387,,
2011-11-04,3966.35009765625,3966.35009765625,3809.050048828125,3861.60009765625,3861.60009765625,0,-0.030686395572946168,0.09215869268365973,0.07026749051249936,,
2011-11-11,3877.050048828125,3884.0,3777.050048828125,3819.0,3819.0,0,-0.011031721716110776,0.03400663371885271,0.11536541020629154,,
2011-11-18,3842.64990234375,3864.0,3520.949951171875,3563.300048828125,3563.300048828125,0,-0.06695468739771537,-0.03489832669952864,0.049684255646305964,,
2011-11-25,3544.14990234375,3561.35009765625,3423.25,3493.0,3493.0,0,-0.01972891641590635,-0.12320998170714892,-0.0057440643614291576,,
2011-12-02,3528.5,3691.39990234375,3499.699951171875,3686.800048828125,3686.800048828125,0,0.0554824073369955,-0.0452662223968292,-0.0021030916689855905,,
2011-12-09,3675.800048828125,3733.800048828125,3534.0,3561.300048828125,3561.300048828125,0,-0.034040359753139016,-0.06747838470067424,-0.03381495481735186,,
2011-12-16,3592.85009765625,3602.60009765625,3348.300048828125,3379.050048828125,3379.050048828125,0,-0.05117513197461998,-0.051707685986363994,-0.0387509266560665,,
2011-12-23,3368.64990234375,3475.699951171875,3292.699951171875,3446.64990234375,3446.64990234375,0,0.020005579242328597,-0.01326942389242769,-0.02900879853175309,,
2011-12-30,3454.699951171875,3494.10009765625,3376.300048828125,3390.550048828125,3390.550048828125,0,-0.016276632412673187,-0.08035423567225053,-0.04106623804620657,,
2012-01-06,3413.35009765625,3444.5,3310.699951171875,3416.0,3416.0,0,0.0075061423088773616,-0.04079972112317165,-0.07510692307316036,,
2012-01-13,3401.0,3572.75,3365.199951171875,3531.699951171875,3531.699951171875,0,0.03387000912525617,0.0451753895733773,-0.04345705223669882,-0.06658912892966307,
2012-01-20,3510.050048828125,3682.14990234375,3487.949951171875,3664.199951171875,3664.199951171875,0,0.03751734344137425,0.06311927668667172,-0.08023648948850493,-0.012603179195866288,
2012-01-27,3664.550048828125,3825.64990234375,3637.60009765625,3818.550048828125,3818.550048828125,0,0.042123819582194466,0.12623320518389924,-0.011148241076090137,0.04014811129108864,
2012-02-03,3800.85009765625,3961.64990234375,3741.60009765625,3944.39990234375,3944.39990234375,0,0.032957497454890516,0.15468381216151927,0.03283579532436498,0.10811444038453333,
2012-02-10,3981.75,4078.25,3912.0,4031.199951171875,4031.199951171875,0,0.022005894680341198,0.14143330602993553,0.13131083431989676,0.11727318893363425,
2012-02-17,4034.89990234375,4350.14990234375,4034.449951171875,4277.9501953125,4277.9501953125,0,0.06121012282432048,0.16749911367264136,0.224720926227455,0.24940499461555699,
2012-02-24,4280.85009765625,4327.7001953125,4152.85009765625,4169.85009765625,4169.85009765625,0,-0.02526913421635879,0.0919982832059345,0.13102149355283466,0.22836301628723765,
2012-03-02,4185.9501953125,4234.5,4004.949951171875,4114.60009765625,4114.60009765625,0,-0.01324987678359335,0.04314983255408955,0.1553646256260246,0.17118968504831655,
2012-03-09,4094.800048828125,4177.2001953125,4042.89990234375,4165.0,4165.0,0,0.012249040282786838,0.033191121861675166,0.23259494231061995,0.12733008792265932,
2012-03-16,4191.7001953125,4310.2998046875,4144.10009765625,4215.39990234375,4215.39990234375,0,0.012100816889255794,-0.01462155708060564,0.2230426709359845,0.14364313291971387,
2012-03-23,4225.14990234375,4249.64990234375,4074.550048828125,4147.75,4147.75,0,-0.016048276299037934,-0.005299974133044172,0.22332658131195737,0.17992358395076846,
2012-03-30,4151.2998046875,4222.75,4043.550048828125,4207.0,4207.0,0,0.014284853233681005,0.02245659363017638,0.23155737704918034,0.1851972495956462,
2012-04-06,4244.5,4247.89990234375,4175.9501953125,4188.7998046875,4188.7998046875,0,-0.004326169553720005,0.005714238820528239,0.18605766701601834,0.18469908921374523,
2012-04-13,4168.14990234375,4314.25,4127.89990234375,4229.75,4229.75,0,0.009776116601866391,0.003404207901668288,0.15434475639006884,0.14521852814148128,
2012-04-20,4228.64990234375,4505.14990234375,4215.60009765625,4472.39990234375,4472.39990234375,0,0.057367433617530494,0.078271328393406,0.17122987656434807,0.21132673933544877,
2012-04-27,4466.5,4501.5,4359.5,4384.39990234375,4384.39990234375,0,-0.019676236902224198,0.04216779233271928,0.11155055544407477,0.1005433926650876,
2012-05-04,4395.10009765625,4440.39990234375,4138.39990234375,4174.64990234375,4174.64990234375,0,-0.04784007040230864,-0.0033780326116124026,0.03558492580606765,0.08106738056006924,
2012-05-11,4134.0,4268.89990234375,4032.60009765625,4094.10009765625,4094.10009765625,0,-0.01929498438714039,-0.032070430248537174,-0.04297621273330887,0.07203458959315268,
2012-05-18,4103.85009765625,4130.75,3827.800048828125,3875.85009765625,3875.85009765625,0,-0.053308418161280846,-0.13338471910235028,-0.07050613166292208,0.08771364873719079,
2012-05-25,3873.050048828125,3958.050048828125,3813.75,3884.14990234375,3884.14990234375,0,0.002141415296871063,-0.11409771260431412,-0.05600792053734904,0.11198107710957639,
2012-06-01,3895.449951171875,3986.300048828125,3663.25,3670.800048828125,3670.800048828125,0,-0.05492832637249323,-0.12069272042016066,-0.11865545046143455,-0.004339806821117342,
2012-06-08,3636.949951171875,3881.699951171875,3612.949951171875,3872.75,3872.75,0,0.05501524149656323,-0.054065629167925455,-0.08128526599652808,0.08745400468976494,
2012-06-15,3889.39990234375,3924.89990234375,3768.699951171875,3876.699951171875,3876.699951171875,0,0.0010199344579111536,0.0002192689330628994,-0.06534869479311067,0.14727509067713807,
2012-06-22,3902.449951171875,3957.39990234375,3828.300048828125,3920.800048828125,3920.800048828125,0,0.011375679885393009,0.009435821841546232,-0.06802946307864866,0.13756840988170826,
2012-06-29,3929.199951171875,3976.0,3831.35009765625,3966.39990234375,3966.39990234375,0,0.011630242029111892,0.08052736449374098,-0.05309394402064094,0.1698396558737294,
2012-07-06,3960.5,4020.10009765625,3928.85009765625,3983.64990234375,3983.64990234375,0,0.00434903197476566,0.02863595696694854,-0.0581831308366334,0.16617385899992687,
2012-07-13,3963.60009765625,4017.75,3909.300048828125,3919.35009765625,3919.35009765625,0,-0.01614092760753638,0.011001663017918828,-0.12365839745181906,0.10976304664719505,0.035864892052629216
2012-07-20,3932.5,3948.10009765625,3787.89990234375,3856.64990234375,3856.64990234375,0,-0.01599760004853723,-0.016361494002620325,-0.1203699506785143,0.05252168378811484,0.03925656439979841
2012-07-27,3818.449951171875,3818.449951171875,3689.10009765625,3735.14990234375,3735.14990234375,0,-0.03150402631210114,-0.0583022402414225,-0.10527828926522775,-0.021840789152408724,0.01743045570510371
2012-08-03,3747.60009765625,3844.35009765625,3745.35009765625,3778.699951171875,3778.699951171875,0,0.011659518350467746,-0.0514477818573601,-0.0770377223226496,-0.042008912705178925,0.061563757591071244
2012-08-10,3824.39990234375,4016.75,3820.64990234375,3930.199951171875,3930.199951171875,0,0.04009315424820015,0.0027682787312399704,0.014022692350380339,-0.02505457462377647,0.08928038444635189
2012-08-17,3928.699951171875,4041.199951171875,3892.699951171875,4014.35009765625,4014.35009765625,0,0.021411161653310806,0.04089046174937039,0.033520898674362476,-0.061618318498678604,0.17241875972349563
2012-08-24,4022.60009765625,4099.35009765625,3998.89990234375,4040.10009765625,4040.10009765625,0,0.0064144878681693385,0.0816433619226764,0.10060478476511436,-0.031116226473687503,0.1901409944805421
2012-08-31,4045.050048828125,4057.35009765625,3869.60009765625,3889.25,3889.25,0,-0.03733820796760989,0.029256106665426218,0.004260538377122147,-0.05476840818251416,0.10704549031844013
2012-09-07,3897.050048828125,4001.699951171875,3867.699951171875,3994.85009765625,3994.85009765625,0,0.027151789588288233,0.016449582028287946,0.03047699021655248,-0.040852317489495804,0.08127604125538168
2012-09-14,4008.199951171875,4196.39990234375,3997.10009765625,4191.2001953125,4191.2001953125,0,0.049150804875368825,0.044054477899050815,0.06896555374334734,-0.005740785593745246,0.13707772289786258
2012-09-21,4241.64990234375,4339.25,4213.5,4318.0498046875,4318.0498046875,0,0.030265700387414274,0.0687977278564198,0.08865719821542939,0.04105835807064073,0.22836930895661278
2012-09-28,4319.14990234375,4407.9501953125,4276.89990234375,4369.5498046875,4369.5498046875,0,0.011926680406532997,0.1234941967442309,0.0968709379096564,0.03863793788626091,0.23099082730848997
2012-10-05,4378.89990234375,4465.75,4076.5,4406.9501953125,4406.9501953125,0,0.008559323568043231,0.10315783761148545,0.12440840585989821,0.05207945015201676,0.24639756637559218
2012-10-12,4409.9501953125,4415.4501953125,4279.7998046875,4314.64990234375,4314.64990234375,0,-0.020944255977053294,0.029454500209586287,0.11875591811475172,0.020072085192682776,0.16820545200257575
2012-10-19,4309.10009765625,4344.0,4248.9501953125,4297.39990234375,4297.39990234375,0,-0.003998006881306804,-0.004782228848155823,0.15052943381126327,-0.03912888020328675,0.1639288804649539
2012-10-26,4287.7998046875,4314.4501953125,4252.39990234375,4286.60009765625,4286.60009765625,0,-0.0025131020926421055,-0.018983582002490174,0.13441134597809534,-0.02230631485855561,0.07599432523279726
2012-11-02,4330.35009765625,4496.2998046875,4235.5,4488.7001953125,4488.7001953125,0,0.04714694467691327,0.018550243678032485,0.14210479137940446,0.07522793535152128,0.16239384757548048
2012-11-09,4485.0,4531.0498046875,4424.7001953125,4495.25,4495.25,0,0.0014591762431226396,0.04185741641706464,0.11979520735486426,0.09798243637799575,0.17707515056297463
2012-11-16,4504.4501953125,4508.2998046875,4359.89990234375,4374.10009765625,4374.10009765625,0,-0.02695064842750683,0.017848046971534748,0.08267121901107366,0.12855244332109095,0.22754189591605556
2012-11-23,4380.60009765625,4478.0,4380.5498046875,4443.5,4443.5,0,0.01586609835036379,0.03660241188104685,0.14250819566754513,0.1440083703563373,0.2721156598912109
2012-11-30,4457.10009765625,4602.10009765625,4429.9501953125,4556.0,4556.0,0,0.02531788004951041,0.014993160995198762,0.14046832512513374,0.2411463276117336,0.23575999231315947
2012-12-07,4559.2998046875,4665.4501953125,4535.85009765625,4618.14990234375,4618.14990234375,0,0.013641330628566761,0.027339948243979784,0.10186812539013457,0.1924730236508294,0.29675956505360745
2012-12-14,4621.10009765625,4731.14990234375,4564.0498046875,4714.2998046875,4714.2998046875,0,0.02082000462889977,0.07777593091971924,0.09176596332211062,0.21606001600986158,0.395155365136556
2012-12-21,4705.39990234375,4856.7998046875,4705.39990234375,4752.89990234375,4752.89990234375,0,0.008187875030321479,0.0696297743543941,0.08773217260162713,0.2122270565070843,0.37899120508634754
2012-12-28,4767.60009765625,4841.5,4752.0498046875,4801.5,4801.5,0,0.010225356867348268,0.053884986830553094,0.08952899107123269,0.21054359575865966,0.4161419034824574
2013-01-04,4802.25,4937.5498046875,4802.25,4892.89990234375,4892.89990234375,0,0.01903569766609392,0.059493521390581616,0.13402014371684956,0.22824545888559378,0.43234774658774877
2013-01-11,4913.2001953125,5007.64990234375,4893.25,4908.35009765625,4908.35009765625,0,0.003157676556002853,0.04116206032883252,0.1421674056862372,0.252337753800411,0.389798161088849
2013-01-18,4908.89990234375,4940.5,4757.0498046875,4778.25,4778.25,0,-0.026505871640731815,0.0053336064670221894,0.11469460438181889,0.23896389897775738,0.30403636910475695
2013-01-25,4786.64990234375,4790.60009765625,4524.5,4679.0498046875,4679.0498046875,0,-0.020760779639512394,-0.025502487829324183,0.04240639853242589,0.2527073683847245,0.225347250882165
2013-02-01,4688.2998046875,4762.0,4539.9501953125,4591.0498046875,4591.0498046875,0,-0.01880723729673517,-0.06169145163007739,0.02131134079027852,0.214981306802011,0.16394126314614121
2013-02-08,4647.2998046875,4664.5498046875,4552.4501953125,4566.0498046875,4566.0498046875,0,-0.005445377650766248,-0.06973836139606249,0.04388324518090059,0.16178562450137757,0.1326775798754769
2013-02-15,4592.7001953125,4677.0498046875,4509.9501953125,4585.35009765625,4585.35009765625,0,0.004226912494238677,-0.040370408066499275,0.03192305562197584,0.14223971156212167,0.07185682121324799
2013-02-22,4581.2001953125,4647.7998046875,4491.10009765625,4526.7998046875,4526.7998046875,0,-0.012768990747004771,-0.032538657709408225,-0.006409173685798963,0.12046723973834084,0.08560252735029517
2013-03-01,4550.2001953125,4572.9501953125,4384.5498046875,4481.60009765625,4481.60009765625,0,-0.009984914063229766,-0.02383979954203519,-0.029568075436052776,0.15230445398373726,0.08919457329742686
2013-03-08,4474.25,4613.39990234375,4418.5,4601.25,4601.25,0,0.026698031894082597,0.007709113307604154,-0.023980189926634088,0.1517954084683979,0.10474189675870349
2013-03-15,4609.7998046875,4625.5,4459.14990234375,4498.60009765625,4498.60009765625,0,-0.022309133897038813,-0.018918947987055845,-0.05350413640356699,0.07334412292869019,0.06718228445065
2013-03-22,4473.4501953125,4478.85009765625,4255.5498046875,4284.9501953125,4284.9501953125,0,-0.047492530499668284,-0.05342617739016531,-0.1075809236046027,-0.007665407040712724,0.03307822200289312
2013-03-29,4313.75,4324.0,4179.4501953125,4224.60009765625,4224.60009765625,0,-0.014084200493688304,-0.05734558961081859,-0.13658562775162786,-0.0331726867778811,0.0041835268971357475
2013-04-05,4215.10009765625,4216.2998046875,4076.699951171875,4116.4501953125,4116.4501953125,0,-0.025600033102245567,-0.1053626307389296,-0.16133728984040574,-0.06591860291704532,-0.017272157359737417
2013-04-12,4131.89990234375,4234.35009765625,4096.2998046875,4180.5498046875,4180.5498046875,0,0.015571574131515442,-0.07069983685245829,-0.12508767756239214,-0.031080180476150798,-0.011631939313789252
2013-04-19,4145.14990234375,4417.39990234375,4108.7998046875,4397.75,4397.75,0,0.05195493546541674,0.026324647789581546,-0.06011900202594389,0.023351351965526845,-0.01669124049140369
2013-04-26,4409.64990234375,4602.2001953125,4379.64990234375,4574.75,4574.75,0,0.0402478540162583,0.0828835615797121,-0.0035503436862867055,0.06722108332459076,0.043415313816263845
2013-05-03,4591.35009765625,4686.85009765625,4536.2998046875,4589.35009765625,4589.35009765625,0,0.0031914525725449394,0.11488051109721975,0.005102943236587221,0.02242295051223464,0.09933771813528058
2013-05-10,4584.9501953125,4782.39990234375,4584.0,4776.75,4776.75,0,0.040833647108215576,0.1426128674855165,0.041741611494743314,0.06262165619264781,0.16673991501442442
2013-05-17,4760.35009765625,4815.10009765625,4645.9501953125,4761.0,4761.0,0,-0.0032972209138012465,0.08259905633562625,0.05173637125944608,0.0884524573525558,0.22837568018407262
2013-05-24,4769.64990234375,4893.35009765625,4580.0498046875,4645.0,4645.0,0,-0.024364629279563066,0.015356030384173991,0.036460170203317155,0.04534713626645659,0.19588587381685318
2013-05-31,4629.85009765625,4869.2998046875,4601.75,4769.0498046875,4769.0498046875,0,0.02670609358180842,0.0391558070766973,0.03646830854387395,0.04676246810524587,0.2991853931706203
2013-06-07,4734.4501953125,4770.7998046875,4630.0498046875,4646.10009765625,4646.10009765625,0,-0.025780755510333098,-0.027351212088501553,0.0327879777704283,0.006052249472957794,0.1996901678797367
2013-06-14,4670.2998046875,4684.35009765625,4399.10009765625,4543.2001953125,4543.2001953125,0,-0.022147586186457402,-0.045746650848036086,0.06026907857237429,-0.036293748056683395,0.17192464016699338
2013-06-21,4569.14990234375,4639.7001953125,4448.35009765625,4505.64990234375,4505.64990234375,0,-0.008265163619136318,-0.030000021023950496,0.06652696070414388,-0.05202087253680143,0.1491659473148672
2013-06-28,4487.14990234375,4551.7001953125,4353.2998046875,4539.4501953125,4539.4501953125,0,0.007501757504764894,-0.04814368035102645,0.10275843990088362,-0.05457665410548784,0.1444761766533258
2013-07-05,4523.10009765625,4639.7998046875,4493.10009765625,4593.2001953125,4593.2001953125,0,0.011840640977954342,-0.011385872286831633,0.09870720596661942,-0.06125195957671048,0.15301301768765518
2013-07-12,4539.35009765625,4551.7001953125,4452.85009765625,4492.9501953125,4492.9501953125,0,-0.02182574147373506,-0.011060485525565489,0.021647477758512945,-0.0846312699948002,0.14635081923384696
2013-07-19,4480.0,4575.60009765625,4403.0,4536.5,4536.5,0,0.009692919528227817,0.006846980640951017,-0.008361112629105438,-0.0505938366556794,0.17627996185059325
2013-07-26,4515.85009765625,4628.0,4498.4501953125,4527.75,4527.75,0,-0.001928799735478881,-0.0025774476663675827,-0.01342240106888093,-0.0323355832921306,0.2122003449336547
2013-08-02,4508.60009765625,4554.9501953125,4356.25,4390.35009765625,4390.35009765625,0,-0.030346176874551323,-0.04416313006850092,-0.08089179930784529,-0.043715427967331966,0.16186787900285293
2013-08-09,4399.2001953125,4446.10009765625,4242.64990234375,4344.75,4344.75,0,-0.010386437673978066,-0.032985051885755956,-0.08742911153119093,-0.048466358045484714,0.10547810645219657
2013-08-16,4377.35009765625,4642.0498046875,4359.64990234375,4512.60009765625,4512.60009765625,0,0.0386328552059958,-0.005268357179268213,-0.028503746467976265,-0.015865746006435866,0.12411722642001255
2013-08-23,4475.7001953125,4475.7001953125,4168.7001953125,4355.4501953125,4355.4501953125,0,-0.03482469063132143,-0.03805417805477329,-0.08672578947874965,-0.03785226136962527,0.07805502092366257
2013-08-30,4378.89990234375,4398.2001953125,4127.89990234375,4345.60009765625,4345.60009765625,0,-0.0022615567196362374,-0.010192809002609882,-0.06467790053675104,-0.03034630422984952,0.11733627245773603
2013-09-06,4320.5,4502.35009765625,4283.9501953125,4432.85009765625,4432.85009765625,0,0.02007777937207278,0.02027736869929231,-0.02428906781834206,-0.03659872911572937,0.10964116031712212
2013-09-13,4465.4501953125,4737.5498046875,4465.4501953125,4662.0498046875,4662.0498046875,0,0.05170481788960868,0.03311831400900589,0.03471195182350795,0.03633346007270277,0.11234242876338985
2013-09-20,4716.10009765625,4871.14990234375,4652.14990234375,4773.4501953125,4773.4501953125,0,0.02389515240978146,0.09597170929651933,0.051548092815652424,0.11400365879033836,0.10546436730086706
2013-09-27,4747.75,4809.9501953125,4699.89990234375,4748.75,4748.75,0,-0.005174495239681276,0.09277197470636667,0.03386523514612816,0.12407089197260146,0.08678244035706095
2013-10-04,4726.75,4957.4501953125,4651.0498046875,4887.60009765625,4887.60009765625,0,0.029239294057646692,0.10258636993848191,0.08783758670538755,0.1873337136987292,0.1090663340954019
2013-10-11,4890.75,5114.85009765625,4847.2998046875,5099.4501953125,5099.4501953125,0,0.043344400815000794,0.09382147530582197,0.12409350717789036,0.21980371806470766,0.18189199836177683
2013-10-18,5104.4501953125,5156.7998046875,5015.35009765625,5091.9501953125,5091.9501953125,0,-0.0014707467889173431,0.0667232267999287,0.12460939656838388,0.15785349219771483,0.18489093661853806
2013-10-25,5098.5498046875,5174.7001953125,5002.35009765625,5039.35009765625,5039.35009765625,0,-0.010330049517112694,0.06119507189391937,0.1478242020713707,0.10155748350319693,0.17560537088859185
2013-11-01,5050.4501953125,5238.60009765625,5023.85009765625,5228.85009765625,5228.85009765625,0,0.03760405534994171,0.06981954193912876,0.20348698950601296,0.13934434863153888,0.16489181057729807
2013-11-08,5237.2998046875,5288.64990234375,5121.64990234375,5137.39990234375,5137.39990234375,0,-0.01748954236677991,0.00744192130087562,0.13845671922313874,0.07550110479797989,0.14285076521745177
2013-11-15,5112.10009765625,5184.14990234375,4993.64990234375,5177.89990234375,5177.89990234375,0,0.007883365276182497,0.016879526258990696,0.18883230668471462,0.0875656169594099,0.18376346831161805
2013-11-22,5210.89990234375,5262.39990234375,5055.9501953125,5071.60009765625,5071.60009765625,0,-0.02052952098193017,0.006399634749528316,0.16706553380085754,0.09184070993675997,0.14135255939152702
2013-11-29,5115.0498046875,5321.0498046875,5101.14990234375,5283.14990234375,5283.14990234375,0,0.04171263518692325,0.010384655072027904,0.19181785667353668,0.10779927212144869,0.1596027002510425
2013-12-06,5269.7001953125,5323.85009765625,5220.5498046875,5273.5,5273.5,0,-0.0018265433542722365,0.02649201935674883,0.13115479690880005,0.13503796499353204,0.1419074979189512
2013-12-13,5385.89990234375,5385.89990234375,5170.14990234375,5180.2001953125,5180.2001953125,0,-0.017692197722101066,0.00044425211227205885,0.08521090267149445,0.14020953790617297,0.09882706020557874
2013-12-20,5177.14990234375,5327.85009765625,5132.35009765625,5320.5498046875,5320.5498046875,0,0.027093472082797332,0.049087014401292706,0.12041059324822312,0.18086178908837436,0.11943232847462881
2013-12-27,5326.14990234375,5376.0,5293.89990234375,5309.0498046875,5309.0498046875,0,-0.00216143075850328,0.004902359922110078,0.0862283530997856,0.16953586365364237,0.10570650935905457
2014-01-03,5336.0,5342.7001953125,5170.64990234375,5194.89990234375,5194.89990234375,0,-0.021501004236758936,-0.014904730758746543,0.018717646682575584,0.13099792768564766,0.06172208833770321
2014-01-10,5224.7001953125,5269.39990234375,5155.25,5165.64990234375,5165.64990234375,0,-0.0056305223488143374,-0.0028088283116772805,0.014473768242881935,0.14972338392112117,0.05242083379715745
2014-01-17,5185.10009765625,5256.10009765625,5169.25,5197.85009765625,5197.85009765625,0,0.006233522581135409,-0.023061471377102682,0.031452468458922356,0.14578421639066463,0.08781459690393967
2014-01-24,5196.0498046875,5324.85009765625,5162.89990234375,5168.25,5168.25,0,-0.0056946808969340346,-0.026520716487380525,-0.01158956491856844,0.14146099055822425,0.10455118362331084
2014-01-31,5093.14990234375,5097.5498046875,4963.60009765625,5009.85009765625,5009.85009765625,0,-0.030648653285686667,-0.03562143798074191,-0.02482769632734061,0.14110492015903575,0.09122103021865535
2014-02-07,4983.60009765625,5103.9501953125,4858.10009765625,5092.0498046875,5092.0498046875,0,0.0164076180781747,-0.0142479840964167,-0.016580099900616152,0.17200064553484085,0.11519804261881017
2014-02-14,5113.39990234375,5216.2001953125,5100.14990234375,5198.89990234375,5198.89990234375,0,0.020983710245310094,0.0002019690194554613,0.02510052098672544,0.15208522577570083,0.13380653420577615
2014-02-21,5222.7998046875,5311.0498046875,5168.64990234375,5285.75,5285.75,0,0.016705476021397603,0.022734968316161286,0.00049214913532869,0.2135944076891807,0.16765711497261426
2014-02-28,5288.75,5477.0498046875,5285.2998046875,5467.25,5467.25,0,0.03433760582698775,0.09130011745415989,0.03674030530008543,0.25811162489357886,0.21993258676944794
2014-03-07,5450.85009765625,5561.9501953125,5366.10009765625,5530.2998046875,5530.2998046875,0,0.011532270279848156,0.08606553682891471,0.06758418520037135,0.24757203218116874,0.20191248132300998
2014-03-14,5503.85009765625,5595.5498046875,5460.0,5555.60009765625,5555.60009765625,0,0.004574850164055455,0.06861070649806011,0.04417782026242212,0.191664681932467,0.23496198307351035
2014-03-21,5620.10009765625,5660.9501953125,5482.64990234375,5542.39990234375,5542.39990234375,0,-0.0023760161063552943,0.048555058855176636,0.043953269651043625,0.1610888718994814,0.2934572514767688
2014-03-28,5576.0498046875,5763.60009765625,5576.0498046875,5738.7998046875,5738.7998046875,0,0.035435895244711135,0.04966844477342347,0.10469882241587802,0.20848640267175567,0.35842438858800074
2014-04-04,5771.39990234375,5905.64990234375,5742.89990234375,5811.0498046875,5811.0498046875,0,0.01258974044380956,0.05076578303440904,0.12494069759758974,0.18893724702928782,0.41166527687002774
2014-04-11,5804.0,5977.9501953125,5788.85009765625,5887.60009765625,5887.60009765625,0,0.013173229543997467,0.05975952087337277,0.132699094248796,0.15455585840768293,0.40833152879908186
2014-04-18,5886.14990234375,5920.75,5763.60009765625,5915.2998046875,5915.2998046875,0,0.0047047534771047506,0.06728130573653823,0.14454598842693378,0.16169632022971303,0.34507414125120794
2014-04-25,5899.2001953125,6032.5,5899.2001953125,5961.39990234375,5961.39990234375,0,0.007793366216150011,0.038788615256177605,0.1899357837338611,0.18296998359299077,0.3031094381865129
2014-05-02,5954.39990234375,5960.5498046875,5797.64990234375,5849.0498046875,5849.0498046875,0,-0.01884626086098995,0.006539265929083493,0.14866311780830221,0.11861110864685998,0.2744832449532604
2014-05-09,5817.7998046875,6028.2001953125,5816.75,6011.2001953125,6011.2001953125,0,0.027722518364444504,0.020993290238148665,0.15624464948874128,0.17008609599772662,0.25842888895431004
2014-05-16,6012.5,6579.64990234375,6012.5,6246.2001953125,6246.2001953125,0,0.039093690505142664,0.05593974972541238,0.18170556596745957,0.20631922461173668,0.31195131176486024
2014-05-23,6338.85009765625,6448.0,6215.85009765625,6433.64990234375,6433.64990234375,0,0.030010198387801168,0.0792179702311755,0.17676160818395892,0.2685641175290905,0.38506994668326167
2014-05-30,6505.75,6626.25,6303.60009765625,6385.10009765625,6385.10009765625,0,-0.007546230432870393,0.09164741468591231,0.15456671847052816,0.20857825647226935,0.3388621128217897
2014-06-06,6391.10009765625,6735.7001953125,6373.0,6724.89990234375,6724.89990234375,0,0.0532176159324782,0.11872832110762,0.21047227736582297,0.2752251639980563,0.4474289750528968
2014-06-13,6754.75,6907.14990234375,6725.75,6738.60009765625,6738.60009765625,0,0.002037234086967654,0.07883191171382475,0.2158271175644788,0.30083777529562017,0.48322763866071305
2014-06-20,6719.89990234375,6742.2001953125,6577.60009765625,6604.14990234375,6604.14990234375,0,-0.019952244288730436,0.026501286608381802,0.15078938577878676,0.24125328110365118,0.46574857023587257
2014-06-27,6615.64990234375,6849.25,6601.14990234375,6750.39990234375,6750.39990234375,0,0.02214516662441257,0.05721128864081382,0.161648949712756,0.271489277871088,0.48705231072130895
2014-07-04,6759.10009765625,7179.0498046875,6752.2001953125,7153.2001953125,7153.2001953125,0,0.05967058230563449,0.06368872387520286,0.214960268473408,0.37696593385470933,0.5573456176834091
2014-07-11,7194.7001953125,7232.2001953125,6706.5,6722.5,6722.5,0,-0.060210840400459986,-0.0023892347702677563,0.13645972680418406,0.3013851358664239,0.49623292219299286
2014-07-18,6701.60009765625,7003.4501953125,6701.60009765625,6986.7001953125,6986.7001953125,0,0.039300884390107926,0.05792574345306534,0.17198985301517,0.3441519212843125,0.5401080558387523
2014-07-25,7009.9501953125,7050.4501953125,6919.4501953125,6945.10009765625,6945.10009765625,0,-0.005954183876983876,0.028842764596050063,0.1873894614626741,0.34380111210878916,0.5338965485409419
2014-08-01,6934.2001953125,7015.7001953125,6834.5498046875,6847.14990234375,6847.14990234375,0,-0.014103496556594597,-0.042785087039686864,0.13906535797678465,0.36673748093721237,0.5595908640632192
2014-08-08,6860.39990234375,7080.7998046875,6854.9501953125,6918.64990234375,6918.64990234375,0,0.01044230096021792,0.02917811860821873,0.10765740546322777,0.3587160706823347,0.5924161119382587
2014-08-15,6983.39990234375,7279.60009765625,6978.25,7270.64990234375,7270.64990234375,0,0.050876978163146624,0.04064146150449632,0.13009722516842026,0.3984977666267475,0.6111886152109895
2014-08-22,7274.64990234375,7624.4501953125,7274.64990234375,7582.14990234375,7582.14990234375,0,0.042843487746478504,0.09172651160240064,0.1874754955097564,0.43445110009814125,0.7408418331826974
2014-08-29,7614.9501953125,7722.14990234375,7519.2998046875,7683.60009765625,7683.60009765625,0,0.01338013579514441,0.12216034514246377,0.1425597717786662,0.4053866381921898,0.7681332669797003
2014-09-05,7711.2998046875,7889.5,7711.2998046875,7805.60009765625,7805.60009765625,0,0.01587797366461241,0.1281970048827068,0.15834149297138334,0.4114244025324265,0.7608536101374712
2014-09-12,7857.60009765625,8014.9501953125,7806.7001953125,8009.7998046875,8009.7998046875,0,0.02616066727432842,0.10166215018900582,0.21284342771276266,0.4417524054812021,0.7180854217031261
2014-09-19,7972.35009765625,8169.7001953125,7774.5498046875,8059.2998046875,8059.2998046875,0,0.006179929736949363,0.06293068700689441,0.193899609101573,0.4541173402661567,0.6883594622191063
2014-09-26,8026.25,8175.7001953125,7755.10009765625,7933.9501953125,7933.9501953125,0,-0.015553411885992019,0.03258239555343523,0.10914695222868587,0.382510361980563,0.6707449740063174
2014-10-03,7942.89990234375,8017.60009765625,7871.4501953125,7895.2001953125,7895.2001953125,0,-0.004884074016861639,0.011478950565652735,0.17444406029193016,0.3586529905394744,0.6153531462401116
2014-10-10,7897.75,7976.0,7710.89990234375,7732.35009765625,7732.35009765625,0,-0.020626468440019585,-0.03463878171697632,0.10672418759917868,0.3133280062167203,0.5163105435883961
2014-10-17,7694.39990234375,7770.75,7472.7001953125,7568.7998046875,7568.7998046875,0,-0.021151434027582905,-0.06086136660590691,0.08980427902568722,0.27952936530616856,0.4864245553020363
2014-10-24,7699.85009765625,7998.4501953125,7653.60009765625,7991.10009765625,7991.10009765625,0,0.0557948821300851,0.0072032091123428454,0.1670695415797645,0.34047375256850576,0.5857402130827998
2014-10-31,8035.5,8264.849609375,7916.7998046875,8246.900390625,8246.900390625,0,0.03201064807632359,0.04454607693435175,0.19198116786214237,0.4099555767187746,0.5771919708162114
2014-11-07,8193.7001953125,8220.0498046875,8111.39990234375,8118.39990234375,8118.39990234375,0,-0.01558167095449925,0.049926581157327066,0.11659893013507938,0.3505455879966255,0.5802546145259255
2014-11-14,8128.4501953125,8337.2998046875,8057.64990234375,8285.0498046875,8285.0498046875,0,0.020527432049219252,0.09463191238806612,0.09270456419312856,0.3264143872469967,0.6000791751376489
2014-11-21,8271.0498046875,8495.4501953125,8271.0498046875,8378.7998046875,8378.7998046875,0,0.01131556263511646,0.048516437323186556,0.09047838229416816,0.30234002966731843,0.6521018304577315
2014-11-28,8386.599609375,8564.7001953125,8239.849609375,8540.25,8540.25,0,0.019268892809943594,0.03557089275729308,0.09411831161634066,0.3375279744063575,0.6165072272909218
2014-12-05,8579.25,8673.2001953125,8447.2001953125,8585.9501953125,8585.9501953125,0,0.005351154276806991,0.05759143409944234,0.07193068549451453,0.2767402221585693,0.6281312591850763
2014-12-12,8612.0498046875,8617.4501953125,8253.25,8284.349609375,8284.349609375,0,-0.035127222855562246,-8.45131084310502e-05,0.027924237854584533,0.22938733406310563,0.5992334846192637
2014-12-19,8237.150390625,8326.7001953125,7923.0,8168.39990234375,8168.39990234375,0,-0.013996235371336208,-0.02511098334466022,0.029550186383797472,0.23685864541700696,0.5352548518852775
2014-12-26,8194.7001953125,8358.0,8139.75,8203.25,8203.25,0,0.004266453414731863,-0.03946020315564536,0.03901735194382949,0.2152243005857799,0.5451446684032111
2015-01-02,8231.9501953125,8414.2998046875,8211.2998046875,8365.400390625,8365.400390625,0,0.01976660355651716,-0.025687291408691082,0.08187036088299138,0.16946264080611861,0.6103102173057917
2015-01-09,8366.400390625,8510.599609375,8189.2001953125,8397.0,8397.0,0,0.003777417445602893,0.013597976417788926,0.10942292261443876,0.24908888062476753,0.6255457026211024
2015-01-16,8387.0498046875,8655.9501953125,8323.900390625,8623.599609375,8623.599609375,0,0.02698578175241151,0.05572691254998907,0.07915049292202703,0.23428791393692894,0.6590704709363293
2015-01-23,8629.400390625,9001.5498046875,8624.900390625,8983.099609375,8983.099609375,0,0.04168792804447641,0.09506593232865024,0.08926980851944144,0.2934442244261548,0.7381317872345572
2015-01-30,9026.7001953125,9110.5,8909.75,8930.849609375,8930.849609375,0,-0.00581647786087891,0.06759380213094057,0.10007510307501599,0.30431635596556883,0.7826580506975858
2015-02-06,8951.7998046875,9058.75,8483.0498046875,8496.2998046875,8496.2998046875,0,-0.04865716294576716,0.011825628758782791,0.025497734471128908,0.2280285784961178,0.6685421648598584
2015-02-13,8408.25,8770.7001953125,8263.400390625,8759.0,8759.0,0,0.03091936505907733,0.015701145317299048,0.045376450586610106,0.20470661050210492,0.684779504227673
2015-02-20,8797.9501953125,8967.400390625,8735.5,8874.650390625,8874.650390625,0,0.013203606647448352,-0.012072583347157773,0.03915580815842623,0.17046622724798932,0.6789765673035992
2015-02-27,8907.349609375,8916.5,8630.7998046875,8841.7998046875,8841.7998046875,0,-0.0037016202882992344,-0.009971033953367847,0.029798636557975877,0.1507365938246239,0.6172298330399195
2015-03-06,9000.7998046875,9028.2001953125,8755.349609375,8825.650390625,8825.650390625,0,-0.001826484926059746,0.03876400239028688,0.06534016631039274,0.13068185408000033,0.5958719603491207
2015-03-13,8789.099609375,8906.650390625,8700.0,8721.75,8721.75,0,-0.011772547747344264,-0.004252768580888189,0.06774277756620095,0.08888489259068022,0.5699024131847537
2015-03-20,8732.4501953125,8857.9501953125,8572.7001953125,8585.9501953125,8585.9501953125,0,-0.015570247334250609,-0.032530880947995056,0.04665226529881439,0.06534691640565171,0.549139424544538
2015-03-27,8604.2998046875,8656.400390625,8312.400390625,8435.0,8435.0,0,-0.01758107045565105,-0.04600871018045827,0.008319937615060224,0.06315262792845955,0.4698195244779615
2015-04-03,8487.400390625,8723.400390625,8456.400390625,8710.75,8710.75,0,0.03269116775340852,-0.013018914815281168,0.03736453495295944,0.1032969126193537,0.498997649783254
2015-04-10,8749.5,8893.400390625,8706.9501953125,8879.0,8879.0,0,0.019315213959762323,0.01802963854730999,0.029616448141602802,0.1482925485605353,0.5080847633545242
2015-04-17,8885.599609375,8888.150390625,8547.349609375,8558.2001953125,8558.2001953125,0,-0.03613017284463338,-0.0032320243384535985,-0.04729986669846831,0.13072090901548816,0.4467906070510017
2015-04-24,8587.900390625,8589.5,8132.89990234375,8164.4501953125,8164.4501953125,0,-0.046008505411647804,-0.03207466564167161,-0.08581483818269497,0.021692895288233593,0.3695525093195997
2015-05-01,8193.0,8341.400390625,8016.60009765625,8188.2001953125,8188.2001953125,0,0.0029089527686305683,-0.05998907151364696,-0.03626279868384796,-0.007117849438224022,0.399919725209106
2015-05-08,8260.400390625,8381.75,7917.75,8199.25,8199.25,0,0.0013494790581483063,-0.07655704471224234,-0.06390569699737414,0.00995887103724824,0.36399549733740844
2015-05-15,8273.099609375,8570.7998046875,8256.0498046875,8539.5498046875,8539.5498046875,0,0.04150377225813329,-0.0021792421536499518,-0.03775929993721139,0.03071798070012921,0.3671591587948235
2015-05-22,8537.75,8637.5,8462.7001953125,8581.650390625,8581.650390625,0,0.004930070893712779,0.05109960687273585,-0.02942267635652429,0.024209981222372168,0.33386965733070784
2015-05-29,8557.7001953125,8622.900390625,8329.0498046875,8536.75,8536.75,0,-0.00523213934164124,0.0425673281519221,-0.03273417570810222,-0.00040982406838208085,0.3369798232503116
2015-06-05,8527.0,8548.7998046875,8046.89990234375,8092.2998046875,8092.2998046875,0,-0.0520631616613465,-0.01304389978504128,-0.07217017173302376,-0.057495137916652284,0.20333386700182499
2015-06-12,8085.5,8137.60009765625,7843.4501953125,7905.25,7905.25,0,-0.023114542120541648,-0.07427789745301594,-0.07928070625009309,-0.04576093806398407,0.17312941641239732
2015-06-19,7939.9501953125,8356.5,7919.39990234375,8305.349609375,8305.349609375,0,0.050611885693052194,-0.03219669511960588,-0.015370526452282207,0.016765793627703696,0.25759556221270974
2015-06-26,8337.7998046875,8459.099609375,8295.5498046875,8447.2001953125,8447.2001953125,0,0.01707942381827987,-0.010489917672123483,-0.030255696086731954,0.029738237322098016,0.2513629292361803
2015-07-03,8285.75,8586.0,8220.5498046875,8493.5,8493.5,0,0.0054810829170584,0.049578019227624726,-0.04341705146976016,0.015313027875935248,0.18737065482464765
2015-07-10,8380.0498046875,8566.650390625,8214.7001953125,8234.099609375,8234.099609375,1276000,-0.03054104793371404,0.04159888800164446,-0.03787018047498081,-0.01939983215731811,0.22485676599107474
2015-07-17,8292.75,8496.7998046875,8233.9501953125,8473.900390625,8473.900390625,1465700,0.02912289049515171,0.02029424276850933,0.03790214746979115,-0.017359249678899458,0.21286160186324987
2015-07-24,8509.099609375,8610.150390625,8406.849609375,8472.0498046875,8472.0498046875,1552600,-0.00021838655780603844,0.002941756889908831,0.03466568996902342,-0.0568901411439493,0.21985999993672478
2015-07-31,8433.0,8566.2001953125,8236.7998046875,8544.849609375,8544.849609375,1828600,0.008592938706193598,0.006045753738152637,0.04215014902277647,-0.04322097189888896,0.24794253539711963
2015-08-07,8572.0,8862.400390625,8541.7998046875,8803.0,8803.0,1729200,0.030211226929233392,0.0690907831594938,0.03085059532856027,0.036098090034828,0.2723580646880124
2015-08-14,8762.5498046875,8837.349609375,8391.5498046875,8642.099609375,8642.099609375,2175900,-0.018277904194592742,0.01984909085503128,0.007044008552951286,-0.013346317002511654,0.18862821418332265
2015-08-21,8654.849609375,8727.900390625,8310.9501953125,8381.7001953125,8381.7001953125,2134900,-0.030131498806148627,-0.010664433219574665,-0.018162626841303764,-0.05554587207550654,0.10545165992057193
2015-08-28,8080.89990234375,8083.2001953125,7597.35009765625,8023.2998046875,8023.2998046875,2650800,-0.04275986760125794,-0.061036744767898554,-0.008526624280532857,-0.09257165035178361,0.0442110082140883
2015-09-04,8005.35009765625,8033.0,7503.0,7559.4501953125,7559.4501953125,1906700,-0.05781282273709909,-0.14126431951465412,-0.04374305742228268,-0.14346820225935009,-0.03153503885212616
2015-09-11,7592.5498046875,7968.10009765625,7413.2001953125,7857.4501953125,7857.4501953125,2008200,0.03942085631899328,-0.09079384056292383,-0.053929025884342674,-0.09909706248029349,-0.019020401644226137
2015-09-18,7902.10009765625,7939.75,7753.0,7842.5498046875,7842.5498046875,1190600,-0.0018963391755113523,-0.06432470478084173,-0.07157997639981717,-0.08658335696273423,-0.026894395946647
2015-09-25,7772.4501953125,7901.9501953125,7611.5,7721.25,7721.25,2057200,-0.015466883565724898,-0.03764658083835182,-0.09092247012421262,-0.0846176644931832,-0.02680886444663677
2015-10-02,7749.5498046875,7816.75,7475.10009765625,7731.5498046875,7731.5498046875,1654600,0.0013339556014246856,0.02276615427425077,-0.06103275749971715,-0.1124128456576644,-0.020727832933503332
2015-10-09,7787.14990234375,8108.7998046875,7784.89990234375,8051.2001953125,8051.2001953125,2195000,0.04134363726548096,0.024658126387563373,-0.04988260137918887,-0.09323119773482369,0.04123585890826331
2015-10-16,8070.0498046875,8280.4501953125,8000.25,8266.650390625,8266.650390625,1725100,0.02676000969867043,0.054076875059692275,-0.024244358661448695,-0.03406671940756745,0.09220095707978793
2015-10-23,8269.0,8369.900390625,8205.0,8228.2998046875,8228.2998046875,1230100,-0.0046391929167577395,0.06566939351626999,-0.03704568472921943,0.007820442019679241,0.029682985337753376
2015-10-30,8265.849609375,8294.900390625,8078.39990234375,8091.9501953125,8091.9501953125,1955400,-0.01657081202818156,0.04661424937164549,-0.08077357772208338,-0.01175471992674293,-0.018788901038339967
2015-11-06,8132.60009765625,8269.5,8066.7998046875,8144.4501953125,8144.4501953125,2467900,0.006487929205299947,0.011582124122847093,-0.05758431822778887,-0.00668351430771108,0.003208796472470965
2015-11-13,7921.75,8305.0,7921.75,8178.2998046875,8178.2998046875,1359500,0.004156156470142225,-0.010687591922079576,-0.024267199480452972,-0.042303166825223504,-0.012884653987185857
2015-11-20,8155.60009765625,8392.2001953125,8110.0498046875,8339.400390625,8339.400390625,1522900,0.019698542458074675,0.013502253026099975,0.03939782802991143,-0.02822883582680613,-0.004702274189730349
2015-11-27,8335.099609375,8530.150390625,8323.25,8443.650390625,8443.650390625,1585100,0.012500898759723267,0.04346297083195494,0.1169662042169124,-0.01090574391601018,-0.011311098548051901
2015-12-04,8468.400390625,8563.650390625,8228.849609375,8240.7001953125,8240.7001953125,3221000,-0.02403583591497771,0.011817863415187535,0.04877536484146394,0.018338469187589634,-0.04021104154418331
2015-12-11,8276.599609375,8288.75,7892.9501953125,7943.25,7943.25,1474800,-0.03609525747359388,-0.028740668635402478,0.012840236634813706,0.004806932102084049,-0.041173975684101305
2015-12-18,7858.75,8165.2998046875,7797.64990234375,8079.2001953125,8079.2001953125,1457300,0.017115185259497068,-0.03120130742313465,0.04635909927958548,-0.027229367178863262,-0.010920095501893323
2015-12-25,8092.64990234375,8164.5498046875,8091.89990234375,8136.60009765625,8136.60009765625,610900,0.007104651568982323,-0.03636463836892967,0.052389275527032764,-0.03676959116330725,-0.0081248166694603
2016-01-01,8157.60009765625,8342.650390625,8156.7998046875,8328.2998046875,8328.2998046875,953000,0.023560173135025897,0.010630117259311067,0.034417180377197765,-0.019450190770883613,-0.00443500420841525
2016-01-08,8306.2998046875,8340.349609375,7693.75,7744.25,7744.25,1454600,-0.07012833572090826,-0.02505271771630002,-0.06319372006072022,-0.05949036720630363,-0.07773609622484223
2016-01-15,7668.0,7832.25,7527.5,7544.2001953125,7544.2001953125,1421600,-0.025832043734060783,-0.06621942606526865,-0.08313984973970956,-0.10971337311694895,-0.12516808095879695
2016-01-22,7531.89990234375,7564.39990234375,7231.14990234375,7544.0,7544.0,1713400,-2.653632026150543e-05,-0.07283141490841472,-0.06771546809938556,-0.10954253410715542,-0.16020078502448287
2016-01-29,7611.2001953125,7633.10009765625,7411.35009765625,7605.0498046875,7605.0498046875,1247100,0.008092497970241253,-0.08684245487811637,-0.0662291962857664,-0.10998435872486234,-0.1484516997459867
2016-02-05,7629.25,7631.7998046875,7315.60009765625,7495.9501953125,7495.9501953125,1391500,-0.014345679801827771,-0.03206247276204921,-0.08343416427261596,-0.14847776947489488,-0.11773944333074216
2016-02-12,7513.4501953125,7557.64990234375,6859.39990234375,7074.5,7074.5,2418300,-0.056223718718948934,-0.062259773488559156,-0.15167761845887362,-0.18139106006999262,-0.1923164744833885
2016-02-19,7127.5498046875,7464.0,7127.5498046875,7441.5,7441.5,1807700,0.05187645770019089,-0.013586956521739135,-0.11868686459800482,-0.11217296889696804,-0.16148809559179378
2016-02-26,7447.9501953125,7500.9501953125,7124.75,7164.85009765625,7164.85009765625,1623100,-0.037176631370523405,-0.05788255413658505,-0.13055323845760314,-0.1069945942353685,-0.1896615784200646
2016-03-04,7174.5,7616.2001953125,6983.75,7591.75,7591.75,1888200,0.059582530900876396,0.012780208271315319,-0.04425140842853992,0.004272771676904208,-0.13980843745359595
2016-03-11,7614.4501953125,7751.14990234375,7540.25,7723.5498046875,7723.5498046875,1314500,0.01736092530543032,0.09174497203866006,-0.04402049485434789,-0.0170412013180663,-0.11444953080660414
2016-03-18,7791.7001953125,7831.5498046875,7596.2998046875,7767.10009765625,7767.10009765625,1286600,0.005638636905315186,0.04375463248756972,-0.045412088042330434,-0.009620558225355902,-0.0953709349610834
2016-03-25,7785.35009765625,8004.0498046875,7767.39990234375,7990.75,7990.75,1223700,0.028794517842152922,0.11527106514257945,-0.040530457909009665,0.03490367492310176,-0.05266745702430353
2016-04-01,8010.5498046875,8125.5,7846.4501953125,8030.0498046875,8030.0498046875,1819900,0.004918162210993948,0.05773369838146669,0.03690477511540813,0.03860804205374513,-0.07814484347645156
2016-04-08,8093.10009765625,8137.85009765625,7799.7001953125,7821.2998046875,7821.2998046875,1297400,-0.025996102773627072,0.01265609758102082,0.03673015060591478,-0.028554797427450707,-0.11912379719703792
2016-04-15,7848.7001953125,8439.0,7817.9501953125,8399.349609375,8399.349609375,1140200,0.07390712785885789,0.08140097382155975,0.11338144344843593,0.016052356453889915,-0.01856121407682254
2016-04-22,8396.150390625,8436.25,8277.25,8401.400390625,8401.400390625,1250800,0.0002441595296511778,0.051390719347370384,0.10471339522939815,0.021037223976560604,0.029022186386603366
2016-04-29,8392.0498046875,8522.5498046875,8216.0,8288.9501953125,8288.9501953125,1464900,-0.013384696608196633,0.03224144269614215,0.10579045742538318,0.024345181970363283,0.012304291247993149
2016-05-06,8263.5,8440.5,8055.2998046875,8196.7998046875,8196.7998046875,1545300,-0.011117257125891733,0.04800992282318006,0.15864015897766626,0.006427641905788706,-0.0002988316385644785
2016-05-13,8222.2998046875,8323.849609375,8076.0498046875,8160.39990234375,8160.39990234375,1377500,-0.0044407455605947055,-0.028448596396623893,0.09660685377192091,-0.002188707038288107,-0.04439928462453935
2016-05-20,8196.0,8304.5498046875,8070.14990234375,8080.75,8080.75,1491100,-0.00976053910309882,-0.03816630272529431,0.12783238865574553,-0.0310154661617843,-0.05836877148621755
2016-05-27,8128.9501953125,8409.7998046875,8005.0,8393.9501953125,8393.9501953125,2380300,0.0387588027488166,0.012667466630379653,0.10566736198011006,-0.005886102930988457,-0.016727654515770074
2016-06-03,8404.900390625,8814.2998046875,8393.2998046875,8749.25,8749.25,3199600,0.042328081108452764,0.06739827841062684,0.13280165484140372,0.06171196532265233,0.08118213748481717
2016-06-10,8763.0,8862.5,8677.599609375,8688.2998046875,8688.2998046875,1346400,-0.006966333721461826,0.06469044515724431,0.11860278552470627,0.09379659518301708,0.09905440114955244
2016-06-17,8600.900390625,8703.7001953125,8536.900390625,8675.2001953125,8675.2001953125,1500600,-0.0015077298976184927,0.07356374040930613,0.08565531337014676,0.07376967838299087,0.044531609544770534
2016-06-24,8635.150390625,8879.5498046875,8306.2998046875,8631.650390625,8631.650390625,2185100,-0.005020034547563723,0.028318037369966964,0.07491866184769091,0.0608424018665179,0.021835660461185125
2016-07-01,8629.7998046875,8932.4501953125,8567.25,8894.849609375,8894.849609375,1865100,0.030492340032198806,0.016641381761293816,0.13725976902766157,0.06802706650505352,0.047253736313062955
2016-07-08,8959.5,8989.099609375,8793.2998046875,8870.5,8870.5,1635900,-0.0027374953421737125,0.020970753704217193,0.056093675407810295,0.14543048067921371,0.07728840077431443
2016-07-15,8954.650390625,9254.25,8952.400390625,9204.4501953125,9204.4501953125,1745500,0.037647279782706766,0.06100723765267935,0.09558523190771995,0.22006971673837294,0.08621175267716574
2016-07-22,9237.4501953125,9331.2001953125,9189.0,9290.5,9290.5,2012500,0.009348717507464244,0.07632950589502441,0.1208295117099254,0.2315084835630965,0.09660592349913477
2016-07-29,9293.2001953125,9512.0498046875,9229.0,9470.849609375,9470.849609375,1738800,0.019412260844410945,0.06475657546732516,0.15543258772270008,0.24533696065178723,0.10836937363813126
2016-08-05,9531.9501953125,9757.7001953125,9283.400390625,9738.650390625,9738.650390625,2261400,0.028276320741584815,0.0978693862380926,0.19340357178181433,0.29918824657012055,0.10628767359138935
2016-08-12,9798.2001953125,9851.099609375,9432.9501953125,9618.5,9618.5,2600000,-0.012337478583342887,0.04498365420004791,0.19029793026637387,0.35960138525690866,0.11298184871252759
2016-08-19,9622.5498046875,9730.400390625,9496.75,9638.5498046875,9638.5498046875,1022800,0.0020845043081041403,0.03746297881572569,0.14827340887369478,0.2952428683313175,0.1499516303479691
2016-08-26,9643.2001953125,9646.349609375,9452.7001953125,9538.400390625,9538.400390625,1372900,-0.010390506465380756,0.007132494341704376,0.09019634718690184,0.3312770344972298,0.18883758837633402
2016-09-02,9641.4501953125,10069.0,9589.599609375,10052.9501953125,10052.9501953125,1954000,0.05394508341180937,0.032273445711745063,0.1570675991048036,0.32419405213718844,0.3298520309778854
2016-09-09,10113.849609375,10466.900390625,10113.849609375,10299.2001953125,10299.2001953125,1609100,0.024495296924361698,0.0707698908678589,0.18720029087945433,0.33348012970173535,0.3107560263578468
2016-09-16,10075.2001953125,10276.0,9969.900390625,10117.9501953125,10117.9501953125,1659700,-0.017598453915139256,0.04973781329550775,0.17219184482979033,0.3026676710868741,0.29013528090889396
2016-09-23,10162.849609375,10281.650390625,10034.599609375,10224.9501953125,10224.9501953125,1618100,0.010575264548106977,0.07197745707574699,0.14953603988263042,0.2795983099599537,0.32426099340294634
2016-09-30,10196.650390625,10224.25,9842.25,10029.2998046875,10029.2998046875,1950800,-0.019134605732817556,-0.0023525820943615106,0.1306352296587001,0.2489710585397551,0.2971913856917685
2016-10-07,10146.7998046875,10402.5498046875,10126.4501953125,10344.2998046875,10344.2998046875,1658800,0.03140797524596639,0.0043789428809750675,0.12383679472300102,0.322580653216733,0.28481463058266376
2016-10-14,10406.7998046875,10421.150390625,10116.0,10223.4501953125,10223.4501953125,748500,-0.011682724945794476,0.010427013175937194,0.100419804672784,0.21717164670720646,0.23671011984571866
2016-10-21,10241.4501953125,10252.900390625,9986.5,10101.599609375,10101.599609375,1337400,-0.01191873424427392,-0.01206368574724681,0.0665990936415708,0.20237093099945902,0.2276654775778002
2016-10-28,10121.5,10220.0498046875,9873.599609375,10056.7001953125,10056.7001953125,1840300,-0.004444782588772345,0.002732034255491511,0.032658509334483776,0.2132658489128918,0.2428030267831034
2016-11-04,10092.25,10154.099609375,9827.4501953125,9870.75,9870.75,1446800,-0.018490179850362165,-0.045778816703757164,0.026225502937048395,0.20421996818260935,0.21196026291388748
2016-11-11,9949.4501953125,10098.349609375,9277.7998046875,9308.2998046875,9308.2998046875,2155700,-0.056981505489704376,-0.08951482847195757,-0.03426345318456414,0.14066711387686537,0.1381705277363794
2016-11-18,9199.0,9203.900390625,8771.349609375,8983.849609375,8983.849609375,1613900,-0.03485601045521891,-0.11065079227280483,-0.05813876106470128,0.11175937993069951,0.07727764450241259
2016-11-25,9003.849609375,9003.900390625,8659.400390625,8780.400390625,8780.400390625,1734900,-0.022646106913643438,-0.1269103960444592,-0.1265847119466349,0.04603913369992463,0.03988203968912485
2016-12-02,8780.9501953125,9130.25,8771.599609375,8888.7001953125,8888.7001953125,1692700,0.012334267216690176,-0.0994909003558494,-0.13695238205409044,0.015938531338400397,0.07863409475430228
2016-12-09,8890.349609375,9364.900390625,8865.650390625,9252.2998046875,9252.2998046875,1251100,0.04090582440464652,-0.00601613626280062,-0.08555590548627556,0.06491488699500358,0.16480027755484206
2016-12-16,9228.5,9241.400390625,9042.75,9153.5,9153.5,1873300,-0.010678405020711157,0.018883930386363934,-0.10478781557329175,0.055134151825791955,0.13297105885689064
2016-12-23,9140.7001953125,9146.9501953125,8875.2001953125,8987.25,8987.25,1079400,-0.018162451521276046,0.023558106711837112,-0.10390055387520336,0.041197174732797714,0.10454611166017358
2016-12-30,8973.0498046875,9171.7001953125,8808.9501953125,9141.75,9141.75,1096200,0.017191020612534524,0.02846870736184215,-0.11625241218768301,0.027757680170867882,0.09767302023093083
2017-01-06,9169.9501953125,9589.7998046875,9098.900390625,9506.650390625,9506.650390625,1383700,0.03991581378018427,0.027490525740274663,-0.07011329746743977,0.07171527993066906,0.22757534824224424
2017-01-13,9541.400390625,9740.599609375,9472.849609375,9600.7001953125,9600.7001953125,1025900,0.009893053896275372,0.04885565033184025,-0.049586148078729075,0.04304982824523251,0.2725935084911695
2017-01-20,9605.7001953125,9716.9501953125,9580.349609375,9601.0,9601.0,1266600,3.122737731642289e-05,0.06829119029736574,-0.04531309340661316,0.033421236747214866,0.27266702014846245
2017-01-27,9601.2998046875,10051.5,9586.400390625,10014.849609375,10014.849609375,1518800,0.04310484422195615,0.09550683505619828,0.014598648468961306,0.05743940854699092,0.3168683791133333
2017-02-03,10012.150390625,10210.2001953125,9822.0,9975.099609375,9975.099609375,1654100,-0.003969106032584824,0.049275948888576115,0.07163497294658594,0.02427946473749798,0.3307318417900915
2017-02-10,10051.2001953125,10065.849609375,9875.7001953125,9987.2998046875,9987.2998046875,1566000,0.0012230650109030794,0.04026785562617152,0.11169490128879267,0.03834275663435038,0.41173225029154015
2017-02-17,10016.849609375,10030.0,9507.9501953125,9683.599609375,9683.599609375,2088400,-0.030408639096821677,0.008603229806791068,0.10286537954628616,0.004673919375878688,0.30129672907007987
2017-02-24,9691.9501953125,9807.9501953125,9628.650390625,9761.75,9761.75,1198500,0.00807038640355806,-0.02527243236264587,0.09822018804818144,0.023415834964793936,0.3624499978294371
2017-03-03,9763.25,9820.5498046875,9616.599609375,9680.5,9680.5,1487700,-0.008323302686506051,-0.029533500507415877,0.04628040642344522,-0.03704884517245166,0.2751341917212764
2017-03-10,9723.099609375,9820.400390625,9644.5,9779.25,9779.25,1312500,0.010200919373999362,-0.02083143680035049,0.06836182880865249,-0.0504845216572396,0.2661600232143093
2017-03-17,9970.2001953125,10088.4501953125,9873.400390625,10009.400390625,10009.400390625,1201800,0.02353456457550429,0.033644594406256,0.11373338792455989,-0.010728438329118184,0.2886920813142826
2017-03-24,10039.849609375,10042.9501953125,9789.400390625,9878.349609375,9878.349609375,1415800,-0.01309277040937884,0.011944539593310655,0.08057533944540163,-0.03389753292846298,0.2362230841128805
2017-03-31,9873.5498046875,9929.9501953125,9795.349609375,9880.2001953125,9880.2001953125,1905600,0.00018733756251587685,0.020629119912452865,0.039293524989188366,-0.014866402668042067,0.2304033518627724
2017-04-07,9934.650390625,10072.7998046875,9902.849609375,9993.75,9993.75,1075300,0.011492662339106507,0.02193419740777669,0.04093970196875896,-0.0338882100583211,0.27776076222145285
2017-04-14,10037.349609375,10060.5,9898.0498046875,9907.400390625,9907.400390625,1160500,-0.008640361163226973,-0.010190420606566497,0.03191338304603697,-0.030914202020802195,0.17954375652690735
2017-04-21,9881.7998046875,9971.900390625,9784.0,9858.7998046875,9858.7998046875,1426200,-0.00490548317634254,-0.00197905575936963,-0.015581842041983318,-0.024035777904141464,0.17347101034356016
2017-04-28,9887.9501953125,10292.349609375,9870.7001953125,10255.150390625,10255.150390625,1697100,0.040202721810929765,0.037949655664911486,0.028074985936661356,0.019733132285777,0.23720738440730527
2017-05-05,10301.599609375,10352.4501953125,10091.0498046875,10107.9501953125,10107.9501953125,1242500,-0.014353782217281452,0.011427161507191919,0.012080381382801209,0.02403061523313821,0.2331581148940678
2017-05-12,10166.849609375,10461.150390625,10122.099609375,10429.2001953125,10429.2001953125,1466400,0.03178191362171301,0.05266768113876363,0.07699622206763479,0.12041945512547136,0.2780256262094616
2017-05-19,10469.0498046875,10679.5498046875,10287.9501953125,10409.7998046875,10409.7998046875,1360200,-0.0018601992733555672,0.05588915597393718,0.06638664221963264,0.15872373840992005,0.2882219849255947
2017-05-26,10460.0498046875,10759.400390625,10296.349609375,10711.5498046875,10711.5498046875,2372000,0.02898710884565925,0.04450440965543789,0.1065079081336191,0.2199386506479164,0.2761035692908014
2017-06-02,10719.900390625,10992.7001953125,10611.900390625,10942.2001953125,10942.2001953125,1761800,0.02153286824321765,0.08253404338961601,0.11892018256129044,0.23102365417644788,0.25064436326685136
2017-06-09,10954.2998046875,11054.25,10792.7001953125,11047.4501953125,11047.4501953125,1355500,0.009618723668123774,0.05928067238347556,0.10370749137578295,0.1940220732704232,0.27153188122631255
2017-06-16,11019.4501953125,11056.4501953125,10820.5498046875,10869.2001953125,10869.2001953125,1281300,-0.016134944883085534,0.04413152983193136,0.1003052761968597,0.187436521037035,0.25290482647138113
2017-06-23,10917.4501953125,10962.400390625,10623.5498046875,10637.4501953125,10637.4501953125,1269100,-0.021321716026533877,-0.006917729994829758,0.07664318384553237,0.1836156994978999,0.23237732228659747
2017-06-30,10679.349609375,10679.9501953125,10468.75,10540.25,10540.25,1081500,-0.009137546454067724,-0.036733946385361316,0.05468417761100697,0.15297946235676974,0.18498349751644816
2017-07-07,10555.4501953125,10784.650390625,10508.25,10729.0,10729.0,2091300,0.017907544887455273,-0.0288256737692848,0.08292786977222089,0.12857836978841908,0.20951468350149383
2017-07-14,10797.400390625,10958.650390625,10573.4501953125,10892.25,10892.25,1244400,0.015215770342063673,0.0021206532470936512,0.10482515273523774,0.13452662601818277,0.18336780240790884
2017-07-21,10923.0498046875,11055.25,10867.7001953125,10955.400390625,10955.400390625,1440600,0.005797736062337799,0.029889700019710252,0.06828276264384692,0.14106867936933654,0.17920460584737108
2017-07-28,10965.9501953125,11109.2001953125,10866.7998046875,10934.849609375,10934.849609375,1501200,-0.0018758585279626816,0.037437405125589907,0.08180683502437214,0.0918635861629693,0.15457958476616684
2017-08-04,10956.4501953125,11201.0,10943.0498046875,11137.5498046875,11137.5498046875,1547900,0.018537081217716578,0.03807901991681417,0.0679198400749248,0.11653519672324708,0.14364407366026444
2017-08-11,11133.2001953125,11247.099609375,10366.7998046875,10457.75,10457.75,2525800,-0.061036746556355714,-0.03989074800890546,0.004606255279847815,0.04710484360264178,0.08725372979154744
2017-08-18,10538.5498046875,10810.150390625,10538.5498046875,10676.349609375,10676.349609375,1131100,0.02090312059238353,-0.025471527402028626,-0.003286190696428992,0.10251869553124515,0.10767177902455716
2017-08-25,10699.150390625,10752.0,10468.099609375,10571.4501953125,10571.4501953125,995900,-0.009825400806506623,-0.0332331423882537,-0.03388258242239295,0.08294621305734107,0.10830430285804038
2017-09-01,10614.650390625,10839.2998046875,10486.400390625,10823.599609375,10823.599609375,1720700,0.0238519228113383,-0.028188443671907648,-0.020262647215416374,0.11808270330819681,0.07665903034333543
2017-09-08,10866.900390625,10892.4501953125,10676.400390625,10779.0,10779.0,1892400,-0.0041205893588645015,0.03071884487580978,-0.008298696655840376,0.10223176623974228,0.0465861227657145
2017-09-15,10842.7001953125,11025.75,10829.400390625,10971.4501953125,10971.4501953125,1602300,0.017854178988078617,0.0276405884721469,0.03139850188414339,0.09611462896304701,0.08435503076457262
2017-09-22,11059.650390625,11218.400390625,10909.0,10927.0498046875,10927.0498046875,1777100,-0.004046902627691806,0.033637732080758154,0.03669740325775006,0.10616147805876763,0.06866533293207322
2017-09-29,10949.2998046875,10949.2998046875,10560.2998046875,10811.25,10811.25,1908000,-0.010597536092296744,-0.0011409891182877496,0.007666138503122477,0.09423390075934113,0.07796657897763026
2017-10-06,11059.650390625,11069.2001953125,10876.9501953125,11007.0,11007.0,1368400,0.018106139438085256,0.02115224046757591,0.010535013426977935,0.10138836772983106,0.06406428736841119
2017-10-13,11012.849609375,11117.150390625,10912.4501953125,11078.2998046875,11078.2998046875,1373000,0.0064776782672391064,0.009738877493209674,0.01121815813940219,0.11818432362645592,0.08361654754937353
2017-10-20,11135.7998046875,11245.9501953125,11062.849609375,11107.7001953125,11107.7001953125,865900,0.0026538720871736032,0.016532402968228777,0.015807312593426603,0.1266787454220537,0.09959814532777234
2017-10-27,11130.5,11364.849609375,11033.7998046875,11317.900390625,11317.900390625,1524100,0.018923826860325788,0.04686325731298413,0.016193021723826195,0.10363085469439226,0.1254089483447418
2017-11-03,11365.75,11459.2001953125,11250.0,11313.650390625,11313.650390625,1523700,-0.0003755113451537895,0.027859579415371982,0.08184364615954665,0.11928236408125903,0.14617940790973338
2017-11-10,11313.349609375,11518.75,11093.7001953125,11185.5,11185.5,2934200,-0.011327059454761979,0.009676592726542754,0.04768955769094618,0.07251752680204815,0.20166950299206898
2017-11-17,11212.099609375,11281.2001953125,11072.2998046875,11252.099609375,11252.099609375,1704300,0.005954102129989813,0.01299993801808208,0.06438562368333423,0.08091412135593767,0.252480851597626
2017-11-24,11267.4501953125,11410.599609375,11248.5498046875,11371.9501953125,11371.9501953125,1821800,0.010651397525635486,0.004775603497294556,0.05066249729549677,0.06165311301040677,0.29515166614207566
2017-12-01,11363.400390625,11457.2998046875,11160.5498046875,11188.2001953125,11188.2001953125,1971500,-0.016158178398964607,-0.01108839242694415,0.03796272337995177,0.022481767433334188,0.25869924167457614
2017-12-08,11282.0498046875,11391.75,11003.9501953125,11357.150390625,11357.150390625,1697900,0.015100748320832302,0.015345795058334444,0.03515489643085545,0.028033635801671952,0.22749485321164342
2017-12-15,11426.5498046875,11474.099609375,11215.5,11448.400390625,11448.400390625,1454300,0.00803458586542316,0.01744570240797083,0.04771192547450909,0.05328820749499941,0.25071288475719666
2017-12-22,11383.849609375,12108.7998046875,11196.2001953125,11931.2001953125,11931.2001953125,2101400,0.042171813372535505,0.04917802051494413,0.10359118467452877,0.12162219105571981,0.3275696342387828
2017-12-29,11958.7998046875,12030.099609375,11831.7998046875,12009.7001953125,12009.7001953125,1149700,0.006579388386328544,0.07342557209015466,0.09109659265126746,0.1394132203043097,0.31372004214865856
2018-01-05,12029.4501953125,12052.349609375,11803.5,11929.599609375,11929.599609375,2064200,-0.00666965741316039,0.05040430029195875,0.076843903820629,0.11190228440441796,0.2548688674971571
2018-01-12,11973.7001953125,12024.650390625,11809.0498046875,11908.400390625,11908.400390625,1604100,-0.001777026844500318,0.040180285830734075,0.07208514645096376,0.09329113733388428,0.2403679052949934
2018-01-19,11942.7001953125,11944.849609375,11514.9501953125,11677.5498046875,11677.5498046875,1527000,-0.01938552436641605,-0.021259419544787606,0.031777043590206056,0.0659172087111004,0.21628474166102496
2018-01-26,11683.150390625,11766.2001953125,11497.5498046875,11507.75,11507.75,1507700,-0.014540704816291217,-0.04179539764934481,0.01715623186799542,0.052392160028778445,0.1490686778988155
2018-02-02,11593.5498046875,11741.349609375,11278.849609375,11301.9501953125,11301.9501953125,2290900,-0.01788358321022787,-0.05261278120090929,0.010410817157257224,0.01476091182602901,0.133016274312737
2018-02-09,11149.75,11426.650390625,10797.650390625,11234.75,11234.75,2865300,-0.005945893775073596,-0.05656934336498609,-0.0015418997322548256,0.07429896488250343,0.12490364960577383
2018-02-16,11338.900390625,11409.349609375,11093.150390625,11114.5498046875,11114.5498046875,1786500,-0.010698964846792336,-0.048212168598416594,-0.022634674458132942,0.04104400954870502,0.14777048339825538
2018-02-23,11148.7001953125,11155.0498046875,10823.0498046875,10927.0,10927.0,1816100,-0.016874260134981056,-0.05046599031087751,-0.023346042326086947,0.03363302083617192,0.11936896560555232
2018-03-02,10993.900390625,11263.0,10985.900390625,11146.7001953125,11146.7001953125,1618200,0.020106176929852726,-0.013736567346084194,-0.018530193585022947,0.029851490964026617,0.15145913902303598
2018-03-09,11121.25,11121.25,10755.349609375,10888.349609375,10888.349609375,2311700,-0.023177315385780606,-0.030832941598611496,-0.04891956623989335,0.010144689616383706,0.11341356539356284
2018-03-16,10967.599609375,11114.400390625,10837.599609375,10861.400390625,10861.400390625,1897000,-0.002475050831100778,-0.022776398370695672,-0.08966405618671958,-0.010030561386909276,0.08511998389014397
2018-03-23,10887.7998046875,10938.0498046875,10560.150390625,10637.7001953125,10637.7001953125,1849500,-0.020595888860297062,-0.02647568451427651,-0.11424098667637883,-0.02648012176634118,0.0768701874265354
2018-03-30,10630.650390625,10911.7001953125,10569.25,10821.349609375,10821.349609375,1203500,0.01726401484255269,-0.02918806285597586,-0.09289917820285187,0.0009341759162908581,0.0952561077162195
2018-04-06,10939.900390625,11462.2001953125,10905.0498046875,11444.150390625,11444.150390625,2646600,0.057552967396085286,0.05104545695074392,-0.038985084878862875,0.03971567099345874,0.14513074577861174
2018-04-13,11446.150390625,11536.4501953125,11322.599609375,11465.2998046875,11465.2998046875,1893700,0.0018480545379606639,0.05560051119961984,-0.018175901927200533,0.03493315823031362,0.15724603353435485
2018-04-20,11399.0498046875,11568.650390625,11384.25,11440.099609375,11440.099609375,2002400,-0.00219795345449203,0.07542978269081857,-0.00587868094327737,0.029925133755660305,0.1603947575784681
2018-04-27,11461.4501953125,11699.0,11426.7998046875,11581.7998046875,11581.7998046875,2255900,0.012386272860454683,0.0702731380800865,0.024761178782319204,0.02331699387291808,0.12936420857126474
2018-05-04,11624.5498046875,11760.849609375,11314.849609375,11323.7001953125,11323.7001953125,1306500,-0.02228493098892448,-0.010525044778437409,0.007917416525734966,0.0008882901928652931,0.12027661162831982
2018-05-11,11382.5498046875,11517.5,11307.9501953125,11373.2001953125,11373.2001953125,1956400,0.00437136264173521,-0.008032900224496986,0.023271333087725665,0.016780670985874657,0.09051509054589713
2018-05-18,11402.599609375,11404.349609375,10937.2001953125,10962.75,10962.75,2147300,-0.0360892438595839,-0.04172600114284131,0.0032717122723529,-0.02571516600634427,0.053118235286667925
2018-05-25,10950.7998046875,10955.5,10652.650390625,10883.0,10883.0,4009600,-0.007274634557934867,-0.06033602863733445,-0.023657243012904727,-0.042996160457512755,0.016006105413193472
2018-06-01,10913.599609375,11150.0,10902.150390625,11076.5498046875,11076.5498046875,2819900,0.017784600265322137,-0.021825939080170054,0.017284547435036268,-0.009979298607096565,0.012278116555805019
2018-06-08,11144.2001953125,11260.849609375,10950.349609375,11226.099609375,11226.099609375,2263100,0.013501479009665251,-0.012933966114315631,0.03357755037414778,-0.011539054845851049,0.01617109929477678
2018-06-15,11259.0498046875,11310.849609375,11128.349609375,11173.0498046875,11173.0498046875,1639800,-0.004725577585575458,0.019183125099769605,0.05032569066111692,-0.024051446188323555,0.027955102851637603
2018-06-22,11184.0,11262.400390625,10986.650390625,11088.5,11088.5,1712600,-0.007567298648577414,0.01888266103096581,0.024687344949428036,-0.07062996023179446,0.04240206030635618
2018-06-29,11087.150390625,11087.150390625,10610.5498046875,10709.0498046875,10709.0498046875,2636600,-0.034220155594760326,-0.033178201378598726,-0.06423374045658214,-0.10829998829884668,0.01601478187780181
2018-07-06,10793.25,11123.349609375,10646.2001953125,11067.849609375,11067.849609375,2554600,0.033504354842989637,-0.014096614630770277,-0.03466548647511214,-0.07223628857776454,0.03158259011790476
2018-07-13,11166.4501953125,11253.25,10967.0498046875,11003.0498046875,11003.0498046875,2098200,-0.005854778206654698,-0.015215183228546869,-0.038203321615254415,-0.0760262131134124,0.010172352331933254
2018-07-20,10995.9501953125,11026.25,10700.150390625,10752.7001953125,10752.7001953125,5292000,-0.022752747085480474,-0.03028360956734455,-0.07158642208954769,-0.07919894368626501,-0.01850230827583077
2018-07-27,10788.9501953125,10929.7001953125,10600.0,10874.7998046875,10874.7998046875,2946900,0.011355250974841358,0.015477563651580928,-0.039642553483606346,-0.05500208079880953,-0.005491598589158153
2018-08-03,10906.25,11000.400390625,10698.25,10775.2998046875,10775.2998046875,3977500,-0.00914959372007118,-0.02643239789233276,-0.05257098972648233,-0.04659818717334541,-0.0325251070794349
2018-08-10,10811.900390625,10901.5498046875,10769.4501953125,10839.4501953125,10839.4501953125,3255400,0.0059534668907395005,-0.01486856937658354,-0.011247160127477174,-0.03518545625737113,0.036499265646291024
2018-08-17,10802.2998046875,10936.5,10707.5,10878.7001953125,10878.7001953125,1891400,0.00362103236721123,0.011717986897368249,-0.0003950936954424389,-0.021219897658430686,0.018953162208159124
2018-08-24,10934.9501953125,11074.0,10895.150390625,10903.0,10903.0,2329300,0.0022337047856113568,0.002593169145085783,-0.015668218691532898,-0.0021963942527684077,0.03136275520973575
2018-08-31,10966.650390625,11105.5,10956.099609375,11009.25,11009.25,2085000,0.009745024305237049,0.021711711001370704,-0.019316558459351874,-0.01233102110078299,0.017152370498276337
2018-09-07,11083.7001953125,11103.5,10636.650390625,11036.650390625,11036.650390625,2874900,0.002488851704248729,0.018192822676354803,-0.012207894571925726,0.013620134048810462,0.023902995697652862
2018-09-14,11019.25,11023.25,10529.650390625,10826.7001953125,10826.7001953125,1901700,-0.019022999540770136,-0.004779982816550676,-0.023610028830545193,-0.0031948178010684503,-0.013193333371904092
2018-09-21,10772.25,10791.150390625,9934.849609375,10407.400390625,10407.400390625,1787900,-0.038728310299849134,-0.04545534342612123,-0.028167710447145722,-0.021649397939319748,-0.0475562410120598
2018-09-28,10413.4501953125,10419.849609375,9456.599609375,9590.25,9590.25,3020800,-0.07851628264067656,-0.1288916138701547,-0.1335037664519223,-0.11376581053332258,-0.11293791189732916
2018-10-05,9589.650390625,9679.849609375,8837.349609375,8915.099609375,8915.099609375,2348300,-0.07039966535022546,-0.1922277780088183,-0.1897610419270297,-0.22099069786096026,-0.19005182071636229
2018-10-12,8907.0,9123.5498046875,8599.4501953125,9084.4501953125,9084.4501953125,4909300,0.018995927511501254,-0.1609216075600135,-0.1551470765201146,-0.20765698672804067,-0.17997794287272795
2018-10-19,9148.099609375,9216.5498046875,8614.5,8690.25,8690.25,2092200,-0.043392851172865066,-0.16499320927172278,-0.20088184094624584,-0.24036937642759137,-0.21763732841229144
2018-10-26,8774.2998046875,8791.0498046875,8497.7001953125,8578.0498046875,8578.0498046875,2729800,-0.012911043446678705,-0.10554471419540679,-0.2039154399253138,-0.2593508824754761,-0.2420811715401746
2018-11-02,8615.25,9225.349609375,8574.150390625,9180.2001953125,9180.2001953125,3387600,0.07019665359088423,0.029736132803129145,-0.15307510714127726,-0.18929324894059918,-0.1885731060843433
2018-11-09,9199.900390625,9345.349609375,9093.7001953125,9277.75,9277.75,1983300,0.010626108648187138,0.021278096145789904,-0.14716373891821466,-0.18424455380431504,-0.17055563005676988
2018-11-16,9291.0,9326.7001953125,8961.599609375,9112.349609375,9112.349609375,4295300,-0.017827640389641908,0.04857163020338895,-0.16423465015362748,-0.16878980097375207,-0.19016450922787853
2018-11-23,9159.2001953125,9238.349609375,9043.400390625,9062.650390625,9062.650390625,2435000,-0.005454050917764186,0.05649309539712499,-0.17681491558235118,-0.1672654239984379,-0.20306981344671993
2018-11-30,9089.400390625,9292.5,9006.0498046875,9270.2001953125,9270.2001953125,2925600,0.022901667364571665,0.009803707771640413,-0.16005310785353843,-0.16307872408162405,-0.17143061140464588
2018-12-07,9311.650390625,9311.650390625,8771.9501953125,8869.7998046875,8869.7998046875,3291200,-0.04319220536655333,-0.043970811383417296,-0.18074762903957153,-0.20989478863342137,-0.21901185600137307
2018-12-14,8720.2998046875,9314.400390625,8650.9501953125,9271.5,9271.5,2910800,0.045288530086125434,0.017465351687259822,-0.10914352748917211,-0.1701907570383988,-0.19014886939206332
2018-12-21,9304.650390625,9579.599609375,9278.2998046875,9337.25,9337.25,2876400,0.007091624871919278,0.030300143726063267,-0.026380959828993022,-0.1579338954772963,-0.21740899095227695
2018-12-28,9345.349609375,9345.849609375,9058.7001953125,9223.7998046875,9223.7998046875,1644700,-0.012150279291279542,-0.0050053277866062285,0.03462666810675619,-0.1386911095837733,-0.23197085233754322
2019-01-04,9285.7998046875,9304.2001953125,8754.0498046875,8809.349609375,8809.349609375,2693800,-0.044932696295281516,-0.006815282942525203,-0.030282579575310997,-0.20405951288739432,-0.261555299605187
2019-01-11,8891.900390625,8964.150390625,8781.7998046875,8862.349609375,8862.349609375,3293600,0.006016335183655075,-0.04412990245645254,0.0198037581628836,-0.1945551672773964,-0.2557900877810618
2019-01-18,8859.099609375,8920.7998046875,8752.099609375,8844.7998046875,8844.7998046875,1834800,-0.0019802654443845658,-0.052740388798896864,0.031096811754838916,-0.1774345379272012,-0.24258085363617132
2019-01-25,8859.650390625,8867.2001953125,8241.099609375,8259.7998046875,8259.7998046875,2688400,-0.0661405586240591,-0.1045122422876198,-0.10025929402879097,-0.2404641967636797,-0.2822402463828724
2019-02-01,8259.5498046875,8657.7998046875,8059.4501953125,8441.25,8441.25,3565000,0.02196786842333953,-0.041785106244763504,-0.09016194659265442,-0.21661112423731688,-0.253115625699623
2019-02-08,8444.75,8756.25,8325.75,8420.349609375,8420.349609375,4061000,-0.002475982896490425,-0.049873906975237414,-0.07594089665831671,-0.22317558015845085,-0.25050850180244333
2019-02-15,8364.5498046875,8365.900390625,8057.14990234375,8132.5498046875,8132.5498046875,3157500,-0.03417908020910099,-0.08052754338459156,-0.1026300856645267,-0.2524336861317571,-0.26829696680493154
2019-02-22,8156.89990234375,8289.25,8035.5498046875,8278.9501953125,8278.9501953125,3042400,0.018001782238163067,0.002318505421176509,-0.10692865085062864,-0.24067227411606895,-0.24234005716916807
2019-03-01,8309.900390625,8533.150390625,8234.5498046875,8413.650390625,8413.650390625,4636400,0.016270202397010047,-0.003269611654079685,-0.05142725023189754,-0.2357653436314917,-0.24518913730512137
2019-03-08,8417.349609375,8706.7998046875,8376.7001953125,8582.599609375,8582.599609375,3665800,0.02008037069596491,0.019268796133993682,-0.0743030136035161,-0.22235467233197626,-0.21176303872670676
2019-03-15,8610.0,8872.150390625,8607.849609375,8748.0498046875,8748.0498046875,3423100,0.019277398788564604,0.07568352051717331,-0.06310211200433746,-0.19199297598773146,-0.19457441121143415
2019-03-22,8764.5,8766.5,8319.4501953125,8336.599609375,8336.599609375,1910200,-0.04703336223486421,0.00696337249318657,-0.09618597693996223,-0.19897387469741057,-0.21631560804387773
2019-03-29,8281.5,8334.599609375,8194.599609375,8234.25,8234.25,2148100,-0.01227714106119504,-0.021322539242288774,-0.06528286818847251,-0.1413936028779229,-0.23907365557561178
2019-04-05,8407.5,8604.150390625,8394.7001953125,8564.599609375,8564.599609375,5640300,0.040118967650362825,-0.0020972666580342247,-0.03359718507211973,-0.03931532067588106,-0.2516176983840509
2019-04-12,8590.25,8785.75,8482.900390625,8777.4501953125,8777.4501953125,4381100,0.02485236854557793,0.003360793694755504,-0.00761459963619604,-0.03379400991800352,-0.23443343437701414
2019-04-19,8805.400390625,9059.349609375,8804.0,8972.650390625,8972.650390625,3040200,0.022238826876710194,0.07629618922020964,0.08630361543786469,0.032496233206754654,-0.2156842425329899
2019-04-26,8937.900390625,8944.0498046875,8458.5,8493.7998046875,8493.7998046875,3522300,-0.05336779714919271,0.03152075837963375,0.006225358174144935,-0.009821579720131868,-0.2666252268278886
2019-05-03,8441.599609375,8458.099609375,8213.4501953125,8381.4501953125,8381.4501953125,2655900,-0.013227249518289463,-0.021384468908741572,-0.004619691089689515,-0.0870079064733087,-0.25983114611405544
2019-05-10,8303.650390625,8323.7001953125,8049.7998046875,8093.2001953125,8093.2001953125,3459400,-0.034391423116874154,-0.0779554409053117,-0.004838532848863597,-0.12767640911724287,-0.28839727989241426
2019-05-17,8081.85009765625,8115.7998046875,7821.75,8085.75,8085.75,3116300,-0.0009205499842713794,-0.09884486211027133,-0.023336315686726672,-0.11266025266620694,-0.26243415201477727
2019-05-24,8282.2998046875,8475.7001953125,8154.0,8460.25,8460.25,4780300,0.04631604984076931,-0.0039499170523167315,0.005538572107408157,-0.06647066417216785,-0.22261784434439036
2019-05-31,8466.349609375,8517.599609375,8151.75,8175.5,8175.5,4153900,-0.03365739783103339,-0.02457214330614077,-0.04743313540227534,-0.11808808572074181,-0.2619091554537859
2019-06-07,8145.4501953125,8358.0,8107.2998046875,8192.0,8192.0,2779600,0.0020182251850040522,0.012207754942812787,-0.0635627159312182,-0.07641658432124898,-0.2702719301404738
2019-06-14,8239.25,8261.099609375,8013.75,8031.60009765625,8031.60009765625,2663600,-0.019580066204071045,-0.006696954808613875,-0.03658560156538648,-0.13373239522663538,-0.28116313468085485
2019-06-21,8037.7998046875,8043.7998046875,7722.64990234375,7868.25,7868.25,3702100,-0.02033842517930118,-0.06997429153984813,-0.04444849257673744,-0.15732683605986775,-0.2904134914551112
2019-06-28,7855.64990234375,8021.25,7761.75,7928.0498046875,7928.0498046875,3294400,0.00760014039811896,-0.0302672858311418,-0.07432335820938063,-0.14047898126989977,-0.2596869050681525
2019-07-05,7981.85009765625,8099.0498046875,7810.5,7849.10009765625,7849.10009765625,2679300,-0.00995827586559439,-0.041857898235321045,-0.10576535064272141,-0.10900345136681178,-0.29081977306524964
2019-07-12,7794.25,7794.25,7484.35009765625,7653.64990234375,7653.64990234375,2900700,-0.02490096863089586,-0.047057895153767904,-0.14700232716738826,-0.13638592024767693,-0.3044065019970049
2019-07-19,7659.64990234375,7739.14990234375,7180.0498046875,7192.75,7192.75,3296600,-0.06021962177844198,-0.08585136466177357,-0.15317641510334223,-0.18678204607999827,-0.33107499796789774
2019-07-26,7203.75,7291.85009765625,6968.0498046875,7161.5,7161.5,4275400,-0.004344652601578014,-0.09668831851110138,-0.14555359357677533,-0.13296930078913127,-0.3414591414443243
2019-08-02,7123.5498046875,7127.14990234375,6727.5498046875,6933.75,6933.75,6215800,-0.03180199678838236,-0.11661847680214632,-0.1432622655231044,-0.17858729453576183,-0.35651442412918655
2019-08-09,6859.85009765625,7175.10009765625,6751.0,7137.39990234375,7137.39990234375,5638000,0.029370816995673232,-0.06745147826031483,-0.11728659650078843,-0.15236299756518978,-0.3415348773473488
2019-08-16,7137.25,7137.25,6772.10009765625,6998.4501953125,6998.4501953125,2975500,-0.019467832674700203,-0.02701328486149246,-0.17278446909813538,-0.13945191073054597,-0.3566832369984746
2019-08-23,7019.14990234375,7094.25,6801.0,6988.35009765625,6988.35009765625,5313900,-0.0014431906171190612,-0.024177882055958944,-0.14520823219910095,-0.15588934191040082,-0.3590433735984362
2019-08-30,7202.7001953125,7202.7001953125,6871.0498046875,7009.2998046875,7009.2998046875,6530500,0.0029978044514793467,0.01089595164052648,-0.1443725824356079,-0.16691335160566123,-0.3633263115391603
2019-09-06,6921.75,7119.14990234375,6744.75,7102.4501953125,7102.4501953125,5233300,0.013289542924487918,-0.004896700130221587,-0.11568677362495805,-0.17245933416790105,-0.35646686776038283
2019-09-13,7023.89990234375,7459.14990234375,6992.85009765625,7360.60009765625,7360.60009765625,5959500,0.03634659803938156,0.05174715719007539,-0.06451878147539158,-0.15860102971610968,-0.3201437220139266
2019-09-20,7286.75,7778.14990234375,6886.85009765625,7605.85009765625,7605.85009765625,7175900,0.03331929418065949,0.08836134300242016,-0.04064047463989795,-0.08765558452597133,-0.26918828793138294
2019-09-27,7714.0,7939.25,7437.64990234375,7554.25,7554.25,7147600,-0.006784264348327129,0.07774673797631859,-0.03756482832271335,-0.08258189877645206,-0.2122989494538724
2019-10-04,7568.25,7593.7001953125,7353.7998046875,7404.89990234375,7404.89990234375,4634900,-0.019770340888407234,0.042583854685930955,-0.03250083335061171,-0.13540617891370155,-0.16939796224409476
2019-10-11,7385.85009765625,7473.2998046875,7296.5,7397.0498046875,7397.0498046875,3967600,-0.001060122048883505,0.004952002085109264,0.028403573693997375,-0.15726667311221976,-0.18574601151929748
2019-10-18,7401.5,8007.14990234375,7397.7998046875,7964.75,7964.75,6568100,0.07674683965933937,0.04718734891374532,0.1121622565105076,-0.11233028667628642,-0.08348436466154596
2019-10-25,7961.14990234375,8103.10009765625,7879.39990234375,7986.35009765625,7986.35009765625,4096600,0.00271196178866262,0.05719960256229939,0.15180819868848028,-0.05974354455013198,-0.06897834828470151
2019-11-01,8133.25,8501.150390625,8128.5,8392.900390625,8392.900390625,7352400,0.05090564375434292,0.13342523211806467,0.17590446177311336,0.0013661353400278298,-0.0857606357091758
2019-11-08,8377.099609375,8417.7998046875,8157.39990234375,8169.64990234375,8169.64990234375,4747700,-0.0265999211107788,0.10444705903786855,0.16735129555050765,0.009446165322282374,-0.11943629626323726
2019-11-15,8134.10009765625,8297.150390625,8115.9501953125,8153.89990234375,8153.89990234375,4512400,-0.0019278671899369826,0.02374837908832661,0.16678469000549945,0.008428395924156673,-0.10518140195643666
2019-11-22,8179.14990234375,8188.85009765625,7973.35009765625,8034.9501953125,8034.9501953125,3533800,-0.014588075455409855,0.006085395338543131,0.14632708247678194,-0.05027035899500609,-0.1133995190166025
2019-11-29,8045.0,8247.650390625,8024.10009765625,8086.0,8086.0,3886800,0.006353468714377586,-0.03656666662788144,0.1384803522221989,-0.010947342670173055,-0.12774267765126512
2019-12-06,8070.7001953125,8087.35009765625,7781.0498046875,7806.60009765625,7806.60009765625,3805800,-0.03455353726734478,-0.04443884487428851,0.06059288564556242,-0.047045886516571045,-0.11986738488385851
2019-12-13,7853.75,8090.75,7773.60009765625,8069.7001953125,8069.7001953125,4614000,0.03370226402851606,-0.010326311095264717,0.06098596365962905,0.004743774240872467,-0.1296230172774092
2019-12-20,8087.75,8219.599609375,7981.9501953125,8133.5498046875,8133.5498046875,4660000,0.007912265366697202,0.012271340453674728,0.07668528373928574,0.03371776502875479,-0.128913780322097
2019-12-27,8137.85009765625,8228.4501953125,8120.4501953125,8205.900390625,8205.900390625,2119600,0.008895327092704797,0.014828146255874364,0.10817168345891104,0.03504652377098072,-0.11035575745531767
2020-01-03,8232.0498046875,8337.900390625,8136.7998046875,8168.14990234375,8168.14990234375,4134700,-0.00460040781440374,0.046313350263201825,0.1042442754904267,0.04064794698984264,-0.07278627088983713
2020-01-10,8132.64990234375,8246.7001953125,7900.7998046875,8225.5,8225.5,3921700,0.007021185744864322,0.01930676492517036,0.03273800182052167,0.07471599889630887,-0.07186013161806559
2020-01-17,8244.25,8463.25,8192.0498046875,8427.599609375,8427.599609375,3574800,0.024569887468846918,0.036152702294640626,0.055250459386728235,0.1716797621737165,-0.04716898115561596
2020-01-24,8436.900390625,8459.4501953125,8145.7998046875,8274.849609375,8274.849609375,1950000,-0.018124971175668803,0.00840239528483333,-0.014065552521255298,0.15546318639600631,0.0018220544133478178
2020-01-31,8243.349609375,8347.900390625,8072.9501953125,8086.5498046875,8086.5498046875,4830600,-0.022755676970148908,-0.009990034295628614,-0.010171806460446908,0.1662592110600325,-0.042019866170590836
2020-02-07,7826.0,8212.2001953125,7816.35009765625,8064.60009765625,8064.60009765625,6181100,-0.002714347597108313,-0.019561109032125712,-0.01095179064705365,0.12990727828043225,-0.042248781609099395
2020-02-14,8065.39990234375,8067.35009765625,7807.2998046875,7822.2001953125,7822.2001953125,4599900,-0.030057274930990863,-0.07183533178166701,-0.02647807327096019,0.1177046313127641,-0.03816141515618121
2020-02-21,7833.14990234375,7833.60009765625,7606.25,7697.89990234375,7697.89990234375,3828200,-0.015890707200671983,-0.06972328613411827,-0.04799654930203434,0.10153323671140457,-0.07018405465196997
2020-02-28,7644.0498046875,7644.0498046875,6883.35009765625,6903.9501953125,6903.9501953125,6402300,-0.10313848154735283,-0.14624279055197154,-0.11562650719290068,-0.0150299762188153,-0.17943462411924072
2020-03-06,6993.2001953125,7047.60009765625,6661.9501953125,6895.0,6895.0,8190100,-0.0012963875838178929,-0.14502890205258434,-0.1455692487801289,-0.02920825765866175,-0.19663035515854543
2020-03-13,6703.4501953125,6758.7001953125,5265.7998046875,6182.0,6182.0,7915700,-0.10340826686004356,-0.2096852745210228,-0.2399382620811874,-0.1601228272177887,-0.29332821165610234
2020-03-20,5970.14990234375,6041.35009765625,5042.89990234375,5370.14990234375,5370.14990234375,8244700,-0.13132482977292947,-0.30238766800426686,-0.34557456869949477,-0.2939448144003566,-0.35583449440168646
2020-03-27,4908.14990234375,5284.75,4452.2001953125,4938.7001953125,4938.7001953125,7991200,-0.08034220922640312,-0.2846558773460336,-0.3953710137107791,-0.3462355369080319,-0.40022464762273435
2020-04-03,4834.14990234375,4848.0,4511.10009765625,4517.75,4517.75,4194500,-0.08523501704194136,-0.34477882523567804,-0.45076287155796,-0.38989722216635614,-0.47250890805744483
2020-04-10,4665.10009765625,5607.35009765625,4656.5,5568.4501953125,5568.4501953125,5859000,0.23257156666758894,-0.09924778464695894,-0.3392602338252918,-0.24720661042679737,-0.36559592234584604
2020-04-17,5554.39990234375,5702.64990234375,5235.64990234375,5668.89990234375,5668.89990234375,7401100,0.018039077931559566,0.055631594170139076,-0.3149241170593404,-0.2882513698052356,-0.3682022974764677
2020-04-24,5724.89990234375,5728.4501953125,5243.60009765625,5377.25,5377.25,7178900,-0.0514473544017191,0.08879862865612775,-0.3350377936356752,-0.3266949314458355,-0.3669205628048309
2020-05-01,5458.64990234375,5926.5,5399.2998046875,5901.39990234375,5901.39990234375,7422800,0.09747545722139561,0.30626969229013334,-0.26823403133667767,-0.2968581029585785,-0.29589751596397595
2020-05-08,5647.85009765625,5652.7998046875,5351.2001953125,5447.75,5447.75,7025800,-0.07687157451634186,-0.02167572503640325,-0.3035527263461505,-0.333172159747369,-0.3268731937268422
2020-05-15,5517.60009765625,6033.9501953125,5502.7998046875,5745.7001953125,5745.7001953125,8795800,0.05469234001422607,0.013547653740895615,-0.2536015967727602,-0.29534330024569455,-0.2894041745895557
2020-05-22,5747.5,5789.25,5411.9501953125,5767.0,5767.0,6321100,0.0037070859883843177,0.0724812869031568,-0.1646811119936008,-0.282260641346053,-0.31834165657043234
2020-05-29,5817.2001953125,6246.9501953125,5775.39990234375,6218.7998046875,6218.7998046875,8321600,0.07834225848578114,0.053783832242531915,-0.09807109431653371,-0.23091765957364585,-0.2393370674958718
2020-06-05,6299.0498046875,6645.14990234375,6294.0498046875,6628.75,6628.75,12373800,0.065921111498636,0.21678674682208254,0.07226625687479782,-0.1508787542492246,-0.190826416015625
2020-06-12,6707.9501953125,6743.14990234375,6074.14990234375,6559.39990234375,6559.39990234375,10971800,-0.010462017372242172,0.14161889402010375,0.22145564306891385,-0.1871569273225352,-0.18330098329249633
2020-06-19,6530.75,6664.75,6355.75,6634.5,6634.5,10475000,0.011449232974714008,0.1504248309346281,0.3433696595507145,-0.1843044968905917,-0.15680106758173673
2020-06-26,6656.2998046875,6935.75,6636.5,6731.4501953125,6731.4501953125,8762300,0.014613037201371526,0.08243558350898894,0.4900005966050578,-0.17968170768889857,-0.15093240315764722
2020-07-03,6685.85009765625,6992.2998046875,6605.5,6971.0498046875,6971.0498046875,8755600,0.03559405513270342,0.05163866561380348,0.2518832996936389,-0.14655706763079324,-0.11186636455699384
2020-07-10,7029.5,7252.10009765625,6993.7998046875,7041.10009765625,7041.10009765625,7768100,0.010048743723168663,0.0734366256797947,0.24205758065073213,-0.14399123486034282,-0.08003368490893747
2020-07-17,7094.14990234375,7154.75,6853.75,7137.2998046875,7137.2998046875,5844100,0.01366259614222387,0.07578563639874902,0.32731411124413046,-0.15310407049382713,-0.007709178730318733
2020-07-24,7161.7001953125,7317.5498046875,7105.5498046875,7218.64990234375,7218.64990234375,5527500,0.011397881535370358,0.07237663399344707,0.22320975053340342,-0.12763974656827926,0.007980158115443725
2020-07-31,7233.89990234375,7464.14990234375,7121.9501953125,7279.75,7279.75,5102700,0.008464200159701951,0.0442831716831118,0.33628562250470373,-0.09977058500521763,0.04990084730484945
2020-08-07,7323.64990234375,7598.2998046875,7224.7998046875,7554.4501953125,7554.4501953125,9171700,0.03773483915141318,0.07290765513007358,0.3148006228162805,-0.0632579292421469,0.05843168362078188
2020-08-14,7593.7001953125,7898.89990234375,7577.5,7677.64990234375,7677.64990234375,12383800,0.01630822943378396,0.07570791650105124,0.33130742194273455,-0.01847949289962847,0.09705001651453804
2020-08-21,7757.60009765625,8029.75,7667.75,7934.7001953125,7934.7001953125,9213600,0.033480335289875596,0.09919448964220612,0.2759214711063087,0.030761674738931433,0.1354182438532432
2020-08-28,7972.7001953125,8223.599609375,7932.5,8111.85009765625,8111.85009765625,9872700,0.02232597300253425,0.11430338921752115,0.2237375218036961,0.17495779491049412,0.15729820719487764
2020-09-04,8161.75,8177.0,7799.4501953125,7996.5498046875,7996.5498046875,8940800,-0.014213809621810403,0.05852174518925546,0.21909777170778066,0.15976066782994924,0.12588607942159036
2020-09-11,8039.2998046875,8062.35009765625,7780.2998046875,7956.7998046875,7956.7998046875,6982100,-0.004970893819319255,0.03635876940136784,0.1993066251695681,0.2870915245369621,0.08099879074005001
2020-09-18,7998.4501953125,8221.2998046875,7955.10009765625,8161.7001953125,8161.7001953125,8732300,0.025751608140786697,0.02860851631597905,0.21247278944379122,0.5198272569170563,0.07308191596196933
2020-09-25,8170.10009765625,8176.2998046875,7398.35009765625,7669.5,7669.5,8996700,-0.06030608617493505,-0.05453134517168379,0.1001929716300185,0.5529389711243053,0.015256312671674932
2020-10-02,7750.2998046875,8089.0498046875,7734.14990234375,7966.10009765625,7966.10009765625,5453300,0.038672677183160475,-0.0038078556096030614,0.13137151683270365,0.7632892695824802,0.07578768149652815
2020-10-09,8055.75,8260.400390625,7878.2998046875,8163.5,8163.5,6911800,0.02477999270958553,0.025977805196346626,0.14377989203123165,0.4660272990987695,0.10361565969541009
2020-10-16,8208.900390625,8211.849609375,7909.0,7959.4501953125,7959.4501953125,5993200,-0.02499538245697308,-0.024780376044216568,0.1026231086131808,0.40405551913551063,-0.0006654075379013413
2020-10-23,8025.25,8119.10009765625,7784.35009765625,8094.60009765625,8094.60009765625,5925200,0.016979803758724765,0.05542735480230143,0.1119338023498404,0.5053419680424474,0.013554376990281058
2020-10-30,8111.89990234375,8135.35009765625,7707.89990234375,7758.39990234375,7758.39990234375,8319100,-0.04153388570855343,-0.026073008469176595,0.02699729321900879,0.3146711002015792,-0.07559966861872891
2020-11-06,7821.7998046875,8096.7001953125,7686.85009765625,8006.10009765625,8006.10009765625,5608700,0.031926711490815496,-0.01928093371026518,0.04278004330625107,0.4696159143969987,-0.020019193801753987
2020-11-13,8075.2001953125,8352.099609375,7992.0498046875,8308.900390625,8308.900390625,7698900,0.03782119749631829,0.04390381078309891,0.047159966489163985,0.446107542715791,0.019009368539917526
2020-11-20,8389.2998046875,8807.599609375,8339.349609375,8684.75,8684.75,8186500,0.045234578789640434,0.07290661616682281,0.07062506030643712,0.5059389630657187,0.08087166552277902
2020-11-27,8744.349609375,8972.5498046875,8651.099609375,8891.599609375,8891.599609375,7532300,0.023817566351938657,0.14606100759112972,0.11192949791456686,0.4297935113899056,0.09962894006616363
2020-12-04,8999.75,9408.75,8855.0498046875,9302.2001953125,9302.2001953125,5023100,0.04617848350982623,0.1618890698151123,0.16908812885205426,0.40331136267207235,0.19158149244832834
2020-12-11,9313.0498046875,9456.650390625,9133.650390625,9188.9501953125,9188.9501953125,4320600,-0.012174539100660131,0.10591651883087527,0.1258622560762499,0.4008827533185133,0.13869784166828736
2020-12-18,9248.650390625,9290.9501953125,9052.0498046875,9168.650390625,9168.650390625,5317100,-0.002209153848483747,0.055718401868217304,0.19546911671230194,0.3819655423355188,0.1272630783352373
2020-12-25,9128.349609375,9132.650390625,8540.9501953125,8978.0498046875,8978.0498046875,5838300,-0.02078829247676306,0.009722681981918058,0.12703200997047248,0.33374674760862644,0.09409685437379411
2021-01-01,9035.849609375,9216.650390625,8997.2998046875,9193.5,9193.5,4295500,0.023997438196434517,-0.011685428504030204,0.12617137257303845,0.31881140682972475,0.12553027428671926
2021-01-08,9346.150390625,9767.099609375,9267.5,9741.25,9741.25,7226400,0.059580138141077876,0.06010477725401553,0.2238596587659838,0.3834840955098111,0.18427451218770896
2021-01-15,9789.7998046875,10287.4501953125,9693.7001953125,10178.2998046875,10178.2998046875,15326500,0.044865885249582904,0.1101197418427986,0.2574184866321654,0.42607149527371546,0.20773414453209105
2021-01-22,10162.900390625,10596.900390625,9863.900390625,10367.75,10367.75,10475500,0.018613147475303293,0.1547886484865486,0.3363258056429892,0.4362450236897901,0.25292307285607296
2021-01-29,10649.7998046875,10692.150390625,9776.900390625,9813.150390625,9813.150390625,8710100,-0.0534927645221962,0.06740092354652738,0.22570918061563527,0.3480065099247913,0.21351511183875327
2021-02-05,9919.099609375,10988.349609375,9726.5498046875,10723.9501953125,10723.9501953125,13555200,0.09281421036384341,0.10088029722186587,0.2906581727002553,0.4195540268392608,0.32975597865405826
2021-02-12,10830.099609375,11093.150390625,10818.400390625,10912.25,10912.25,10144200,0.017558810070733788,0.07210931190830983,0.2564840668988744,0.42130080673108394,0.3950358885648606
2021-02-19,11005.5,11034.0498046875,10450.5498046875,10540.349609375,10540.349609375,4261100,-0.034080999851084814,0.01664774028839422,0.1854278276612471,0.32838662456356094,0.36925002183593225
2021-02-26,10559.7998046875,10559.9501953125,10110.5,10169.900390625,10169.900390625,7321900,-0.03514581892241109,0.03635427826937421,0.09327902830448065,0.25370911298809395,0.4730552948556823
2021-03-05,10304.25,10820.400390625,10292.75,10524.400390625,10524.400390625,7645700,0.034857765207493285,-0.0186078638051419,0.14533218342980514,0.3161176566993553,0.5263814924764323
2021-03-12,10597.7998046875,10632.099609375,10313.349609375,10383.900390625,10383.900390625,4572200,-0.013349929191705412,-0.04841802647254234,0.13254404391322416,0.30503476843889543,0.6796991896837592
2021-03-19,10446.75,10450.2001953125,9841.650390625,10186.5,10186.5,4355800,-0.019010235383538632,-0.03357095565978874,0.13460052256354826,0.2480855405409772,0.8968744234782349
2021-03-26,10176.2998046875,10265.0,9605.0498046875,9771.5,9771.5,6120600,-0.04074019535659945,-0.039174463399096915,0.06287050633599822,0.2740726253341157,0.9785570319240042
2021-04-02,9835.849609375,10044.599609375,9749.349609375,10022.599609375,10022.599609375,2873200,0.025697140600214885,-0.047679750163914125,0.02888229019632993,0.2581563734459982,1.2184936327541362
2021-04-09,9988.099609375,10083.2998046875,9688.400390625,9922.9501953125,9922.9501953125,5655500,-0.009942471808340958,-0.04439085295239009,-0.025087648652027505,0.2155264525402707,0.7819949622007218
2021-04-16,9738.349609375,9926.4501953125,9345.2001953125,9808.9501953125,9808.9501953125,6020500,-0.01148851881306956,-0.037063741686300444,-0.05389788572134746,0.2323652959207172,0.7303092953285499
2021-04-23,9476.650390625,9738.099609375,9395.25,9596.9501953125,9596.9501953125,4770900,-0.021612914305682795,-0.017863153526838205,-0.022031680623079697,0.18559905116143383,0.784732008984611
2021-04-30,9630.2001953125,9985.0,9612.7001953125,9640.849609375,9640.849609375,4773600,0.004574308834481844,-0.03808892052745638,-0.1009982857259939,0.24263375576484236,0.6336546868389858
2021-05-07,9539.5498046875,9907.4501953125,9485.5,9819.4501953125,9819.4501953125,3456300,0.018525399023320954,-0.010430365764497407,-0.10014431530504708,0.22649605619933477,0.8024781231356983
2021-05-14,9856.650390625,10066.7998046875,9777.5,9810.4501953125,9810.4501953125,3812500,-0.0009165482609501119,0.0001529215634836767,-0.06924812184723916,0.18071582689590437,0.7074420630780796
2021-05-21,9844.150390625,10344.5,9785.900390625,10312.400390625,10312.400390625,5580100,0.05116484823013878,0.07454974557041583,0.014011936648992362,0.18741476618497943,0.7881741617175309
2021-05-28,10347.9501953125,10573.9501953125,10299.25,10510.25,10510.25,3383500,0.019185601982140366,0.0901788147156215,-0.001344531764261414,0.18204265393578334,0.6900769167834868
2021-06-04,10507.2998046875,10749.150390625,10413.2998046875,10735.75,10735.75,4760000,0.021455246069313372,0.09331477694391821,0.03388414720278554,0.15410868123542265,0.6195738261361494
2021-06-11,10814.25,10913.9501953125,10670.5498046875,10765.5,10765.5,4556000,0.0027711151992175775,0.09735025260551544,0.056839935208363945,0.1715701762636319,0.6412324542300525
2021-06-18,10755.349609375,10803.25,10229.099609375,10443.75,10443.75,4048700,-0.02988713947331756,0.01273705484655241,0.06879701171775054,0.1390716795875211,0.5741578114401991
2021-06-25,10319.099609375,10754.900390625,10276.099609375,10706.7998046875,10706.7998046875,3806700,0.02518729428485944,0.018700773500868184,0.06826574162181531,0.19255295276903106,0.590563622106759
2021-07-02,10746.099609375,10754.9501953125,10583.0,10685.5,10685.5,2993100,-0.0019893717148026235,-0.004680623151619545,0.07684708576363919,0.16228857344863212,0.5328394286919045
2021-07-09,10755.150390625,10816.849609375,10386.0498046875,10420.2998046875,10420.2998046875,5687100,-0.024818697797248657,-0.03206541222539594,0.06232569206714422,0.06970869289747217,0.47992496345224156
2021-07-16,10496.5,10531.25,10400.349609375,10428.4501953125,10428.4501953125,521563700,0.0007821646956196471,-0.001464972321962854,0.08664210849048004,0.024576834581920615,0.4611198185150498
2021-07-23,10372.2998046875,10379.7001953125,10175.599609375,10201.349609375,10201.349609375,2023500,-0.021777021674762365,-0.0472083353133409,0.058138029604253516,-0.016049807395529414,0.4131935676867813
2021-07-30,10204.650390625,10217.099609375,9945.7998046875,10048.5,10048.5,4286700,-0.014983273314594703,-0.05961349492302648,0.023326133350810352,0.02398308392377646,0.38033586318211476
2021-08-06,10162.75,10408.0,10114.099609375,10249.5,10249.5,3315900,0.020002985520226835,-0.01639106435408577,0.04475327797874984,-0.044242111038513166,0.35674995995866987
2021-08-13,10274.75,10348.7998046875,10000.9501953125,10178.2998046875,10178.2998046875,604119200,-0.006946699381677135,-0.023987302613521666,-0.013003818786886057,-0.06725929073403747,0.325705122550636
2021-08-20,10182.2998046875,10209.2001953125,9876.599609375,9904.7001953125,9904.7001953125,2584500,-0.026880678956715087,-0.02907942825426557,-0.05761516659332555,-0.06030629320844616,0.24827655128845283
2021-08-27,9982.5498046875,10007.650390625,9704.599609375,9793.849609375,9793.849609375,3092000,-0.011191715423144344,-0.025342129733293528,-0.0877349407936101,-0.03697684016616898,0.2073509115022636
2021-09-03,9867.7001953125,10195.900390625,9863.4501953125,10124.75,10124.75,4358200,0.0337865501128638,-0.012171325430508806,-0.059518833310110986,-0.037973696913032984,0.26613980370196266
2021-09-10,10185.2001953125,10214.400390625,10047.150390625,10112.599609375,10112.599609375,2669800,-0.001200068211560823,-0.006454928285983708,-0.03170799670855773,-0.026127059297962996,0.270938047657989
2021-09-17,10119.9501953125,10469.849609375,10045.0,10351.4501953125,10351.4501953125,2776700,0.023619108356279783,0.045104848323569646,-0.03318915230108499,0.01619301971359155,0.2682958143032057
2021-09-24,10286.9501953125,10473.900390625,10021.349609375,10429.0498046875,10429.0498046875,2919000,0.007496496424253651,0.06485705015364585,-0.023999831108745484,0.06729261676175602,0.3598083062373687
2021-10-01,10513.0498046875,10842.349609375,10437.099609375,10596.9501953125,10596.9501953125,3925500,0.01609929895526374,0.046638207887849115,0.016952524777217537,0.05730555028859574,0.3302557167754252
2021-10-08,10649.400390625,11206.9501953125,10535.099609375,11079.349609375,11079.349609375,5319500,0.0455224762947255,0.09559856390475141,0.06241573789699584,0.11653786336736549,0.35718130818582705
2021-10-15,11136.5498046875,12014.5,11125.0498046875,11800.2998046875,11800.2998046875,7088500,0.06507152682522577,0.13996585812015883,0.1567390841936318,0.2030135304720606,0.4825521254768279
2021-10-22,11862.7998046875,11964.5498046875,11380.7998046875,11433.9501953125,11433.9501953125,4685600,-0.031045788279842945,0.09635589142294942,0.1378763193822461,0.1914149769056066,0.412540466158809
2021-10-29,11417.849609375,11491.150390625,11070.650390625,11297.4501953125,11297.4501953125,3230500,-0.011938131412883024,0.066103924911326,0.10224403095882728,0.1718313896657595,0.45615724086349707
2021-11-05,11306.4501953125,11610.349609375,11205.25,11569.7998046875,11569.7998046875,2095100,0.02410717504096649,0.04426705651543816,0.13671242021768326,0.17825332116970882,0.44512305161841614
2021-11-12,11645.849609375,11855.7998046875,11602.5,11706.5,11706.5,3766000,0.011815260213674295,-0.007948934030493016,0.18191361365387104,0.19326837881440406,0.40891086060058424
2021-11-19,11716.099609375,12139.75,11645.2998046875,11747.4501953125,11747.4501953125,3439000,0.0034980733193097358,0.027418345772445507,0.1994721854894983,0.13915768883373691,0.3526526607343332
2021-11-26,11788.7998046875,11788.7998046875,10721.349609375,10759.599609375,10759.599609375,3211800,-0.084090638352455,-0.04760813959247756,0.06270274420356059,0.023724422290145375,0.21008593302272005
2021-12-03,10705.650390625,10929.0,10448.150390625,10788.75,10788.75,3106100,0.0027092449239096705,-0.06750763348308397,0.06686217359957247,0.004936776657429531,0.15980625803308257
2021-12-10,10788.5,11127.5,10570.349609375,11080.0498046875,11080.0498046875,2043500,0.027000329480940888,-0.053513022279289335,0.07038623532236432,0.029218318209790484,0.20580148647880314
2021-12-17,11176.5498046875,11212.2001953125,10661.400390625,10678.650390625,10678.650390625,2098400,-0.036227221099013884,-0.09098142889884098,0.023933204904756922,0.02249195840813889,0.16469163242869245
2021-12-24,10536.099609375,10792.7001953125,10197.2001953125,10620.75,10620.75,2023800,-0.005422070065692175,-0.012904718987314157,0.002245910780823257,-0.008036930386036256,0.1829684877059643
2021-12-31,10582.150390625,10950.4501953125,10505.75,10936.900390625,10936.900390625,1557000,0.029767237777463817,0.013731932858301432,-0.012857182395387579,0.023527246326797924,0.1896340230189808
2022-01-07,11001.2998046875,11384.5498046875,10998.349609375,11290.900390625,11290.900390625,2234500,0.03236748871768502,0.019029750737067808,-0.04316834508392309,0.08354851609412095,0.15908126684203783
2022-01-14,11341.349609375,11728.650390625,11327.2001953125,11643.0498046875,11643.0498046875,2038200,0.031188780511684833,0.0903109830160902,0.01828760890184067,0.1164698096674952,0.14390910349540165
2022-01-21,11692.599609375,11914.9501953125,11421.25,11561.75,11561.75,2529000,-0.006982689763533334,0.08860014594072929,0.02339464216422593,0.13335494250435231,0.11516481396638611
2022-01-28,11535.0498046875,11761.150390625,11075.150390625,11493.400390625,11493.400390625,2279900,-0.005911701029255978,0.05088278946720837,-0.006603347970770113,0.14379264473553266,0.17122431972562335
2022-02-04,11619.5498046875,11840.4501953125,11427.2998046875,11560.599609375,11560.599609375,2601300,0.005846765662563591,0.023886422642957372,-0.012463194859693383,0.12791839693399676,0.07801690597446109
2022-02-11,11572.4501953125,11761.2998046875,11300.2001953125,11552.900390625,11552.900390625,2128700,-0.0006659878388796114,-0.007742766334831397,-0.01656102400545867,0.13505208259875023,0.058709284576966336
2022-02-18,11306.900390625,11671.4501953125,11056.650390625,11420.4501953125,11420.4501953125,2556400,-0.011464670414710887,-0.01222131638268431,0.06141962618773378,0.15303340536418708,0.08349823474116125
2022-02-25,11361.25,11474.2001953125,10542.099609375,10895.2998046875,10895.2998046875,3436500,-0.045983335301488126,-0.05203861047295999,0.009876010166840477,0.11246345811336078,0.0713280746319993
2022-03-04,10778.7998046875,10851.7001953125,9854.349609375,9896.650390625,9896.650390625,2988800,-0.0916587365161673,-0.14393277814073158,-0.10680452118201256,-0.022528912750932162,-0.059647103559381076
2022-03-11,9648.7998046875,10236.2998046875,9226.9501953125,9979.7001953125,9979.7001953125,5306800,0.008391708447756496,-0.136173613735052,-0.06545304600721102,-0.01314196341159335,-0.038925661852210025
2022-03-18,9963.4501953125,10590.5,9817.9501953125,10576.0,10576.0,3056200,0.05975127438874206,-0.07394193581432562,-0.00421345008591667,0.021692593834744534,0.038236882147940854
2022-03-25,10639.25,10673.400390625,10300.599609375,10354.150390625,10354.150390625,2346900,-0.020976702853158113,-0.04966815266796798,-0.053282921045850196,-0.0071818061535036115,0.05962752807910765
2022-04-01,10360.25,10692.7998046875,10300.150390625,10676.849609375,10676.849609375,2195600,0.031166170721470543,0.07883467516333353,-0.05438457164672672,0.007539849918124952,0.06527747545537221
2022-04-08,10688.75,10988.4501953125,10641.7998046875,10894.2998046875,10894.2998046875,2240800,0.02036651290110547,0.09164600052861216,-0.06430875179272644,-0.016702226323006997,0.09788919527519702
2022-04-15,10928.400390625,10928.400390625,10676.900390625,10698.2998046875,10698.2998046875,1121800,-0.017991059867442538,0.011563899838076708,-0.07468161786169913,-0.09338745779681346,0.09066715516610557
2022-04-22,10637.849609375,11118.25,10519.0498046875,11028.150390625,11028.150390625,1693400,0.0308320566781064,0.06509466972879419,-0.04047975222193578,-0.03549077945554313,0.14913073072021876
2022-04-29,10918.150390625,11290.5498046875,10864.400390625,11078.099609375,11078.099609375,2110100,0.0045292471521301,0.03758131046893043,-0.04173658947661496,-0.019415937414666518,0.14907918474346737
2022-05-06,11015.599609375,11038.0498046875,10473.150390625,10518.4501953125,10518.4501953125,1770200,-0.05051853962288699,-0.03449965726234949,-0.0895403024639545,-0.09087016431771322,0.07118524826712602
2022-05-13,10426.5498046875,10635.2001953125,10092.599609375,10412.349609375,10412.349609375,3049500,-0.01008709305718658,-0.026728564401159338,-0.08827152771536739,-0.11054972798231755,0.061352884126570695
2022-05-20,10506.599609375,11015.2001953125,10475.75,10914.599609375,10914.599609375,2562200,0.048235990803438655,-0.010296448382362433,0.001771388124556017,-0.07089628575482931,0.058395639806369415
2022-05-27,11057.7001953125,11300.7001953125,10852.4501953125,11270.25,11270.25,2721400,0.032584831634091094,0.01734506796295543,0.13879439559431117,0.04745998077661384,0.0723103636925857
2022-06-03,11386.2998046875,11682.2998046875,11258.099609375,11282.150390625,11282.150390625,2434800,0.0010559118586543903,0.0726057718705404,0.13050995218516337,0.045732859749739285,0.050895409321658924
2022-06-10,11245.400390625,11450.0,11153.400390625,11394.0,11394.0,1564900,0.009913855559658513,0.0942775096353996,0.0773449319213313,0.02833472780778301,0.058380939111049246
2022-06-17,11215.400390625,11338.849609375,10762.4501953125,10830.900390625,10830.900390625,2198500,-0.04942071347858523,-0.007668556039207131,0.046044337972110716,0.014257419657980774,0.037070055356074105
2022-06-24,10845.75,11596.7001953125,10684.650390625,11583.25,11583.25,2420000,0.06946325626133709,0.02777223220425462,0.08489399249654306,0.09062448508815302,0.08185921202419277
2022-07-01,11747.9501953125,11911.349609375,11530.349609375,11711.9501953125,11711.9501953125,2529500,0.01111088816286454,0.03809555712398982,0.07505304657332723,0.07086558138097931,0.09606009969701934
2022-07-08,11690.7998046875,12303.7998046875,11591.4501953125,12124.599609375,12124.599609375,2031200,0.0352331940608539,0.06412143315560814,0.13332023131961224,0.07383815195484611,0.16355573607592677
2022-07-15,12074.650390625,12377.650390625,12025.25,12361.650390625,12361.650390625,1399800,0.01955122551566224,0.14133174018708416,0.12091782871709889,0.061719274416243586,0.18537751622781462
2022-07-22,12435.5,12690.0,12364.650390625,12634.2001953125,12634.2001953125,1771600,0.02204801107255072,0.09073016599939576,0.1404663832974229,0.09275846608969229,0.2384832085062274
2022-07-29,12639.349609375,12687.599609375,12204.650390625,12543.2001953125,12543.2001953125,2191800,-0.007202672000857002,0.07097451629641438,0.19249508838310803,0.09133935728401199,0.24826592977185657
2022-08-05,12645.650390625,13048.5498046875,12627.9501953125,12804.349609375,12804.349609375,2866300,0.02081999888354602,0.05606370700063379,0.2297272075695871,0.10758525007573039,0.24926577973315767
2022-08-12,12821.5498046875,13097.349609375,12816.400390625,12923.75,12923.75,1407800,0.009324986763683762,0.04547124304706851,0.18407916575329586,0.11865848081642105,0.26973563836743275
2022-08-19,13021.150390625,13336.0498046875,12910.349609375,12946.4501953125,12946.4501953125,1915000,0.0017564712496374035,0.024714662991951686,0.1487278627636921,0.13361995139441563,0.30710167294508706
2022-08-26,12899.400390625,13037.349609375,12607.599609375,12929.150390625,12929.150390625,1970900,-0.0013362585439646857,0.030769675146915976,0.14598280850506917,0.18667229194211554,0.3201295615412336
2022-09-02,12675.2001953125,13381.650390625,12651.75,13220.650390625,13220.650390625,2099000,0.022545951682282794,0.03251245037430062,0.1603168677044935,0.3358712158963191,0.3057754898269094
2022-09-09,13244.400390625,13332.2001953125,13025.5,13219.599609375,13219.599609375,2056800,-7.948029930093803e-05,0.02289193224683239,0.22054484231224292,0.32464897247958335,0.3072404841500518
2022-09-16,13259.150390625,13421.599609375,12849.5498046875,12954.4501953125,12954.4501953125,1874500,-0.020057295371825212,0.0006179300023798628,0.11837784691796349,0.2248912817050397,0.2514623507707867
2022-09-23,12982.650390625,13412.900390625,12872.5498046875,13093.5,13093.5,1947600,0.010733748062716986,0.012711555238321903,0.1179606966942568,0.2645653680919393,0.25548350474986914
2022-09-30,12964.5498046875,12988.5,12365.7001953125,12699.2998046875,12699.2998046875,2370300,-0.030106556330431133,-0.03943456415027802,0.04739951947511156,0.18942387214451828,0.19839194962952278
2022-10-07,12790.099609375,12893.0498046875,12388.0498046875,12761.9501953125,12761.9501953125,1628800,0.004933373618116743,-0.03461900720033506,0.03238239167409929,0.17143372443462623,0.1518681732467162
2022-10-14,12622.75,12773.5,12459.150390625,12478.25,12478.25,1879100,-0.022230160043776426,-0.03675958362824305,-0.0123434956626981,0.16637692229681278,0.05745194669064202
2022-10-21,12445.5498046875,12839.900390625,12386.2998046875,12695.650390625,12695.650390625,1526900,0.017422346132270228,-0.030385275852522264,0.012154011172481383,0.15120395904444117,0.11034683322564676
2022-10-28,12827.4501953125,13218.9501953125,12775.7998046875,13190.900390625,13190.900390625,1105700,0.03900942328765722,0.03871084181791207,0.030189021156293405,0.1907187022819341,0.16759978247995488
2022-11-04,13302.2998046875,13486.7998046875,13223.400390625,13271.7001953125,13271.7001953125,1768800,0.0061254199709464,0.039942954814792486,0.026923315238417622,0.26175434107459794,0.14709851677256114
2022-11-11,13336.0,13544.900390625,13003.2001953125,13040.900390625,13040.900390625,1903900,-0.017390372091815154,0.045090488700338494,0.007295451176778656,0.252445497881028,0.11398798877760208
2022-11-18,13108.099609375,13220.900390625,12717.400390625,12774.900390625,12774.900390625,1890900,-0.020397364601544288,0.006242295397368647,-0.011930404963952479,0.17044150475772946,0.08746154937711292
2022-11-25,12738.0,12996.849609375,12668.2998046875,12958.0,12958.0,1371900,0.014332762195889082,-0.017656140500501905,-0.019866676968574137,0.14975266742086468,0.2043199069145194
2022-12-02,12963.599609375,13295.9501953125,12950.599609375,13046.349609375,13046.349609375,2125500,0.006818151672711936,-0.0169797827423116,-0.01310554064565883,0.15637082982123474,0.2092549748001391
2022-12-09,13071.599609375,13075.2998046875,12764.650390625,12869.400390625,12869.400390625,1652200,-0.013563121029873781,-0.013150932440469387,-0.006565296358024941,0.12948923912804977,0.1614930092805631
2022-12-16,12865.75,13037.75,12702.7001953125,12775.25,12775.25,2365600,-0.0073158335095072635,2.736689635995937e-05,-0.024305953335624575,0.17951874167894566,0.1963356353735155
2022-12-23,12783.599609375,12995.099609375,12213.5498046875,12236.0,12236.0,2701900,-0.04221052425588545,-0.055718475073313734,-0.03648231097879029,0.05635292340232656,0.15208436315702745
2022-12-30,12483.0,12705.75,12409.400390625,12611.7001953125,12611.7001953125,1599400,0.030704494549893768,-0.03331578771660115,-0.011773278981701996,0.07682324335362267,0.15313294853842874
2023-01-06,12636.599609375,12689.0,12467.7998046875,12627.7998046875,12627.7998046875,428534700,0.001276561377583585,-0.018773258940136706,0.01198483799310801,0.04150241752506334,0.1184050312916185
2023-01-13,12706.650390625,12906.599609375,12694.349609375,12832.400390625,12832.400390625,2986600,0.016202393853405272,0.004473524246100924,0.010771405622588714,0.038081484682418676,0.10215112070195453
2023-01-20,12861.25,12892.25,12673.7998046875,12691.7001953125,12691.7001953125,2225900,-0.010964448663501103,0.037242578891181655,-0.037844285115464116,0.004551138901640384,0.09773176165481012
2023-01-27,12748.150390625,13278.849609375,12700.400390625,13089.7001953125,13089.7001953125,2515700,0.031359076709596145,0.03790131327238999,-0.013713389944137067,0.043569423391984996,0.1388883838058559
2023-02-03,13096.4501953125,13539.7998046875,12959.650390625,13377.9501953125,13377.9501953125,2983900,0.022021130789781074,0.059404678742732475,0.02584559306424894,0.0447973230532166,0.1572021043323506
2023-02-10,13372.099609375,13398.2001953125,13132.849609375,13235.0498046875,13235.0498046875,2323100,-0.010681785216622441,0.03137756006714576,0.03601980445970332,0.02408742080955606,0.14560407838602485
2023-02-17,13224.599609375,13316.25,13074.150390625,13140.0,13140.0,1719900,-0.007181673366566055,0.035322281316814585,0.014045377373051338,0.01495002890889574,0.1505676024394631
2023-02-24,13165.2998046875,13228.599609375,12853.9501953125,12869.099609375,12869.099609375,1849200,-0.02061646808409434,-0.01685298995743989,-0.013586175850494597,-0.0046446038166237935,0.1811606692858796
2023-03-03,12822.849609375,12881.9501953125,12566.0498046875,12787.0498046875,12787.0498046875,1685200,-0.00637572224771088,-0.04416972570521649,-0.0063989450508891155,-0.032797220494157675,0.2920583530767691
2023-03-10,12828.349609375,13059.4501953125,12692.0498046875,12741.599609375,12741.599609375,1178600,-0.0035543926086718525,-0.037283591871164146,-0.002634029911351976,-0.03615843248845563,0.27675174203727826
2023-03-17,12714.5498046875,12738.400390625,12159.900390625,12245.9501953125,12245.9501953125,6333900,-0.038900093336617814,-0.06804031999143834,0.0008131902020676041,-0.05469163023656276,0.15789998064603816
2023-03-24,12225.2998046875,12270.900390625,12025.400390625,12113.400390625,12113.400390625,1840500,-0.010823970584025178,-0.058721996230372,-0.039510914228099714,-0.07485390532516134,0.16990771175130748
2023-03-31,12093.75,12257.650390625,11901.849609375,12243.7998046875,12243.7998046875,1701000,0.010764889284384571,-0.042484389151347,-0.030409097858635437,-0.03586811926684874,0.14676147483960178
2023-04-07,12361.0498046875,12479.849609375,12312.75,12469.349609375,12469.349609375,1111600,0.018421552809214425,-0.02136701892591919,-0.028291727985298443,-0.022927576229295532,0.1445755884200839
2023-04-14,12520.099609375,12938.7998046875,12516.4501953125,12918.650390625,12918.650390625,1981300,0.036032415107857485,0.05493246212694847,0.01788178036196597,0.035293441838799566,0.2075423783660133
2023-04-21,13012.900390625,13065.150390625,12881.150390625,12898.75,12898.75,1794700,-0.0015404388247429734,0.06483312563355947,-0.014587820382691463,0.015997574218409305,0.1696204298197812
2023-04-28,12901.0498046875,13208.650390625,12838.2001953125,13189.25,13189.25,1795400,0.02252156216687662,0.0772186911248367,-0.014105314533060409,-0.0001251158432045152,0.19056972450747867
2023-05-05,13212.2998046875,13453.650390625,13147.900390625,13345.7998046875,13345.7998046875,1360300,0.011869500137422495,0.07028836489222723,0.008367932243124265,0.005583279330041879,0.2687990680067103
2023-05-12,13422.0498046875,13957.2001953125,13396.5498046875,13910.5,13910.5,2511900,0.04231295265752144,0.07677656561514978,0.0586377473363775,0.06668248229241502,0.33596167261569465
2023-05-19,13952.75,14082.4501953125,13647.599609375,13863.5498046875,13863.5498046875,2436000,-0.003375162309945723,0.07479793039538718,0.07727426358469192,0.08521783973058739,0.2701840013242012
2023-05-26,13856.2998046875,14150.0,13823.400390625,14130.4501953125,14130.4501953125,2353500,0.01925195165633231,0.0713611611966185,0.10505944773379494,0.09048079914435103,0.25378320758745376
2023-06-02,14254.849609375,14402.25,14107.7001953125,14388.599609375,14388.599609375,2919200,0.01826901552988991,0.07813692846802889,0.12926163515514744,0.10288318496658033,0.27534194379569077
2023-06-09,14469.7001953125,14903.099609375,14449.75,14626.0,14626.0,2159700,0.016499200552520854,0.051435965637468106,0.19435403269878848,0.13649428536349162,0.283658065648587
2023-06-16,14691.9501953125,14815.7998046875,14601.0,14768.4501953125,14768.4501953125,2344600,0.00973951834489939,0.06527191111752906,0.2191828651798169,0.1560204454169194,0.363547781133299
2023-06-23,14807.650390625,14885.2001953125,14536.349609375,14550.2001953125,14550.2001953125,2582400,-0.014778124793979552,0.029705352214414393,0.18837292567802377,0.18913045074472867,0.25614142795092043
2023-06-30,14563.0498046875,15182.4501953125,14527.599609375,15147.650390625,15147.650390625,1731900,0.04106130412590292,0.05275362452614463,0.21479073609712063,0.2010791690286975,0.29334996631795596
2023-07-07,15198.0498046875,15565.75,15010.099609375,15498.849609375,15498.849609375,2922700,0.023185062349165397,0.05967794402946813,0.19972668512048575,0.22735946475978763,0.2782978497195865
2023-07-14,15556.25,15761.2001953125,15387.2001953125,15576.099609375,15576.099609375,2891600,0.0049842408918705505,0.05468748605177587,0.20756659438899128,0.21381028764925936,0.26003398552573675
2023-07-21,15641.4501953125,15645.2998046875,15434.400390625,15590.349609375,15590.349609375,2405500,0.0009148631786755068,0.07148694863989524,0.1820497457683341,0.22838937017540606,0.233979940824373
2023-07-28,15614.2998046875,15912.150390625,15466.900390625,15537.900390625,15537.900390625,2818000,-0.003364210557437408,0.0257630714953343,0.16425396889046384,0.18703256444247796,0.23875088882274587
2023-08-04,15574.5498046875,15813.900390625,15218.599609375,15328.400390625,15328.400390625,2117000,-0.013483160191090193,-0.010997540013995444,0.10193022469537394,0.14579589300578477,0.19712448177781394
2023-08-11,15404.599609375,15522.7998046875,15272.599609375,15378.099609375,15378.099609375,3104500,0.0032422964877925065,-0.012711783114228825,0.10924689751360828,0.16192230753287307,0.18991001910242766
2023-08-18,15369.75,15479.400390625,15122.9501953125,15391.75,15391.75,1241700,0.0008876513335027703,-0.012738624492139361,0.08926111958597827,0.17136605783866066,0.18887801426624762
2023-08-25,15395.0,15581.849609375,15293.900390625,15363.599609375,15363.599609375,1804200,-0.0018289272256241107,-0.011217782124228748,0.06776198007238543,0.19383640469942298,0.1882915075777316
2023-09-01,15402.0498046875,15964.599609375,15392.349609375,15928.2998046875,15928.2998046875,3945400,0.03675572194473986,0.039136465565539735,0.08904005228274992,0.2456586975088244,0.2048045545461623
2023-09-08,16039.599609375,16130.4501953125,15842.7998046875,16102.900390625,16102.900390625,510107100,0.010961658687898224,0.04713201238520637,0.09035817419325776,0.2638052430070732,0.21810802644924565
2023-09-15,16173.900390625,16456.80078125,15926.2001953125,16425.80078125,16425.80078125,1984900,0.02005231248980399,0.0671821450614778,0.12890548313842065,0.3413251335561909,0.2679658753247274
2023-09-22,16451.80078125,16647.05078125,16129.0498046875,16234.349609375,16234.349609375,1410400,-0.01165551527287123,0.05667617108875067,0.0717404475761183,0.34019755690890485,0.23987853586703323
2023-09-29,16267.0,16327.0,16041.5,16184.400390625,16184.400390625,1719600,-0.0030767613086979395,0.016078337868937753,0.04423236553216969,0.32184457838234604,0.27443249939269077
2023-10-06,16315.349609375,16316.0,15715.900390625,15990.650390625,15990.650390625,1190700,-0.011971404273477537,-0.0069707939114714845,0.026614543540828928,0.2823965075614314,0.2529942638781344
2023-10-13,15891.099609375,16468.0,15801.849609375,16444.94921875,16444.94921875,1888500,0.028410278320595728,0.0011657536673559399,0.05481593619049452,0.27296185913383164,0.3178890644721817
2023-10-20,16460.05078125,16664.849609375,16445.25,16497.849609375,16497.849609375,1680800,0.003216816903556241,0.016231016723197378,0.06178114124925127,0.27902700721969187,0.2994883366950387
2023-10-27,16450.849609375,16538.099609375,15928.599609375,16169.150390625,16169.150390625,1401900,-0.019923761370888915,-0.000942265368622075,0.05484916746526336,0.22593402889663938,0.22578064512690088
2023-11-03,16215.650390625,16242.349609375,15807.9501953125,16045.400390625,16045.400390625,1626600,-0.007653463355239198,0.003423875743796989,0.043392928788365426,0.20228091425358463,0.20899358443104044
2023-11-10,16156.9501953125,16401.5,16102.849609375,16286.7001953125,16286.7001953125,1750000,0.015038565496220846,-0.009622956041546726,0.05814479804521899,0.17082061718216446,0.24889384225500866
2023-11-17,16370.150390625,16951.599609375,16307.7998046875,16905.5,16905.5,1583500,0.037994179131853656,0.02470930456253817,0.1003606205465104,0.21942072832485993,0.32333712851540386
2023-11-24,16912.44921875,17080.849609375,16730.099609375,17040.349609375,17040.349609375,1740200,0.007976670868947933,0.05388033370356471,0.06981597648985982,0.20593111853066093,0.3150447298483563
2023-12-01,17092.0,17644.75,17047.099609375,17489.05078125,17489.05078125,2447800,0.026331688149645815,0.089972849257691,0.08608079023031201,0.21547970310153586,0.3405321262188552
2023-12-08,17756.150390625,18005.599609375,17530.94921875,17769.099609375,17769.099609375,2488100,0.01601280890700152,0.09101901528764866,0.08177980763399795,0.2148980999162451,0.38072474785377675
2023-12-15,17811.150390625,18182.099609375,17630.650390625,18038.25,18038.25,2479600,0.015147103485367186,0.06700482091626991,0.11111627099513033,0.22140439663231093,0.41196845462906784
2023-12-22,18048.44921875,18156.099609375,17294.349609375,17778.900390625,17778.900390625,2088200,-0.014377758894294046,0.043341292765711525,0.09852079542740633,0.22190074033157692,0.45299937811580593
2023-12-29,17841.900390625,18719.5,17806.900390625,18618.19921875,18618.19921875,3071900,0.047207578066389866,0.06456316306832144,0.1643178209727778,0.22911466390014845,0.4762640191581773
2024-01-05,18651.349609375,18664.349609375,18175.5,18406.94921875,18406.94921875,2457800,-0.011346424942496824,0.03589656332606017,0.11930714859021818,0.18763325554278154,0.4576529168539125
2024-01-12,18490.650390625,18826.900390625,18332.30078125,18715.19921875,18715.19921875,2976500,0.016746392698579582,0.03752854177927456,0.13440234102479498,0.20153309802189678,0.4584332353300644
2024-01-19,18796.650390625,18865.849609375,18142.5,18694.599609375,18694.599609375,2343900,-0.0011006887575293334,0.05150482868067918,0.15618935798966138,0.1991135592067359,0.47297834976275177
2024-01-26,18649.599609375,18763.0,18143.75,18614.900390625,18614.900390625,1882700,-0.0042632214872381224,-0.00017718298564972645,0.1601393506827855,0.19803190409539173,0.42210288340225754
2024-02-02,18631.0,19563.05078125,18570.75,19380.5,19380.5,2851000,0.041128321576223925,0.052890393170548,0.18995866366950942,0.26435241160932255,0.44868980053392127
2024-02-09,19655.849609375,20033.599609375,19365.19921875,19576.0,19576.0,3593000,0.010087459043884417,0.04599474315975205,0.15796634231463136,0.272979138987097,0.47910285861309765
2024-02-16,19644.0,20515.05078125,19235.900390625,20423.44921875,20423.44921875,2406300,0.04329021346291384,0.09247855773856828,0.19853463613878786,0.3269088452417692,0.5542959831621004
2024-02-23,20459.349609375,20711.0,20181.0,20621.349609375,20621.349609375,1831000,0.009689861320942628,0.10778726593457932,0.17910056224910353,0.3422212328933434,0.602392570988616
2024-03-01,20633.44921875,20918.25,20230.19921875,20871.94921875,20871.94921875,2806900,0.012152434933796474,0.07695617856866432,0.17462053101092034,0.3103689329483643,0.6322724582724877
2024-03-08,20998.849609375,21348.94921875,20824.94921875,21126.80078125,21126.80078125,7308300,0.012210242552289197,0.07921949229924397,0.1712223071112775,0.311987298483811,0.6580964265825262
2024-03-15,21213.400390625,21219.849609375,20066.80078125,20192.30078125,20192.30078125,3265000,-0.04423291579619415,-0.011317796275459258,0.13574520007421897,0.22930388905601773,0.6488962031692078
2024-03-22,20189.849609375,21177.400390625,20102.900390625,21046.400390625,21046.400390625,2526300,0.04229828084613785,0.020612170847283506,0.13042083948857996,0.2964116762935265,0.7374477613167623
2024-03-29,21018.5,21607.80078125,20974.75,21419.099609375,21419.099609375,1433400,0.017708454264512508,0.026214628298035336,0.1636420220878707,0.3234410353430368,0.7493833573769122
2024-04-05,21546.94921875,21719.0,21338.650390625,21600.900390625,21600.900390625,2402000,0.008487788215449932,0.022440672124657945,0.154190246021209,0.35084564185639233,0.7323197333712179
2024-04-12,21662.150390625,22238.25,21642.900390625,21851.30078125,21851.30078125,1894300,0.011592127462134671,0.0821600281202477,0.16885631347204533,0.32875453068203164,0.691453837709501
2024-04-19,21623.599609375,21948.5,21144.75,21609.69921875,21609.69921875,2653900,-0.011056621521923882,0.026764616165713573,0.16088180786791995,0.30984944889242794,0.6753328205252447
2024-04-26,21846.05078125,22286.55078125,21653.75,22111.55078125,22111.55078125,2881700,0.023223440429219977,0.03232867788578364,0.1409174573024432,0.3675146960146063,0.6764828008605492
2024-05-03,22192.400390625,22870.55078125,21990.900390625,22541.349609375,22541.349609375,2783600,0.019437751443895035,0.043537500832982134,0.15147883170080712,0.4048480599178721,0.6890220098654343
2024-05-10,22622.599609375,22994.55078125,21959.30078125,22846.900390625,22846.900390625,2565800,0.013555123652530643,0.04556248707304866,0.11866022951941546,0.40279492571494635,0.6424212207055822
2024-05-17,22725.0,23386.94921875,22127.900390625,23285.650390625,23285.650390625,3404700,0.0192039179275294,0.07755550666900701,0.12920108682114284,0.37740086898494574,0.6796311708529175
2024-05-24,23322.94921875,24038.599609375,23201.94921875,23891.44921875,23891.44921875,2701400,0.02601597198113481,0.0804963186485006,0.14466784909995267,0.402051587345706,0.690777638965496
2024-05-31,23972.400390625,23996.69921875,23314.05078125,23419.599609375,23419.599609375,5431800,-0.019749727404760886,0.03896173100632505,0.10852560460360161,0.33910066945903883,0.6276496841371404
2024-06-07,24159.69921875,25043.349609375,22026.30078125,25020.19921875,25020.19921875,4581200,0.06834444807221507,0.09512444974885037,0.23909600445250145,0.40807355289681135,0.7106658839566526
2024-06-14,25100.5,25774.69921875,24912.599609375,25722.099609375,25722.099609375,3153100,0.028053349395355642,0.10463307564434343,0.22216146856318297,0.4259753362646044,0.741692545202826
2024-06-21,25844.69921875,25991.44921875,25016.900390625,25092.30078125,25092.30078125,3102900,-0.024484736381918615,0.05026281794398524,0.17149185721454252,0.411352796288877,0.7245330266544201
2024-06-28,25033.94921875,25505.75,24841.849609375,25200.599609375,25200.599609375,3381300,0.004316018250742681,0.0760474145461929,0.16664579502029953,0.35354656555592134,0.6636639319964666
2024-07-05,25173.650390625,25428.75,25039.150390625,25398.30078125,25398.30078125,1000300,0.007845097931775014,0.015111852595348418,0.16232443255934603,0.37982130984412943,0.6387216742774886
2024-07-12,25480.55078125,25906.099609375,25094.099609375,25145.44921875,25145.44921875,2503500,-0.009955451928763126,-0.022418480582153788,0.16361865864991532,0.3435843735800468,0.6143610948414431
2024-07-19,25235.69921875,25605.5,24931.25,24963.349609375,24963.349609375,1978700,-0.007241851509227182,-0.005139073255942983,0.12897326181858082,0.33532411129342066,0.6012052477876251
2024-07-26,24889.30078125,26289.349609375,24473.80078125,26250.69921875,26250.69921875,3137400,0.05156958619413543,0.041669627931565145,0.1645575652591924,0.4101982104599715,0.6894624472292736
2024-08-02,26382.30078125,26934.05078125,25678.349609375,25714.44921875,25714.44921875,2739300,-0.02042802728915405,0.012447621603622894,0.12551150392819466,0.32682073314671967,0.6775689937273044
2024-08-09,25056.05078125,25445.0,24464.5,25346.650390625,25346.650390625,3753800,-0.014303196813440389,0.008001494430450284,0.08850944532044402,0.29478189572052504,0.6482303427903953
2024-08-16,25267.150390625,25635.44921875,25021.099609375,25597.349609375,25597.349609375,1959600,0.009890822451345649,0.025397232740028697,0.07140213115603755,0.2533313709750378,0.6630564821657707
2024-08-23,25732.099609375,25929.05078125,25355.69921875,25850.69921875,25850.69921875,2126700,0.00989749381249272,-0.015237689353215123,0.10380619865088625,0.253589105874894,0.6825939152290641
2024-08-30,25913.5,26245.599609375,25671.25,26172.80078125,26172.80078125,2321800,0.012460071573861864,0.017824669647825475,0.04606684193130839,0.25397012549925435,0.6431634952995844
2024-09-06,26289.349609375,26289.349609375,25435.900390625,25527.150390625,25527.150390625,1663100,-0.024668754254513647,0.0071212565454708,-0.007579055431343851,0.20828281834703066,0.5852517106475263
2024-09-13,25499.599609375,25870.69921875,25191.0,25820.849609375,25820.849609375,2467200,0.011505366414022555,0.008731372716733965,0.029034755898885267,0.27874727546409717,0.5719689988478016
2024-09-20,25865.80078125,26452.05078125,25602.19921875,26394.55078125,26394.55078125,4179200,0.0222185241986268,0.021038176101075612,0.04737788744640947,0.2541123560971168,0.6258459018282874
2024-09-27,26491.25,27696.099609375,26485.900390625,27610.75,27610.75,3154400,0.04607766310665751,0.054940593892425005,0.08711012747684732,0.2890714597505748,0.7060100673234606
2024-10-04,27474.30078125,27534.900390625,25850.400390625,25926.30078125,25926.30078125,2173300,-0.06100700700813999,0.015636308186267156,0.031053394819359648,0.20024167106026125,0.6213412305261876
2024-10-11,26042.599609375,26764.150390625,25544.80078125,26436.599609375,26436.599609375,2574700,0.019682670213177822,0.023847007721095048,0.05901651913919115,0.2098410009558569,0.6075817114249793
2024-10-18,26501.150390625,26626.099609375,24699.349609375,25146.900390625,25146.900390625,2017500,-0.04878461064609252,-0.04726924132807364,-0.04204835912852911,0.1636858123784477,0.5242532200278469
2024-10-25,25161.55078125,25359.55078125,23519.80078125,23799.30078125,23799.30078125,2424900,-0.05358909402120182,-0.13804221974231057,-0.07447752122583073,0.07632888424231044,0.4718955669463636
2024-11-01,23807.05078125,24224.05078125,23264.30078125,23805.599609375,23805.599609375,1951100,0.0002646644194674863,-0.0817972910893906,-0.06079899148409729,0.05608581659521383,0.4836401105505679
2024-11-08,23883.75,24243.80078125,23258.150390625,23805.19921875,23805.19921875,2406700,-1.6819178326521467e-05,-0.09953626523480152,-0.07001312315430608,0.04194436933415391,0.461634274179211
2024-11-15,23740.19921875,24077.099609375,22659.05078125,22914.5,22914.5,2619000,-0.03741616319045327,-0.08877437600449789,-0.1135829709635211,-0.01593901756656224,0.35544645233799654
2024-11-22,23044.75,23713.19921875,22854.55078125,23554.099609375,23554.099609375,1742100,0.027912440130703375,-0.01030287293432497,-0.10005429658682219,-0.014120098211131027,0.38225448123531236
2024-11-29,23914.55078125,24111.94921875,23091.80078125,23368.55078125,23368.55078125,2614600,-0.007877559796475864,-0.018359076658286844,-0.08456093125724518,-0.002179748115956892,0.33618176729770877
2024-12-06,23433.0,23982.5,23353.75,23960.25,23960.25,2751900,0.025320321499130216,0.0065133158443755335,-0.07205803207573214,-0.042363740171808106,0.34842229075909636
2024-12-13,23948.5,23986.05078125,23292.099609375,23773.099609375,23773.099609375,1946800,-0.007810869695641709,0.03746970736324151,-0.09931789306060901,-0.0757714195030037,0.3179271608595624
2024-12-20,23805.05078125,23834.0,22531.650390625,22580.0,22580.0,2396800,-0.05018696042919435,-0.041355841468348475,-0.18220258413842438,-0.10012237630784715,0.27004480051570967
2024-12-27,22699.94921875,23461.94921875,22488.30078125,23099.05078125,23099.05078125,1224300,0.022987191375110738,-0.011532593635041999,-0.109049494714058,-0.08339281051642888,0.2406705132893534
2025-01-03,23072.25,24173.25,22641.0,24005.0,24005.0,2182500,0.03922019252346853,0.0018676766728227268,-0.0919785314792414,-0.05485803137974443,0.30412702913026
2025-01-10,24087.44921875,24169.69921875,22896.05078125,23017.75,23017.75,1927900,-0.041126848573213914,-0.03177329089544245,-0.08466850218322597,-0.08461567738322429,0.22989607168805604
2025-01-17,22789.69921875,23063.69921875,22351.0,22791.099609375,22791.099609375,1546700,-0.009846765675402658,0.009348964099867185,-0.04236263834563159,-0.08701756911597358,0.21912745314671955
2025-01-24,22805.75,22881.94921875,22120.05078125,22171.05078125,22171.05078125,1754700,-0.02720574429282674,-0.0401748110252772,-0.06866236746590038,-0.1554110389023864,0.1910378415141012
2025-01-31,22055.150390625,22951.400390625,21835.599609375,22867.599609375,22867.599609375,2693100,0.031417041754018715,-0.0473818117319309,-0.0393863374449942,-0.11071011419133125,0.17992825826862058
2025-02-07,23299.75,23800.900390625,23096.099609375,23459.94921875,23459.94921875,2837000,0.025903445026742355,0.019211226933562253,0.023803670983438385,-0.07443591728289423,0.1984036176312831
2025-02-14,23525.849609375,23636.30078125,21874.55078125,22069.30078125,22069.30078125,2870500,-0.05927755531493417,-0.03167020637425022,-0.06303780882093324,-0.13782867687336098,0.08058636642967265
2025-02-21,22012.80078125,22092.80078125,21435.5,21505.900390625,21505.900390625,2745900,-0.02552869237722577,-0.030000850983008753,-0.07970756971885129,-0.1680727778911928,0.04289490251636385
2025-02-28,21409.94921875,21786.30078125,20460.099609375,20498.599609375,20498.599609375,2300400,-0.04683834496365047,-0.10359635643737541,-0.14447471919637733,-0.21679762969578542,-0.01788762541831057
2025-03-07,20591.5,21197.0,20174.849609375,21009.69921875,21009.69921875,2424300,0.024933391505498337,-0.10444396009355705,-0.1162406432493659,-0.17696652790254497,-0.005542796740144795
2025-03-14,20946.400390625,21023.94921875,20480.75,20554.05078125,20554.05078125,1789500,-0.02168752787728434,-0.06865872258569017,-0.08972317177812228,-0.20397465256963265,0.017915244226943683
2025-03-21,20539.0,21993.94921875,20538.05078125,21756.0,21756.0,1946000,0.05847748609468528,0.011629348450066468,-0.05814311566171293,-0.17573895535078043,0.033715960744103546
2025-03-28,21891.099609375,22092.400390625,21200.75,21295.5,21295.5,3252900,-0.02116657473800332,0.038875845463147485,-0.1128723182670277,-0.2287243193321442,-0.005770532451368826
2025-04-04,21177.0,21543.80078125,20507.55078125,20593.150390625,20593.150390625,2044900,-0.03298112790847829,-0.019826501264390006,-0.10533608234406056,-0.20570425513546287,-0.046653147867733
2025-04-11,19336.150390625,20637.94921875,19316.650390625,20548.650390625,20548.650390625,2719000,-0.0021609126896998676,-0.00026274094009370863,-0.09839144478257555,-0.22271961242178828,-0.05961431786901983
2025-04-18,21023.94921875,21414.599609375,20929.75,21373.099609375,21373.099609375,1787100,0.04012181837139739,-0.017599760554559696,-0.035990679005156845,-0.15007021631409123,-0.010948769206824971
2025-04-25,21463.44921875,22541.900390625,21272.150390625,21994.5,21994.5,2493000,0.02907394818636555,0.03282383602169481,-0.03818064091943685,-0.07583419352689102,-0.005293648663903583
2025-05-02,22003.44921875,22687.94921875,21919.94921875,22286.5,22286.5,1924800,0.013276046284298237,0.0822287788538607,-0.05001925655542927,-0.06381270097379765,-0.011305871821845503
2025-05-09,22443.19921875,23242.099609375,22220.69921875,22627.80078125,22627.80078125,3047900,0.015314238720750328,0.10118184654957085,0.025306646800269172,-0.049459717882664456,-0.009589905222544104
2025-05-16,23135.900390625,24009.75,22947.650390625,23953.150390625,23953.150390625,2581100,0.05857173758013734,0.12071486253300856,0.11379435204055999,0.04532721161818931,0.028665722829401385
2025-05-23,23943.44921875,24174.150390625,23291.400390625,23515.25,23515.25,2019000,-0.018281536394327058,0.06914228557139279,0.14716373060164267,-0.001649377816146158,-0.015746186650525962
2025-05-30,23574.400390625,23839.849609375,23291.05078125,23325.599609375,23325.599609375,2965100,-0.008064995720861945,0.046624620706481545,0.11023005929367069,-0.001837990394742972,-0.0040137321545997695
2025-06-06,23274.099609375,23677.69921875,23147.19921875,23661.30078125,23661.30078125,1975600,0.014391963229107185,0.04567390397286797,0.151174580284414,-0.012476882284199853,-0.05431205505676584
2025-06-13,23789.80078125,23984.69921875,22915.650390625,23327.400390625,23327.400390625,1788500,-0.014111666713167104,-0.026123912295265783,0.07222836875459637,-0.01874804825931231,-0.09309890153279698
2025-06-20,23302.69921875,23720.25,23074.25,23679.349609375,23679.349609375,2115500,0.015087374197574333,0.006978433543126217,0.11194147164307022,0.048686873754428595,-0.05631014804871204
2025-06-27,23526.0,24142.69921875,23360.849609375,24007.94921875,24007.94921875,2105000,0.01387705383786808,0.02925325054026695,0.16582207012286876,0.03934786957729752,-0.04732627037101589
2025-07-04,24074.80078125,24202.30078125,23745.80078125,23980.400390625,23980.400390625,1282600,-0.001147487770570832,0.01348613976573354,0.1670061018491844,-0.0010247702301603434,-0.055826584732461604
2025-07-11,23969.5,24012.650390625,23433.30078125,23493.80078125,23493.80078125,1379900,-0.020291554830136782,0.0071332590789616734,0.09922291153992391,0.02068189902357953,-0.06568379125509638
2025-07-18,23518.5,24182.25,23447.80078125,23894.349609375,23894.349609375,2132900,0.01704912848519058,0.009079641271687588,0.08637839502489264,0.048407054460250176,-0.042822778862918964
2025-07-25,23866.80078125,24226.400390625,23675.900390625,23781.55078125,23781.55078125,2254600,-0.004720732305713904,-0.00943014480067228,0.0670832468646938,0.07263976867357114,-0.09406029214400391
2025-08-01,23777.69921875,23981.599609375,23378.900390625,23410.94921875,23410.94921875,2264900,-0.015583574255056187,-0.023746524770187905,0.03461001115711326,0.02376067530726944,-0.08957998596059269
2025-08-08,23457.25,23927.849609375,23416.05078125,23474.650390625,23474.650390625,1985500,0.002720999105152888,-0.0008151252665887787,-0.019976495458705057,0.00062664977395821,-0.07385591275967573
2025-08-15,23526.599609375,24233.349609375,23440.19921875,24118.80078125,24118.80078125,1829200,0.027440254909280926,0.009393483210228704,0.025666356141227586,0.09286655795371868,-0.05776179372818668
2025-08-22,24804.650390625,25562.5,24782.30078125,25329.44921875,25329.44921875,3778200,0.050195216938031084,0.06508820437060825,0.08590774269183687,0.17779068807515674,-0.020163864644014207
2025-08-29,25458.650390625,25589.5,24891.75,24960.849609375,24960.849609375,2371000,-0.014552215730855522,0.06620408152368618,0.05492296641420524,0.2176856021890976,-0.04630575008018378
2025-09-05,24998.650390625,26729.650390625,24998.650390625,26320.599609375,26320.599609375,2781500,0.05447530918536092,0.1212349990901922,0.12831259242898452,0.2527832662109373,0.031082561375177953
2025-09-12,26440.0,27330.5,26440.0,26866.650390625,26866.650390625,3941400,0.020746137601497017,0.11392977761610701,0.13460254752892786,0.3071219233891129,0.040502183199668584
2025-09-19,26915.05078125,27418.0,26737.19921875,27219.55078125,27219.55078125,3228900,0.013135258228846425,0.07462071307499496,0.13377242400995115,0.25112846025234425,0.03125645163796675
2025-09-26,27256.05078125,27725.75,26463.69921875,26484.55078125,26484.55078125,3594100,-0.027002649893337005,0.06104364217244895,0.10442487822697011,0.24366888691272814,-0.04078843272095112
2025-10-03,26612.400390625,26869.650390625,26328.05078125,26753.099609375,26753.099609375,2604700,0.010139829455409144,0.016431996474956856,0.13873016369178504,0.29912612212817646,0.03189035084877756
2025-10-10,26778.19921875,27087.349609375,26365.650390625,26721.19921875,26721.19921875,2209800,-0.0011923998000523683,-0.005413818610069621,0.11830619605004355,0.30038706731519116,0.010765363684445806
2025-10-17,26662.05078125,27300.69921875,26495.94921875,27228.599609375,27228.599609375,3368300,0.018988683347301416,0.0003324385548357789,0.14494634348415758,0.27396587799701133,0.08278154310922847
2025-10-24,27375.80078125,27480.75,27018.650390625,27108.69921875,27108.69921875,1419200,-0.0044034725378868655,0.023566510251775696,0.15794959723540147,0.232521731285094,0.13905443978872145
2025-10-31,27179.69921875,27412.650390625,26774.400390625,26809.849609375,26809.849609375,2157200,-0.01102412207105452,0.0021212495310305446,0.1420766300350087,0.20296366003522315,0.12619929971505028
2025-11-07,26849.849609375,26991.400390625,26285.349609375,26779.55078125,26779.55078125,1178400,-0.001130137936857567,0.0021837179545092233,0.1103185031516356,0.18348004917208982,0.12494545982027616
2025-11-14,26772.30078125,27554.19921875,26722.0,27239.80078125,27239.80078125,4076300,0.017186621379857048,0.0004113752464576237,0.07542017775443255,0.1372116125447682,0.18875824396124719
2025-11-21,27258.19921875,27720.099609375,27116.05078125,27537.849609375,27537.849609375,2775600,0.01094166695705634,0.015830726039712584,0.10324167808102613,0.1710634422077162,0.16913191614483902
2025-11-28,27547.900390625,27832.599609375,27335.55078125,27774.599609375,27774.599609375,4275900,0.008597258077820413,0.03598490905605978,0.055241902600201565,0.1907346466760007,0.18854608783272253
2025-12-05,27929.30078125,28099.650390625,27581.099609375,27939.099609375,27939.099609375,2850700,0.0059226776376093415,0.043299786377928084,0.03991748890007618,0.1807930539268945,0.16606043799104775
2025-12-12,27914.0,27960.05078125,27116.5,27820.849609375,27820.849609375,2128800,-0.004232419857951419,0.02133087656518229,0.022090696240997465,0.192625373745283,0.17026597568302604
2025-12-19,27706.05078125,27769.0,27013.75,27657.25,27657.25,2817700,-0.005880467766874786,0.0043358647214177815,0.044278614669961636,0.16799027237851538,0.224856067316209
2025-12-26,27722.900390625,27992.05078125,27661.900390625,27739.849609375,27739.849609375,1414000,0.0029865445543211244,-0.0012511431483703817,0.03688357664747821,0.15544436372392934,0.2009086378515621
2026-01-02,27738.900390625,28867.05078125,27516.849609375,28803.650390625,28803.650390625,2278800,0.03834919064919795,0.030944117503339363,0.07793254916544923,0.20113300534738454,0.19990212000104135
2026-01-09,28869.650390625,29179.099609375,28034.849609375,28087.650390625,28087.650390625,2244500,-0.024857960372725696,0.009589958070874038,0.031549576312188465,0.19553454343757237,0.22026046814414957
2026-01-16,28055.44921875,28165.55078125,27492.650390625,27596.25,27596.25,1633800,-0.017495247334359365,-0.002205569968091514,0.017985030462574825,0.15492785747022597,0.21083451316444712
2026-01-23,27615.55078125,27751.150390625,26602.94921875,26804.55078125,26804.55078125,2715900,-0.028688652217239707,-0.03371679519880688,-0.0001976448283822485,0.12711534364627775,0.20898874147717605
2026-01-30,26619.05078125,26812.150390625,26170.44921875,26750.349609375,26750.349609375,2252000,-0.002022088425108537,-0.07128613052178645,-0.0010904279953585228,0.14264267370886663,0.169792635271093
2026-02-06,26177.69921875,28095.849609375,26006.69921875,27519.55078125,27519.55078125,3133500,0.028754808184092706,-0.02022595701221841,0.010269898897078633,0.17230929207961276,0.17304391943250352
2026-02-13,27673.94921875,28811.25,27479.05078125,28234.30078125,28234.30078125,4335000,0.02597244430628498,0.023120923359152057,0.025290688334571376,0.17063452023698455,0.27934731875319585
2026-02-20,28204.150390625,28496.849609375,27617.44921875,27846.80078125,27846.80078125,1880500,-0.013724441168287527,0.03888332277999096,0.0025995396113875913,0.09938437826893387,0.2948446833404459
2026-02-27,27974.05078125,28719.599609375,27772.94921875,28158.849609375,28158.849609375,2291700,0.011205913044600502,0.052653517451838106,0.00786532146963892,0.1281206389224374,0.37369625954821806
2026-03-06,27196.400390625,27951.849609375,26607.19921875,27076.400390625,27076.400390625,2490900,-0.03844081820692058,-0.016103111353363175,-0.02675868024171113,0.028715180978658106,0.28875716442721866
2026-03-13,26478.44921875,26851.650390625,24100.599609375,24195.099609375,24195.099609375,3729200,-0.10641373076487781,-0.14306007445232627,-0.12518057256686765,-0.09943743423192886,0.17714507309899563
2026-03-20,24085.94921875,25703.69921875,23863.400390625,24715.900390625,24715.900390625,3099500,0.02152505216586098,-0.11243303728926446,-0.10901101705064842,-0.0919798570794057,0.13604984329035674
2026-03-27,24433.44921875,25267.94921875,23865.650390625,24351.94921875,24351.94921875,2696400,-0.014725385930631552,-0.13519374702571507,-0.15455336776771667,-0.0805224744083557,0.14352559079382976
2026-04-03,23969.099609375,24646.5,23560.099609375,24089.650390625,24089.650390625,3311600,-0.010771163563491726,-0.11030823731776918,-0.14234013683588287,-0.09955665914003686,0.16978946560754382
2026-04-10,24151.94921875,26678.55078125,23839.099609375,26640.900390625,26640.900390625,4725400,0.10590647679108178,0.10108661756872084,-0.03461881992571458,-0.003005060793403902,0.2964793251229527
2026-04-17,26041.599609375,26729.400390625,25910.44921875,26435.0,26435.0,2710100,-0.007728732422927265,0.06955439948394804,-0.013786867172887018,-0.029145810682887907,0.2368351097004513
2026-04-24,26447.099609375,26746.099609375,25559.80078125,25652.849609375,25652.849609375,3043100,-0.02958768264138456,0.05342079103973174,-0.04102750117386755,-0.05370414853280925,0.16633020115824415
2026-05-01,25779.900390625,26484.80078125,25441.55078125,25917.599609375,25917.599609375,2148100,0.010320490862864906,0.07588110201306142,-0.05821138522967695,-0.033280679041481576,0.16292821256702483
2026-05-08,26133.5,27533.19921875,25805.80078125,27259.849609375,27259.849609375,3088300,0.05178913249028194,0.02323304429184425,-0.03451302652843169,0.01793528323340232,0.20470609905507198
2026-05-15,26874.19921875,26978.0,25603.150390625,26070.69921875,26070.69921875,3287000,-0.043622778836462706,-0.013781001749574417,-0.06378117100244773,-0.04291887344876355,0.0884037712614949
2026-05-22,25909.30078125,26235.19921875,25325.599609375,26017.099609375,26017.099609375,4006700,-0.0020559329431583118,0.014199202254196353,-0.07605957024916743,-0.055223992489314644,0.10639264347072652
2026-05-29,26400.44921875,27033.599609375,26210.19921875,26338.44921875,26338.44921875,4557500,0.012351477074685313,0.01623798560507006,-0.027254404619105554,-0.051707330108198724,0.1291649372290553
2026-06-05,26439.19921875,26548.099609375,25581.150390625,26165.94921875,26165.94921875,3871500,-0.006549360540073046,-0.04012862896531877,0.08145656108856625,-0.0634648365701097,0.10585421573630338
2026-06-12,25798.599609375,26322.0,25516.599609375,26293.849609375,26293.849609375,3180500,0.00488804703990442,0.008559432516658694,0.06384348511731885,-0.05488689315532025,0.12716587228220178
2026-06-19,26692.0,27133.55078125,26462.05078125,26583.349609375,26583.349609375,3781500,0.011010179349956406,0.02176453211548446,0.09163128464915293,-0.038828892627611244,0.12263850350223571
2026-06-26,26710.30078125,27258.19921875,26241.599609375,26977.75,26977.75,3383800,0.014836369246933101,0.024272529333082105,0.1198896439982775,-0.02747309809197518,0.12370072737952187
2026-07-03,26858.19921875,27308.80078125,26067.69921875,26988.099609375,26988.099609375,4543500,0.0003836350094059693,0.031420621654186576,0.013032563226435867,-0.06303196840081504,0.12542322770915204
2026-07-10,27047.5,27452.80078125,26613.900390625,26860.75,26860.75,2766100,-0.0047187320047819,0.02156018989409869,0.016105541895214737,-0.043681132937859024,0.1433122401138731
2026-07-17,26631.599609375,27120.75,26490.0,27099.75,27099.75,2468000,0.008897741127853909,0.01942570812983191,0.05640310580140073,-0.017991574942247568,0.13414888636966094
