Date,Open,High,Low,Close,Adj Close,Volume,Return_1W,Return_4W,Return_12W,Return_26W,Return_52W
2011-02-04,8707.9501953125,8709.9501953125,8188.75,8230.0498046875,8230.0498046875,0.0,,,,,
2011-02-11,8332.599609375,8396.0,8111.89990234375,8186.75,8186.75,0.0,-0.005261183797798941,,,,
2011-02-18,8191.35009765625,8574.7998046875,8191.35009765625,8410.0,8410.0,0.0,0.027269673557883234,,,,
2011-02-25,8413.349609375,8494.900390625,8104.64990234375,8357.849609375,8357.849609375,0.0,-0.006200997696194976,,,,
2011-03-04,8348.25,9047.5498046875,8310.7998046875,8926.150390625,8926.150390625,0.0,0.06799605255071084,0.08458036129271407,,,
2011-03-11,8882.7998046875,8966.25,8738.0,8838.75,8838.75,0.0,-0.00979149877608998,0.07964088313433293,,,
2011-03-18,8850.150390625,8922.2001953125,8575.7998046875,8649.5498046875,8649.5498046875,63206000.0,-0.02140576385942583,0.02848392445749104,,,
2011-03-25,8672.2998046875,8948.7998046875,8611.5498046875,8930.0,8930.0,54926000.0,0.032423675410310215,0.06845665061778794,,,
2011-04-01,8905.7998046875,9289.7001953125,8905.7998046875,9209.4501953125,9209.4501953125,108202000.0,0.031293414928611485,0.03173818413199103,,,
2011-04-08,9231.400390625,9347.599609375,9166.2998046875,9283.0498046875,9283.0498046875,78425000.0,0.007991748455565828,0.050267266829302715,,,
2011-04-15,9286.5498046875,9556.4501953125,9260.0498046875,9488.0498046875,9488.0498046875,59731000.0,0.022083259738247207,0.09694146157128158,,,
2011-04-22,9497.5,9624.5,9319.099609375,9520.25,9520.25,58332000.0,0.0033937633102001374,0.06609742441209399,,,
2011-04-29,9521.75,9654.25,9329.9501953125,9585.4501953125,9585.4501953125,75220000.0,0.006848580164648954,0.04082762727696587,0.16468920878862958,,
2011-05-06,9612.5,9648.5498046875,9046.7001953125,9262.0,9262.0,61606000.0,-0.033743871046419294,-0.0022675527041631227,0.13134027544507898,,
2011-05-13,9267.75,9733.0498046875,9200.7001953125,9619.150390625,9619.150390625,78607000.0,0.038560828182357954,0.013817442850345252,0.14377531398632581,,
2011-05-20,9643.7998046875,9710.650390625,9487.2998046875,9564.25,9564.25,86169000.0,-0.005707405373192476,0.0046217273706048445,0.14434339537191243,,
2011-05-27,9574.150390625,9642.599609375,9446.7998046875,9606.75,9606.75,101585000.0,0.004443631230885758,0.002222097476226592,0.0762478313260131,,
2011-06-03,9607.5498046875,10061.650390625,9542.650390625,9898.5,9898.5,106041000.0,0.030369271605902082,0.06872165838911681,0.119898175647009,,
2011-06-10,9900.4501953125,9964.900390625,9780.75,9828.400390625,9828.400390625,54064000.0,-0.007081841630044994,0.021753480453319263,0.13629039806194765,,
2011-06-17,9802.0,10021.4501953125,9753.4501953125,9874.400390625,9874.400390625,69298000.0,0.0046803140055098336,0.03242809322476936,0.10575592280235169,,
2011-06-24,9901.900390625,9973.0,9510.4501953125,9939.0,9939.0,70989000.0,0.006542129832646015,0.034585057381528506,0.07921751996213988,,
2011-07-01,9864.5,10462.75,9808.2001953125,10313.0498046875,10313.0498046875,95341000.0,0.03763455123126058,0.04188006310930947,0.11095491478241337,,
2011-07-08,10379.75,10499.25,10104.5498046875,10319.5,10319.5,86281000.0,0.0006254401398864129,0.049967399562134585,0.08763130595095836,,
2011-07-15,10320.099609375,10456.650390625,10249.0,10298.25,10298.25,61366000.0,-0.002059208294975523,0.04292408577815143,0.08172054305296594,,
2011-07-22,10320.75,10534.25,10265.849609375,10473.0498046875,10473.0498046875,54843000.0,0.016973738711674402,0.05373275024524604,0.0925986355663353,,
2011-07-29,10459.349609375,10518.2001953125,10142.0,10435.75,10435.75,98637000.0,-0.0035615036100378195,0.011897566446031238,0.1267274886633556,,
2011-08-05,10490.349609375,10552.0,9733.5,9967.849609375,9967.849609375,90743000.0,-0.04483629740315742,-0.03407630123794758,0.03625052157307462,0.21115301194140046,
2011-08-12,9856.2001953125,10128.150390625,9680.2998046875,9969.4501953125,9969.4501953125,106863000.0,0.00016057484815923395,-0.03192773575000607,0.04236612335651002,0.21775432196079025,
2011-08-19,10066.150390625,10210.599609375,9920.599609375,9950.2998046875,9950.2998046875,67571000.0,-0.0019209073970803958,-0.04991382737109007,0.035761293328909316,0.18315098747770509,
2011-08-26,9926.2998046875,10162.4501953125,9822.150390625,9892.0,9892.0,78157000.0,-0.005859100311734866,-0.05210454447452273,-0.0006566651512855959,0.183558027761608,
2011-09-02,9926.349609375,10271.349609375,9876.0498046875,10148.9501953125,10148.9501953125,58254000.0,0.02597555553098463,0.018168470937520054,0.032614646529181224,0.13699072401600887,
2011-09-09,10149.5,10169.25,10033.599609375,10059.2001953125,10059.2001953125,82383000.0,-0.008843279183836428,0.009002502469213303,0.01871504064823548,0.1380795016617169,
2011-09-16,9999.099609375,10256.849609375,9941.75,10023.099609375,10023.099609375,78753000.0,-0.003588812752163162,0.007316342835540057,0.00846157655448243,0.1588001498000653,
2011-09-23,10025.2998046875,10089.599609375,9648.5498046875,9743.150390625,9743.150390625,63604000.0,-0.027930403733407272,-0.015047473652951893,-0.055260027329982364,0.09105827442609193,
2011-09-30,9782.4501953125,10100.650390625,9470.25,9947.650390625,9947.650390625,82204000.0,0.02098910432469281,-0.01983454454042688,-0.036033684710984004,0.0801568149734102,
2011-10-07,9857.400390625,9917.5498046875,9573.349609375,9896.650390625,9896.650390625,85917000.0,-0.005126838800855293,-0.016159316996518958,-0.038996879020707365,0.06609902982828553,
2011-10-14,9864.099609375,10193.900390625,9842.5,10164.400390625,10164.400390625,72177000.0,0.027054608320168372,0.01409751341968457,-0.029470824623058278,0.0712844683428362,
2011-10-21,10161.599609375,10262.150390625,10055.75,10077.25,10077.25,51744000.0,-0.008574080838588571,0.03429071665531058,-0.03435306518458181,0.05850686694151941,
2011-10-28,10098.400390625,10608.150390625,10098.400390625,10592.099609375,10592.099609375,57135000.0,0.05109028845915309,0.0647840639189885,0.06262634614921136,0.10501848046268858,
2011-11-04,10587.599609375,10684.400390625,10517.900390625,10605.7001953125,10605.7001953125,99521000.0,0.0012840311589841225,0.07164543322245431,0.06381996875807205,0.1450766783969446,
2011-11-11,10587.5498046875,10862.349609375,10579.2001953125,10744.5498046875,10744.5498046875,54546000.0,0.013091979484425531,0.05707659987475444,0.0798217154849783,0.1169957187860724,
2011-11-18,10768.9501953125,10861.900390625,10228.150390625,10306.349609375,10306.349609375,75601000.0,-0.04078348588614922,0.02273433817509729,0.041887344255459036,0.07759098825051614,
2011-11-25,10269.25,10341.4501953125,9841.650390625,9909.400390625,9909.400390625,82843000.0,-0.038515015868365476,-0.06445362524213305,-0.023603407256657993,0.031503931155177245,
2011-12-02,9990.900390625,10482.599609375,9968.599609375,10458.099609375,10458.099609375,75389000.0,0.05537158628377847,-0.013917099599207616,0.039655181954563634,0.05653377879224131,
2011-12-09,10446.400390625,10558.5498046875,10118.650390625,10143.900390625,10143.900390625,51116000.0,-0.03004362460540544,-0.0559027064866372,0.012052237926181153,0.032100849320398694,
2011-12-16,10194.4501953125,10376.150390625,9988.2998046875,10043.2001953125,10043.2001953125,81593000.0,-0.009927167207356202,-0.025532746708216703,0.030795973854228054,0.017094689096034843,
2011-12-23,10015.900390625,10437.650390625,9912.9501953125,10370.5498046875,10370.5498046875,74638000.0,0.03259415355752693,0.04653656082953117,0.04251249264460033,0.04341984150191158,
2011-12-30,10354.9501953125,10471.349609375,10167.150390625,10217.150390625,10217.150390625,54868000.0,-0.014791830418977692,-0.02303948401237299,0.03238469455318005,-0.009298841359120735,
2012-01-06,10236.75,10260.7001953125,10056.099609375,10206.75,10206.75,62546000.0,-0.0010179345734739886,0.006195803089025453,0.004166464104863543,-0.010925916953340775,
2012-01-13,10183.2001953125,10400.9501953125,10115.0,10354.75,10354.75,69979000.0,0.014500208195556752,0.031020969275601162,0.027537274554069846,0.005486369043284034,
2012-01-20,10345.5498046875,10528.5498046875,10164.849609375,10211.650390625,10211.650390625,106936000.0,-0.013819706837441714,-0.015322178385438812,-0.03591820628398046,-0.024959244817636894,
2012-01-27,10221.5498046875,10471.900390625,10133.0498046875,10257.849609375,10257.849609375,86958000.0,0.0045241676891341065,0.003983421716816871,-0.03279845550331917,-0.017047207016745336,
2012-02-03,10253.0,10490.5,10163.5,10466.099609375,10466.099609375,158277000.0,0.02030152594649781,0.025409617103877347,-0.02591548276792588,0.049985705997348084,0.2716933503141059
2012-02-10,10528.599609375,10576.900390625,10421.9501953125,10496.150390625,10496.150390625,128250000.0,0.0028712493069606992,0.013655606424587852,0.018415907517570718,0.052831418482851555,0.2820900101536019
2012-02-17,10501.5498046875,10562.7001953125,10456.0498046875,10545.5498046875,10545.5498046875,104869000.0,0.004706431617693241,0.03269788930191364,0.06419655972972316,0.05982231808930849,0.25392982219827576
2012-02-24,10554.7001953125,10700.9501953125,10454.099609375,10629.5,10629.5,96846000.0,0.007960722472258874,0.036230828563263096,0.01638924824079413,0.07455519611807526,0.2717984286384969
2012-03-02,10662.400390625,10753.25,10404.75,10482.2001953125,10482.2001953125,99864000.0,-0.013857641910484997,0.0015383558859958235,0.03335007163518244,0.032835908501543276,0.1743248473969019
2012-03-09,10459.0498046875,10692.0498046875,10389.349609375,10561.599609375,10561.599609375,66012000.0,0.0075746897200079655,0.00623554506311752,0.051616955151850386,0.04994427035030213,0.1949200519728469
2012-03-16,10629.2001953125,11149.4501953125,10520.650390625,10894.599609375,10894.599609375,127607000.0,0.0315293149064666,0.03309925145224257,0.05053249968006801,0.08694915085796939,0.2595568388392686
2012-03-23,10923.0,11363.599609375,10877.9501953125,11165.900390625,11165.900390625,123073000.0,0.02490231775168139,0.05046336992567846,0.09285857247149343,0.14602566346189128,0.25038078282474796
2012-03-30,11180.900390625,11448.2998046875,11102.0,11426.0498046875,11426.0498046875,96184000.0,0.023298561241055227,0.09004308177562548,0.11946014203223365,0.14861795057210636,0.2406875071112522
2012-04-06,11430.25,11514.849609375,11386.0498046875,11431.349609375,11431.349609375,55178000.0,0.00046383525173543383,0.08235021513483298,0.10397156950916253,0.15507259104593674,0.23142176869531728
2012-04-13,11391.75,11976.349609375,11360.2998046875,11822.400390625,11822.400390625,96335000.0,0.034208627556040705,0.08516153089752931,0.15773650079900703,0.16311832831076134,0.2460305999642025
2012-04-20,11806.099609375,12242.599609375,11774.349609375,12175.0498046875,12175.0498046875,93760000.0,0.029828918190095033,0.09037779119987421,0.1869007899628694,0.20817185290505846,0.2788582027454636
2012-04-27,12180.0498046875,12329.2998046875,11861.7001953125,12115.650390625,12115.650390625,79024000.0,-0.0048787820185861586,0.06035336776272349,0.15760893196281223,0.14383841140443154,0.26396258326498057
2012-05-04,12208.75,12307.099609375,11965.7998046875,11990.650390625,11990.650390625,69509000.0,-0.010317233988257346,0.048926924673120764,0.14238553606614324,0.13058545591592519,0.29460703850410286
2012-05-11,11873.2001953125,12074.349609375,11499.7001953125,11769.400390625,11769.400390625,83318000.0,-0.018451876486448637,-0.004483015144879365,0.11605374860526463,0.09538329707312543,0.22353845326045363
2012-05-18,11772.5,11976.099609375,11528.150390625,11935.650390625,11935.650390625,87308000.0,0.014125613411234417,-0.019663115790321428,0.12287975827884656,0.1580870864081627,0.2479442079227332
2012-05-25,11933.900390625,11999.2998046875,11573.7001953125,11668.7001953125,11668.7001953125,71840000.0,-0.022365785405559446,-0.036890317969091146,0.11319188509017275,0.17753847209079598,0.21463556304811715
2012-06-01,11699.25,11812.7001953125,11572.2998046875,11687.400390625,11687.400390625,102042000.0,0.0016025945477640136,-0.025290538054307588,0.10659377583777019,0.1175453310989707,0.18072439163762177
2012-06-08,11635.25,11957.7998046875,11340.400390625,11909.9501953125,11909.9501953125,86410000.0,0.019041856807268998,0.011941968156632399,0.09319760453277892,0.17409967928309755,0.21178927617489252
2012-06-15,11875.599609375,12320.2998046875,11806.599609375,12289.7998046875,12289.7998046875,83269000.0,0.0318934674911151,0.029671563967780923,0.10065461581639545,0.22369360021555318,0.2446122618600457
2012-06-22,12278.650390625,12474.9501953125,12070.25,12395.7998046875,12395.7998046875,60133000.0,0.008625038787008599,0.0623119625326467,0.0848718513026403,0.195288585286441,0.24718782620862267
2012-06-29,12380.099609375,12770.349609375,12239.25,12729.099609375,12729.099609375,84587000.0,0.026888124198445107,0.08913010455135906,0.11352552798627547,0.24585614605956096,0.2342711274010676
2012-07-06,12729.4501953125,12784.900390625,12257.7001953125,12548.7001953125,12548.7001953125,88019000.0,-0.014172205387538606,0.05363162645729602,0.061434208002585144,0.22945111767335336,0.21601823686346244
2012-07-13,12491.400390625,12694.849609375,12409.7001953125,12523.349609375,12523.349609375,73800000.0,-0.0020201762368161624,0.019003548340829735,0.028607669806278935,0.20943041689804187,0.21606579849731755
2012-07-20,12504.2001953125,12674.0,12449.7001953125,12589.349609375,12589.349609375,56124000.0,0.005270155514191854,0.015614144124391993,0.03909812543918778,0.2328418157492831,0.2020710150485765
2012-07-27,12545.599609375,12820.099609375,12425.7998046875,12724.650390625,12724.650390625,107317000.0,0.010747241553228815,-0.0003495313012338297,0.061214360863517836,0.24047932804508143,0.21933262013990373
2012-08-03,12767.650390625,13050.75,12700.4501953125,12987.25,12987.25,89701000.0,0.020637078529754493,0.034947827094579775,0.10347592646649084,0.2408872918013012,0.30291391914512644
2012-08-10,13031.2998046875,13390.0498046875,12935.849609375,13359.650390625,13359.650390625,69733000.0,0.028674306772026315,0.06677932081557025,0.11930644358672726,0.27281430747768565,0.3400588928070001
2012-08-17,13332.349609375,13444.75,13112.5498046875,13306.2001953125,13306.2001953125,82997000.0,-0.004000867818368059,0.05694103414235774,0.1403326825260116,0.26178344816103283,0.33726625895674656
2012-08-24,13303.5,13543.0498046875,13236.349609375,13490.75,13490.75,71950000.0,0.013869459498476067,0.06020594561398962,0.15429860782570182,0.26918011195258473,0.3638040841083705
2012-08-31,13498.849609375,13905.900390625,13488.9501953125,13641.599609375,13641.599609375,103392000.0,0.01118170667865015,0.05038400041386737,0.14539518517416128,0.3014061318419907,0.3441389845105016
2012-09-07,13694.9501953125,13834.4501953125,13535.650390625,13660.75,13660.75,83445000.0,0.0014038229513670952,0.022537985693569684,0.11155187367572905,0.29343570152707166,0.35803540388487254
2012-09-14,13729.099609375,14042.5498046875,13650.5498046875,13857.2001953125,13857.2001953125,77596000.0,0.014380630295737884,0.041409267252277226,0.11789480417974874,0.2719329477136663,0.3825264374656434
2012-09-21,13897.4501953125,13921.75,13219.25,13575.150390625,13575.150390625,105118000.0,-0.02035402539561415,0.006256167420269465,0.06646587796570325,0.21576853775471894,0.393301945096445
2012-09-28,13573.9501953125,14162.9501953125,13297.0,14136.0,14136.0,142741000.0,0.04131443064986762,0.03624211271273725,0.12649117278938804,0.23717297243013524,0.42103908409590285
2012-10-05,14095.349609375,14541.900390625,13980.0498046875,14419.25,14419.25,96142000.0,0.0200374929258631,0.05552403784565274,0.1513892408789519,0.2613777456490862,0.4569828609545725
2012-10-12,14408.099609375,14782.4501953125,14362.75,14710.5,14710.5,100106000.0,0.02019869271980168,0.061578081622588376,0.16848768653191004,0.24429045827827167,0.4472570377656546
2012-10-19,14698.9501953125,15106.7998046875,14605.4501953125,15063.349609375,15063.349609375,91933000.0,0.02398624175758801,0.10962672058334988,0.18379280742149562,0.23723104636298742,0.4947877257560347
2012-10-26,15078.0,15078.0,14809.2001953125,14913.25,14913.25,50689000.0,-0.009964557237759575,0.05498372948500285,0.14829929353789284,0.23090791820303447,0.40795975774249493
2012-11-02,14635.5,14741.2001953125,14330.25,14502.25,14502.25,100354000.0,-0.027559385110556,0.005756193976801827,0.08552616093732568,0.2094631673473457,0.3674014664689178
2012-11-09,14544.400390625,14864.150390625,14512.4501953125,14744.650390625,14744.650390625,97372000.0,0.016714674662552387,0.0023214976122496456,0.10810375420469298,0.25279537625127935,0.3722911297960929
2012-11-16,14731.75,14927.849609375,14463.7001953125,14510.349609375,14510.349609375,98622000.0,-0.015890562003353703,-0.03671162220491975,0.07557768169857115,0.21571503307204165,0.407903880553004
2012-11-23,14493.400390625,14941.0,14423.849609375,14915.4501953125,14915.4501953125,88816000.0,0.027918044488450366,0.00014753291955149628,0.09337985444625296,0.278244358467987,0.505181908829073
2012-11-30,14946.900390625,15622.0,14946.900390625,15551.849609375,15551.849609375,93132000.0,0.04266712742351575,0.07237494936130595,0.13843307354098422,0.33065087954459504,0.4870626777578009
2012-12-07,15537.9501953125,15689.849609375,15419.75,15610.2998046875,15610.2998046875,86960000.0,0.003758407956649945,0.058709388905748616,0.12651181946321488,0.31069396166168506,0.538885360025277
2012-12-14,15587.25,15890.599609375,15201.4501953125,15368.849609375,15368.849609375,97010000.0,-0.01546736438975993,0.059164666814459865,0.1321310753204421,0.2505370187977438,0.5302741467354359
2012-12-21,15308.150390625,15414.5498046875,15088.0498046875,15193.900390625,15193.900390625,95909000.0,-0.01138336461066547,0.018668574643493363,0.07483732248337582,0.2257297334601509,0.46510075905111026
2012-12-28,15264.9501953125,15381.25,15142.900390625,15237.650390625,15237.650390625,56564000.0,0.0028794449664153454,-0.02020333443557698,0.056757486736480844,0.19707213064798768,0.4913796712444092
2013-01-04,15200.849609375,15357.25,15047.4501953125,15134.349609375,15134.349609375,65662000.0,-0.006779311678758337,-0.030489497400272847,0.02881272624146014,0.20604918229127467,0.4827785151370416
2013-01-11,15182.5498046875,15192.599609375,14527.099609375,14582.75,14582.75,87394000.0,-0.03644686581267498,-0.05114889073385687,-0.031905228374696226,0.1644448534027454,0.4083150245056617
2013-01-18,14597.099609375,14917.75,14583.5,14818.849609375,14818.849609375,99385000.0,0.016190335113404508,-0.024684299067895377,-0.006329967688129656,0.17709413664545015,0.4511708727298114
2013-01-25,14860.849609375,15070.599609375,14635.099609375,15056.599609375,15056.599609375,133550000.0,0.016043755505122936,-0.01188180438641584,0.03822507606578296,0.1832623409809424,0.46781247364108935
2013-02-01,15061.0498046875,15316.25,15008.2001953125,15302.599609375,15302.599609375,103599000.0,0.01633835038336473,0.011117094843360542,0.03784078997931051,0.17827866633621436,0.4621110232571941
2013-02-08,15309.25,15363.9501953125,14940.650390625,14989.5498046875,14989.5498046875,92517000.0,-0.02045729566731347,0.027895959588383645,0.03302471740604318,0.12200165172033728,0.4280997553232406
2013-02-15,15037.400390625,15088.9501953125,14842.5498046875,14978.7998046875,14978.7998046875,74447000.0,-0.0007171663018616936,0.010793698534554919,0.004247247555082767,0.1257007699286099,0.42039059907805076
2013-02-22,14975.599609375,15254.5498046875,14635.650390625,14665.25,14665.25,86429000.0,-0.020932905758535902,-0.02599189853805539,-0.05700927102847875,0.08705965198376675,0.3796744908038949
2013-03-01,14694.150390625,14953.2998046875,14481.7998046875,14631.4501953125,14631.4501953125,121360000.0,-0.002304754756141225,-0.04385852281277269,-0.06270536899496759,0.07256118155360891,0.3958376984495573
2013-03-08,14618.400390625,14930.5498046875,14374.650390625,14891.25,14891.25,97058000.0,0.017756258007202375,-0.006557889060601396,-0.031075820345308314,0.09007558150174777,0.40994267447724364
2013-03-15,14900.7998046875,15196.349609375,14869.349609375,15127.2998046875,15127.2998046875,81351000.0,0.01585157758331235,0.009914011932620204,-0.004383376501440939,0.09165629358552807,0.38851360739041607
2013-03-22,15077.0,15342.75,15077.0,15128.0498046875,15128.0498046875,89502000.0,4.957923817761056e-05,0.03155758031315514,-0.007192748430882245,0.1143927963505238,0.3548437005034686
2013-03-29,15165.150390625,15355.400390625,15028.4501953125,15321.900390625,15321.900390625,53068000.0,0.012813983853849686,0.0471894573740681,0.012392391222006749,0.08389221778614875,0.3409621568723813
2013-04-05,15310.2998046875,15363.4501953125,14781.099609375,14826.599609375,14826.599609375,65933000.0,-0.03232632823752457,-0.00434150193066396,0.01672178494282628,0.02825040202333695,0.29701217406696334
2013-04-12,14852.349609375,15060.099609375,14481.650390625,14977.75,14977.75,79807000.0,0.010194541877925012,-0.009886087181346093,0.010722856012012727,0.01816729546922269,0.26689585068334765
2013-04-19,14968.5,15777.5498046875,14868.0,15710.349609375,15710.349609375,75663000.0,0.04891252754085218,0.03849139923554934,0.04341949822408386,0.04295193411678677,0.2903725127536134
2013-04-26,15680.2001953125,15926.2998046875,15673.5498046875,15751.099609375,15751.099609375,62153000.0,0.00259383151955328,0.02801213999619878,0.02930874566731978,0.05618155729804042,0.30006224193816977
2013-05-03,15724.7001953125,17050.19921875,15721.25,16903.650390625,16903.650390625,112172000.0,0.07317271872015874,0.14008949023865602,0.12769566870773708,0.1655881253339999,0.4097359058889145
2013-05-10,16868.150390625,17653.849609375,16741.55078125,17625.849609375,17625.849609375,73983000.0,0.042724453124665995,0.1768022306003907,0.17671975319805844,0.19540641130304004,0.4975996248215837
2013-05-17,17659.19921875,17659.19921875,17064.44921875,17236.900390625,17236.900390625,99696000.0,-0.022066977046208414,0.0971684793277321,0.17535673722745937,0.18790386549255866,0.4441525871236922
2013-05-24,17240.400390625,17450.849609375,16990.599609375,17093.80078125,17093.80078125,73268000.0,-0.008301933998111966,0.08524491655654498,0.16829162885893334,0.1460465864196372,0.4649275836323954
2013-05-31,17126.599609375,17925.44921875,17116.19921875,17509.05078125,17509.05078125,98452000.0,0.02429243240365153,0.03581477235004593,0.17579456266263738,0.12585005777673897,0.498113369615951
2013-06-07,17512.400390625,17542.900390625,17255.650390625,17315.099609375,17315.099609375,66185000.0,-0.011077195120291594,-0.01763035580620842,0.14462593013523573,0.10920993357062736,0.45383476214618024
2013-06-14,17341.05078125,17421.099609375,16783.69921875,17037.75,17037.75,79280000.0,-0.01601778884510907,-0.011553724051994618,0.12623571577089665,0.10858980555102637,0.386332590503351
2013-06-21,17081.900390625,17143.69921875,16594.599609375,16696.349609375,16696.349609375,86485000.0,-0.02003788003844409,-0.02325118778212043,0.08970487887984069,0.09888502491941087,0.3469360486978208
2013-06-28,16628.55078125,16821.099609375,16180.099609375,16688.19921875,16688.19921875,140868000.0,-0.00048815404658419936,-0.04688155701615926,0.1255580954784732,0.09519504588564742,0.31102746705345274
2013-07-05,16715.94921875,17840.80078125,16662.75,17636.349609375,17636.349609375,97672000.0,0.05681562031927978,0.01855317077275509,0.1775032704762063,0.1653192944908668,0.40543238222895495
2013-07-12,17573.099609375,17978.0,17476.30078125,17874.75,17874.75,59359000.0,0.01351755867315485,0.04912620504468013,0.13776907862912324,0.22574617270405106,0.4273138223833448
2013-07-19,17918.44921875,19306.05078125,17824.80078125,19100.849609375,19100.849609375,125178000.0,0.06859394449572731,0.14401351530455941,0.21266769197537427,0.2889563031458957,0.5172229068252292
2013-07-26,19032.5,19539.400390625,18276.94921875,18743.349609375,18743.349609375,106584000.0,-0.018716444938896015,0.12314991951414012,0.10883443376055157,0.24485940356044544,0.47299525204907233
2013-08-02,18621.25,18657.75,16983.349609375,17148.150390625,17148.150390625,104251000.0,-0.0851074782253497,-0.02768142101756066,-0.027102195317490807,0.12060374239415772,0.3203834830795589
2013-08-09,17191.650390625,17459.349609375,16510.69921875,16797.400390625,16797.400390625,56294000.0,-0.020454100996907365,-0.0602721497853117,-0.025497623704958006,0.1206073971195687,0.2573233504981842
2013-08-16,16953.0,17444.400390625,16588.44921875,16684.650390625,16684.650390625,76403000.0,-0.006712348183527728,-0.12649695003954642,-0.023935600739760088,0.11388433039899937,0.25390044834156766
2013-08-23,16675.400390625,16675.400390625,15463.5498046875,16176.4501953125,16176.4501953125,109827000.0,-0.03045914558677565,-0.13694987649265178,-0.07610924216203363,0.10304633029184629,0.19907715992902553
2013-08-30,16262.599609375,16391.650390625,15196.900390625,16283.0498046875,16283.0498046875,108939000.0,0.0065898023415476015,-0.050448623684246185,-0.059604035089045215,0.11288010329311882,0.1936319985155699
2013-09-06,16343.4501953125,16964.05078125,15879.0498046875,16678.44921875,16678.44921875,90059000.0,0.024282884275688588,-0.007081522682604424,-0.02108851117371724,0.12001673591874429,0.22090289469831448
2013-09-13,16845.05078125,17646.150390625,16845.05078125,17306.400390625,17306.400390625,67506000.0,0.03765045320694771,0.037264790417745663,0.03653797360037658,0.14405086261741573,0.24891032435825444
2013-09-20,17478.55078125,18378.30078125,17246.69921875,18149.69921875,18149.69921875,70857000.0,0.048727569517103,0.12198282068146793,0.0875768548087521,0.19973819845081597,0.33697960586014464
2013-09-27,17966.69921875,18253.650390625,17494.650390625,17872.80078125,17872.80078125,74479000.0,-0.015256365086973034,0.09763226150084292,0.013407035872622375,0.16648720625972846,0.2643464050120261
2013-10-04,17788.900390625,17834.25,17410.849609375,17572.75,17572.75,58004000.0,-0.016788123189107385,0.05362013994949977,-0.016895341193583158,0.18521781547864702,0.2187006952511399
2013-10-11,17549.0,17973.80078125,17338.19921875,17673.94921875,17673.94921875,65057000.0,0.005758872046207841,0.021237739785802345,-0.07470350376062096,0.18001363480829902,0.20145129116957272
2013-10-18,17723.849609375,18139.30078125,17293.349609375,18091.400390625,18091.400390625,45701000.0,0.023619575155966466,-0.0032121098769930523,-0.03478296208186338,0.15155937585431767,0.20102107829758054
2013-10-25,18099.599609375,18109.150390625,17593.44921875,17723.94921875,17723.94921875,75050000.0,-0.020310819723243445,-0.00832838480783371,0.03357789703312797,0.12525154803800276,0.18846993235880838
2013-11-01,17695.19921875,17705.0,17120.5,17385.80078125,17385.80078125,101969800.0,-0.019078616922591718,-0.010638586376634285,0.035029253154756024,0.02852344786380634,0.19883471745763592
2013-11-08,17402.650390625,17429.0,16779.44921875,16835.5,16835.5,74683000.0,-0.03165231145656977,-0.04743983409551178,0.009041220873274192,-0.04484036950789716,0.14180394610810243
2013-11-15,16803.650390625,16852.30078125,16507.599609375,16596.55078125,16596.55078125,64634000.0,-0.0141931762495916,-0.08262763396412554,0.025969887142435866,-0.03714992805338024,0.1437733223551778
2013-11-22,16668.69921875,17093.19921875,16366.900390625,16414.80078125,16414.80078125,84185000.0,-0.010951070640854654,-0.07386324691762625,0.00809129604974701,-0.039722002654014044,0.10052332087225246
2013-11-29,16541.900390625,17044.5,16522.80078125,17004.0,17004.0,95007000.0,0.03589438742522044,-0.021960494431856104,0.019519247681853757,-0.028845126304096746,0.09337477066069444
2013-12-06,17036.349609375,17098.75,16445.5,16505.44921875,16505.44921875,68987000.0,-0.029319617810515175,-0.01960445375842712,-0.046280633395543114,-0.04675978821320936,0.057343511992876905
2013-12-13,16763.44921875,16880.0,16506.900390625,16622.94921875,16622.94921875,67728000.0,0.007118861076893301,0.001590597820471551,-0.0841198513319027,-0.024345983551231853,0.08160009638001786
2013-12-20,16600.75,16775.849609375,16413.099609375,16750.69921875,16750.69921875,70254000.0,0.007685158531068881,0.020463144327872884,-0.0627826369371931,0.003255179164700861,0.1024620925569304
2013-12-27,16677.400390625,17021.80078125,16677.400390625,16975.75,16975.75,62077000.0,0.013435306688456716,-0.001661373794401344,-0.03397305487188973,0.01723078550781687,0.11406611681052681
2014-01-03,16977.25,17159.150390625,16571.599609375,16768.400390625,16768.400390625,46335000.0,-0.012214459412691614,0.01593117329859095,-0.051236360188492425,-0.04921365463795424,0.10796967318884887
2014-01-10,16805.75,17072.900390625,16668.75,16969.69921875,16969.69921875,52926000.0,0.01200465300420328,0.02085971601290093,-0.06200189856260474,-0.05063291969118444,0.16368306517975006
2014-01-17,17003.849609375,17158.599609375,16836.05078125,16923.849609375,16923.849609375,56201000.0,-0.0027018516229410094,0.010336905245793115,-0.04514228739318338,-0.1139739877817526,0.14204881319993246
2014-01-24,16923.30078125,17192.69921875,16837.900390625,16886.44921875,16886.44921875,75430000.0,-0.0022099221801333835,-0.005260491068141304,-0.0287218040044801,-0.09906982632902606,0.12153139864565721
2014-01-31,16731.05078125,16996.69921875,16509.30078125,16861.19921875,16861.19921875,84417000.0,-0.0014952817891379366,0.0055341491116160935,0.0015264897834932345,-0.016733651463185062,0.10185194994059299
2014-02-07,16793.19921875,17019.099609375,16541.25,16852.75,16852.75,70305000.0,-0.0005011042595715054,-0.006891649477250739,0.015436895420429364,0.0032951294895542382,0.12429994360003027
2014-02-14,16824.099609375,16907.05078125,16387.599609375,16575.349609375,16575.349609375,49334000.0,-0.01646024480426045,-0.02059224160246309,0.00978073570703275,-0.0065509782159663965,0.10658729841544923
2014-02-21,16603.19921875,16650.44921875,16320.0,16556.349609375,16556.349609375,38626000.0,-0.001146280497712926,-0.019548195425742376,-0.02632618152346511,0.023484720657229508,0.1289510652307324
2014-02-28,16510.599609375,16996.599609375,16500.94921875,16845.69921875,16845.69921875,43740000.0,0.017476654951231296,-0.0009192703199166763,0.020614404097131667,0.03455430160881323,0.1513348980367566
2014-03-07,16859.80078125,17232.75,16786.80078125,17190.55078125,17190.55078125,63975000.0,0.020471193152740375,0.02004425279257105,0.03414565941522385,0.03070438718752655,0.154406163434903
2014-03-14,17130.349609375,17508.69921875,16892.30078125,17416.0,17416.0,55838000.0,0.013114717592172864,0.050716902535167696,0.03971779163136624,0.0063328945881993,0.15129601613391053
2014-03-21,17520.69921875,18033.30078125,17449.900390625,17993.30078125,17993.30078125,54239000.0,0.033147725152159024,0.0867915455869166,0.059941433000014754,-0.008617136604579523,0.18939989050503314
2014-03-28,18000.400390625,18257.30078125,17924.55078125,18191.099609375,18191.099609375,80649000.0,0.010992915114891977,0.07986610547619843,0.0848440629760614,0.017809118560697,0.18726131521554423
2014-04-04,18230.349609375,18290.599609375,17676.599609375,17824.5,17824.5,88582000.0,-0.02015269099983752,0.03687777237722112,0.05037218221908857,0.014326158398656919,0.20219743364010445
2014-04-11,17824.55078125,18005.849609375,17611.55078125,17817.599609375,17817.599609375,59690000.0,-0.0003871295478133918,0.023059233427595416,0.052810088758109996,0.00812780374363653,0.18960455404683607
2014-04-18,17898.25,18257.099609375,17664.150390625,18241.400390625,18241.400390625,40669000.0,0.023785514914534955,0.01378844339853047,0.08023896287033039,0.0082912321191968,0.16110722193856342
2014-04-25,18214.25,18315.55078125,17752.5,17783.55078125,17783.55078125,53587000.0,-0.025099476990281255,-0.02240374891438479,0.05470260747968192,0.003362769875065341,0.12903551004561553
2014-05-02,17842.5,17842.5,17465.599609375,17538.099609375,17538.099609375,50029000.0,-0.013802146427011053,-0.01606779380207013,0.04066693028585844,0.008759954749351984,0.037533266725740644
2014-05-09,17538.5,17857.30078125,17447.75,17633.30078125,17633.30078125,55168000.0,0.005428249011888875,-0.010343639556701478,0.06382677872909692,0.04738800637046725,0.00042274114667573137
2014-05-16,17626.849609375,19215.099609375,17626.849609375,18140.55078125,18140.55078125,100609000.0,0.02876659374740398,-0.005528611138146511,0.09568541431246103,0.09303137864913102,0.05242534157222889
2014-05-23,18306.0,18306.0,17356.400390625,17760.599609375,17760.599609375,98759000.0,-0.020944853133550767,-0.0012905843246556747,0.054310621289419325,0.08198691205940523,0.03900822506697299
2014-05-30,17879.94921875,17905.80078125,17554.599609375,17831.599609375,17831.599609375,108241000.0,0.003997612781188042,0.016734994471300002,0.03729076725244895,0.04867087799194314,0.01842183406483744
2014-06-06,17872.0,18076.25,17437.900390625,18034.25,18034.25,115378000.0,0.01136467815924136,0.022738182925816197,0.03549896646761597,0.09262400319970077,0.0415331362134137
2014-06-13,18098.25,18139.30078125,17759.099609375,17857.75,17857.75,115510000.0,-0.009786933196556546,-0.015589426399462036,-0.007533402731268235,0.07428289438899305,0.04812842071282897
2014-06-20,17929.05078125,17985.69921875,17718.05078125,17815.400390625,17815.400390625,71303000.0,-0.002371497494085162,0.003085525402029443,-0.020652914162285096,0.06356159572629783,0.06702367927308206
2014-06-27,17824.80078125,17824.80078125,17029.150390625,17270.150390625,17270.150390625,113337000.0,-0.030605542847463973,-0.03148619479179071,-0.031100429710510857,0.017342408472379667,0.03487201730077327
2014-07-04,17305.150390625,17928.0,17305.150390625,17846.44921875,17846.44921875,96822000.0,0.03336964734469494,-0.010413562041670765,0.001619163636375598,0.06429049897494843,0.01191287392393936
2014-07-11,17869.30078125,18306.05078125,17712.55078125,18100.25,18100.25,123718000.0,0.014221360122625981,0.013579538295698024,-0.007737914173384541,0.06662173363690749,0.012615561056797953
2014-07-18,18160.5,18207.44921875,17939.099609375,18109.44921875,18109.44921875,62963000.0,0.0005082371099847105,0.016505316842597484,0.018325836134120532,0.07005496011488033,-0.05190347083505675
2014-07-25,18151.849609375,18768.900390625,18133.80078125,18741.80078125,18741.80078125,67113000.0,0.03491832108539672,0.08521352491660283,0.06863350070332364,0.10987221401405667,-8.263347572756707e-05
2014-08-01,18652.05078125,19014.650390625,18521.19921875,18565.30078125,18565.30078125,72147000.0,-0.009417451506398278,0.04027980881175819,0.052854539916373566,0.10106645087290134,0.08264158864618798
2014-08-08,18721.05078125,18913.150390625,18386.599609375,18534.599609375,18534.599609375,55632000.0,-0.0016536856707437542,0.023996884538887597,0.02172198809598913,0.09979674589458698,0.10342071858450019
2014-08-15,18620.55078125,19136.94921875,18361.25,18972.69921875,18972.69921875,55917000.0,0.023636853161554283,0.04766848453382089,0.06824654775366867,0.1446334264961182,0.1371349578538752
2014-08-22,18934.349609375,19038.099609375,18627.55078125,18689.5,18689.5,76809000.0,-0.014926669921068725,-0.0027905953040715525,0.048111241246912906,0.12884183053353193,0.15535236558980747
2014-08-29,18801.30078125,19353.650390625,18686.19921875,19308.599609375,19308.599609375,91030000.0,0.03312553087963832,0.040036993576516355,0.07066274501989267,0.14620351216313332,0.18580977402749932
2014-09-05,19399.25,19411.69921875,19104.75,19161.19921875,19161.19921875,95094000.0,-0.007633924448535945,0.03380702160180782,0.07299067456706476,0.11463556127878216,0.14885976312527194
2014-09-12,19250.349609375,19606.400390625,19191.25,19472.5,19472.5,99012000.0,0.01624641431343088,0.026343156315684624,0.09301500797293416,0.11808107487367936,0.12516176446191496
2014-09-19,19450.75,19586.650390625,19286.400390625,19505.900390625,19505.900390625,113793000.0,0.001715259500577826,0.04368230239573023,0.12945747138447983,0.0840645986950439,0.07472306595989986
2014-09-26,19477.05078125,20277.5,19400.19921875,19906.55078125,19906.55078125,100609000.0,0.02053995881254278,0.0309681273614828,0.11543481491744578,0.09430167547380819,0.11379022375349068
2014-10-03,19850.150390625,19961.650390625,19591.69921875,19630.30078125,19630.30078125,29735000.0,-0.013877341335305604,0.02448184777709339,0.08453202476485133,0.10131003850037867,0.11708758055796609
2014-10-10,19577.55078125,19712.05078125,19058.599609375,19083.69921875,19083.69921875,43378000.0,-0.027844787942428728,-0.019966659712414958,0.05379788132878671,0.07105893257971863,0.07976428938159552
2014-10-17,19046.55078125,19227.75,18720.94921875,19008.69921875,19008.69921875,75543000.0,-0.003930055653272424,-0.025489783189601822,0.014240810721188213,0.04206359225135725,0.05070358337767744
2014-10-24,19109.400390625,19224.05078125,18934.25,19120.900390625,19120.900390625,54326000.0,0.005902622298548765,-0.039466927206947666,0.029926776620615048,0.07520149523710584,0.07881715043491422
2014-10-31,19290.44921875,19517.650390625,18893.900390625,19393.900390625,19393.900390625,116039000.0,0.014277570324766398,-0.012042627021324082,0.04636198241991463,0.10581538607854535,0.11550227882173059
2014-11-07,19450.69921875,19615.75,19308.650390625,19511.349609375,19511.349609375,62545000.0,0.006055987521044193,0.022409197803999525,0.028390814844767798,0.10650580123501241,0.15894090519289605
2014-11-14,19527.5,20214.599609375,19527.400390625,20136.400390625,20136.400390625,98514000.0,0.03203524070675612,0.059325530847615715,0.0774178223400841,0.11002144496284538,0.2132882703178396
2014-11-21,20145.599609375,20469.0,19978.849609375,20304.849609375,20304.849609375,66603000.0,0.008365408686868747,0.06191911440166753,0.05159618098436747,0.14325248335968377,0.23698422417459097
2014-11-28,20181.099609375,20398.30078125,19424.94921875,20027.44921875,20027.44921875,157229000.0,-0.013661780114683553,0.03266742714793236,0.045208548280858185,0.12314372560387277,0.1778081168401553
2014-12-05,19993.099609375,21250.55078125,19993.099609375,21223.80078125,21223.80078125,132781000.0,0.05973559335653977,0.08776692572061684,0.08993713088971633,0.17686073894118137,0.28586629179047174
2014-12-12,21289.25,21526.25,20943.19921875,21063.80078125,21063.80078125,106500000.0,-0.007538706268923834,0.04605591727589875,0.0798681608860139,0.17953273963685246,0.2671518455636561
2014-12-19,21000.400390625,21172.150390625,19767.599609375,19958.19921875,19958.19921875,76913000.0,-0.05248822726637992,-0.017072295402027815,0.002594544784154662,0.12027789334741001,0.19148454390546665
2014-12-26,19994.150390625,20415.849609375,19873.150390625,19953.44921875,19953.44921875,63991000.0,-0.00023799742391272805,-0.003694928854480417,0.016461716053207676,0.15537205915598817,0.17540899334344573
2015-01-02,19943.75,20213.19921875,19943.75,20142.650390625,20142.650390625,31072000.0,0.00948212861850517,-0.050940470171588426,0.055489827194224794,0.12866431544615287,0.2012267074614047
2015-01-09,20176.25,20413.19921875,19748.80078125,20286.650390625,20286.650390625,106216000.0,0.007149009549757279,-0.03689506935124365,0.0672298065832111,0.12079393326749632,0.19546316815150533
2015-01-16,20332.599609375,21000.0,20202.5,20969.599609375,20969.599609375,107253000.0,0.033664957279768926,0.050675934213284535,0.09668473664851152,0.15793690664339377,0.23905613045384477
2015-01-23,21009.599609375,21176.30078125,20524.44921875,20744.19921875,20744.19921875,135888000.0,-0.010748912464891736,0.039629739767345296,0.06962492334846337,0.1068413041452918,0.22845240879394102
2015-01-30,20767.349609375,21355.150390625,20750.80078125,21165.75,21165.75,123332000.0,0.02032138125963301,0.050792700540102764,0.08479169425727884,0.1400704060435325,0.2552932757275801
2015-02-06,21095.349609375,21327.150390625,20797.599609375,21286.19921875,21286.19921875,126786000.0,0.005690760721920984,0.04927126010841687,0.057100514780204614,0.14845746157814022,0.263069779041996
2015-02-13,21187.55078125,21660.0,20956.650390625,21616.44921875,21616.44921875,126352000.0,0.015514747212790336,0.030847017655301734,0.06459538655087682,0.13934495927639445,0.3041323246976195
2015-02-20,21606.69921875,22460.19921875,21606.69921875,22149.94921875,22149.94921875,114698000.0,0.024680279106026548,0.06776593230600048,0.10597954721127856,0.18515472424355917,0.3378522283805625
2015-02-27,22150.849609375,22333.80078125,21691.900390625,22063.94921875,22063.94921875,161034000.0,-0.0038826274114976966,0.04243644655870926,0.039585201828798766,0.1427006445375345,0.3097674921199982
2015-03-06,21025.150390625,21108.849609375,20539.19921875,21005.849609375,21005.849609375,253677000.0,-0.04795603900664458,-0.01317048696641221,-0.0027512210392051095,0.09627009090432792,0.2219416280882871
2015-03-13,20893.69921875,21197.099609375,20624.69921875,20676.69921875,20676.69921875,290164000.0,-0.015669463351679846,-0.043473837469331755,0.036000241911855246,0.06184101778148676,0.18722434650608633
2015-03-20,20733.650390625,20804.150390625,19966.599609375,19999.80078125,19999.80078125,159010000.0,-0.03273725802840799,-0.09707238677007413,0.0023229849632435684,0.025320563559443787,0.11151372526884473
2015-03-27,20007.650390625,20100.44921875,19362.19921875,19511.0,19511.0,86254000.0,-0.024440282510626576,-0.11570681175156516,-0.03135885190754184,-0.01987038264924179,0.07255748244843718
2015-04-03,19642.650390625,20162.099609375,19641.900390625,20145.099609375,20145.099609375,108353000.0,0.03249959558069815,-0.040976681067727116,-0.0069775334283581625,0.026224704035952007,0.13019156831187417
2015-04-10,20062.94921875,21233.650390625,20062.94921875,21214.75,21214.75,143714000.0,0.053097299659278674,0.02602208290393304,0.01169075209787973,0.11166864227016382,0.1906626293722269
2015-04-17,21238.650390625,21659.5,21105.05078125,21277.849609375,21277.849609375,104503000.0,0.0029743272664066733,0.0639030779408154,0.02572528276447761,0.11937431196695103,0.16645921660217255
2015-04-24,21298.650390625,21298.650390625,20253.400390625,20606.05078125,20606.05078125,94036000.0,-0.03157268429179072,0.05612479018246108,-0.026443627972077555,0.07767157195971652,0.15871408554560928
2015-05-01,20617.19921875,20678.75,19429.75,19510.69921875,19510.69921875,95462000.0,-0.05315679234842463,-0.03149154895862449,-0.08341085140441828,0.006022451686998442,0.112475105815943
2015-05-08,19606.650390625,20010.150390625,19341.25,19857.19921875,19857.19921875,117056000.0,0.017759486531728763,-0.0639908922447825,-0.08138478166312513,0.017725560573668586,0.1261192368399191
2015-05-15,19967.5,20021.55078125,19483.69921875,19997.599609375,19997.599609375,80500000.0,0.007070503200291567,-0.060168204189013696,-0.09717176270332162,-0.006893028473680007,0.10237003553632107
2015-05-22,20044.0,20352.599609375,20001.849609375,20167.75,20167.75,57576000.0,0.008508540722319102,-0.021270489231678624,-0.08594106159103221,-0.006752062291153327,0.13553317137752363
2015-05-29,19964.80078125,20192.599609375,19615.69921875,20107.30078125,20107.30078125,129531000.0,-0.002997320908381007,0.030578174355056387,-0.042776124024232476,0.003987105977791838,0.1276218186661473
2015-06-05,20033.80078125,20414.599609375,18905.30078125,19259.599609375,19259.599609375,76289000.0,-0.04215887458477163,-0.03009485893714159,-0.06853606537401036,-0.09254709804901007,0.06794569274436135
2015-06-12,19364.849609375,19391.400390625,18740.5,18846.44921875,18846.44921875,58485000.0,-0.021451660418936758,-0.05756442838696163,-0.05766815255386337,-0.10526835045239236,0.05536527383068979
2015-06-19,18833.05078125,19408.5,18731.599609375,19345.349609375,19345.349609375,61058000.0,0.026471850736140334,-0.0407779941056885,-0.008490102538311728,-0.03070665858467081,0.0858779025564369
2015-06-26,19423.69921875,20034.0,19380.69921875,19695.650390625,19695.650390625,58085000.0,0.018107751388490856,-0.020472682788376217,-0.02231059798487356,-0.012920013241758177,0.1404446368525354
2015-07-03,19470.150390625,20353.099609375,19445.05078125,20245.099609375,20245.099609375,65280000.0,0.027896982727289688,0.05116928804274257,-0.04570642551173121,0.0050861836333953026,0.1344049094149724
2015-07-10,20085.05078125,20439.400390625,19761.900390625,19887.94921875,19887.94921875,54448000.0,-0.017641325432630306,0.05526239918784426,-0.06532146885804713,-0.019653376195571948,0.09876654845927546
2015-07-17,19985.650390625,20631.30078125,19842.05078125,20575.849609375,20575.849609375,43040000.0,0.03458880466048564,0.06360701795762247,-0.001465645804507143,-0.018777182556407257,0.1361941139585494
2015-07-24,20584.650390625,20635.44921875,20071.30078125,20303.75,20303.75,50227000.0,-0.013224222306281952,0.030874817399503263,0.04064696874050866,-0.021232404013546757,0.08334040239679807
2015-07-31,20208.69921875,20968.900390625,19933.94921875,20920.44921875,20920.44921875,74981000.0,0.030373660961644955,0.03335867061193731,0.053544812049628465,-0.011589515195539968,0.12685754274870553
2015-08-07,20942.80078125,21154.55078125,20744.849609375,20900.94921875,20900.94921875,69512000.0,-0.0009321023557430363,0.0509353673854398,0.04517290209928526,-0.018098580965109634,0.12767201122478378
2015-08-14,20936.55078125,21038.80078125,20180.599609375,20345.30078125,20345.30078125,51661000.0,-0.026584842232980188,-0.01120482665366851,0.008803698045146247,-0.05880468270419792,0.07234614045551879
2015-08-21,20411.19921875,20878.80078125,20079.0,20704.55078125,20704.55078125,63155000.0,0.01765764015300686,0.019740234254755906,0.029703141485650564,-0.06525515806945803,0.10781726537628078
2015-08-28,20199.599609375,20393.0,19354.55078125,20173.900390625,20173.900390625,113259000.0,-0.025629650033535456,-0.035685124172950555,0.04747247086096973,-0.08566230865500868,0.04481426922488296
2015-09-04,20141.400390625,20277.099609375,19608.599609375,19671.849609375,19671.849609375,84588000.0,-0.024886153472003292,-0.05880592295169007,0.04379606901250255,-0.06350611971460707,0.02665023127181465
2015-09-11,19665.44921875,19713.75,19019.55078125,19412.05078125,19412.05078125,57323000.0,-0.013206629436674167,-0.04587054327847895,0.003447917624744168,-0.06116297500488832,-0.003104337848247485
2015-09-18,19454.80078125,19968.5,19349.55078125,19497.5,19497.5,48357000.0,0.004401864579528958,-0.058298815270269144,-0.010060616770457997,-0.025115289234326377,-0.0004306589522541371
2015-09-25,19416.25,19517.75,18991.94921875,19485.0,19485.0,60253000.0,-0.0006411078343376841,-0.034148101125012875,-0.037544868834481604,-0.001332581620624218,-0.021176485363152864
2015-10-02,19555.19921875,20184.849609375,19298.349609375,19998.349609375,19998.349609375,49407000.0,0.026345887060559514,0.016597320866279963,0.005551119897315271,-0.007284650006481264,0.018749016239045346
2015-10-09,20105.0,20767.44921875,20043.05078125,20521.05078125,20521.05078125,60462000.0,0.02613721542451497,0.057129461101099954,-0.002663259557458608,-0.03269891084033516,0.07531828845257538
2015-10-16,20525.44921875,20666.150390625,20234.80078125,20434.900390625,20434.900390625,55802000.0,-0.004198147138923081,0.048077978747275374,0.006459417133534373,-0.03961627862895489,0.07502886733397363
2015-10-23,20436.0,20859.25,20324.849609375,20828.150390625,20828.150390625,43725000.0,0.019244038017450338,0.06893253223633566,-0.004411895134750599,0.010778368535182548,0.08928711332218775
2015-10-30,20875.400390625,20951.5,20056.30078125,20118.30078125,20118.30078125,79610000.0,-0.03408126002847145,0.0059980535503174615,-0.03744559298760919,0.0311419675782858,0.03735197026046255
2015-11-06,20085.25,20419.55078125,19946.30078125,20251.0,20251.0,53802000.0,0.006595945661259428,-0.013159695579367914,-0.004635015341572513,0.019831637730569618,0.03790872520010646
2015-11-13,19937.05078125,20552.099609375,19828.44921875,19896.19921875,19896.19921875,42062000.0,-0.01752016104143006,-0.026361820296522787,-0.03904221690393017,-0.005070628105658392,-0.01192870459542672
2015-11-20,19879.650390625,20690.849609375,19872.349609375,20449.80078125,20449.80078125,66269000.0,0.02782448830620332,-0.018165300436149168,0.013676105526584825,0.013985237879783341,0.00713874639130907
2015-11-27,20415.44921875,20467.44921875,20032.099609375,20436.099609375,20436.099609375,48147000.0,-0.0006699904816462876,0.015796504465286798,0.03884993100169809,0.016352211154647023,0.020404515131283718
2015-12-04,20399.44921875,20689.19921875,20053.650390625,20087.849609375,20087.849609375,64311000.0,-0.01704092300667004,-0.00805641156609549,0.034813365972530264,0.0430045284844256,-0.05352251387878404
2015-12-11,20080.05078125,20088.19921875,19415.30078125,19624.150390625,19624.150390625,94822000.0,-0.023083566821089252,-0.013673406922294129,0.006495724612129772,0.0412651297254063,-0.06834713286438354
2015-12-18,19589.0,20064.400390625,19494.69921875,19813.44921875,19813.44921875,76793000.0,0.009646217765199916,-0.031117738960247388,0.016856516230433716,0.024197009556661264,-0.00725265833923594
2015-12-25,19944.150390625,20167.25,19781.5,20057.80078125,20057.80078125,45732000.0,0.01233261103618255,-0.01851130281002622,0.0029728039081349245,0.018387328341153975,0.005229750573747527
2016-01-01,20037.849609375,20258.05078125,19993.5,20184.94921875,20184.94921875,46655000.0,0.0063391016236864495,0.00483374832364758,-0.016378379746864402,-0.0029711086527400843,0.0020999633764524628
2016-01-08,20112.0,20145.75,19235.94921875,19359.25,19359.25,62428000.0,-0.040906678030331656,-0.013498693464535916,-0.05263790721086559,-0.02658389826596863,-0.04571481110817466
2016-01-15,19203.900390625,19547.05078125,19044.5,19095.44921875,19095.44921875,62899000.0,-0.013626601301703345,-0.03623801146751049,-0.08319035244987039,-0.07194844532448774,-0.08937463878838736
2016-01-22,19040.349609375,19172.150390625,18416.599609375,18555.44921875,18555.44921875,78942000.0,-0.028278989083418304,-0.07490111098841878,-0.0776830796742316,-0.08610728467647599,-0.1055114240332623
2016-01-29,18489.099609375,19198.30078125,18452.69921875,19132.650390625,19132.650390625,67466000.0,0.031106828245998308,-0.05213284495893156,-0.05522441407214462,-0.0854569999635898,-0.09605610995948644
2016-02-05,19133.099609375,19514.599609375,19005.69921875,19465.400390625,19465.400390625,60783000.0,0.017391735760929894,0.0054831871392229115,-0.02165231778132881,-0.06868342739367961,-0.08553893578714344
2016-02-12,19532.5,19532.5,18183.55078125,18328.349609375,18328.349609375,77494000.0,-0.05841394260750121,-0.04017185459150019,-0.10373945421610731,-0.0991359721618763,-0.1521109954785228
2016-02-19,18515.349609375,18620.94921875,17770.900390625,18574.150390625,18574.150390625,71319000.0,0.013410960969681307,0.0010078533618094188,-0.09111079189963611,-0.10289527230671847,-0.16143598311720175
2016-02-26,18526.400390625,18672.44921875,18008.30078125,18306.599609375,18306.599609375,87646000.0,-0.014404469417079846,-0.043174926859833596,-0.08867300555499436,-0.09256022608884062,-0.17029361208744964
2016-03-04,18295.400390625,19666.30078125,17406.900390625,19144.94921875,19144.94921875,165187000.0,0.045794938834280874,-0.016462603668267572,-0.024418951258339705,-0.026784486516910677,-0.08858962742428056
2016-03-11,19147.900390625,19409.44921875,18919.75,19354.400390625,19354.400390625,70957000.0,0.010940283491056135,0.05598162426611353,-0.023168546932786915,-0.002969824841004609,-0.06395115652337369
2016-03-18,19451.25,19602.30078125,19083.349609375,19555.30078125,19555.30078125,87421000.0,0.010380088588139103,0.05282343310411752,-0.025052597016006706,0.0029645226952172976,-0.02222522138404115
2016-03-25,19593.55078125,19960.25,19463.05078125,19629.650390625,19629.650390625,58619000.0,0.003802018194794865,0.07227179320470034,-0.02751053877357179,0.007423679272517303,0.006081204993337197
2016-04-01,19720.599609375,20026.349609375,19352.0,19992.099609375,19992.099609375,104016000.0,0.018464374634155734,0.04424928898716152,0.03268977927218253,-0.00031252578948159915,-0.007594899154968582
2016-04-08,19727.400390625,19948.5,19345.55078125,19451.69921875,19451.69921875,56940000.0,-0.027030697184581176,0.005027219968650076,0.018656277520310738,-0.052109980814289636,-0.08310495203808665
2016-04-15,19477.599609375,20082.599609375,19219.900390625,20045.19921875,20045.19921875,42095000.0,0.030511473230467656,0.025051951027504682,0.08028638824300893,-0.01907037296123959,-0.05793115438140395
2016-04-22,20172.55078125,20349.05078125,19834.94921875,19876.5,19876.5,49510000.0,-0.00841594123904743,0.012575344158594515,0.03887854501013033,-0.045690585711026466,-0.035404687147225555
2016-04-29,19711.849609375,20165.30078125,19464.30078125,19737.69921875,19737.69921875,88426000.0,-0.006983160075969108,-0.01272504617302439,0.013988863453132216,-0.01891817637276383,0.011634641970281079
2016-05-06,19687.55078125,19810.19921875,19124.599609375,19521.94921875,19521.94921875,67909000.0,-0.010930858638024343,0.003611509678922209,0.06512313627870081,-0.036000729902227024,-0.016883045605114444
2016-05-13,19610.5,19885.400390625,19564.349609375,19667.69921875,19667.69921875,64026000.0,0.007465955287908166,-0.018832439422547198,0.05887476978096129,-0.011484605551429272,-0.016496999493396225
2016-05-20,19650.349609375,20085.5,19520.30078125,19705.0,19705.0,73120000.0,0.0018965503201533451,-0.00862827962669488,0.07638777383369799,-0.03642093090378129,-0.022945048406490587
2016-05-27,20312.05078125,21022.400390625,19947.55078125,20907.55078125,20907.55078125,117559000.0,0.06102769760213134,0.05926990524755227,0.09206613934362173,0.023069527986579352,0.03979897693410095
2016-06-03,20745.349609375,21036.19921875,20458.44921875,20912.5,20912.5,95546000.0,0.00023671920263557134,0.07123011978304072,0.08050363627538282,0.0410521985509158,0.08582215747727262
2016-06-10,20922.30078125,21310.75,20688.80078125,20704.5,20704.5,69095000.0,-0.009946204423191829,0.05271591606717152,0.05876663476594923,0.055052044948203926,0.09858890445004675
2016-06-17,20575.55078125,21079.25,20489.80078125,21044.599609375,21044.599609375,68902000.0,0.01642636187181523,0.06798272567241814,0.07208224245429107,0.062137105812950955,0.08783764751279155
2016-06-24,21004.0,21112.400390625,20546.650390625,20789.94921875,20789.94921875,62628000.0,-0.012100510123820962,-0.00562483687020221,0.0399082450049848,0.03650192987181389,0.05556043118260656
2016-07-01,20803.900390625,22197.75,20803.900390625,22025.400390625,22025.400390625,118055000.0,0.05942540594378998,0.05321699417214587,0.13231240843957437,0.09117938083120802,0.08793736833112864
2016-07-08,22140.75,22141.400390625,21592.150390625,21856.599609375,21856.599609375,70224000.0,-0.007663914310581554,0.05564488924509159,0.09036579636138709,0.12900032849283938,0.09898709861794064
2016-07-15,22018.75,22289.19921875,21844.05078125,22031.349609375,22031.349609375,65022000.0,0.007995296758103398,0.04688851383803083,0.10841192410006784,0.1537486946231259,0.07073826974983466
2016-07-22,22065.0,22278.150390625,21696.099609375,22000.44921875,22000.44921875,90886000.0,-0.0014025645806033937,0.0582252504449734,0.11464102147480704,0.18565974659987639,0.08356580526996238
2016-07-29,21994.150390625,22377.5,21833.05078125,22228.849609375,22228.849609375,100186000.0,0.010381623954766495,0.00923702702978324,0.13865932957274252,0.16182803508849664,0.06254169673624133
2016-08-05,22267.150390625,22692.099609375,21987.05078125,22151.900390625,22151.900390625,91258000.0,-0.0034616824578068695,0.013510829064340646,0.12630868228382863,0.13801411458733126,0.059851404775089545
2016-08-12,22195.44921875,22493.349609375,21789.0,22397.400390625,22397.400390625,95267000.0,0.011082570599852515,0.016614995800994237,0.13663539155671156,0.22200857512935412,0.10086356704375654
2016-08-19,22426.0,22587.400390625,22174.349609375,22234.75,22234.75,64467000.0,-0.007262020939406977,0.010649818052365756,0.06347942103004423,0.19708032574252377,0.07390641965223144
2016-08-26,22277.0,22435.55078125,22076.650390625,22252.650390625,22252.650390625,71972000.0,0.000805063723450905,0.0010707158340736989,0.064083700687388,0.21555345424330952,0.10304155169547746
2016-09-02,22221.349609375,22833.44921875,22085.75,22789.30078125,22789.30078125,77589000.0,0.024116245984392437,0.02877407262515308,0.10069312377743977,0.19035577064528475,0.15847270255610924
2016-09-09,22817.94921875,23219.30078125,22687.44921875,22703.69921875,22703.69921875,62985000.0,-0.003756217153025987,0.013675641939821181,0.07883730934162791,0.173051025117128,0.16956726904296926
2016-09-16,22467.900390625,22883.25,22217.5,22762.5,22762.5,71576000.0,0.0025899207298094584,0.02373536918562169,0.09488001921000366,0.16400664222076933,0.16745736632901664
2016-09-23,22841.69921875,22904.30078125,22219.5,22315.75,22315.75,82073000.0,-0.019626578802855565,0.002835599727104121,0.013182489499649952,0.1368388919783241,0.145278419296895
2016-09-30,22303.599609375,22316.400390625,21445.5,21542.05078125,21542.05078125,111143000.0,-0.034670545186695545,-0.05472963001243902,-0.01439148054805739,0.07752818374054993,0.07719142839423765
2016-10-07,21733.75,21878.55078125,21553.19921875,21638.650390625,21638.650390625,98374000.0,0.00448423459567171,-0.046910805937977806,-0.01782456480028327,0.11242982668408419,0.05446112975833306
2016-10-14,21797.900390625,21847.099609375,21340.099609375,21423.0,21423.0,51105000.0,-0.009965981553009984,-0.05884678747940697,-0.0262471558197942,0.0687347013224604,0.04835353197162218
2016-10-21,21447.69921875,21781.849609375,21341.69921875,21546.80078125,21546.80078125,82595000.0,0.005778872298464188,-0.03445769103659968,-0.03068304658633103,0.08403394869569603,0.03450380264915287
2016-10-28,21589.099609375,21632.05078125,21086.599609375,21547.94921875,21547.94921875,133393000.0,5.3299675977891425e-05,0.00027381039808593854,-0.02726407943449405,0.09171535040316847,0.07106208685538751
2016-11-04,21529.75,22113.55078125,21084.400390625,21658.94921875,21658.94921875,97988000.0,0.005151302282790482,0.000938081985639716,-0.03297039651905753,0.10946652796061485,0.06952492315194303
2016-11-11,21924.849609375,22100.69921875,20661.19921875,20825.900390625,20825.900390625,140349000.0,-0.03846210726621191,-0.027871895130233915,-0.0633625118058444,0.05888849320874501,0.046727576541295335
2016-11-18,20814.30078125,20814.30078125,19917.650390625,19959.900390625,19959.900390625,111164000.0,-0.04158283597619816,-0.07364900277937869,-0.10303267070451672,0.012935822919309725,-0.023956242697199204
2016-11-25,19983.80078125,20229.0,19659.400390625,20157.150390625,20157.150390625,95908000.0,0.009882313846247825,-0.06454437097497856,-0.1154993922758093,-0.03589135803022714,-0.013649826732202497
2016-12-02,20131.30078125,20671.099609375,20078.69921875,20179.849609375,20179.849609375,87804000.0,0.0011261124866417394,-0.06829046018975626,-0.11116468664677615,-0.035034089210998154,0.004579882953577252
2016-12-09,20224.69921875,20756.849609375,20096.900390625,20622.400390625,20622.400390625,62310000.0,0.021930330989404556,-0.009771486283090436,-0.09401865389895658,-0.0039653026817841885,0.05086844424494896
2016-12-16,20538.900390625,20547.44921875,19955.05078125,19982.599609375,19982.599609375,61984000.0,-0.031024554325928766,0.001137241083660978,-0.10455173546150143,-0.050464253048886576,0.008537150132594151
2016-12-23,19950.400390625,20083.349609375,19512.0,19592.849609375,19592.849609375,66548000.0,-0.0195044692692109,-0.027995067274611096,-0.09048354734970576,-0.057580689436959376,-0.023180565852944146
2016-12-30,19591.30078125,20805.900390625,19457.25,20754.099609375,20754.099609375,89153000.0,0.05926907127610237,0.028456604539471853,-0.04087827869492422,-0.05771975803859264,0.028196770992929165
2017-01-06,20793.349609375,21230.44921875,20574.69921875,20867.099609375,20867.099609375,66915000.0,0.0054447074133225914,0.01186570011807353,-0.025948764908042765,-0.04527236705089166,0.07788781122073418
2017-01-13,20906.5,21297.400390625,20842.80078125,21232.94921875,21232.94921875,61635000.0,0.017532365121343263,0.06257191926061445,-0.014566040020804971,-0.036239286506771995,0.1119376651218642
2017-01-20,21214.69921875,21723.349609375,21098.55078125,21641.05078125,21641.05078125,70500000.0,0.019220201503596268,0.10453819698054301,0.004320669292230628,-0.016335959049131654,0.16629085753321715
2017-01-27,21613.849609375,22312.19921875,21612.44921875,21798.19921875,21798.19921875,91897000.0,0.0072615899795474,0.05030811401248947,0.006429213097718156,-0.01937348977534914,0.13931937152999563
2017-02-03,21851.19921875,22980.25,21725.94921875,22645.150390625,22645.150390625,174913000.0,0.038854180722712295,0.08520833343083156,0.08735516668556409,0.02226671262068103,0.16335394783512602
2017-02-10,22758.650390625,23602.0,22589.599609375,22709.30078125,22709.30078125,104382000.0,0.002832853371181665,0.06953115873306426,0.13774619796782006,0.013925740719246793,0.23902594970330182
2017-02-17,22839.69921875,22880.650390625,22236.19921875,22445.80078125,22445.80078125,78664000.0,-0.011603175392240983,0.0371862719668512,0.11354037382632431,0.0094919340784132,0.20844293328103736
2017-02-24,22388.44921875,22593.75,22232.599609375,22434.75,22434.75,71730000.0,-0.0004923317888142487,0.02920198934150764,0.11174019798331081,0.008183277325550353,0.22550066526341306
2017-03-03,22435.69921875,22777.400390625,22081.19921875,22280.69921875,22280.69921875,95389000.0,-0.006866614571145235,-0.016094005364869712,0.08041250275010992,-0.022317558901081114,0.1637899356206669
2017-03-10,22354.75,22450.94921875,22251.400390625,22341.75,22341.75,67781000.0,0.002740074745887,-0.01618503294269058,0.11806023424090362,-0.015942301528161673,0.1543498919667916
2017-03-17,22567.349609375,23843.900390625,22566.150390625,23491.25,23491.25,137615000.0,0.05145075922879805,0.04657660597359081,0.19897056672959157,0.03201537616694128,0.2012727527322855
2017-03-24,23577.599609375,23848.94921875,23212.30078125,23455.099609375,23455.099609375,111989000.0,-0.0015388874847017675,0.04548076574844817,0.13014296215384413,0.051055851108521955,0.1948811691815464
2017-03-31,23435.900390625,23776.650390625,23251.69921875,23542.30078125,23542.30078125,99842000.0,0.0037177915816715146,0.056623068697876366,0.12820186906440556,0.09285327661287468,0.17758020624357962
2017-04-07,23641.25,23728.349609375,23171.25,23235.55078125,23235.55078125,77022000.0,-0.013029737528640672,0.0400058536708181,0.09431575151753191,0.073798520785606,0.19452550237115762
2017-04-14,23338.0,23794.80078125,23154.900390625,23507.900390625,23507.900390625,60733000.0,0.011721246117168516,0.0007087911722449824,0.08626427747179699,0.09732065493278252,0.1727446624045541
2017-04-21,23399.69921875,23723.05078125,23145.599609375,23229.80078125,23229.80078125,55609000.0,-0.011830048824177708,-0.009605537042142731,0.06567522152328031,0.07810904352281134,0.1687068035745729
2017-04-28,23346.900390625,24388.599609375,23084.80078125,23675.400390625,23675.400390625,106809000.0,0.019182239812175483,0.00565363643136374,0.04549539226847088,0.09873102773157605,0.1995015289388109
2017-05-05,23764.25,23990.849609375,23566.650390625,23630.44921875,23630.44921875,67499000.0,-0.0018986446325444106,0.016995441219265883,0.04056260676509016,0.09102472978205634,0.21045541887046615
2017-05-12,23685.25,24169.849609375,23386.5,23966.94921875,23966.94921875,82550000.0,0.01424010169612,0.019527427822013,0.06776984489547311,0.15082415498054424,0.21859445541557565
2017-05-19,24028.44921875,24922.5,23812.150390625,24352.900390625,24352.900390625,129883000.0,0.016103475179605198,0.04834736293913955,0.0854990757920191,0.2200912787151661,0.23587416344201984
2017-05-26,24707.5,25711.150390625,24654.30078125,25507.55078125,25507.55078125,160645000.0,0.047413259698195986,0.07738624734517674,0.1448272125941401,0.265434363833166,0.22001620601707694
2017-06-02,25288.150390625,26429.19921875,25264.0,26401.69921875,26401.69921875,129205000.0,0.035054264722164774,0.11727453737109239,0.18172028685085095,0.30831991961349914,0.26248412283323375
2017-06-09,26233.650390625,26514.55078125,25858.55078125,25941.44921875,25941.44921875,87354000.0,-0.017432590083941935,0.08238428604235093,0.1043026326291705,0.25792578591108395,0.2529377294187254
2017-06-16,25986.44921875,26040.75,25672.05078125,25914.30078125,25914.30078125,91188000.0,-0.001046527403734121,0.06411558235692061,0.10484718516787095,0.2968433180781991,0.23139908870994308
2017-06-23,26056.80078125,26349.80078125,25975.69921875,26163.849609375,26163.849609375,77436000.0,0.00962977277417254,0.025729590181093664,0.11135482689155451,0.3353774530508231,0.2584854986455858
2017-06-30,26209.75,26818.44921875,25906.44921875,26752.05078125,26752.05078125,87379000.0,0.022481445989669613,0.013270038401588469,0.1513413662153278,0.28900078947128205,0.21459997579144452
2017-07-07,27835.349609375,28267.5,27309.19921875,27465.849609375,27465.849609375,156315000.0,0.026682022771326697,0.0587631160376032,0.1683667683196599,0.3162274644548766,0.256638731561611
2017-07-14,27422.150390625,29037.849609375,27048.69921875,27864.44921875,27864.44921875,105316000.0,0.014512553408831952,0.07525375482679464,0.199513051409415,0.31232119154431826,0.2647636078950353
2017-07-21,27768.69921875,27772.349609375,25161.150390625,25795.599609375,25795.599609375,306578000.0,-0.0742469227772451,-0.014074763671934942,0.08955283474697051,0.1919753744917294,0.1725033135864591
2017-07-28,25865.30078125,26276.099609375,25763.849609375,26033.94921875,26033.94921875,124597000.0,0.009239932894925751,-0.026842860323938345,0.10171198938075632,0.19431651016183782,0.17117843146368683
2017-08-04,26009.05078125,26022.80078125,25336.099609375,25551.099609375,25551.099609375,133474000.0,-0.018546921380151016,-0.06971384563856464,0.06609728990395136,0.12832545461711975,0.1534495532576785
2017-08-11,25549.25,25713.05078125,24665.44921875,24762.55078125,24762.55078125,111124000.0,-0.030861639623355863,-0.11132100308707094,0.016821421023949235,0.09041449667597301,0.10559932623319068
2017-08-18,24940.849609375,25751.25,24810.0,25718.69921875,25718.69921875,141530000.0,0.038612679523467586,-0.0029811437527915707,0.008277879727096815,0.14581339598425025,0.15668938120509557
2017-08-25,25758.75,25877.25,25538.94921875,25555.0,25555.0,104090000.0,-0.006364988266228333,-0.01839710198117217,-0.03206987594755606,0.13908111300549364,0.14840252964951417
2017-09-01,25614.19921875,25975.650390625,25445.55078125,25906.75,25906.75,99840000.0,0.013764429661514477,0.01391918140753945,-0.0013375975435065968,0.1627440299628724,0.1367944215872956
2017-09-08,25888.80078125,25890.650390625,25276.55078125,25408.849609375,25408.849609375,119700000.0,-0.01921894450770556,0.02609984867206694,-0.019504719658140046,0.13728108180312648,0.11915020387474717
2017-09-15,25434.25,25934.849609375,25430.19921875,25505.94921875,25505.94921875,106997000.0,0.0038214878228557403,-0.008272191302929333,-0.025145397196797092,0.08576381498430274,0.12052495194947821
2017-09-22,25622.19921875,25783.44921875,25155.69921875,25220.349609375,25220.349609375,116303000.0,-0.011197372304225017,-0.013095299965760088,-0.05725546741816667,0.07526081873020174,0.13015917499411844
2017-09-29,25255.5,25289.44921875,24427.30078125,24480.80078125,24480.80078125,138998000.0,-0.02932349628690678,-0.05504160957086479,-0.10868219518343625,0.039864412944186745,0.13641923091917785
2017-10-06,24764.900390625,25247.099609375,24547.349609375,25130.599609375,25130.599609375,73050000.0,0.02654320150436762,-0.01095090900523632,-0.09811245820482217,0.08155816257448967,0.16137555511608515
2017-10-13,25271.400390625,25575.94921875,25078.5,25434.849609375,25434.849609375,88733000.0,0.01210675450364107,-0.002787569627980435,-0.01398494338037759,0.08197028176614496,0.18726833820543343
2017-10-20,25481.0,25747.650390625,25458.19921875,25580.0,25580.0,59718000.0,0.005706752461846598,0.014260325340268443,-0.01743681740083669,0.1011717337088387,0.18718320458319204
2017-10-27,25636.849609375,26128.19921875,25331.099609375,25814.69921875,25814.69921875,125220000.0,0.00917510628420648,0.05448753288011887,0.010316566151942874,0.09035956278788504,0.19801188301888506
2017-11-03,25837.150390625,26152.5,25570.75,25790.5,25790.5,124806000.0,-0.0009374201320316855,0.026258839855887173,0.04151225081094445,0.09140963683145165,0.19075490410556695
2017-11-10,25829.0,26030.400390625,25558.0,25920.55078125,25920.55078125,126325000.0,0.005042584721118182,0.019095893206932057,0.007848435909730611,0.08151231701077943,0.24463049832498052
2017-11-17,26015.650390625,26069.5,25166.19921875,25749.0,25749.0,137065000.0,-0.006618330864099242,0.00660672400312734,0.007591469379769178,0.057327857749233324,0.2900364979824295
2017-11-24,25791.44921875,26002.0,25656.80078125,25971.19921875,25971.19921875,111468000.0,0.008629430997320275,0.0060624374769522316,0.0024877384754937726,0.01817690931897764,0.28843604951367974
2017-12-01,25923.099609375,26048.599609375,25618.80078125,25666.80078125,25666.80078125,135033000.0,-0.01172061539923952,-0.004796309445338376,0.010152020884087065,-0.027835270427521874,0.27190248084534363
2017-12-08,25750.94921875,26491.25,25526.55078125,26459.55078125,26459.55078125,93579000.0,0.030886202248435968,0.020794311222348538,0.03738741712066873,0.01997195908875926,0.28304902824399547
2017-12-15,26623.44921875,26750.099609375,26027.25,26430.80078125,26430.80078125,112577000.0,-0.001086564176303928,0.026478728542856045,0.04799501952284779,0.019931079922237638,0.3226908058974356
2017-12-22,26426.0,26878.75,25871.19921875,26710.30078125,26710.30078125,87286000.0,0.010574783651590147,0.02845850729782251,0.0910713673103205,0.020885732796721124,0.3632677897180083
2017-12-29,26724.849609375,26880.099609375,26567.30078125,26851.5,26851.5,78259000.0,0.0052863208058338,0.046156871237939434,0.06847828612823936,0.003717442807027682,0.29379257618435517
2018-01-05,26885.599609375,26960.5,26474.05078125,26914.30078125,26914.30078125,84327000.0,0.0023388183621027014,0.017186610753885168,0.05816630310759496,-0.02008125857999088,0.28979596039107247
2018-01-12,26980.650390625,27482.80078125,26954.400390625,27196.650390625,27196.650390625,129858000.0,0.010490690866162167,0.02897564911912509,0.06319978071247068,-0.023965979836258144,0.2808701283290729
2018-01-19,27238.849609375,27573.650390625,26631.94921875,27517.099609375,27517.099609375,149712000.0,0.011782672283071394,0.030205531369057237,0.06594693884283154,0.06673618857746377,0.2715232678635022
2018-01-26,27555.80078125,27924.19921875,27452.25,27716.5,27716.5,112043000.0,0.007246417444266795,0.032214215220751186,0.07467866074717433,0.06462910283462509,0.2715041147141777
2018-02-02,27735.44921875,28099.599609375,26843.599609375,27180.099609375,27180.099609375,199021000.0,-0.019353107016578552,0.00987574710877026,0.048592672229639255,0.06375459471037015,0.20026138667762838
2018-02-09,26898.150390625,27281.099609375,26193.150390625,26664.30078125,26664.30078125,143812000.0,-0.01897707644703006,-0.019574087313285693,0.03554704187541269,0.07679943866849093,0.17415771793667267
2018-02-16,26849.400390625,26945.099609375,26520.349609375,26599.05078125,26599.05078125,75736000.0,-0.002447092107732418,-0.03336284859804861,0.02417491611425948,0.03423001898393774,0.18503461028084134
2018-02-23,26635.55078125,26699.599609375,26262.55078125,26669.900390625,26669.900390625,101732000.0,0.002663614200283604,-0.03776088645301534,0.03908159875179229,0.04362748544805317,0.18877635768729317
2018-03-02,26677.849609375,26807.19921875,26380.849609375,26492.349609375,26492.349609375,78939000.0,-0.006657346996032043,-0.025303439276682438,0.0012395837101000229,0.022604132489602025,0.18902685006764708
2018-03-09,26434.80078125,26434.849609375,25730.80078125,26020.05078125,26020.05078125,104406000.0,-0.01782774405022436,-0.024161518626921175,-0.015540580983508634,0.024054657383996148,0.16463798857520118
2018-03-16,26322.150390625,26817.44921875,25911.05078125,26052.150390625,26052.150390625,115617000.0,0.0012336489903443937,-0.020560898775023873,-0.024640321200988025,0.021414657701642303,0.10901507542702071
2018-03-23,26127.849609375,26245.75,25695.94921875,25910.05078125,25910.05078125,111414000.0,-0.005454429183171627,-0.02849090541193411,-0.0350613268811798,0.027347010749550593,0.10466598789858717
2018-03-30,25795.05078125,26362.599609375,25777.94921875,26127.400390625,26127.400390625,73146000.0,0.008388621512555483,-0.013775645578105067,-0.029237259292769657,0.06726085572479068,0.10980658319656977
2018-04-06,26169.349609375,26835.0,26151.0,26805.900390625,26805.900390625,84595000.0,0.02596890581749034,0.030201693916035,-0.014367578153473448,0.06666378070123824,0.1536589187399897
2018-04-13,26811.849609375,27223.0,26803.599609375,26982.900390625,26982.900390625,86503000.0,0.006603023864921287,0.035726417437500047,-0.01941335483511497,0.06086337466211744,0.14782264439855441
2018-04-20,26932.400390625,28290.69921875,26924.19921875,28110.94921875,28110.94921875,116133000.0,0.041806062795122445,0.08494381026426612,0.014231566711164767,0.0989425026876467,0.21012442093088612
2018-04-27,28136.599609375,28557.94921875,27873.75,28433.5,28433.5,101462000.0,0.011474204543575395,0.08826364563243994,0.04611463565765139,0.10144610863208836,0.20097229744250145
2018-05-04,28483.150390625,29133.80078125,28104.849609375,28177.94921875,28177.94921875,89607000.0,-0.00898766529797601,0.05118458280195859,0.05676685280134475,0.09257087760027916,0.19244238473434128
2018-05-11,28286.349609375,28692.900390625,28135.30078125,28476.0,28476.0,76255000.0,0.010577447596920031,0.055335030251001616,0.07056451879377157,0.09858776691576021,0.18813620123676178
2018-05-18,28519.900390625,29037.099609375,28200.650390625,28852.69921875,28852.69921875,143469000.0,0.013228656368520886,0.026386515596750204,0.08184503114575925,0.12053668953163221,0.1847746574718987
2018-05-25,28911.599609375,28961.599609375,28303.099609375,28595.80078125,28595.80078125,98894000.0,-0.008903792173907021,0.0057080831149876055,0.07939843777128175,0.1010581583235155,0.12107199262228274
2018-06-01,28746.599609375,28952.55078125,28506.0,28611.400390625,28611.400390625,105330000.0,0.0005455209838092223,0.015382637271081911,0.09959049008629606,0.11472406064436647,0.08369541496426525
2018-06-08,28669.94921875,28897.80078125,28287.349609375,28713.5,28713.5,82720000.0,0.003568493956292107,0.008340356791684211,0.10215470007161875,0.08518471221919666,0.10685797689538545
2018-06-15,28779.30078125,29161.05078125,28618.900390625,28774.55078125,28774.55078125,96570000.0,0.0021262047904295756,-0.002708531250664281,0.11055555329412625,0.08867495235568712,0.11037341984042648
2018-06-22,28807.44921875,28904.80078125,28200.19921875,28630.75,28630.75,102807000.0,-0.004997498739188089,0.0012221801032030744,0.0958131912072373,0.07189919853310345,0.09428659877868517
2018-06-29,28670.19921875,29016.900390625,28318.19921875,28966.0,28966.0,120705000.0,0.011709438278773687,0.012393647445903877,0.08058299023339144,0.07874792842113099,0.08275811214823636
2018-07-06,29025.30078125,29555.150390625,28601.19921875,29344.650390625,29344.650390625,131436000.0,0.013072236091452138,0.02198096333170807,0.08752765513749483,0.0902995633855781,0.06840497592358119
2018-07-13,29504.650390625,30036.30078125,29352.099609375,29629.55078125,29629.55078125,123225000.0,0.009708767589067024,0.02971375666295839,0.05402171056846039,0.08945588356217749,0.06334600582423366
2018-07-20,29655.30078125,29824.650390625,28838.19921875,29281.0,29281.0,121466000.0,-0.01176362017174315,0.022711595050775912,0.029806390349411682,0.06410197352427516,0.13511608349504267
2018-07-27,29643.55078125,31014.80078125,29529.94921875,30749.349609375,30749.349609375,233239000.0,0.050146839567466905,0.061566996111820815,0.09125576778717281,0.10942397522685043,0.18112505140898505
2018-08-03,30787.75,31490.69921875,30638.55078125,31424.94921875,31424.94921875,191718000.0,0.021971183714696307,0.07089192750408824,0.10355911008393037,0.15617490996651306,0.229886372765727
2018-08-10,31505.94921875,31551.5,31083.69921875,31474.900390625,31474.900390625,104934000.0,0.0015895386664681599,0.06228071505366062,0.09088235218460805,0.18041349176340504,0.27106858532754785
2018-08-17,31354.69921875,32383.19921875,31317.599609375,32340.05078125,32340.05078125,117854000.0,0.027486993759722633,0.10447221000819651,0.13093705710997505,0.2158347697146734,0.25745281696333855
2018-08-24,32422.0,32660.599609375,32217.400390625,32385.55078125,32385.55078125,117731000.0,0.0014069241977312519,0.053210919666936585,0.131910718772845,0.21431090131233343,0.2672882324887498
2018-08-31,32508.05078125,33067.1484375,32354.75,32911.55078125,32911.55078125,133141000.0,0.016241811156861186,0.047306410971477586,0.14620477410451538,0.24230395818132333,0.27038516144441127
2018-09-07,33167.8984375,33167.8984375,30931.80078125,31354.30078125,31354.30078125,123572000.0,-0.04731621461262714,-0.0038316121060997244,0.08965387573247563,0.2050053647029717,0.233991355896779
2018-09-14,31305.5,31348.150390625,29988.849609375,30987.599609375,30987.599609375,143894000.0,-0.01169540263179103,-0.041819698460681454,0.08231882187420858,0.1894449841854915,0.21491654137675908
2018-09-21,30824.80078125,31084.69921875,29728.650390625,30406.900390625,30406.900390625,102757000.0,-0.01873972899063514,-0.061096703403005326,0.049744541553027766,0.17355618664511363,0.20564944029649923
2018-09-28,30510.349609375,30572.44921875,29372.69921875,29757.69921875,29757.69921875,164826000.0,-0.021350455440540705,-0.09582810556276722,0.01407577949052552,0.13894604031971047,0.21555252561597626
2018-10-05,29908.900390625,30029.400390625,27782.400390625,27873.80078125,27873.80078125,100459000.0,-0.06330793330665085,-0.1110055052505382,-0.0592567201900025,0.03983825855737666,0.10915780819060306
2018-10-12,27957.650390625,28291.0,26889.650390625,28153.55078125,28153.55078125,154033000.0,0.010036306214406876,-0.09145751409759362,-0.0385044642857143,0.04338489834961301,0.10688882433466085
2018-10-19,28329.30078125,29059.400390625,27931.69921875,28845.25,28845.25,111636000.0,0.024568809246280354,-0.05135842096902732,-0.06192324824959772,0.026121522099304295,0.12764855355746674
2018-10-26,29062.30078125,29116.69921875,27832.900390625,28013.55078125,28013.55078125,140443000.0,-0.028833143021814722,-0.05861166969525089,-0.1085570071650126,-0.014769522526245416,0.08517827551920143
2018-11-02,28070.900390625,29091.05078125,27795.94921875,28836.80078125,28836.80078125,169388000.0,0.02938756341274007,0.034548571526269445,-0.08381597961024123,0.023381813821340414,0.11811716644694759
2018-11-09,28929.30078125,28929.30078125,28396.5,28731.05078125,28731.05078125,92775000.0,-0.0036671890478489066,0.02051251028643275,-0.11159537207939119,0.008956692697359214,0.1084274799451026
2018-11-16,28783.0,29277.150390625,28405.0,29153.349609375,29153.349609375,125252000.0,0.014698342616852544,0.01068112113346209,-0.099803804286272,0.010420182470471273,0.13221288630140982
2018-11-23,29248.30078125,29721.099609375,29141.599609375,29244.099609375,29244.099609375,83180000.0,0.003112849851422128,0.043926913718793204,-0.11143355705876912,0.022671119899187575,0.12602037984684666
2018-11-30,29336.30078125,30438.55078125,29312.75,30126.25,30126.25,127354000.0,0.030165072695286677,0.04471540475420599,-0.039166900573473495,0.052945664619455934,0.17374386690248111
2018-12-07,30312.0,30526.25,29440.5,29673.650390625,29673.650390625,118564000.0,-0.015023430044396546,0.03280769702965913,-0.04240242017172824,0.03343898830254055,0.12147219111719032
2018-12-14,29315.900390625,30489.05078125,28960.650390625,30371.5,30371.5,125919000.0,0.02351748437379575,0.041784234297155054,-0.0011642222709393746,0.05549866723864194,0.14909496126751987
2018-12-21,30477.599609375,31064.349609375,30157.349609375,30199.80078125,30199.80078125,127366000.0,-0.005653300586075716,0.03268013666485481,0.01485671184623838,0.054802992630301306,0.13064248241073906
2018-12-28,30371.69921875,30666.599609375,29569.80078125,30544.0,30544.0,125386000.0,0.011397400308802652,0.013866644537571027,0.09579602149363775,0.054477663467513704,0.1375155950319349
2019-01-04,30633.849609375,30729.05078125,29985.80078125,30190.19921875,30190.19921875,90127000.0,-0.011583315258315907,0.017407660376297818,0.07234073077760361,0.028814411378883964,0.12171590353118789
2019-01-11,30440.900390625,30849.25,30159.69921875,30759.05078125,30759.05078125,109547000.0,0.018842259316616428,0.012760343784468997,0.06634717262807577,0.03812072644431597,0.1309867332726018
2019-01-18,30735.099609375,31045.900390625,30456.80078125,30540.349609375,30540.349609375,98012000.0,-0.007110140473135629,0.011276525649680291,0.09019916282145268,0.0430091052004713,0.1098680472476099
2019-01-25,30626.69921875,30854.55078125,29856.25,29938.05078125,29938.05078125,158959000.0,-0.019721412355414247,-0.01983856792659766,0.03818904906802434,-0.02638425977886849,0.0801526448595602
2019-02-01,29951.80078125,30536.599609375,29337.349609375,30199.900390625,30199.900390625,159840000.0,0.008746381362242595,0.00032133513941756675,0.05112411726805255,-0.03898331926003762,0.11110337433084339
2019-02-08,30233.0,30319.5,29695.349609375,29769.05078125,29769.05078125,123949000.0,-0.014266590412621016,-0.03218564860926987,0.021119397260512596,-0.05419714083934313,0.11643845550164289
2019-02-15,29744.5,29842.94921875,29003.25,29309.099609375,29309.099609375,118037000.0,-0.015450649577469888,-0.040315517528392686,0.00222267058545933,-0.09372128672204416,0.10188517065561409
2019-02-22,29238.349609375,29348.650390625,28887.69921875,29241.19921875,29241.19921875,175475000.0,-0.0023166999849862924,-0.023276450681165683,-0.029378060039002563,-0.09709118686103868,0.09641201468562155
2019-03-01,29294.44921875,29547.849609375,29055.599609375,29464.900390625,29464.900390625,183924000.0,0.007650205116469966,-0.024337828618407165,-0.007034860802496712,-0.10472464252850056,0.11220412024904292
2019-03-08,29559.349609375,30071.05078125,29371.80078125,29945.75,29945.75,116758000.0,0.01631940386698183,0.005935668558881169,-0.01401807615692341,-0.04492368658057655,0.15087208137114216
2019-03-15,30069.19921875,30628.94921875,29854.69921875,29953.400390625,29953.400390625,156967000.0,0.0002554750048002763,0.021982960576649946,-0.008159007154046605,-0.03337461538766984,0.1497477153135076
2019-03-22,30105.5,30584.05078125,29971.75,30198.849609375,30198.849609375,105243000.0,0.008194369104978838,0.03275003817254318,-0.011300104459959437,-0.006842222606620707,0.165526453974711
2019-03-29,30065.80078125,30316.099609375,29787.94921875,30243.25,30243.25,115803000.0,0.0014702676161284511,0.02641616292796467,0.0017572186544914103,0.016316811917504115,0.15753000864379318
2019-04-05,30402.599609375,30539.400390625,29801.099609375,29869.150390625,29869.150390625,120474000.0,-0.012369689414166829,-0.00255794593139258,-0.028931334616068893,0.07158512845213494,0.11427521386565065
2019-04-12,29934.650390625,30582.25,29731.25,30533.69921875,30533.69921875,114515000.0,0.02224866859064001,0.01937338734692129,-0.00021775751456876158,0.08454167845446903,0.13159440893013485
2019-04-19,30670.349609375,30828.099609375,30455.0,30558.94921875,30558.94921875,67110000.0,0.0008269551559771937,0.011924282349590198,0.020739440988885693,0.05941010109983447,0.08708350546793997
2019-04-26,30539.650390625,30786.150390625,30247.75,30440.75,30440.75,116417000.0,-0.003867908477608095,0.006530382812693691,0.007975178933032678,0.08664375457803697,0.07059454516679264
2019-05-03,30442.44921875,30628.75,29688.150390625,29750.55078125,29750.55078125,81170000.0,-0.022673528699194367,-0.003970638863977305,-0.0006214507857822404,0.03168694082715762,0.055809652799486464
2019-05-10,29677.05078125,29910.75,29217.05078125,29359.05078125,29359.05078125,125084000.0,-0.013159420236573904,-0.03847055769707319,0.0017042888570695247,0.02185788486405915,0.031010351919160017
2019-05-17,29295.94921875,30002.44921875,28988.55078125,29962.150390625,29962.150390625,213767000.0,0.020542203965264738,-0.019529428968677487,0.024655321639911243,0.027742979523351474,0.0384522489027308
2019-05-24,30447.05078125,30824.94921875,29606.849609375,29965.400390625,29965.400390625,167848000.0,0.00010847018513793216,-0.015615568255545664,0.01698631230259462,0.02466483122697216,0.04789513047219973
2019-05-31,29994.05078125,30316.75,29756.400390625,29850.400390625,29850.400390625,150310000.0,-0.003837759499318416,0.003356227254721178,-0.0031840781872218837,-0.009156453570391299,0.04330441652922312
2019-06-07,30019.94921875,30375.0,29793.599609375,29971.44921875,29971.44921875,123151000.0,0.0040551827292412135,0.020858931784371704,0.000602563578412596,0.010035800253921145,0.04381037556375911
2019-06-14,30161.400390625,30466.900390625,29897.5,29966.099609375,29966.099609375,91026000.0,-0.0001784901803031369,0.00013180691968073255,-0.007707247229965519,-0.013348052964950674,0.041409815123905735
2019-06-21,30019.400390625,30020.55078125,29357.099609375,29423.849609375,29423.849609375,128416000.0,-0.01809544809196173,-0.018072536131351957,-0.027093661912162226,-0.02569391690678835,0.027700972184626638
2019-06-28,29440.69921875,29668.80078125,29285.650390625,29546.05078125,29546.05078125,169041000.0,0.004153133376404439,-0.010195830052269095,-0.010817167718182308,-0.032672512400144016,0.02002522893219627
2019-07-05,29630.099609375,30151.30078125,29568.75,29973.25,29973.25,134610000.0,0.014458758698847829,6.008322243133968e-05,-0.01835510380628369,-0.007186081058228377,0.021421267624841978
2019-07-12,29931.80078125,29999.94921875,29056.55078125,29252.0,29252.0,101500000.0,-0.0240631229512982,-0.023830248803938137,-0.04276813346540387,-0.0489953604865031,-0.012742372776333832
2019-07-19,29288.94921875,29685.94921875,28936.900390625,29027.55078125,29027.55078125,113039000.0,-0.007672952917749165,-0.013468626076675316,-0.046424586081157626,-0.04953443059671503,-0.008655756932823278
2019-07-26,29039.05078125,29225.25,28580.599609375,29142.30078125,29142.30078125,128766000.0,0.003953140961314716,-0.013665108849546193,-0.02044499963958124,-0.026579886774003803,-0.05226285591533408
2019-08-02,29126.599609375,29248.69921875,28514.30078125,28930.75,28930.75,116887000.0,-0.0072592340199203464,-0.034781013069987377,-0.014588372915773307,-0.042024985983694974,-0.07937003179823154
2019-08-09,28832.05078125,29365.099609375,28489.150390625,29302.19921875,29302.19921875,114118000.0,0.01283925300069999,0.0017160952669903473,-0.022026161783150755,-0.015682447046448833,-0.06902964409451007
2019-08-16,29285.55078125,29292.30078125,28567.349609375,28889.94921875,28889.94921875,83162000.0,-0.014068909876778446,-0.004740377978733279,-0.03588976479057715,-0.014301032655773871,-0.10668200819586493
2019-08-23,28950.099609375,29204.099609375,28099.150390625,28257.099609375,28257.099609375,131522000.0,-0.021905528617692127,-0.03037512990204716,-0.05337619463725529,-0.03365455712035148,-0.12747818308729264
2019-08-30,28526.94921875,29318.19921875,28115.05078125,29257.349609375,29257.349609375,143474000.0,0.035398183600844124,0.011289012879894145,-0.02382599533853247,-0.007044000777142845,-0.11103096284228664
2019-09-06,29116.44921875,29142.30078125,28503.0,28649.75,28649.75,78333000.0,-0.020767418015892547,-0.022266220152257654,-0.04392795947868955,-0.04327826152292058,-0.08625772904708917
2019-09-13,28679.75,28971.0,28503.44921875,28592.05078125,28592.05078125,92591000.0,-0.0020139519105751846,-0.010311490520262256,-0.028269544575838634,-0.045448917038517056,-0.07730669230024034
2019-09-20,28496.44921875,30003.599609375,28449.349609375,29835.349609375,29835.349609375,192353000.0,0.04348407316555014,0.05585321996304171,0.009791455049843467,-0.012036882354854783,-0.018796745932913916
2019-09-27,30449.30078125,31813.80078125,30449.30078125,31026.0,31026.0,229392000.0,0.039907371832869964,0.060451490454154655,0.03512298466132302,0.025881808337397505,0.04262092885362789
2019-10-04,31089.19921875,31341.75,30300.0,30327.150390625,30327.150390625,61747500.0,-0.02252464414926192,0.05854851754814616,0.0367547651656297,0.015333546284723054,0.0880163286172766
2019-10-11,30347.150390625,30527.44921875,30022.80078125,30416.19921875,30416.19921875,135300.0,0.0029362741628546907,0.06379914653398111,0.04783898055901359,-0.0038482071614777125,0.0803681374005194
2019-10-18,30585.5,31544.19921875,30493.099609375,31501.44921875,31501.44921875,134500.0,0.035680000390416966,0.05584314014042824,0.08095271733033038,0.030842029064982013,0.09208445822969114
2019-10-25,31462.400390625,32176.400390625,31453.05078125,31685.599609375,31685.599609375,137000.0,0.005845775200570502,0.02125957614178442,0.09522219815853372,0.04089418326995875,0.13108116342690734
2019-11-01,31828.69921875,32591.30078125,31526.69921875,32449.849609375,32449.849609375,166800.0,0.024119789728513696,0.06999336209992846,0.10742027815478328,0.0907310539550148,0.12529298432003055
2019-11-08,32541.099609375,32644.900390625,31907.400390625,31947.5,31947.5,143700.0,-0.015480799307922455,0.05034490898211996,0.10583441175679198,0.0881652897444185,0.11195028136071761
2019-11-15,31928.400390625,32061.30078125,31235.30078125,31289.69921875,31289.69921875,95400.0,-0.02059005497300259,-0.006721912967545762,0.10732168733866998,0.04430752835885854,0.07327973073420013
2019-11-22,31342.94921875,31422.349609375,30745.150390625,30809.55078125,30809.55078125,108500.0,-0.015345255770700339,-0.027648169481564677,0.05305337607811289,0.0281708363519515,0.05353049650306718
2019-11-29,30798.900390625,31290.30078125,30783.150390625,30975.5,30975.5,140600.0,0.0053862914110061055,-0.045434713168872376,0.08117871883698813,0.03769127363961111,0.028189701672129752
2019-12-06,30977.0,31018.55078125,30482.5,30536.44921875,30536.44921875,111300.0,-0.014174130562864207,-0.044167799710462474,0.06800486094460534,0.018851273953297554,0.029076261827145844
2019-12-13,30562.0,30574.5,29985.400390625,30426.25,30426.25,112900.0,-0.003608776448125295,-0.027595318597137153,0.01980537846418673,0.015355698493408232,0.001802676851653695
2019-12-20,30459.80078125,30523.349609375,29964.80078125,30356.349609375,30356.349609375,140000.0,-0.0022973712049628725,-0.014709762407532634,-0.021583523194256382,0.03169197818707192,0.005183770226133255
2019-12-27,30392.150390625,30548.5,30040.650390625,30145.44921875,30145.44921875,98100.0,-0.006947488526745205,-0.026797009935271454,-0.005991369763878929,0.020286922334824542,-0.013048414786864804
2020-01-03,30206.400390625,30367.75,30050.75,30109.25,30109.25,79300.0,-0.001200818687003835,-0.013989813147223806,-0.0100916362541702,0.004537379163087163,-0.002681307869599081
2020-01-10,30024.75,30393.19921875,29660.099609375,30370.44921875,30370.44921875,107800.0,0.008675048988267653,-0.0018339684072141704,-0.035903110112369574,0.03823496577157126,-0.012633730646099184
2020-01-17,30455.75,31507.69921875,30443.5,31371.44921875,31371.44921875,191600.0,0.03295967052677007,0.03343944915766506,-0.009914610879954822,0.08074737187313841,0.02721316618850622
2020-01-24,31369.650390625,31546.80078125,30995.30078125,31474.900390625,31474.900390625,113100.0,0.0032976217054445645,0.04410122278251216,-0.03004479929756998,0.0800417107380822,0.0513343243554627
2020-01-31,31373.25,31506.55078125,30729.599609375,30775.30078125,30775.30078125,200300.0,-0.02222722234836305,0.022121134908707374,-0.03669142245089596,0.06375744774158987,0.019053055910198458
2020-02-07,30049.30078125,31158.650390625,29833.05078125,30809.5,30809.5,323000.0,0.0011112553860346264,0.01445651258193914,-0.015346878708960121,0.05143985166429088,0.0349507018680395
2020-02-14,30863.69921875,31205.900390625,30375.349609375,30646.75,30646.75,160100.0,-0.005282461578409281,-0.02310059741571846,-0.005284101102476235,0.06081010277822885,0.04563942285682265
2020-02-21,30660.349609375,30904.44921875,30076.650390625,30636.25,30636.25,138000.0,-0.00034261381712574757,-0.026645053049152656,-0.01095220416135334,0.0841965532030633,0.047708398373602634
2020-02-28,30545.5,30590.0,29151.80078125,29310.25,29310.25,191400.0,-0.043282059651556626,-0.04760475914316942,-0.04015526526892621,0.0018081060427992401,-0.005248631034714291
2020-03-06,29610.150390625,29913.099609375,28689.44921875,28937.0,28937.0,211000.0,-0.012734452964406673,-0.06077670848277317,-0.04894622242307223,0.010026265499698983,-0.03368591536361587
2020-03-13,28466.25,28530.44921875,23420.400390625,26208.0,26208.0,268700.0,-0.09430832498185715,-0.14483591245401228,-0.13665508741188892,-0.08338159439802773,-0.12504090827020953
2020-03-20,25586.400390625,26113.69921875,22699.05078125,25931.599609375,25931.599609375,409500.0,-0.01054641295119807,-0.15356482567628216,-0.1397839381591982,-0.1308431123184608,-0.14130505152339534
2020-03-27,23950.55078125,26557.69921875,23082.19921875,25740.44921875,25740.44921875,384400.0,-0.007371330481128258,-0.12179359716310845,-0.14509829309099365,-0.17035875656707278,-0.14888614091574148
2020-04-03,25218.5,27683.900390625,25159.849609375,26537.75,26537.75,242100.0,0.030974625752421936,-0.08291287970418493,-0.12619830517303587,-0.12495075672511624,-0.11153314865194908
2020-04-10,27491.599609375,29817.599609375,27272.900390625,28953.19921875,28953.19921875,219800.0,0.09101936745767825,0.1047466124370422,-0.07708442103320712,-0.04809936933534209,-0.05176248015928098
2020-04-17,28913.30078125,30202.75,28357.75,29202.349609375,29202.349609375,264000.0,0.008605280153761052,0.12612989747140513,-0.07220200073855976,-0.07298393141882986,-0.044392874887943856
2020-04-24,29490.25,29698.349609375,28063.30078125,28636.69921875,28636.69921875,258900.0,-0.019370030089750245,0.11251746134602403,-0.06949084194825983,-0.09622353460916999,-0.059264334198401825
2020-05-01,28805.19921875,29233.400390625,28460.05078125,28669.30078125,28669.30078125,189500.0,0.0011384539206478195,0.08032145834707172,-0.06946556155568895,-0.11650435591025887,-0.036343864957332106
2020-05-08,28197.44921875,28235.44921875,25984.0,26759.80078125,26759.80078125,543900.0,-0.066604344995007,-0.07575668653844514,-0.1268307151247685,-0.16238200856874563,-0.08853317565907126
2020-05-15,26895.650390625,27765.900390625,26321.900390625,26958.650390625,26958.650390625,280900.0,0.0074309076887570935,-0.0768328319043784,-0.12004078858786571,-0.13841772008884212,-0.10024313878818858
2020-05-22,27057.5,28051.25,26653.94921875,27786.099609375,27786.099609375,319900.0,0.03069327309640646,-0.029703130339060357,-0.05200059332912543,-0.09813356881902358,-0.07272723717490581
2020-05-29,28071.69921875,29384.900390625,27742.25,29296.94921875,29296.94921875,362400.0,0.05437429616300804,0.021892701265685766,0.012439064821854418,-0.05418962668076388,-0.018540829088805832
2020-06-05,29579.44921875,30023.349609375,29311.30078125,29542.0,29542.0,251300.0,0.008364378810240325,0.10396935468590729,0.1272130647130647,-0.03256597424363894,-0.014328610392364327
2020-06-12,29891.30078125,30117.650390625,28319.099609375,29145.599609375,29145.599609375,254700.0,-0.013418197502708007,0.08112235542438428,0.12394144782484018,-0.04209031315475942,-0.027380940819648925
2020-06-19,29187.5,29215.849609375,28349.0,28709.44921875,28709.44921875,243400.0,-0.014964536549960217,0.033230630507905534,0.11534375234746497,-0.05425225403638079,-0.024279637100829254
2020-06-26,28961.05078125,30505.150390625,28718.94921875,29757.05078125,29757.05078125,380200.0,0.0364897826676458,0.015704760214607427,0.12131023848103184,-0.012884148273312968,0.007141394346140473
2020-07-03,30035.30078125,30632.30078125,29820.19921875,30529.099609375,30529.099609375,363400.0,0.02594507210410346,0.033413432041669466,0.0544292317653261,0.013944206825975414,0.018544856142560517
2020-07-10,30724.80078125,30919.099609375,30402.75,30821.150390625,30821.150390625,244700.0,0.009566308374201693,0.05748897959577537,0.05543392236939404,0.014840122009020185,0.05364249933765208
2020-07-17,31011.900390625,31528.400390625,30633.69921875,31439.30078125,31439.30078125,203000.0,0.0200560453711367,0.09508547313813143,0.09786747910754268,0.0021628443756893656,0.08308486024793527
2020-07-24,31571.400390625,31708.0,30653.400390625,31018.849609375,31018.849609375,278800.0,-0.013373426298518454,0.042403356347399335,0.08195347511445505,-0.014489347880059955,0.06439261066622315
2020-07-31,31129.44921875,31183.150390625,30582.75,30872.44921875,30872.44921875,211900.0,-0.004719723409109089,0.011246633990789734,0.15368755810699608,0.0031567014792326376,0.0671154124504203
2020-08-07,30892.80078125,31597.0,30674.44921875,31490.599609375,31490.599609375,274100.0,0.020022719488338225,0.021720448791347824,0.16810742203645357,0.02210680502361284,0.07468382745908975
2020-08-14,31597.05078125,32155.5,31115.5,31237.94921875,31237.94921875,271200.0,-0.008023041598413494,-0.006404454218017608,0.12422936856565325,0.019290763906450126,0.0812739400205007
2020-08-21,31428.94921875,31911.25,31179.05078125,31604.400390625,31604.400390625,155500.0,0.011730961251932737,0.018877256527044972,0.07876080047263878,0.03160146527806118,0.11845875293370334
2020-08-28,31692.25,31799.400390625,31203.69921875,31253.44921875,31253.44921875,220000.0,-0.011104503408933653,0.012341100548919348,0.05793274723275332,0.06629759960252812,0.06822557873579171
2020-09-04,31457.849609375,31457.849609375,30475.849609375,30828.650390625,30828.650390625,336000.0,-0.013592062276126304,-0.021020533967633037,0.05774630832122685,0.06537133740971757,0.07605303329435675
2020-09-11,30897.69921875,31053.25,30407.849609375,30972.25,30972.25,212900.0,0.004657992080596252,-0.008505654993206768,0.07881728290949508,0.18178609584859595,0.08324688693931948
2020-09-18,31151.849609375,31153.80078125,30321.900390625,30460.849609375,30460.849609375,272500.0,-0.016511567310253494,-0.03618327723721715,0.0236514980365079,0.17466141958950154,0.020965063529989614
2020-09-25,30491.75,30526.650390625,28969.349609375,29633.5,29633.5,269500.0,-0.027161081190603564,-0.05183265397081793,-0.029335932629338868,0.15124253458693349,-0.04488171211242187
2020-10-02,29754.94921875,30155.94921875,29396.80078125,30009.55078125,30009.55078125,168600.0,0.012690056228592539,-0.02656942808057816,-0.026332554076951897,0.13082498634021356,-0.01047245142666553
2020-10-09,30083.80078125,30397.0,29862.30078125,29923.900390625,29923.900390625,210300.0,-0.0028541043899436014,-0.03384802877979487,-0.04820082994748931,0.03352656003715038,-0.01618541569196208
2020-10-16,30107.349609375,30297.5,29546.05078125,29671.05078125,29671.05078125,281200.0,-0.008449754412837684,-0.025928325645976802,-0.04345096111229241,0.01605011850568805,-0.05810521366142507
2020-10-23,29815.849609375,30151.0,29483.19921875,29782.19921875,29782.19921875,208100.0,0.0037460229608801132,0.005017943163986738,-0.03531465846052306,0.04000111853847943,-0.06007146508478345
2020-10-30,29927.69921875,30240.30078125,29329.80078125,29428.44921875,29428.44921875,232600.0,-0.01187790053386284,-0.019363887408240466,-0.06548463402427818,0.026479489098544473,-0.09310984263397315
2020-11-06,29538.599609375,30393.099609375,29307.25,30150.650390625,30150.650390625,246500.0,0.02454091843259132,0.007577554965763733,-0.03480698494356882,0.12671430692230312,-0.0562438253188825
2020-11-13,30388.80078125,31393.44921875,30086.05078125,31222.099609375,31222.099609375,351400.0,0.03553652093299964,0.05227481964019809,-0.012096441524750534,0.1581477246439842,-0.0021604429273162085
2020-11-20,31572.849609375,31572.849609375,30783.349609375,31454.349609375,31454.349609375,232300.0,0.00743864131194627,0.05614596754064638,0.0064281029981316795,0.13201744942864657,0.020928537150804782
2020-11-27,31593.599609375,32006.0,31305.650390625,31718.80078125,31718.80078125,310600.0,0.00840745954563249,0.07782780347938711,0.028874127778739656,0.0826656572470017,0.023996409460702806
2020-12-04,32090.80078125,32404.849609375,31591.849609375,32356.75,32356.75,179700.0,0.020112652529004516,0.07316922125371339,0.0447013052006231,0.09527960192268625,0.05961075461688914
2020-12-11,32358.599609375,34427.69921875,32351.94921875,34364.8515625,34364.8515625,352000.0,0.06206128744388728,0.1006579311591631,0.1281645785718155,0.1790751270543829,0.12944748572367604
2020-12-18,34505.3515625,34596.05078125,33878.19921875,34102.69921875,34102.69921875,218200.0,-0.007628502141882376,0.08419661007982371,0.15081577332242224,0.18785626846779402,0.12341238843217206
2020-12-25,34121.75,34288.44921875,32570.75,34115.6484375,34115.6484375,220000.0,0.000379712428829615,0.07556551941480882,0.1368263619199357,0.14647277004333925,0.13170144488278512
2021-01-01,34262.05078125,34377.3984375,33982.3515625,34177.1015625,34177.1015625,151800.0,0.0018013178061844215,0.05625878873805301,0.14213391691437072,0.11949261523601429,0.1351030518030174
2021-01-08,34535.25,34788.3515625,33988.19921875,34276.75,34276.75,293500.0,0.0029156491611137536,-0.002563711422986059,0.15522534920335462,0.11211780110667457,0.12862176496350086
2021-01-15,34597.3515625,35000.3515625,34350.1484375,34630.05078125,34630.05078125,366700.0,0.010307301049545137,0.015463631166475533,0.16277681600652016,0.10148921638559227,0.10387156614213433
2021-01-22,34735.69921875,34974.05078125,34248.19921875,34494.3984375,34494.3984375,249300.0,-0.003917185816644797,0.011101943458406538,0.1721446203669572,0.1120463483299059,0.09593352193020377
2021-01-29,34613.3984375,34647.5,32972.25,33121.05078125,33121.05078125,226600.0,-0.03981364274951349,-0.030899366329201094,0.09851861741425694,0.07283521778810931,0.07622183830707385
2021-02-05,33304.1484375,34818.19921875,32996.30078125,34644.5,34644.5,514200.0,0.045996403580662815,0.010728846813073067,0.10961467785457213,0.10015371030553699,0.12447459387526583
2021-02-12,34938.05078125,34978.1484375,33785.6015625,33928.30078125,33928.30078125,408300.0,-0.020672811521309287,-0.02026419205772445,0.0786521165625258,0.08612446174556054,0.10707663231011444
2021-02-19,34089.30078125,34162.75,33115.1015625,33336.80078125,33336.80078125,156400.0,-0.017433823279675797,-0.03355900403213108,0.051010755770957594,0.05481516400288644,0.08814886878289618
2021-02-26,33330.05078125,33357.0,32312.44921875,32443.150390625,32443.150390625,284400.0,-0.026806723191255544,-0.020467357605959857,0.002670243167963493,0.038066235939208104,0.10688753561040931
2021-03-05,32610.400390625,33562.1015625,32429.599609375,33360.30078125,33360.30078125,188700.0,0.0282694614913237,-0.03706791031043888,-0.029231925516192137,0.08212005256626065,0.15285968764039115
2021-03-12,33493.1015625,33578.1015625,32827.3984375,33068.5,33068.5,150500.0,-0.008746946952408963,-0.025341698860591233,-0.03032602235137405,0.06768155364883088,0.2617712148962148
2021-03-19,33172.6015625,34173.1015625,32720.0,34028.3515625,34028.3515625,321500.0,0.02902615971392719,0.02074436553728809,-0.002558851406852969,0.11711761158582457,0.31223495947383806
2021-03-26,34049.44921875,34814.3984375,33071.69921875,33818.44921875,33818.44921875,266200.0,-0.006168454659476241,0.04239103821811385,-0.010493936798418368,0.1412235888015252,0.3138251369022642
2021-04-02,34023.3515625,35102.69921875,33981.25,34874.55078125,34874.55078125,154300.0,0.031228562719382902,0.045390777796916026,0.017440416061907937,0.16211505581881802,0.31414874212207144
2021-04-09,34800.55078125,35442.8515625,34024.1484375,35253.1015625,35253.1015625,186100.0,0.010854642504915857,0.06606291674856735,0.01799162193511261,0.17809179626679317,0.2175891616036063
2021-04-16,34865.1015625,35046.75,34349.6484375,34853.1484375,34853.1484375,154300.0,-0.011345189707377301,0.024238519855570795,0.010400239350456086,0.1746516392174664,0.19350493722980744
2021-04-23,34463.44921875,34772.05078125,33631.69921875,33726.1015625,33726.1015625,139700.0,-0.032337017616100416,-0.002730688673885151,0.018267861887779402,0.13242481909351533,0.17772307851799107
2021-04-30,33874.75,34455.0,33544.8515625,33623.44921875,33623.44921875,150100.0,-0.0030437061799084564,-0.03587434201941442,-0.029472233146675464,0.1425491356618005,0.17280325304410837
2021-05-07,33515.6484375,34233.55078125,33505.19921875,34123.5,34123.5,179100.0,0.014872084597767898,-0.03204261504473116,0.0057532860253901585,0.13176663050062465,0.2751776546823017
2021-05-14,34273.94921875,34835.0,33988.44921875,34781.5,34781.5,178800.0,0.019282898882002186,-0.0020557235346609914,0.043336468554071805,0.11400259544224323,0.290179571158927
2021-05-21,35050.6015625,35125.6015625,34522.69921875,34690.55078125,34690.55078125,178600.0,-0.002614873388151695,0.0285965223986151,0.06927195304912259,0.10288564895045371,0.2484857993363503
2021-05-28,34722.5,35084.19921875,34487.55078125,34890.5,34890.5,203800.0,0.0057637948734463595,0.037683545581737476,0.04586886757358144,0.09999429803868543,0.1909260496540075
2021-06-04,35357.44921875,35378.80078125,34953.1484375,35138.0,35138.0,280300.0,0.00709362147289383,0.029730244552874208,0.06258221570376632,0.08595578975020679,0.1894252251032429
2021-06-11,35336.1015625,35901.75,35199.5,35646.94921875,35646.94921875,214100.0,0.01448429673715057,0.02488245816741652,0.04756614945855131,0.03730840082106068,0.22306453449267072
2021-06-18,35620.3515625,36360.6015625,35258.0,36287.1484375,36287.1484375,193700.0,0.017959439244614517,0.046023992709650186,0.0729985932465902,0.06405502405360819,0.263944430316728
2021-06-25,36056.8984375,36565.25,35975.6484375,36006.55078125,36006.55078125,155700.0,-0.007732700648365731,0.03198723954228222,0.03245919946325482,0.0554262466156592,0.21001745253389914
2021-07-02,36104.19921875,36425.44921875,35955.8984375,36216.69921875,36216.69921875,145000.0,0.005836394570996495,0.030698936158859436,0.02733369869716684,0.0596773150151475,0.1863009286925852
2021-07-09,36364.44921875,36503.94921875,36083.19921875,36184.3984375,36184.3984375,112200.0,-0.0008918753488522668,0.015077004639356462,0.03819597539049435,0.05565429737358407,0.17401193592392206
2021-07-16,36301.1015625,36418.69921875,35912.25,36253.55078125,36253.55078125,29544800.0,0.0019111093934431889,-0.0009258830659528705,0.07494044973049196,0.046881248030944844,0.15312840554237628
2021-07-23,36073.3515625,36734.0,36054.75,36558.6484375,36558.6484375,157700.0,0.008415662733036067,0.015333255873470009,0.08729619616518103,0.0598430496980602,0.17859459321955895
2021-07-30,36639.1484375,36746.5,35859.8984375,36051.8984375,36051.8984375,193000.0,-0.013861289234100904,-0.004550408645873527,0.05651232838073472,0.08848896961654273,0.16776930077851837
2021-08-06,36250.1484375,36935.6484375,36123.69921875,36669.80078125,36669.80078125,217500.0,0.01713924565778968,0.013414686016914645,0.05429037796673519,0.058459518285730816,0.16446816625025806
2021-08-13,36816.6484375,37016.94921875,36088.25,36842.05078125,36842.05078125,31182300.0,0.004697325764804194,0.01623289270479855,0.062019770558467746,0.0858796324279889,0.17940043129131666
2021-08-20,36844.1484375,38741.44921875,36703.3515625,38596.05078125,38596.05078125,151600.0,0.047608641831975884,0.05572969545723505,0.10620514986171026,0.15776108914920295,0.221223953127077
2021-08-27,38780.30078125,38913.75,38124.6015625,38819.5,38819.5,148500.0,0.005789432188708643,0.07676715186851935,0.10477261084865397,0.19653916258445592,0.2420869046578984
2021-09-03,38945.1484375,40441.8515625,38915.3984375,40226.25,40226.25,176100.0,0.03623823078607402,0.09698577966009791,0.1284626281241854,0.20581196985516903,0.304833312204702
2021-09-10,40388.1015625,40642.6484375,39910.69921875,40577.94921875,40577.94921875,135100.0,0.008743027718218777,0.10140310754365789,0.11824574170219959,0.22708768824561143,0.3101388894494266
2021-09-17,40569.8984375,41406.1015625,40404.30078125,40798.8984375,40798.8984375,356000.0,0.005445056317629371,0.057074431493912,0.13309654916309177,0.19896781842530675,0.3393880656875452
2021-09-24,40716.3515625,41821.8984375,40631.94921875,41090.8984375,41090.8984375,315100.0,0.007157055979031268,0.05851179014412855,0.13458430292914558,0.2150438410616986,0.3866366928476217
2021-10-01,41268.19921875,41273.0,40036.44921875,40399.0,40399.0,161600.0,-0.01683824067639672,0.004294459463658695,0.11647565648437475,0.15840918649825797,0.3462047564284547
2021-10-08,40465.44921875,40754.44921875,39915.0,39993.3515625,39993.3515625,140200.0,-0.010041051449293348,-0.014406781700536775,0.10315681362676865,0.13446334619937028,0.33650196132285304
2021-10-15,40070.25,41789.30078125,40061.8984375,41377.19921875,41377.19921875,253700.0,0.034601942627573434,0.014174421452478603,0.13180330748516877,0.18718684175546363,0.3945309697254624
2021-10-22,42021.44921875,42021.44921875,38563.6484375,38874.80078125,38874.80078125,303000.0,-0.060477714411516836,-0.05393159411251924,0.07830107334413516,0.15266215127795357,0.3053032281368786
2021-10-29,38774.5,39177.5,37878.8515625,38222.1015625,38222.1015625,238600.0,-0.016789776555325986,-0.053884958476694944,0.042331857500674586,0.13676920276179083,0.29881467006243834
2021-11-05,38383.6015625,38875.44921875,38082.44921875,38710.1015625,38710.1015625,118900.0,0.012767482164789623,-0.03208658314106505,0.050704310472334146,0.13441181480504638,0.283889437242006
2021-11-12,39045.6015625,39141.05078125,38419.30078125,38912.75,38912.75,132100.0,0.005235027275059201,-0.05956056149961064,0.008205482486924653,0.11877722352399989,0.24632073072740246
2021-11-19,39014.75,39407.1484375,38646.25,38866.5,38866.5,164000.0,-0.0011885564500067058,-0.00021352601384916348,0.0012107317198830625,0.12037713800171401,0.23564786691427253
2021-11-26,38998.69921875,39026.25,37457.8515625,37547.1484375,37547.1484375,163800.0,-0.03394572607515467,-0.01765871308505451,-0.06660082812839874,0.07614245819062493,0.18375056788702193
2021-12-03,37359.05078125,37930.30078125,36808.69921875,37498.1015625,37498.1015625,164800.0,-0.0013062742988763087,-0.031309656939110475,-0.07589953941848993,0.06716664472935285,0.1588957964721427
2021-12-10,37527.55078125,38337.3984375,36745.30078125,38189.55078125,38189.55078125,150700.0,0.018439579337037326,-0.018585148023462783,-0.06395632617991565,0.07132732585044366,0.11129683513382704
2021-12-17,38408.80078125,38450.94921875,36378.25,36438.0,36438.0,196100.0,-0.045864660500535726,-0.06248311527922501,-0.11323428336757213,0.004157162218459298,0.06847847339796576
2021-12-24,36231.1484375,37152.30078125,35653.55078125,36913.75,36913.75,166100.0,0.013056424611669115,-0.01686941522481633,-0.08627069976979629,0.025195393589946713,0.08201812630430094
2021-12-31,36871.30078125,37630.3984375,36558.0,37579.94921875,37579.94921875,84500.0,0.018047454369984006,0.0021827146665966968,-0.060345088607500985,0.037641475601239316,0.09956513281347679
2022-01-07,37673.25,37941.3984375,37427.94921875,37864.44921875,37864.44921875,93000.0,0.007570526461968985,-0.00851284070771563,-0.08489578962145428,0.04643025319743499,0.10466859368960013
2022-01-14,38012.19921875,38174.6015625,37781.6484375,37816.0,37816.0,115200.0,-0.0012795437342848492,0.03781766287941157,-0.02723617253263655,0.04309782587028921,0.09199955376545366
2022-01-21,37850.1484375,38218.1484375,36502.94921875,36812.8984375,36812.8984375,138100.0,-0.026525850499788395,-0.002732086620839125,-0.03686880279713822,0.00695457876225003,0.06721381166280849
2022-01-28,36838.6484375,36880.69921875,35366.55078125,36188.30078125,36188.30078125,132300.0,-0.016966815511971323,-0.03703167424200926,-0.06514580637765544,0.0037834996119960884,0.09260726721074874
2022-02-04,36361.44921875,37712.25,36351.75,37508.3984375,37508.3984375,247600.0,0.0364785753337713,-0.009403300156118122,-0.03608975367970657,0.022868890432554245,0.08266531303670144
2022-02-11,37468.3984375,37591.05078125,36407.6484375,36671.6484375,36671.6484375,148300.0,-0.022308337195315664,-0.0302610419531415,-0.05647155165759721,-0.004625213312954957,0.08085720749581626
2022-02-18,35988.05078125,36698.75,35556.1015625,36498.69921875,36498.69921875,121400.0,-0.004716156107483438,-0.008535030711679492,-0.027923537801951115,-0.05434109241868068,0.09484708680499376
2022-02-25,36291.1015625,36400.1484375,34608.6484375,35292.55078125,35292.55078125,182400.0,-0.03304634037150511,-0.02475247471315667,-0.05881766514429798,-0.09085509135228431,0.08782748766125947
2022-03-04,35150.55078125,35593.8515625,34136.5,34627.8515625,34627.8515625,213200.0,-0.01883398065699282,-0.07679738391922641,-0.09326371077657958,-0.13917276498555053,0.03799578395775205
2022-03-11,33960.1015625,35655.44921875,33407.55078125,35613.6484375,35613.6484375,289800.0,0.028468323344309487,-0.028850625621675174,-0.02262340310939126,-0.12233986381342621,0.07696594757851116
2022-03-18,35654.30078125,36822.3984375,35237.8515625,36782.69921875,36782.69921875,192400.0,0.03282592018904262,0.0077810992193965145,-0.003550188784666952,-0.09843891312169695,0.0809427295116274
2022-03-25,36843.8515625,36869.25,35314.8515625,35522.75,35522.75,248900.0,-0.03425385427145977,0.006522600765720199,-0.05474193716375719,-0.13550807232821294,0.050395592365160224
2022-04-01,35632.55078125,36829.8984375,35264.8984375,36712.1484375,36712.1484375,179200.0,0.03348272409934472,0.06019134254511971,-0.030432260471899175,-0.09126096097675684,0.05269165093412376
2022-04-08,36767.69921875,38378.80078125,36613.8515625,38322.6484375,38322.6484375,187700.0,0.04386831249448031,0.07606634306940352,0.013397726821980038,-0.041774521507383366,0.08707168274422661
2022-04-15,38398.69921875,38533.3515625,37797.1484375,38191.3984375,38191.3984375,121100.0,-0.0034248676788102284,0.03829787505186455,0.03744611422923905,-0.0769941137003386,0.09578044307779754
2022-04-22,38028.6015625,38808.69921875,37102.55078125,37775.44921875,37775.44921875,171000.0,-0.010891175389419083,0.06341567639752,0.043858053659218355,-0.02827928479135089,0.12006569003375311
2022-04-29,37317.8984375,38781.05078125,36926.05078125,38204.1484375,38204.1484375,189200.0,0.0113486200062769,0.0406404981321109,0.018549179090099566,-0.00046970533450763075,0.1362352562031497
2022-05-06,38008.69921875,38737.3515625,36762.6484375,37279.30078125,37279.30078125,153700.0,-0.024208042688426912,-0.027225353643070438,0.01657008532860549,-0.03696194852239998,0.09248174370301987
2022-05-13,37078.25,37371.55078125,35826.69921875,36887.1484375,36887.1484375,153200.0,-0.010519305231906029,-0.03415035985483483,0.010642823636587195,-0.0520549578865539,0.060539322269022255
2022-05-20,37067.3515625,38699.1484375,36653.8984375,38546.3515625,38546.3515625,222200.0,0.04498052018879384,0.020407496394969638,0.09219511509433476,-0.008237130626632228,0.11114844516490163
2022-05-27,38551.6015625,38784.30078125,37346.30078125,38242.69921875,38242.69921875,140400.0,-0.007877589744327729,0.001009073172068442,0.10439133509988463,0.01852472984487208,0.0960777065032028
2022-06-03,38444.30078125,39280.75,37952.19921875,38273.8984375,38273.8984375,158800.0,0.0008158215656153267,0.026679622079989196,0.07469748584362512,0.020688964045471492,0.08924521707268473
2022-06-10,38190.1484375,38399.30078125,36862.55078125,37428.69921875,37428.69921875,109200.0,-0.02208291429027498,0.014681286144077488,0.01756260453204317,-0.019923029910934642,0.049983239493123666
2022-06-17,36999.25,37318.69921875,36024.05078125,36264.55078125,36264.55078125,118300.0,-0.031103096335146407,-0.05919628418140255,0.020882414262690885,-0.004760119072122482,-0.0006227454408251898
2022-06-24,36300.1015625,37872.1484375,36179.0,37778.8515625,37778.8515625,114200.0,0.0417570533379652,-0.012129051184299744,0.029055862170964675,0.023435753953472638,0.04922162058835422
2022-07-01,38027.1015625,38814.6484375,37415.80078125,38725.8515625,38725.8515625,142100.0,0.02506693456346376,0.011808390141861969,0.010521275053773538,0.030492386700146756,0.06928164073138299
2022-07-08,38761.30078125,41170.6484375,38761.30078125,40925.25,40925.25,174300.0,0.05679406259021502,0.09341897672731281,0.07158291328278876,0.08083574023663154,0.13101921732065547
2022-07-15,40859.5,41534.55078125,40513.3984375,41498.80078125,41498.80078125,108900.0,0.01401459444352815,0.14433516718773975,0.0985653814714107,0.097387369929395,0.14468237971086673
2022-07-22,41710.30078125,42555.1015625,41211.5,42502.75,42502.75,119200.0,0.024192246519171734,0.1250408162801071,0.11251661765298304,0.15456135767630697,0.16259084557411718
2022-07-29,42450.6015625,42584.75,41635.6484375,42487.3984375,42487.3984375,114800.0,-0.0003611898641852074,0.09713270911368355,0.13970481063500695,0.17406447720014828,0.1785065496940934
2022-08-05,42582.94921875,43221.8515625,42257.05078125,42930.8984375,42930.8984375,179400.0,0.010438389176790741,0.04900760380205371,0.16384432671016214,0.1445676228761268,0.17074261443633
2022-08-12,42961.75,43245.6015625,42126.8515625,42457.30078125,42457.30078125,77200.0,-0.011031626951378048,0.023097052973951815,0.10146094403795103,0.15776908293638803,0.15241415396066293
2022-08-19,42603.6015625,43671.3984375,42566.25,42945.3515625,42945.3515625,67400.0,0.011495096774157831,0.010413480598314262,0.12296863034825578,0.17662690675941262,0.11268771527689281
2022-08-26,42947.8984375,43364.3515625,42584.3515625,42768.94921875,42768.94921875,123200.0,-0.004107600411496826,0.006626689126757679,0.11744428879096991,0.2118406936307935,0.10173879670655217
2022-09-02,42286.55078125,43870.05078125,42226.55078125,43666.55078125,43666.55078125,130100.0,0.020987225052199632,0.017135731385192976,0.1666595872339356,0.2610239680170745,0.08552377567508773
2022-09-09,43736.0,44305.19921875,43403.6015625,43837.69921875,43837.69921875,105400.0,0.003919440268075558,0.03251262826650558,0.20883061486633858,0.23092412999142042,0.08033303956360993
2022-09-16,43968.1015625,44529.94921875,43101.6015625,43192.6484375,43192.6484375,123300.0,-0.014714521809896963,0.005758408442415375,0.14330231468374843,0.17426533003000833,0.05867192722536352
2022-09-23,43131.80078125,45237.94921875,42877.1015625,44854.6484375,44854.6484375,159300.0,0.038478770349193114,0.04876666967154808,0.15826112603640685,0.26270202722199154,0.09159570958821295
2022-09-30,44638.30078125,44825.05078125,43704.69921875,44405.6484375,44405.6484375,146200.0,-0.010010110783180703,0.016925945443974966,0.08504281433833638,0.20956278309610976,0.09917692114903831
2022-10-07,44519.6484375,44654.44921875,43365.05078125,43813.30078125,43813.30078125,110300.0,-0.013339466421343094,-0.0005565629112570525,0.055772695991874066,0.14327434474432654,0.09551460604096507
2022-10-14,43278.6015625,43646.3515625,42461.80078125,43153.05078125,43153.05078125,107300.0,-0.015069624708178964,-0.0009167684243140961,0.01530020483968686,0.12991544030181856,0.04291860241945211
2022-10-21,43073.8515625,44670.80078125,42924.5,44269.19921875,44269.19921875,140500.0,0.025864879013026032,-0.013052141509162896,0.041937158940693164,0.1719039782265992,0.13876337187821197
2022-10-28,44372.8984375,44471.25,43617.19921875,43944.1015625,43944.1015625,96800.0,-0.007343653420148311,-0.010393877608827595,0.02360079015059635,0.15024423681083388,0.14970396095681715
2022-11-04,44166.3515625,44807.80078125,44031.0,44509.55078125,44509.55078125,127100.0,0.012867465681276613,0.015891292999726803,0.048336798671532843,0.19394811191406602,0.14981746326308154
2022-11-11,44700.55078125,45050.3515625,44386.1484375,44520.5,44520.5,110900.0,0.0002459970626036423,0.031688355608548546,0.03667797282338281,0.2069379685294357,0.14411086340595314
2022-11-18,44570.3984375,44692.55078125,43447.8984375,43747.0,43747.0,119100.0,-0.01737401871048172,-0.011795994234493068,0.022868244348196898,0.1349193432501008,0.1255708643690583
2022-11-25,43647.25,44388.44921875,43456.19921875,44102.6015625,44102.6015625,89500.0,0.008128593103527093,0.0036068549444474574,0.00998592225510131,0.15322930816758218,0.17459256955057545
2022-12-02,44042.30078125,45788.05078125,43974.0,45154.19921875,45154.19921875,203500.0,0.023844345208518636,0.014483373257758503,0.030031229363353784,0.17976482830682383,0.20417294042177558
2022-12-09,45123.05078125,46235.1484375,44781.3984375,46159.5,46159.5,108100.0,0.022263727375162023,0.036814501184847526,0.0686888086242976,0.23326487330546297,0.20869450034649328
2022-12-16,46093.25,46331.19921875,45096.25,45320.75,45320.75,104100.0,-0.018170690757048913,0.03597389535282414,0.010391377008549307,0.24972594513516944,0.243777100828805
2022-12-23,45449.3984375,46013.55078125,44245.6484375,44314.8984375,44314.8984375,87300.0,-0.022194062598257958,0.004813704123534324,-0.002043658930636516,0.17300808798242562,0.20049841691781523
2022-12-30,44880.05078125,44981.25,44086.0,44171.44921875,44171.44921875,57300.0,-0.0032370427059043028,-0.02176431023035219,0.008174422632253986,0.14061918425373565,0.17539938549760636
2023-01-06,44284.19921875,44717.3515625,43655.0,44412.8515625,44412.8515625,12400900.0,0.005465121657080019,-0.03783941415093317,0.029193782558645465,0.08521882120451307,0.17294328793530456
2023-01-13,44617.5,44894.55078125,43741.44921875,43955.6015625,43955.6015625,95300.0,-0.010295443411385885,-0.030121929524555502,-0.007083879125538317,0.059201729568051364,0.1623546002353502
2023-01-20,44065.55078125,44808.94921875,43752.0,43899.6015625,43899.6015625,108900.0,-0.0012740128222423763,-0.009371495583719303,-0.0010126501263589827,0.03286496903141556,0.19250598094120797
2023-01-27,44047.6484375,44617.80078125,43841.05078125,44486.6484375,44486.6484375,89000.0,0.013372487542152811,0.007135813389074874,-0.00051454897539982,0.04705512866223027,0.2293102322325553
2023-02-03,44542.25,46229.3515625,43550.1015625,46037.19921875,46037.19921875,248100.0,0.034854295293303306,0.03657382039439949,0.03406743452454486,0.07235582981735722,0.22738376301140883
2023-02-10,46041.25,46398.69921875,45303.3984375,45488.1015625,45488.1015625,132100.0,-0.0119272602497148,0.034864725894399484,0.03979933624019938,0.07138467885335897,0.24041605710814995
2023-02-17,45477.80078125,46078.69921875,45255.69921875,45617.30078125,45617.30078125,109300.0,0.0028402860157283882,0.039127899972042135,0.034344894974130735,0.06221742567088806,0.2498336038730833
2023-02-24,45726.0,45956.1015625,45154.55078125,45372.5,45372.5,100900.0,-0.0053664021557062735,0.01991275120993996,0.0048345621232799285,0.06087478950987646,0.2856112407750706
2023-03-03,45377.75,45471.6484375,44667.1015625,45410.0,45410.0,94100.0,0.0008264918177309788,-0.013623748390292012,-0.01623717761240917,0.039926423945960465,0.3113721455701415
2023-03-10,45529.25,45812.94921875,44933.44921875,45334.75,45334.75,71400.0,-0.0016571239815018624,-0.0033712456056074203,0.00030890927444926497,0.03414984837091284,0.27296000238672535
2023-03-17,45351.5,45555.69921875,44396.8984375,44858.30078125,44858.30078125,152900.0,-0.0105095808127319,-0.016638424172435218,0.01226229468891571,0.03856332973330412,0.2195489111463429
2023-03-24,44704.19921875,45434.30078125,44392.05078125,45060.0,45060.0,77600.0,0.00449636333158443,-0.006887431814425082,0.02011595265642363,0.00457815565729236,0.26848287365139245
2023-03-31,45093.25,45958.5,44918.3515625,45904.8984375,45904.8984375,87400.0,0.018750520139813487,0.01089844610218016,0.03359493530606383,0.033762596713572623,0.2504007635415304
2023-04-07,46053.6484375,46413.25,45530.3515625,46109.1484375,46109.1484375,66100.0,0.00444941622685624,0.01708178466849386,0.048993684500891144,0.05240070059347168,0.20318272137947146
2023-04-14,46107.3984375,46449.3984375,45843.3515625,46211.94921875,46211.94921875,86600.0,0.0022295094299853435,0.030176097041682892,0.05267354540696467,0.0708848709910701,0.21000935051843106
2023-04-21,46331.8984375,46801.3515625,46156.1015625,46669.69921875,46669.69921875,107200.0,0.009905446702392462,0.0357234624667111,0.0490720442632806,0.054225060366198896,0.23545054218932493
2023-04-28,46812.05078125,47955.30078125,46509.75,47814.1015625,47814.1015625,124000.0,0.024521313891181507,0.04159040080655885,0.038597099169888294,0.08806642671931408,0.25154213660124847
2023-05-05,47956.8515625,48326.05078125,47638.1484375,48186.1484375,48186.1484375,93800.0,0.007781111907199101,0.04504529080200492,0.05931324417425787,0.08260244355912016,0.2925711434409657
2023-05-12,48376.69921875,49223.6015625,48228.6015625,48950.75,48950.75,121300.0,0.015867662954878625,0.05926607354919278,0.07307423196157492,0.09951033793421016,0.3270407736434289
2023-05-19,49026.80078125,49756.1484375,48426.6015625,48874.25,48874.25,126100.0,-0.0015627952584995608,0.047237304249955425,0.07717780593972123,0.11720232244496764,0.26793452606673007
2023-05-26,48934.1015625,50425.1484375,48701.44921875,50388.0,50388.0,111200.0,0.03097234228658241,0.053831366759773625,0.10962343096234317,0.14251763421694408,0.31758482087726914
2023-06-02,50633.1484375,51399.55078125,50501.8984375,51288.6484375,51288.6484375,127700.0,0.017874264457807376,0.06438572288100808,0.1313318908232648,0.13585556437467972,0.34004244488584434
2023-06-09,51373.19921875,51718.0,50605.75,50674.8515625,50674.8515625,88500.0,-0.011967499509135449,0.03522114702021928,0.1296649823990037,0.09782063415981535,0.3539036252992278
2023-06-16,50792.1015625,52540.5,50553.25,52440.19921875,52440.19921875,130200.0,0.03483676028281413,0.07296171744323443,0.16378604568908117,0.15709027804592823,0.4460457413376635
2023-06-23,52486.19921875,52526.05078125,51124.5,51283.75,51283.75,80700.0,-0.022052723597139057,0.01777705009129149,0.11717380378966236,0.15725753207645488,0.357472445004263
2023-06-30,51415.94921875,52239.05078125,51346.8984375,52194.75,52194.75,79400.0,0.017763911570429336,0.017666707743413612,0.131982519060158,0.18163997159151957,0.3478012204783263
2023-07-07,52299.0,53971.25,52061.1015625,52942.44921875,52942.44921875,121800.0,0.01432518057371679,0.0447479881308237,0.14564414861923147,0.19205246581041346,0.29363777176071015
2023-07-14,53071.3515625,53567.6484375,52484.5,53453.69921875,53453.69921875,95400.0,0.009656712289369151,0.019326776310903515,0.145361982476083,0.2160838964459344,0.28807816641538864
2023-07-21,53536.3515625,54349.8515625,53078.55078125,53697.44921875,53697.44921875,122300.0,0.004560021169021322,0.04706557571842929,0.12304628684823471,0.22318762147079574,0.2633876447700443
2023-07-28,53843.94921875,53882.25,52002.75,52964.05078125,52964.05078125,204200.0,-0.013657975344644746,0.014739045234434478,0.09915509951884194,0.19056059832558603,0.24658258045997838
2023-08-04,52953.1484375,53021.5,51943.05078125,52050.6484375,52050.6484375,121100.0,-0.017245704025216968,-0.016844720907512545,0.06332688339810932,0.13062152608755673,0.21242858481698867
2023-08-11,51973.05078125,52257.6484375,51265.5,51351.69921875,51351.69921875,118100.0,-0.013428251899479493,-0.0393237517837246,0.050690275937738116,0.12890398708316075,0.20949043565736858
2023-08-18,51350.55078125,51869.75,50984.6015625,51464.75,51464.75,79200.0,0.0022015003002806566,-0.04157924168156557,0.021369175200444568,0.12818490175011554,0.19837766201777152
2023-08-25,51516.8515625,52315.30078125,51409.3984375,51506.80078125,51506.80078125,90200.0,0.0008170792872792543,-0.027513945374357363,0.004253423523449706,0.13519865075210746,0.20430362966853788
2023-09-01,51594.1484375,51650.6484375,50913.0,51240.5,51240.5,109900.0,-0.005170206209874739,-0.015564617575759665,0.011162310693744404,0.12839682889231452,0.17344967906194642
2023-09-08,51415.1015625,52136.25,50932.55078125,51778.30078125,51778.30078125,23280100.0,0.010495619309920823,0.008307447835031567,-0.012621966494424375,0.14213270793927402,0.18113636673486022
2023-09-15,51948.69921875,52454.75,51768.8984375,51895.1484375,51895.1484375,127800.0,0.0022566915964208345,0.00836297538606523,0.011921874619153172,0.15686835064406357,0.2014810463079746
2023-09-22,51983.5,52243.1484375,51332.1484375,51608.5,51608.5,76300.0,-0.00552360762288262,0.0019744813734776656,-0.011231972564290427,0.14532845095428315,0.15057194288147735
2023-09-29,51646.30078125,52393.1484375,51246.44921875,51602.6484375,51602.6484375,99700.0,-0.00011338369648405955,0.007067621071223051,-0.025306739696045244,0.12412074079104096,0.1620739760197314
2023-10-06,51603.6484375,51725.3984375,51128.5,51577.8984375,51577.8984375,88900.0,-0.0004796265453308468,-0.003870392437106962,-0.0350920667543253,0.11860444587071006,0.17722010252130738
2023-10-13,51333.69921875,52655.75,51188.3515625,52520.69921875,52520.69921875,90000.0,0.018279162389534864,0.01205412837393438,-0.021914448770298467,0.136517721209654,0.21707963325666513
2023-10-20,52468.94921875,52851.44921875,51762.44921875,51823.3515625,51823.3515625,110100.0,-0.013277577538439278,0.004163104188263489,-0.02153723519866846,0.11042823137971869,0.17064126925861522
2023-10-27,51771.69921875,51956.5,50607.0,51395.0,51395.0,98800.0,-0.008265609027301113,-0.004023987988746369,-0.01259635484248145,0.07489209920255946,0.16955400548815125
2023-11-03,51330.1484375,51984.6015625,50951.94921875,51901.5,51901.5,103400.0,0.009855044265006274,0.006274035435781311,0.01070657426364674,0.077104140566848,0.16607557454531574
2023-11-10,52035.3984375,52562.5,51689.05078125,52076.05078125,52076.05078125,90600.0,0.0033631163116671914,-0.008466156089202648,0.011878048202896174,0.06384582016108031,0.16970947723520635
2023-11-17,52170.94921875,52809.75,51917.6484375,52756.1015625,52756.1015625,76000.0,0.01305880094684242,0.017998642925961317,0.024255064618666555,0.0794252916924556,0.20593644278464818
2023-11-24,52842.1015625,52958.1015625,52312.30078125,52576.8984375,52576.8984375,68000.0,-0.0033968227312569654,0.0229963700262672,0.026080901581756688,0.043440867617289936,0.19214959151538147
2023-12-01,52670.19921875,53917.5,52402.3984375,53851.44921875,53851.44921875,117600.0,0.02424165021383118,0.037570190047493845,0.040038943074986566,0.0499681871003681,0.19261220773434773
2023-12-08,54313.6015625,54872.8984375,53568.6015625,53636.3515625,53636.3515625,137900.0,-0.003994277951114178,0.029961964431676646,0.03355232959969312,0.05844121706695926,0.1619786081413359
2023-12-15,53790.44921875,54585.75,53558.80078125,54186.19921875,54186.19921875,117000.0,0.010251399288583096,0.027107720508039668,0.04994718348237215,0.033295068020559926,0.19561567755939602
2023-12-22,54070.8984375,55581.3984375,53911.3515625,55101.05078125,55101.05078125,157200.0,0.01688347910889143,0.04800877227002176,0.0677950153660658,0.07443489957832639,0.24339788026282783
2023-12-29,55271.75,57055.80078125,55189.8515625,56987.19921875,56987.19921875,111400.0,0.03423071630680807,0.058229630687602674,0.10487633162884236,0.09181860663668284,0.2901365073292623
2024-01-05,57427.3984375,57966.69921875,56763.69921875,57667.3515625,57667.3515625,108900.0,0.011935177602590663,0.07515425420580413,0.09799283749658527,0.08924600983659503,0.2984383918998672
2024-01-12,57718.8515625,57748.3515625,56008.0,56485.75,56485.75,108200.0,-0.020489957150526927,0.04243794202960616,0.0899671344466606,0.056722936402247015,0.2850637459638339
2024-01-19,56795.3984375,56872.5,55206.69921875,56640.5,56640.5,118600.0,0.002739629021478951,0.027938654470702984,0.10206245743749398,0.054808018333622144,0.29022811105382673
2024-01-26,56212.69921875,56284.3984375,54816.1015625,55214.1015625,55214.1015625,96200.0,-0.02518336592191095,-0.031113963847281267,0.06382477505467077,0.04248260372951962,0.24113871244023177
2024-02-02,55058.1484375,55792.0,54501.3515625,55118.3984375,55118.3984375,213700.0,-0.0017333094679022887,-0.04420097431104386,0.05842124375040747,0.05893778640786018,0.19725785610023405
2024-02-09,55340.3984375,55387.8984375,53317.25,53867.1015625,53867.1015625,190600.0,-0.0227019817424281,-0.046359452384008404,0.021059175471557667,0.048983819075485435,0.18420201574003636
2024-02-16,54005.55078125,54036.0,53138.3984375,53518.6015625,53518.6015625,147100.0,-0.006469625984900085,-0.055117776811645425,0.017910967610982986,0.039907928485031,0.17320842412705084
2024-02-23,53981.3984375,54561.55078125,53552.55078125,54337.75,54337.75,106000.0,0.01530586400960754,-0.015871879423918656,0.009030412148698153,0.05496262970734822,0.19759215383767703
2024-03-01,54312.6015625,54559.6484375,53453.5,54225.1484375,54225.1484375,130400.0,-0.002072252945696129,-0.016206022404893994,0.010977571327048574,0.05824783984348314,0.19412350666152833
2024-03-08,54492.8515625,54588.55078125,53171.75,54406.30078125,54406.30078125,100600.0,0.0033407440822186274,0.010009805671916228,0.004061948718924624,0.05075485213589026,0.20010148465029576
2024-03-15,54570.8515625,54962.5,53280.19921875,54155.44921875,54155.44921875,333200.0,-0.004610707930844171,0.01189955711952373,-0.0171612255863145,0.04355514627676982,0.20725592087933142
2024-03-22,54144.30078125,54189.1015625,52562.6015625,53775.69921875,53775.69921875,182800.0,-0.007012221401138774,-0.010343652088097177,-0.056354761139820075,0.04199306739684361,0.19342430578672887
2024-03-29,53325.3984375,54251.0,53325.1015625,53949.19921875,53949.19921875,103300.0,0.0032263643712791,-0.005088952759033205,-0.06447586447108222,0.04547345634966948,0.1752383962291606
2024-04-05,54078.19921875,54369.1015625,53502.8984375,53925.94921875,53925.94921875,148500.0,-0.0004309609843461404,-0.008828969358371519,-0.04531763818750745,0.045524359316331475,0.16952819659737406
2024-04-12,54100.25,54370.5,53552.6484375,53701.3984375,53701.3984375,116300.0,-0.0041640580185081655,-0.008384212259341717,-0.051890459344462014,0.022480645465749793,0.16206737316571007
2024-04-19,53299.05078125,53571.75,52398.75,53055.44921875,53055.44921875,131200.0,-0.012028536268041234,-0.01339359618682312,-0.0390960331267276,0.023774951235333797,0.13682860843110944
2024-04-26,53318.8984375,54601.6015625,53128.19921875,54300.75,54300.75,158800.0,0.023471684804996507,0.006516329924093123,-0.014834401228605132,0.05653760093394289,0.1356639197543219
2024-05-03,54527.1484375,54757.3515625,53913.30078125,54273.8984375,54273.8984375,147600.0,-0.0004944970833735685,0.0064523522309927195,0.007551861213991762,0.04570963146537199,0.12633817388198465
2024-05-10,54544.1484375,56222.75,54149.5,55276.5,55276.5,240900.0,0.01847299699052507,0.029330736411513847,0.032846494231488776,0.06145721825554262,0.1292268249209665
2024-05-17,55386.94921875,55525.8984375,54159.3515625,55064.69921875,55064.69921875,140600.0,-0.0038316604931570852,0.037870756530884675,0.01337834597034293,0.04375982280485635,0.1266607511879978
2024-05-24,54998.6484375,56062.0,54764.55078125,55449.1484375,55449.1484375,121500.0,0.006981772790998875,0.021148850384202778,0.022572552316952876,0.05462950621582108,0.1004435269806303
2024-05-31,55649.6015625,55708.69921875,53897.69921875,54107.3515625,54107.3515625,181500.0,-0.024198692185731563,-0.0030686366705681145,-0.005494753630686633,0.004752004773548313,0.05495764093754296
2024-06-07,55139.0,58832.6484375,53057.6484375,57953.3515625,57953.3515625,339300.0,0.07108091394119409,0.048426574810271905,0.07012964343457195,0.08048645879594551,0.1436314024723493
2024-06-14,58038.1484375,58266.05078125,57051.44921875,57225.8515625,57225.8515625,173100.0,-0.012553199778539526,0.03924751019095929,0.06415820517210546,0.05609643022716737,0.09125923270785163
2024-06-21,57370.8515625,57490.6484375,55906.6484375,55990.1015625,55990.1015625,142300.0,-0.021594261444067064,0.00975584188835188,0.03783007668889904,0.016134915190265886,0.09177081556048461
2024-06-28,55958.1015625,57007.44921875,55837.3984375,56756.8515625,56756.8515625,166400.0,0.01369438487522845,0.04896746788538575,0.052496105952006156,-0.004042094705616117,0.08740537242730362
2024-07-05,56745.5,57737.75,56473.94921875,57673.0,57673.0,49300.0,0.01614163598365126,-0.0048375383811521955,0.07395713478713817,9.794861992018511e-05,0.08935269998001227
2024-07-12,57888.44921875,59885.3984375,57748.94921875,59725.75,59725.75,196000.0,0.03559291176113599,0.04368477478696331,0.12572319864351833,0.057359599545018014,0.11733614086431543
2024-07-19,59805.1484375,61491.3984375,59603.19921875,61087.8984375,61087.8984375,148200.0,0.022806719672837872,0.09104818053079411,0.12499179914642067,0.07851975949188295,0.1376312902432879
2024-07-26,60968.25,62928.6015625,60743.69921875,62728.80078125,62728.80078125,265500.0,0.026861332370581303,0.10521988190577769,0.15578210865921815,0.136101086608168,0.18436561886721958
2024-08-02,63016.44921875,63084.30078125,61632.8515625,61745.1484375,61745.1484375,177400.0,-0.015681032181377508,0.07060753623879457,0.11702348081915459,0.1202275499262595,0.18625128199201413
2024-08-09,60877.25,62545.6015625,60818.80078125,62157.3515625,62157.3515625,176700.0,0.006675878760211251,0.04071278405880219,0.12880579471747833,0.15390191340406778,0.21042443596110916
2024-08-16,61840.25,62303.44921875,61092.25,62213.0,62213.0,107300.0,0.0008952832786648379,0.018417748707644677,0.12198296552964982,0.1624556356792417,0.20884683205495014
2024-08-23,62433.25,63700.75,61996.6015625,63409.25,63409.25,126200.0,0.019228296336778472,0.010847476920894605,0.17191561162913827,0.1669465518907205,0.23108500311055713
2024-08-30,63480.0,63805.94921875,62563.55078125,63059.75,63059.75,158600.0,-0.005511814128064896,0.02129076689856335,0.08811221956668014,0.16292443298117987,0.23066226910354115
2024-09-06,63306.19921875,64058.0,62905.80078125,63175.69921875,63175.69921875,139400.0,0.0018387199243574681,0.016383382345787956,0.1039713257871191,0.1611835083726587,0.22011920564274745
2024-09-13,63275.6484375,65616.25,63169.44921875,65062.80078125,65062.80078125,170400.0,0.02987068739778853,0.045807158974008555,0.1620411280844425,0.20140820027993778,0.2537357101812414
2024-09-20,65026.1015625,65974.6015625,64261.94921875,65870.796875,65870.796875,171300.0,0.012418710600341276,0.03881999668818037,0.16057876822966177,0.22491753397848524,0.2763555785384191
2024-09-27,66008.796875,66438.703125,64970.1484375,65845.453125,65845.453125,190500.0,-0.0003847494064492807,0.044175613208108144,0.1417032775302134,0.22050844272986847,0.2760091801247484
2024-10-04,65744.453125,66122.1484375,63266.94921875,63380.05078125,63380.05078125,164100.0,-0.03744225647699195,0.003234654543235349,0.0611846779864631,0.17531636808375017,0.2288218927347605
2024-10-11,63522.6484375,63688.1484375,61841.8515625,62080.19921875,62080.19921875,194500.0,-0.02050884381564022,-0.0458418870181736,0.016243819260949754,0.15602574653622114,0.18201395149338073
2024-10-18,62368.44921875,62683.19921875,60453.19921875,61042.1015625,61042.1015625,130200.0,-0.01672188023418042,-0.07330555483734613,-0.026888752817575967,0.15053406316136675,0.17788795440761884
2024-10-25,60929.0,60990.5,58253.19921875,58908.5,58908.5,201700.0,-0.03495295063384152,-0.10535204476201254,-0.04594123602069444,0.08485610235586072,0.14619126374160918
2024-11-01,58984.1015625,59882.3515625,58571.30078125,59433.19921875,59433.19921875,119600.0,0.008907020527597842,-0.062272773748985655,-0.043826711970036736,0.09506044212378217,0.14511525136556758
2024-11-08,59579.1015625,59589.8984375,57854.8515625,58359.3984375,58359.3984375,113300.0,-0.018067356214457986,-0.05993538725832903,-0.06194206295308058,0.055772316219369955,0.12065714588542353
2024-11-15,58327.1484375,58533.25,55689.19921875,55782.69921875,55782.69921875,110800.0,-0.044152258037915115,-0.08616024365355412,-0.12027505105721958,0.013039206791045421,0.05736962297459369
2024-11-22,56029.5,57088.3984375,55493.25,56956.44921875,56956.44921875,133800.0,0.021041470141076823,-0.03313699688924354,-0.09678599710988389,0.027183479345024963,0.08329800561469258
2024-11-29,57443.5,58788.8515625,57214.1015625,57943.69921875,57943.69921875,166800.0,0.01733341901648955,-0.025061750327754373,-0.08281665362948909,0.07090252147748521,0.07599145537155128
2024-12-06,57839.30078125,58090.80078125,56861.25,57744.30078125,57744.30078125,169900.0,-0.003441244521638631,-0.010539821737688748,-0.11248362984873328,-0.003607225045898277,0.07658890098002269
2024-12-13,57481.94921875,57562.80078125,55455.1484375,56869.3984375,56869.3984375,188000.0,-0.01515131938413028,0.0194809364546622,-0.13665233858611947,-0.006228882843459238,0.049518129291886925
2024-12-20,56946.0,57062.55078125,55472.44921875,55600.80078125,55600.80078125,171200.0,-0.02230721075138853,-0.023801491421865606,-0.15558632916234483,-0.0069530286673160635,0.009069699995087221
2024-12-27,55970.1484375,56615.80078125,55701.0,56444.25,56444.25,96900.0,0.01516973149484624,-0.0258776922938464,-0.1094319221230704,-0.005507732615431804,-0.009527564544203115
2025-01-03,56545.25,57923.5,56278.5,57817.0,57817.0,175700.0,0.024320457796852546,0.001258985177176264,-0.06867244745346102,0.0024968356076500164,0.0025950287891720603
2025-01-10,57837.30078125,58238.1015625,56158.3984375,57117.69921875,57117.69921875,171700.0,-0.012095072059255974,0.004366158040565171,-0.06429009230181681,-0.04366710809408003,0.011187763617372504
2025-01-17,56334.5,56925.5,54922.44921875,55800.8515625,55800.8515625,171400.0,-0.023054984256398736,0.0035979838138853193,-0.05275382054372457,-0.08654818728801517,-0.014824170646445589
2025-01-24,55824.25,56372.1015625,54770.1484375,56069.3515625,56069.3515625,138300.0,0.004811754524915557,-0.0066419243324165045,-0.05659879832261783,-0.10616254632338751,0.015489702373077563
2025-01-31,55832.05078125,56791.3515625,54757.0,56691.94921875,56691.94921875,174500.0,0.01110406378707629,-0.01945882320511272,-0.028572076878684016,-0.08183961568842901,0.028548557756704174
2025-02-07,58276.30078125,58475.1015625,54822.05078125,55113.30078125,55113.30078125,286800.0,-0.027846077957359827,-0.03509242257506784,-0.012000108400545106,-0.113326108725323,0.023134699707280104
2025-02-14,55081.1015625,55513.19921875,52993.3515625,53138.55078125,53138.55078125,186500.0,-0.03583073363429956,-0.04771075542221925,-0.06703188997679221,-0.14586098112532753,-0.007101283855598717
2025-02-21,53011.75,53104.0,51893.25,52098.1484375,52098.1484375,166600.0,-0.01957905002025584,-0.07082662835102227,-0.10088328601841212,-0.17838251615497736,-0.04121631025392103
2025-02-28,51753.75,52645.3984375,50546.8515625,50689.0,50689.0,223800.0,-0.02704795620885636,-0.10588715508064794,-0.12218176834415684,-0.19617505619670228,-0.06521233301142126
2025-03-07,50739.75,52005.19921875,50199.3515625,51891.80078125,51891.80078125,209100.0,0.023729029597151285,-0.05845231467420986,-0.08752682097948383,-0.1786113739466304,-0.046217073461950364
2025-03-14,51789.6015625,52426.6484375,51545.55078125,51879.25,51879.25,119000.0,-0.0002418644383321844,-0.02369844044927072,-0.06693340255820568,-0.2026280858331767,-0.04203084364706777
2025-03-21,51777.1484375,53096.1484375,51545.3515625,52986.05078125,52986.05078125,193400.0,0.021334170814921283,0.01704287715359376,-0.061267520052972646,-0.1956063491717095,-0.014684112879459699
2025-03-28,53185.05078125,54150.8984375,52649.19921875,53589.80078125,53589.80078125,183500.0,0.011394508386604496,0.05722742175324025,-0.07311343063026443,-0.18612754202608428,-0.006661793737525845
2025-04-04,53615.1484375,54223.3515625,52851.5,53830.69921875,53830.69921875,138700.0,0.004495229203842932,0.03736425424265821,-0.05754783622168347,-0.15066809579340112,-0.0017663110502444956
2025-04-11,51201.8984375,55960.5,51201.8984375,55741.1015625,55741.1015625,175400.0,0.035489086552392024,0.07443923268937014,-0.0010707721894365196,-0.10211142580121446,0.03798230929449442
2025-04-18,56620.05078125,56728.30078125,55537.1484375,56674.19921875,56674.19921875,107200.0,0.016739849592024347,0.06960602617330958,0.01078749155099068,-0.07155556954862996,0.06820694298675578
2025-04-25,56768.3515625,58048.19921875,55976.94921875,56532.3515625,56532.3515625,241100.0,-0.0025028612350127544,0.054908783730346356,-0.002815173202709631,-0.04033625771323324,0.04109706702946081
2025-05-02,56432.94921875,56826.25,55875.80078125,56252.25,56252.25,128700.0,-0.004954712739842937,0.044984568589934604,0.02066559619193553,-0.053521420023885824,0.03645125224933321
2025-05-09,56417.94921875,57197.69921875,55038.5,55633.0,55633.0,193700.0,-0.011008448550946848,-0.0019393510258994828,0.04694236448070699,-0.04671738418311211,0.006449395312655426
2025-05-16,56498.1484375,57363.6015625,56040.69921875,57061.80078125,57061.80078125,180400.0,0.025682612500674162,0.006839118467363736,0.09527502401941779,0.02293007653652701,0.03626827333726679
2025-05-23,57038.3515625,57370.75,55305.19921875,56502.05078125,56502.05078125,168400.0,-0.009809539697946734,-0.0005359901085398855,0.11468071536723934,-0.007977997992023922,0.018988611609370043
2025-05-30,56678.5,57204.1015625,55201.80078125,55283.0,55283.0,623500.0,-0.021575336901833997,-0.017230421894235293,0.0653513496871232,-0.04591869788473957,0.021728072129754805
2025-06-06,55350.1484375,55983.30078125,55279.5,55802.69921875,55802.69921875,160600.0,0.009400705800155507,0.003050333772221414,0.07562656011314739,-0.03362412456694697,-0.03711005982856097
2025-06-13,55974.1484375,56331.80078125,54349.1484375,54527.1484375,54527.1484375,188600.0,-0.022858227274092258,-0.044419424361785365,0.029084969223547752,-0.041186473997507744,-0.04715881111970133
2025-06-20,54534.69921875,54932.05078125,54158.3515625,54630.94921875,54630.94921875,178700.0,0.0019036532117386873,-0.03311563981534138,0.0194281080041685,-0.01744312220098565,-0.024274868339590694
2025-06-27,54395.30078125,55298.3515625,54066.05078125,55109.0,55109.0,190700.0,0.008750548692387117,-0.0031474413472496465,0.023746687295578495,-0.023656085429428098,-0.02903352665158676
2025-07-04,55203.5,55268.1484375,54293.8984375,54735.6015625,54735.6015625,158200.0,-0.006775634424504129,-0.01912268888762736,-0.018038753663175755,-0.05329571644153108,-0.050931951476427484
2025-07-11,54874.0,56349.8984375,54859.94921875,55910.25,55910.25,163000.0,0.021460409751023368,0.025365374902840188,-0.01347966498479003,-0.021139668356137675,-0.06388366826703729
2025-07-18,55903.69921875,57017.1484375,55743.0,56506.8984375,56506.8984375,154900.0,0.010671539431499566,0.034338579973019145,-0.00045023998288595823,0.012652976706084562,-0.07499030277963958
2025-07-25,56496.8515625,56541.80078125,54463.30078125,54579.94921875,54579.94921875,133400.0,-0.03410113228708389,-0.009600079501533298,-0.029728602522565817,-0.026563573543199936,-0.12990606325979281
2025-08-01,54593.75,57032.8984375,54473.30078125,56197.05078125,56197.05078125,215400.0,0.02962812508342294,0.02670015816088611,0.010138780602340303,-0.008729607013341467,-0.08985479501868754
2025-08-08,56336.6484375,56431.30078125,54844.6484375,54900.94921875,54900.94921875,129200.0,-0.023063515691333025,-0.018052160046681975,-0.037868618461302295,-0.003853000264724571,-0.11674246346312867
2025-08-15,54855.30078125,55596.6484375,54573.75,54656.30078125,54656.30078125,99500.0,-0.004456178645021458,-0.03274994217381921,-0.032666955879989135,0.028562126322337233,-0.12146495457139184
2025-08-22,55379.80078125,56786.6484375,55154.69921875,55737.44921875,55737.44921875,210200.0,0.01978085640715177,0.021207421710139007,0.008220415294937,0.0698547048292113,-0.12098866933846397
2025-08-29,55879.3984375,56595.5,55521.30078125,56141.8515625,56141.8515625,154000.0,0.007255487099218749,-0.0009822440498677976,0.006077704994529087,0.1075746525380259,-0.10970386716566427
2025-09-05,56140.0,58485.05078125,55901.30078125,56292.1015625,56292.1015625,218200.0,0.0026762565861002674,0.025339313136591324,0.03236833716002985,0.08479761185778623,-0.10895958005015649
2025-09-12,56332.75,57124.8515625,56074.8984375,56557.1484375,56557.1484375,116600.0,0.00470842032262242,0.034778198104876035,0.03525838826334926,0.09016896808454256,-0.1307298831531578
2025-09-19,56516.19921875,56700.80078125,56191.75,56273.05078125,56273.05078125,162600.0,-0.005023196255446782,0.009609366234144545,0.02112269831152802,0.062035195141645794,-0.1457056320718756
2025-09-26,56357.0,56425.5,54776.94921875,54847.55078125,54847.55078125,163600.0,-0.025331841444696912,-0.0230541164074205,0.0020452724653472476,0.02346995102919025,-0.16702599529342976
2025-10-03,54861.6015625,55213.05078125,54343.75,55170.6015625,55170.6015625,158800.0,0.005889976428271826,-0.019922866065940403,-0.013229209983858015,0.024891044760631642,-0.12952733734916222
2025-10-10,55049.75,55254.44921875,54364.8984375,54966.44921875,54966.44921875,143000.0,-0.003700382775756461,-0.028125520163164608,-0.027261259445230945,-0.013897327502245704,-0.11458967737737935
2025-10-17,54735.05078125,56834.94921875,54142.30078125,56616.3984375,56616.3984375,168100.0,0.030017387737448553,0.006101458006687599,0.03731130658601667,-0.0010198782170155463,-0.07250246979895669
2025-10-24,56737.6015625,57445.19921875,55926.5,56348.1015625,56348.1015625,116400.0,-0.004738854508666401,0.02735857408172504,0.002687877373458214,-0.0032591957508842917,-0.04346398970437204
2025-10-31,56385.44921875,56756.1484375,55851.8515625,56208.5,56208.5,233600.0,-0.002477484753326764,0.018812527108739596,0.023816542334088364,-0.0007777466679110834,-0.05425754058571142
2025-11-07,56203.3515625,56384.69921875,55306.8515625,55437.19921875,55437.19921875,87800.0,-0.013722137777204546,0.008564315263053679,0.01428743669692123,-0.0035195078685312797,-0.05007246985041369
2025-11-14,55425.94921875,55652.3515625,54914.6015625,55560.80078125,55560.80078125,187800.0,0.0022295780494299144,-0.01864473342322004,-0.003169295329729205,-0.026304813017629436,-0.003977907856875684
2025-11-21,55769.75,55897.55078125,55185.1015625,55504.69921875,55504.69921875,135700.0,-0.0010097327920250976,-0.014967715333133569,-0.011348972754143816,-0.01765159934391214,-0.025488772911814284
2025-11-28,55630.8984375,55638.75,54850.3515625,55595.80078125,55595.80078125,155100.0,0.0016413306221327861,-0.010900472682067619,-0.0123694223864943,0.005658173059529981,-0.04052034076450961
2025-12-05,55515.6484375,55695.3515625,54476.6484375,55202.8515625,55202.8515625,124200.0,-0.007067965803678522,-0.004227263634392631,-0.023945635740398097,-0.010749438013716195,-0.044012122137865206
2025-12-12,55235.94921875,55282.55078125,54134.5,54490.80078125,54490.80078125,120400.0,-0.012898804338827063,-0.019258181756823922,-0.03167146574171242,-0.0006665974159947297,-0.04182561661636175
2025-12-19,54473.44921875,55324.8984375,54264.75,54781.3515625,54781.3515625,129600.0,0.005332107017777199,-0.013032187660349415,-0.0012069676367869597,0.0027530611475881095,-0.014738083035421679
2025-12-26,54885.05078125,55431.0,54821.0,55132.05078125,55132.05078125,81300.0,0.0064017993121232575,-0.008341457331007662,-0.000698755861966216,0.000418276166324949,-0.0232477040398269
2026-01-02,55143.25,55559.05078125,52741.8515625,53078.80078125,53078.80078125,226900.0,-0.03724240203120277,-0.03847719313639397,-0.034341829685736514,-0.03026916182437822,-0.08195166160039435
2026-01-09,53054.94921875,53782.6015625,52332.6484375,52438.1484375,52438.1484375,318100.0,-0.012069834553916858,-0.03766970413942439,-0.07379928987557294,-0.06210134210632223,-0.08192820868586115
2026-01-16,52381.25,53007.1484375,52038.6015625,52142.5,52142.5,144600.0,-0.005638041126726279,-0.04817061805219125,-0.07463608259872334,-0.07723655975079369,-0.06556085543609391
2026-01-23,52015.05078125,52669.94921875,51217.19921875,51662.05078125,51662.05078125,175300.0,-0.009214157716833649,-0.06293979546975459,-0.08088543936860082,-0.053460995828438884,-0.07860445427725737
2026-01-30,51692.19921875,51741.3984375,50076.05078125,51215.19921875,51215.19921875,255800.0,-0.008649512664374859,-0.03511009169518231,-0.07615824860380094,-0.08864969768417419,-0.09660542767488134
2026-02-06,50103.8984375,51935.55078125,49336.5,51882.75,51882.75,300000.0,0.013034231857592893,-0.010591495963324649,-0.0661986639777018,-0.05497535583080981,-0.05861653603496486
2026-02-13,52041.0,52411.1015625,50811.8515625,50902.1484375,50902.1484375,174800.0,-0.01890033898550092,-0.023787727141966752,-0.08292182186432273,-0.06868654281553344,-0.042086250205737974
2026-02-20,50809.55078125,52548.6484375,50680.1484375,51772.69921875,51772.69921875,175500.0,0.0171024368906334,0.0021417740067755098,-0.06876601305811869,-0.07113260573586244,-0.006246848084062506
2026-02-27,51905.69921875,52519.8984375,51039.1015625,51142.19921875,51142.19921875,143400.0,-0.012178233113479542,-0.001425358118557818,-0.07355874250721595,-0.08905392687635405,0.008940780420801264
2026-03-06,49968.25,50879.5,49354.80078125,49970.6015625,49970.6015625,169700.0,-0.022908628767385197,-0.036855186694999764,-0.0829534371663222,-0.1122981701612501,-0.037023174949137316
2026-03-13,49299.3984375,49717.55078125,47852.25,47924.1484375,47924.1484375,204900.0,-0.04095314166751485,-0.05850440681608016,-0.1251740406071694,-0.15264206627284482,-0.07623667579041715
2026-03-20,48005.8515625,48622.3515625,46740.3515625,47007.55078125,47007.55078125,257600.0,-0.019126008205349265,-0.09203979142301033,-0.14736437126628854,-0.16465252676663544,-0.11283158325352283
2026-03-27,46699.05078125,47673.1484375,45740.8984375,46427.19921875,46427.19921875,221600.0,-0.012345922151968058,-0.0921939234531659,-0.12531559614379362,-0.15352283634474617,-0.1336560587664295
2026-04-03,46141.69921875,46513.05078125,45334.1484375,46232.1484375,46232.1484375,136600.0,-0.004201217918207489,-0.07481305023563078,-0.11834895367056697,-0.16201478453835738,-0.1411564570315541
2026-04-10,46291.44921875,48285.0,45901.5,48194.05078125,48194.05078125,216300.0,0.042435889528306125,0.005631865198439501,-0.07572420230618016,-0.12320967669837801,-0.13539471897210054
2026-04-17,47486.25,49743.05078125,47285.3515625,49657.75,49657.75,195300.0,0.030370952327573475,0.05637815999141771,-0.03879638440480637,-0.12290870895261541,-0.12380323525468873
2026-04-24,49760.1484375,51627.94921875,49377.69921875,50766.25,50766.25,249400.0,0.022322799563008866,0.09345924058019928,-0.008765937174869731,-0.09906015300814952,-0.10199649232926777
2026-05-01,50990.8984375,52067.05078125,50680.1015625,51072.1015625,51072.1015625,190700.0,0.006024702681407534,0.10468804259752296,-0.015624623550216543,-0.0913811689957924,-0.09208784426400718
2026-05-08,51383.0,51972.8984375,50756.8515625,51165.8984375,51165.8984375,235800.0,0.0018365579666859144,0.06166420145380691,0.005181510173855264,-0.07704755726197221,-0.08029589564646877
2026-05-15,51118.1484375,51444.1484375,50396.5,51051.3515625,51051.3515625,191500.0,-0.00223873475299019,0.028064130221365335,-0.013932973693377648,-0.08116242306341626,-0.10533227371830478
2026-05-22,50973.80078125,51467.6484375,50035.25,50249.80078125,50249.80078125,215100.0,-0.01570087288029376,-0.01017308189495969,-0.01744935593565211,-0.09467483855357683,-0.1106552755793917
2026-05-29,50572.80078125,50721.1015625,49083.44921875,49383.3515625,49383.3515625,255500.0,-0.017242838882523537,-0.0330659978409813,-0.011751909755689183,-0.11174313763720778,-0.10671722658864391
2026-06-05,49474.55078125,49571.6484375,47851.25,48302.44921875,48302.44921875,224200.0,-0.0218879907813061,-0.05596401717147115,0.007893740287182371,-0.12500083145048124,-0.13440658077485756
2026-06-12,47935.1015625,49439.55078125,47674.69921875,48827.6015625,48827.6015625,163400.0,0.010872168021371253,-0.043559081825239376,0.03871826442776438,-0.10392945483558902,-0.1045267731455446
2026-06-19,49422.19921875,49867.8515625,48963.30078125,49558.69921875,49558.69921875,165700.0,0.01497304051099424,-0.013753319451126567,0.06744968580261279,-0.0953363178305574,-0.09284572339554265
2026-06-26,49670.8984375,49757.19921875,48901.0,49419.25,49419.25,123100.0,-0.0028138191871113216,0.00072693400435897,0.06893691230483379,-0.1036203206718529,-0.10324538641601189
2026-07-03,49537.25,50550.1484375,48712.69921875,50096.3984375,50096.3984375,184600.0,0.013702118860565493,0.037139922462847474,0.03947266572143193,-0.0561882013130095,-0.08475659337922348
2026-07-10,50121.6015625,50367.75,48828.3984375,49310.6015625,49310.6015625,197700.0,-0.01568569596835101,0.009891946041661548,-0.006990820919191898,-0.059642587852384965,-0.1180400452063799
2026-07-17,49156.44921875,49156.44921875,48160.0,48748.69921875,48748.69921875,250200.0,-0.011395163026713506,-0.016344254646892487,-0.03974196993573487,-0.06508703612695976,-0.13729649712293146
2026-09-18,45652.44921875,45788.30078125,45465.05078125,45466.80078125,45466.80078125,0.0,-0.06732278994303298,-0.07997792800882242,-0.10975269491094775,-0.11991877802590978,-0.16696879656255403
