Date,Open,High,Low,Close,Adj Close,Volume,Return_1W,Return_4W,Return_12W,Return_26W,Return_52W
2011-08-05,1346.6800537109375,1346.6800537109375,1342.5,1342.5,1342.5,0,,,,,
2011-08-12,1339.5999755859375,1339.5999755859375,1307.3800048828125,1308.0,1308.0,0,-0.025698324022346397,,,,
2011-08-19,1286.5799560546875,1286.5799560546875,1247.7900390625,1247.7900390625,1247.7900390625,0,-0.04603208022744654,,,,
2011-08-26,1247.7900390625,1253.6400146484375,1210.4599609375,1210.4599609375,1210.4599609375,0,-0.029916954741077362,,,,
2011-09-02,1177.31005859375,1222.530029296875,1177.31005859375,1222.530029296875,1222.530029296875,0,0.009971472621057798,-0.08936310666899439,,,
2011-09-09,1225.3900146484375,1250.22998046875,1225.3900146484375,1249.8199462890625,1249.8199462890625,0,0.022322492158235896,-0.044480163387566884,,,
2011-09-16,1242.6500244140625,1242.6500244140625,1198.530029296875,1213.8699951171875,1213.8699951171875,0,-0.02876410420446307,-0.027184095788100326,,,
2011-09-23,1211.93994140625,1241.510009765625,1206.010009765625,1206.010009765625,1206.010009765625,0,-0.0064751459243407306,-0.003676248133336446,,,
2011-09-30,1200.550048828125,1216.5400390625,1195.4000244140625,1195.4000244140625,1195.4000244140625,0,-0.00879759310921846,-0.02219168791985915,,,
2011-10-07,1194.1500244140625,1194.1500244140625,1148.1500244140625,1186.25,1186.25,0,-0.007654361909978591,-0.050863283529610004,,,
2011-10-14,1173.699951171875,1232.5999755859375,1170.699951171875,1227.800048828125,1227.800048828125,0,0.035026384681243306,0.011475737737131064,,,
2011-10-21,1231.050048828125,1246.8499755859375,1199.5,1202.949951171875,1202.949951171875,0,-0.020239531412275302,-0.0025373409581771478,,,
2011-10-28,1209.949951171875,1223.8499755859375,1183.8499755859375,1220.199951171875,1220.199951171875,0,0.014339748701261978,0.02074613204895015,-0.09109873283286773,,
2011-11-04,1220.8499755859375,1277.449951171875,1212.5,1272.300048828125,1272.300048828125,0,0.042698000115647616,0.07253955644099053,-0.027293540651280535,,
2011-11-11,1271.449951171875,1276.800048828125,1213.5,1217.9000244140625,1217.9000244140625,0,-0.0427572288975141,-0.008063222039705553,-0.023954362282691988,,
2011-11-18,1217.550048828125,1227.1500244140625,1130.199951171875,1161.75,1161.75,0,-0.04610396854296517,-0.034249098336750716,-0.040240869181475625,,
2011-11-25,1149.699951171875,1167.75,1098.050048828125,1149.0999755859375,1149.0999755859375,0,-0.010888766442059383,-0.058269118530658304,-0.060064008205319874,,
2011-12-02,1163.199951171875,1215.800048828125,1154.3499755859375,1211.449951171875,1211.449951171875,0,0.054259835445688465,-0.04782684533597015,-0.030700418273139962,,
2011-12-09,1212.3499755859375,1229.8499755859375,1162.0,1174.0,1174.0,0,-0.030913329218139385,-0.03604567167586925,-0.032845358463068686,,
2011-12-16,1179.050048828125,1184.949951171875,1115.5,1123.6500244140625,1123.6500244140625,0,-0.04288754308853282,-0.03279533082499464,-0.06829129500141407,,
2011-12-23,1128.699951171875,1135.4000244140625,1091.699951171875,1128.050048828125,1128.050048828125,0,0.003915831725591623,-0.018318620838085886,-0.056340952158629776,,
2011-12-30,1130.300048828125,1136.699951171875,1096.0,1114.300048828125,1114.300048828125,0,-0.012189175484087933,-0.0801930795818463,-0.060653278121707066,,
2012-01-06,1114.300048828125,1149.199951171875,1103.9000244140625,1114.9000244140625,1114.9000244140625,0,0.0005384327018278512,-0.05034069470693148,-0.09195310304949089,,
2012-01-13,1119.75,1193.949951171875,1111.0999755859375,1179.5,1179.5,0,0.057942393193405994,0.049704066544261405,-0.019493704745597085,,
2012-01-20,1177.6500244140625,1201.800048828125,1139.6500244140625,1155.4000244140625,1155.4000244140625,0,-0.0204323659058393,0.02424535650200088,-0.05310599028919716,,
2012-01-27,1158.550048828125,1225.300048828125,1150.0999755859375,1222.050048828125,1222.050048828125,0,0.05768566990282231,0.09669747400021866,-0.03949540051207545,,
2012-02-03,1217.0,1263.8499755859375,1192.5999755859375,1255.6500244140625,1255.6500244140625,0,0.02749476227930092,0.12624450346924276,0.03099597605982618,-0.06469271924464615,
2012-02-10,1268.1500244140625,1302.4000244140625,1237.0,1296.9000244140625,1296.9000244140625,0,0.032851510530769845,0.0995337214192984,0.11633313915563814,-0.00848621986692466,
2012-02-17,1296.1500244140625,1345.9000244140625,1280.0999755859375,1304.25,1304.25,0,0.005667341697566997,0.12882981862617116,0.13501873440990186,0.045247965739428464,
2012-02-24,1304.9000244140625,1318.300048828125,1232.9000244140625,1261.300048828125,1261.300048828125,0,-0.032930765705865395,0.03211816082134966,0.04114911854842074,0.04200063573457591,
2012-03-02,1266.4000244140625,1286.4000244140625,1199.449951171875,1276.699951171875,1276.699951171875,0,0.012209547092349782,0.016764167043787026,0.08747866368984236,0.044309686123747305,
2012-03-09,1277.050048828125,1295.5999755859375,1252.25,1267.3499755859375,1267.3499755859375,0,-0.007323549732539125,-0.02278514015872246,0.12788675125674343,0.01402604379048733,
2012-03-16,1270.1500244140625,1299.6500244140625,1204.9000244140625,1210.1500244140625,1210.1500244140625,0,-0.04513350871800792,-0.07214872577031817,0.07278043706591486,-0.0030645544564810168,
2012-03-23,1210.3499755859375,1243.949951171875,1170.75,1224.25,1224.25,0,0.011651427758111677,-0.029374492502833305,0.09867176375654463,0.015124244481121485,
2012-03-30,1216.699951171875,1238.199951171875,1186.3499755859375,1232.25,1232.25,0,0.0065346130283847614,-0.03481628641958878,0.10525605257530679,0.03082648053650483,
2012-04-06,1239.050048828125,1301.4000244140625,1238.699951171875,1276.5999755859375,1276.5999755859375,0,0.03599105342741926,0.007298694266138606,0.08232299752940864,0.07616436298076934,
2012-04-13,1268.1500244140625,1269.0999755859375,1194.050048828125,1199.199951171875,1199.199951171875,0,-0.06062981818446078,-0.009048525406995966,0.037908885089408484,-0.023293774652922816,
2012-04-20,1199.6500244140625,1233.5999755859375,1192.75,1209.0,1209.0,0,0.008172155793158886,-0.012456606085358368,-0.01067881699332951,0.00502934375801023,
2012-04-27,1205.8499755859375,1216.3499755859375,1178.4000244140625,1186.1500244140625,1186.1500244140625,0,-0.018899897093413998,-0.037411219789764694,-0.055349817742751606,-0.027905202524480588,
2012-05-04,1197.0999755859375,1225.949951171875,1190.75,1193.9000244140625,1193.9000244140625,0,0.006533743489849364,-0.0647814137188254,-0.07942015426095417,-0.06162070376895312,
2012-05-11,1181.0999755859375,1211.0,1142.6500244140625,1152.6500244140625,1152.6500244140625,0,-0.03455063167474559,-0.03881748553468778,-0.11623536560163883,-0.0535758261696333,
2012-05-18,1152.6500244140625,1168.949951171875,1125.800048828125,1139.050048828125,1139.050048828125,0,-0.011798876760403365,-0.05785769327698509,-0.09692380501656417,-0.019539445811814105,
2012-05-25,1140.25,1150.6500244140625,1122.050048828125,1137.699951171875,1137.699951171875,0,-0.001185283875488219,-0.04084649685533748,-0.10887444608454222,-0.009920829045575008,
2012-06-01,1140.3499755859375,1162.449951171875,1111.949951171875,1113.949951171875,1113.949951171875,0,-0.020875451366185405,-0.06696546746569088,-0.12103998687745321,-0.08048207018844244,
2012-06-08,1107.800048828125,1188.0999755859375,1098.449951171875,1181.5,1181.5,0,0.060640111126233576,0.025029258643015417,-0.023674770760703345,0.006388415672913039,
2012-06-15,1194.949951171875,1195.699951171875,1166.6500244140625,1181.25,1181.25,0,-0.00021159542953874677,0.037048373085353914,-0.03512354502756787,0.051261490975335944,
2012-06-22,1183.9000244140625,1199.5,1155.5,1194.8499755859375,1194.8499755859375,0,0.011513206845238155,0.050232949693981954,-0.030351003784997,0.05921716578728731,
2012-06-29,1195.25,1274.75,1195.0,1267.25,1267.25,0,0.060593401592997864,0.137618434891849,-0.007324123268642624,0.13726101092136522,
2012-07-06,1267.5,1319.75,1263.1500244140625,1307.449951171875,1307.449951171875,0,0.031722194651311986,0.10660173607437584,0.09026851601704666,0.1727060028176135,
2012-07-13,1307.449951171875,1307.449951171875,1259.699951171875,1281.300048828125,1281.300048828125,0,-0.02000069090240253,0.08469845403439158,0.05980152922094706,0.08630779892168294,
2012-07-20,1281.5,1301.199951171875,1264.699951171875,1293.199951171875,1293.199951171875,0,0.009287365870807252,0.08231156847763099,0.09024990477970385,0.11926598913453801,
2012-07-27,1293.0999755859375,1330.8499755859375,1279.199951171875,1283.6500244140625,1283.6500244140625,0,-0.00738472557871539,0.012941427827234175,0.07517379861353723,0.050407080827015394,
2012-08-03,1278.949951171875,1339.3499755859375,1278.949951171875,1314.1500244140625,1314.1500244140625,0,0.0237603703656859,0.00512453515806266,0.14011191305192305,0.04658941493454627,-0.02111730025023273
2012-08-10,1315.050048828125,1363.75,1315.050048828125,1350.9000244140625,1350.9000244140625,0,0.027964843676341777,0.05431981029704436,0.18598829419646012,0.04163775077758758,0.032798183802799974
2012-08-17,1352.800048828125,1388.4000244140625,1345.199951171875,1361.5999755859375,1361.5999755859375,0,0.007920609207565876,0.05289207160275522,0.19680059244393644,0.04397161248682191,0.09120920424156154
2012-08-24,1366.75,1383.0999755859375,1335.25,1337.949951171875,1337.949951171875,0,-0.01736928968721907,0.04230119247853281,0.20108623351017885,0.0607705536957408,0.1053235913194801
2012-08-31,1337.949951171875,1350.449951171875,1300.4000244140625,1310.300048828125,1310.300048828125,0,-0.02066587193305114,-0.002929631712067282,0.1090140066255818,0.02631792820655221,0.07179375346855887
2012-09-07,1310.3499755859375,1404.0,1299.1500244140625,1387.550048828125,1387.550048828125,0,0.058955962086003844,0.02713007902265674,0.17464554398148158,0.09484363084996716,0.11019995556000506
2012-09-14,1400.4000244140625,1421.0999755859375,1373.0999755859375,1410.8499755859375,1410.8499755859375,0,0.01679213429273463,0.0361706821996719,0.18077583329578806,0.1658471653289857,0.1622743632029009
2012-09-21,1440.5,1493.0999755859375,1425.75,1465.050048828125,1465.050048828125,0,0.038416609972777405,0.09499615254287086,0.1560860515510949,0.19669189203849302,0.2147909527822589
2012-09-28,1456.5,1588.25,1453.449951171875,1559.9000244140625,1559.9000244140625,0,0.06474179886332676,0.19049070158332726,0.19308584088891134,0.26589573902541086,0.304918849385722
2012-10-05,1565.0999755859375,1635.5,1565.0999755859375,1594.800048828125,1594.800048828125,0,0.022373244354023214,0.1493639816272112,0.24467336927578098,0.24925589795357705,0.3444046776211802
2012-10-12,1597.1500244140625,1603.8499755859375,1508.1500244140625,1546.3499755859375,1546.3499755859375,0,-0.030380029946568632,0.09604139514814514,0.1957547432511595,0.2894846885832698,0.2594477228290166
2012-10-19,1550.199951171875,1622.300048828125,1525.9000244140625,1596.4000244140625,1596.4000244140625,0,0.0323665726506448,0.08965562349969036,0.24364117481535397,0.32043012772048174,0.3270710247412214
2012-10-26,1595.6500244140625,1595.6500244140625,1540.4000244140625,1557.300048828125,1557.300048828125,0,-0.024492592701060967,-0.001666757833992727,0.18502455571803944,0.31290310397068377,0.2762662769593627
2012-11-02,1497.6500244140625,1575.0,1453.9000244140625,1559.699951171875,1559.699951171875,0,0.00154106611988869,-0.02200908990568562,0.1545635672398311,0.3063907523892868,0.22589003482980674
2012-11-09,1559.199951171875,1598.0999755859375,1542.6500244140625,1548.199951171875,1548.199951171875,0,-0.007373213028159409,0.0011963498659068872,0.13704463787584742,0.34316567768164163,0.27120446681715227
2012-11-16,1547.5,1659.0,1537.0999755859375,1603.25,1603.25,0,0.03555745418184264,0.004290889176383983,0.19828847005506867,0.4075325326129893,0.38003012696363236
2012-11-23,1606.8499755859375,1656.9000244140625,1566.9000244140625,1650.449951171875,1650.449951171875,0,0.029440169138858607,0.05981499995061701,0.25959695464253785,0.4506900079162768,0.43629796034961554
2012-11-30,1656.8499755859375,1707.9000244140625,1656.8499755859375,1682.800048828125,1682.800048828125,0,0.01960077470587973,0.07892549946145677,0.21278511737242023,0.5106603730785391,0.3890792989015335
2012-12-07,1683.300048828125,1776.8499755859375,1674.6500244140625,1743.0,1743.0,0,0.035773680428519805,0.1258235725176684,0.23542547411968306,0.4752433347439695,0.4846678023850086
2012-12-14,1744.0,1757.9000244140625,1678.6500244140625,1711.550048828125,1711.550048828125,0,-0.018043574969520915,0.06755031893224706,0.16825363761270284,0.4489312582671958,0.5232056348867418
2012-12-21,1714.25,1799.550048828125,1703.75,1752.25,1752.25,0,0.023779585761889654,0.061680179247994404,0.1233091689053527,0.4665021013543742,0.5533441994176811
2012-12-28,1754.5999755859375,1807.0999755859373,1742.3499755859375,1754.449951171875,1754.449951171875,0,0.0012555007401198193,0.042577787178961435,0.10010653213928755,0.3844544889894457,0.5744861117227589
2013-01-04,1757.0,1848.75,1753.3499755859375,1826.75,1826.75,0,0.04120952483131979,0.04804934021801488,0.1813302479005856,0.39718541299624754,0.6384877208699062
2013-01-11,1827.800048828125,1850.949951171875,1808.3499755859373,1824.449951171875,1824.449951171875,0,-0.001259093377925291,0.06596354130634441,0.14285262043986457,0.42390531619858596,0.5467994499125688
2013-01-18,1825.800048828125,1847.3499755859373,1782.050048828125,1790.449951171875,1790.449951171875,0,-0.01863575373945514,0.021800514294121776,0.149714181617856,0.38451130434191616,0.5496364145222041
2013-01-25,1798.199951171875,1846.25,1770.75,1811.5999755859373,1811.5999755859373,0,0.011812686749617995,0.0325743258597313,0.16150543841768927,0.4112880778488388,0.48242699005916845
2013-02-01,1815.4000244140625,1843.1500244140625,1779.4000244140625,1831.800048828125,1831.800048828125,0,0.011150404898661037,0.002764499153209199,0.18318053649438837,0.3939048166474495,0.45884602652950024
2013-02-08,1842.25,1859.699951171875,1798.050048828125,1802.0999755859373,1802.0999755859373,0,-0.01621359998390004,-0.01225025415006975,0.12402930022512848,0.33399951367058245,0.38954425295822115
2013-02-15,1802.0999755859373,1811.4000244140625,1718.300048828125,1731.550048828125,1731.550048828125,0,-0.0391487307661017,-0.03289670415260659,0.04913817447094737,0.27170246759367545,0.32762127569723987
2013-02-22,1735.4000244140625,1750.449951171875,1661.4000244140625,1687.550048828125,1687.550048828125,0,-0.025410758429869396,-0.06847534137203226,0.002822676409658831,0.26129534766980234,0.33794496432155796
2013-03-01,1691.1500244140625,1720.25,1636.3499755859375,1677.050048828125,1677.050048828125,0,-0.0062220376855142145,-0.0844797444453611,-0.03783703452201659,0.27989772291316406,0.31358197929652243
2013-03-08,1671.1500244140625,1710.199951171875,1652.699951171875,1707.1500244140625,1707.1500244140625,0,0.017948167740712728,-0.052688503666952546,-0.0025707833767847355,0.23033401631592332,0.3470233615815481
2013-03-15,1707.5,1716.3499755859375,1630.3499755859375,1694.800048828125,1694.800048828125,0,-0.007234264949957381,-0.021223758461311304,-0.03278638959730351,0.20126170617415262,0.4004875549613969
2013-03-22,1679.550048828125,1702.5,1565.0,1598.9000244140625,1598.9000244140625,0,-0.0565848605446837,-0.05253178978343376,-0.0886602246213486,0.0913620498446468,0.3060241163275985
2013-03-29,1610.1500244140625,1640.5999755859375,1591.3499755859375,1631.5,1631.5,0,0.02038900186888437,-0.02716081661364489,-0.10688381004516212,0.04590036185994184,0.3240008115236357
2013-04-05,1647.300048828125,1679.550048828125,1601.6500244140625,1610.1500244140625,1610.1500244140625,0,-0.013086102105999031,-0.056819845129482904,-0.1174600194541725,0.009625015748661925,0.26128000564548914
2013-04-12,1612.75,1621.0999755859375,1576.5999755859375,1596.050048828125,1596.050048828125,0,-0.008756932815045304,-0.058266460440735135,-0.10857600471686601,0.032140248990759845,0.33092904754410846
2013-04-19,1591.8499755859375,1643.4000244140625,1570.449951171875,1637.6500244140625,1637.6500244140625,0,0.02606433026112276,0.0242354114755865,-0.09602006707668065,0.025839388229238036,0.35454923442023367
2013-04-26,1641.4000244140625,1711.4000244140625,1639.449951171875,1690.449951171875,1690.449951171875,0,0.03224127620106376,0.036132363574547854,-0.0771645888680248,0.085500480426971,0.4251569501142387
2013-05-03,1680.449951171875,1747.9000244140625,1680.449951171875,1734.3499755859375,1734.3499755859375,0,0.025969431620042727,0.07713563909491694,-0.037595028532183106,0.1119766813372276,0.4526760533714831
2013-05-10,1735.449951171875,1815.699951171875,1732.449951171875,1782.4000244140625,1782.4000244140625,0,0.027704932398025184,0.11675697496000326,0.029366737404068477,0.15127249749937977,0.5463497042999905
2013-05-17,1795.949951171875,1826.0,1757.0999755859375,1783.1500244140625,1783.1500244140625,0,0.00042078096371578333,0.08884682186724158,0.05665015722189959,0.11220958953005611,0.5654711803476933
2013-05-24,1791.0,1817.8499755859373,1717.75,1734.800048828125,1734.800048828125,0,-0.027114922986822276,0.026235676262112984,0.03443546603773329,0.051107334455285036,0.524830907341794
2013-05-31,1738.4000244140625,1751.4000244140625,1687.800048828125,1691.949951171875,1691.949951171875,0,-0.024700309228833373,-0.024447213659825495,-0.008903771212143252,0.00543730810450227,0.5188742989682293
2013-06-07,1689.800048828125,1740.550048828125,1679.550048828125,1698.550048828125,1698.550048828125,0,0.0039008823231907463,-0.0470432980461285,0.002212650396483662,-0.025501980018287407,0.4376217086992171
2013-06-14,1700.1500244140625,1715.8499755859375,1577.449951171875,1613.1500244140625,1613.1500244140625,0,-0.05027819137445033,-0.09533690248853932,0.00891237712328019,-0.05749175987078825,0.36562965029761907
2013-06-21,1615.0,1665.699951171875,1604.449951171875,1652.449951171875,1652.449951171875,0,0.02436222680037914,-0.04746950388425364,0.012840913988277691,-0.05695537099621917,0.3829769301050008
2013-06-28,1651.6500244140625,1664.3499755859375,1560.0,1656.25,1656.25,0,0.002299645338988965,-0.021099886049908645,0.02863085730332071,-0.05597193075030893,0.3069638982047742
2013-07-05,1656.5,1715.4000244140625,1653.5999755859375,1666.8499755859375,1666.8499755859375,0,0.00639998525943386,-0.01866301982921148,0.044359465299848466,-0.08753251644399207,0.2748862578578477
2013-07-12,1652.050048828125,1702.75,1650.6500244140625,1677.75,1677.75,0,0.006539295421731595,0.04004585724096055,0.024486291324842036,-0.08040776951850459,0.3094122657175167
2013-07-19,1675.1500244140625,1710.699951171875,1658.1500244140625,1678.1500244140625,1678.1500244140625,0,0.00023842909495597198,0.015552709008803456,-0.007276125950541057,-0.06272162295534178,0.29767250833357406
2013-07-26,1675.0,1755.550048828125,1636.0999755859375,1678.8499755859375,1678.8499755859375,0,0.00041709689937841077,0.013645268278301925,-0.03200046171837356,-0.07327776649867945,0.30787203961786136
2013-08-02,1678.0,1686.449951171875,1594.949951171875,1637.6500244140625,1637.6500244140625,0,-0.024540579426994835,-0.017518043974899755,-0.08121072599714785,-0.10598865555128023,0.24616671916453248
2013-08-09,1641.0999755859375,1672.3499755859375,1578.8499755859375,1610.0999755859375,1610.0999755859375,0,-0.01682291601832464,-0.040321874185106577,-0.0970473860633172,-0.10654236868161138,0.19187204566400085
2013-08-16,1613.0999755859375,1707.0,1611.449951171875,1625.550048828125,1625.550048828125,0,0.009595722921842187,-0.031344024563181194,-0.06297555736973803,-0.06121682712650345,0.19385287747864544
2013-08-23,1602.949951171875,1614.4000244140625,1510.949951171875,1537.449951171875,1537.449951171875,0,-0.05419709944936002,-0.08422433598613377,-0.09131475779941989,-0.08894556802062437,0.14910871652954083
2013-08-30,1542.3499755859375,1571.0999755859375,1441.5,1549.199951171875,1549.199951171875,0,0.007642525202881556,-0.054010363584145016,-0.0879279935020405,-0.07623511161493834,0.18232457715117367
2013-09-06,1553.9000244140625,1590.800048828125,1486.300048828125,1529.8499755859375,1529.8499755859375,0,-0.012490302217799898,-0.04984162549955695,-0.05163812885809038,-0.10385733315323531,0.10255480649364235
2013-09-13,1537.800048828125,1579.0,1531.4000244140625,1561.949951171875,1561.949951171875,0,0.02098243363611063,-0.03912527805717203,-0.05476716552644745,-0.07838688566719687,0.10709854215589742
2013-09-20,1583.25,1606.5999755859375,1541.949951171875,1575.5,1575.5,0,0.008675085151069517,0.02474880486296316,-0.048754716981132096,-0.014635076650672874,0.07538988259153512
2013-09-27,1566.4000244140625,1643.4000244140625,1561.5999755859375,1625.0999755859375,1625.0999755859375,0,0.03148205368831314,0.04899304596327214,-0.025047245169934285,-0.003922785420816699,0.04179751916881069
2013-10-04,1607.300048828125,1669.550048828125,1574.800048828125,1657.0,1657.0,0,0.019629576575780128,0.08311274075444142,-0.012367754433020406,0.029096652408514778,0.03900172389484191
2013-10-11,1659.8499755859375,1689.800048828125,1635.0,1656.4000244140625,1656.4000244140625,0,-0.0003620854471559909,0.06046933397022425,-0.01296070058312826,0.037812082165122884,0.07116762089152884
2013-10-18,1658.9000244140625,1694.800048828125,1637.800048828125,1691.199951171875,1691.199951171875,0,0.021009373487616667,0.07343697313352915,0.0073562115528680305,0.032699249509657635,0.05938356634178055
2013-10-25,1695.300048828125,1769.3499755859375,1695.300048828125,1744.699951171875,1744.699951171875,0,0.031634343392056286,0.07359545713045446,0.06536801218936517,0.03209204742346383,0.12033641332302603
2013-11-01,1743.0999755859375,1785.800048828125,1694.0,1780.9000244140625,1780.9000244140625,0,0.020748595320285723,0.07477370212073775,0.10608039961367521,0.026840055054285328,0.14182219668340035
2013-11-08,1793.8499755859375,1824.25,1732.550048828125,1738.4000244140625,1738.4000244140625,0,-0.023864337928785728,0.049504949765384554,0.06942263984261343,-0.024685816537993066,0.12285239584087293
2013-11-15,1737.8499755859375,1793.949951171875,1737.8499755859375,1760.5,1760.5,0,0.012712825170021702,0.04097685124701256,0.14507792507854433,-0.012702253934861796,0.09808202089505702
2013-11-22,1761.949951171875,1780.5,1657.9000244140625,1664.050048828125,1664.050048828125,0,-0.05478554454522866,-0.04622565747742435,0.07413510281185642,-0.04078279802205009,0.008240236334699835
2013-11-29,1671.800048828125,1698.0,1639.0,1688.550048828125,1688.550048828125,0,0.014723114858987252,-0.05185578882583364,0.10373570988972625,-0.002009457987451224,0.0034169240748502805
2013-12-06,1694.199951171875,1761.050048828125,1687.25,1722.300048828125,1722.300048828125,0,0.019987562715966245,-0.009261375609658118,0.10266020209927018,0.013982514095705278,-0.01187604771765638
2013-12-13,1747.800048828125,1768.300048828125,1726.0,1734.449951171875,1734.449951171875,0,0.007054463217380125,-0.014796960424950267,0.1008885757993494,0.07519444870099523,0.01337962764187317
2013-12-20,1736.1500244140625,1790.3499755859375,1730.75,1787.0,1787.0,0,0.030297817929320958,0.07388596951062865,0.0996246550035722,0.08142458337858005,0.01983164502782131
2013-12-27,1787.5999755859375,1814.25,1771.3499755859375,1783.949951171875,1783.949951171875,0,-0.0017067984488667864,0.056498119442748296,0.07661433383939342,0.07710185731132069,0.016814386742862508
2014-01-03,1783.949951171875,1823.949951171875,1763.8499755859375,1790.0,1790.0,0,0.0033913781180636704,0.03930787275883718,0.08065683024437131,0.07388188872293222,-0.02011769536061314
2014-01-10,1789.5,1869.300048828125,1784.050048828125,1832.550048828125,1832.550048828125,0,0.023770976998952476,0.05655977423272951,0.08357976687399082,0.09226645735546124,0.004439747799629856
2014-01-17,1832.8499755859373,1854.5999755859373,1752.699951171875,1759.9000244140625,1759.9000244140625,0,-0.039644223883828156,-0.015165067479539718,0.008712141724987132,0.048714357364171734,-0.0170627091462775
2014-01-24,1761.9000244140625,1803.0999755859373,1761.9000244140625,1767.0999755859375,1767.0999755859375,0,0.004091113740550156,-0.009445318561133842,-0.007748918321602849,0.052565745172793,-0.02456392172648758
2014-01-31,1750.75,1750.75,1651.300048828125,1701.9000244140625,1701.9000244140625,0,-0.03689658314338207,-0.04921786345583101,-0.02099631815887859,0.03923304676955519,-0.07091386666201083
2014-02-07,1699.300048828125,1744.3499755859375,1683.550048828125,1731.300048828125,1731.300048828125,0,0.017274824603275007,-0.05525087844926646,-0.01658616936772228,0.07527487428107138,-0.039287457808655835
2014-02-14,1731.800048828125,1742.550048828125,1653.199951171875,1662.1500244140625,1662.1500244140625,0,-0.039941097709128126,-0.05554292780497272,-0.00114180725237234,0.0225154406118242,-0.040079710350290454
2014-02-21,1664.800048828125,1711.5999755859375,1652.3499755859375,1707.050048828125,1707.050048828125,0,0.027013220079150635,-0.03398218979540257,0.0109561454887519,0.11031259751055789,0.01155521284452643
2014-02-28,1708.1500244140625,1750.5,1667.449951171875,1714.0999755859375,1714.0999755859375,0,0.004129888729772269,0.007168429988168912,-0.004761117697097528,0.10644205371251503,0.022092320252279807
2014-03-07,1682.199951171875,1774.699951171875,1682.199951171875,1771.300048828125,1771.300048828125,0,0.03337032498506076,0.023104025224902625,0.02124598500599717,0.15782598104086087,0.0375772623944286
2014-03-14,1769.449951171875,1821.699951171875,1754.1500244140625,1765.25,1765.25,0,-0.0034155979570641426,0.06202808054121478,-0.0121712367095691,0.1301578508809429,0.041568296638053504
2014-03-21,1756.199951171875,1841.0999755859373,1756.199951171875,1837.8499755859373,1837.8499755859373,0,0.04112730524624686,0.07662336956529492,0.030213865797443118,0.1665185500386781,0.1494464616444302
2014-03-28,1834.699951171875,1864.199951171875,1765.6500244140625,1781.5,1781.5,0,-0.03066081363250117,0.03932094123682783,-0.004748603351955261,0.09624024783931939,0.09193993257738287
2014-04-04,1794.550048828125,1859.949951171875,1786.9000244140625,1828.9000244140625,1828.9000244140625,0,0.026606805733405903,0.03251847456564172,-0.00199177338506884,0.10374171660474496,0.1358569056815706
2014-04-11,1827.8499755859373,1842.550048828125,1802.1500244140625,1808.699951171875,1808.699951171875,0,-0.01104493027094755,0.024614049665415694,0.027728806228103586,0.0919463441880155,0.1332351090743582
2014-04-18,1812.3499755859373,1815.300048828125,1758.050048828125,1760.800048828125,1760.800048828125,0,-0.026483056138037253,-0.04192394797254739,-0.0035651218634211723,0.04115426896034524,0.07519923217912483
2014-04-25,1767.0999755859375,1790.449951171875,1735.8499755859375,1776.800048828125,1776.800048828125,0,0.009086778484955538,-0.0026381988054308136,0.04400965000270762,0.01839863504019079,0.05108113233189138
2014-05-02,1775.75,1791.550048828125,1723.0,1760.9000244140625,1760.9000244140625,0,-0.008948685264022371,-0.0371808185752448,0.017096964564849992,-0.011230276672369754,0.015308357137754358
2014-05-09,1760.1500244140625,1765.1500244140625,1716.699951171875,1734.75,1734.75,0,-0.014850374269694155,-0.040885693132220235,0.043678353048504315,-0.0020996458598721013,-0.02673363092537362
2014-05-16,1733.699951171875,1823.5,1733.699951171875,1804.6500244140625,1804.6500244140625,0,0.04029400456207677,0.02490343842000753,0.057174642098478,0.025078116679387863,0.012057314138256503
2014-05-23,1821.5,1955.5999755859373,1804.8499755859373,1921.4000244140625,1921.4000244140625,0,0.06469398410803029,0.08138224426620622,0.1209381318363667,0.15465278569425922,0.10756281434969273
2014-05-30,1940.800048828125,1963.8499755859373,1857.5999755859373,1951.300048828125,1951.300048828125,0,0.015561582197429535,0.10812653857360122,0.1016202760899183,0.15560687714430022,0.153284733674669
2014-06-06,1957.8499755859373,2038.050048828125,1944.4000244140625,2030.1500244140625,2030.1500244140625,0,0.04040894460761768,0.170283916653156,0.15006374418017976,0.17874352137155336,0.19522531927435227
2014-06-13,2036.8499755859373,2118.85009765625,1950.0,1961.75,1961.75,0,-0.03369210333793138,0.08705287643621928,0.0674157445166661,0.13105022066191685,0.21609891845772866
2014-06-20,1963.449951171875,2041.5,1923.8499755859373,2025.5,2025.5,0,0.032496495475978104,0.05417923090621546,0.1369632332304238,0.13346390598768876,0.22575573230739465
2014-06-27,2030.0,2096.550048828125,2027.0999755859373,2083.5,2083.5,0,0.028634904961737817,0.0677496786059475,0.13920934561062492,0.16791393089887463,0.25796226415094337
2014-07-04,2088.5,2159.300048828125,2088.5,2129.0,2129.0,0,0.021838252939764713,0.04869097081358187,0.17708854839112442,0.1893854748603352,0.27725952016263844
2014-07-11,2136.949951171875,2143.800048828125,2018.25,2058.89990234375,2058.89990234375,0,-0.03292630232797089,0.0495220605804767,0.16929795845588536,0.12351632833186232,0.22717919972805833
2014-07-18,2065.10009765625,2109.550048828125,2028.199951171875,2067.75,2067.75,0,0.00429845940843232,0.020859047148852117,0.16374940520953318,0.17492469533230026,0.2321603968167083
2014-07-25,2074.5,2118.449951171875,2000.550048828125,2012.8499755859373,2012.8499755859373,0,-0.026550610283672005,-0.03390929897483208,0.14308021334471333,0.13906966407970978,0.19894570977578274
2014-08-01,2009.449951171875,2033.9000244140625,1975.5,1995.1500244140625,1995.1500244140625,0,-0.008793477599701616,-0.06286988050067521,0.15010809881196852,0.17230741864579358,0.2183006104298204
2014-08-08,1996.550048828125,2018.449951171875,1921.300048828125,1932.800048828125,1932.800048828125,0,-0.031250770530024896,-0.061246228324203233,0.07101101193051029,0.1163865270704465,0.2004223825447562
2014-08-15,1936.199951171875,1946.25,1844.949951171875,1867.0999755859373,1867.0999755859373,0,-0.033992172797192466,-0.09703785487320171,-0.02826066833463492,0.12330412307043304,0.1485958103424425
2014-08-22,1886.75,1993.6500244140625,1872.5,1943.800048828125,1943.800048828125,0,0.04107978910883836,-0.03430455701881707,-0.003843591355672915,0.13868954818432355,0.26430135000265986
2014-08-29,1936.0999755859373,1946.4000244140625,1886.800048828125,1892.1500244140625,1892.1500244140625,0,-0.026571675643902393,-0.051625190456667136,-0.06797527194564312,0.10387378295554872,0.22137237545274036
2014-09-05,1893.949951171875,1962.0999755859373,1889.699951171875,1932.4000244140625,1932.4000244140625,0,0.021272097603605156,-0.0002069662686033924,-0.01496111919762333,0.0909501333173448,0.2631304083748127
2014-09-12,1947.050048828125,1996.9000244140625,1929.9000244140625,1954.3499755859373,1954.3499755859373,0,0.011358906486523379,0.046730223952051064,-0.03512714115727611,0.10712362304825795,0.2512244544837423
2014-09-19,1949.800048828125,2049.14990234375,1934.4000244140625,2039.1500244140625,2039.1500244140625,0,0.04339041107655306,0.04905338676342863,-0.0212862853784197,0.109530185544088,0.2942875432650349
2014-09-26,2034.300048828125,2038.550048828125,1934.5,1965.199951171875,1965.199951171875,0,-0.03626514594650121,0.038606836569649694,-0.0769375522912753,0.10311532482283181,0.20927941707913256
2014-10-03,1969.550048828125,2035.050048828125,1961.949951171875,2023.449951171875,2023.449951171875,0,0.029640749769642927,0.04711753550376829,-0.01721790900641673,0.10637537545013798,0.2211526561085546
2014-10-10,2011.699951171875,2069.449951171875,1967.8499755859373,2034.199951171875,2034.199951171875,0,0.0053127086211222085,0.0408575621477405,-0.01622538934983675,0.12467518443503933,0.22808495604282308
2014-10-17,2025.800048828125,2077.35009765625,1989.1500244140625,2046.4000244140625,2046.4000244140625,0,0.005997479861878485,0.0035554029439708312,0.016667933147058722,0.16219898209113204,0.21002843158554985
2014-10-24,2057.75,2142.64990234375,2043.3499755859373,2119.800048828125,2119.800048828125,0,0.03586787702227423,0.0786688894247427,0.06247651699809875,0.1930436687156909,0.21499404376340125
2014-10-31,2126.050048828125,2170.699951171875,2083.5,2152.800048828125,2152.800048828125,0,0.015567506009938503,0.0639255236243117,0.11382450043572168,0.22255665794795298,0.20882700843154978
2014-11-07,2154.14990234375,2268.89990234375,2154.14990234375,2262.25,2262.25,0,0.05084074168033115,0.11210798068142136,0.2116383855074797,0.3040783974636114,0.30134029465542844
2014-11-14,2270.550048828125,2288.800048828125,2237.449951171875,2279.5,2279.5,0,0.0076251519504917376,0.11390733620259796,0.1727029235204831,0.2631257967816296,0.2948026128940642
2014-11-21,2267.75,2368.25,2255.300048828125,2306.449951171875,2306.449951171875,0,0.011822746730368427,0.0880507114088116,0.21895722929586814,0.200400708787976,0.38604602235139973
2014-11-28,2307.949951171875,2385.199951171875,2265.300048828125,2325.25,2325.25,0,0.008151075993898305,0.08010495506340587,0.20329640375835556,0.19164143997047245,0.37706904312001455
2014-12-05,2325.300048828125,2375.199951171875,2304.64990234375,2360.75,2360.75,0,0.01526717557251911,0.04354072273179366,0.20794639112281788,0.16284509598316732,0.3706961232488406
2014-12-12,2366.050048828125,2400.800048828125,2293.5,2297.800048828125,2297.800048828125,0,-0.026665234002700378,0.008028097753070895,0.1268420770013643,0.17130115908149612,0.32480043444068496
2014-12-19,2279.85009765625,2378.60009765625,2237.949951171875,2333.35009765625,2333.35009765625,0,0.015471341314600151,0.011663008976504186,0.18733470162404697,0.15198721187669717,0.3057359248216285
2014-12-26,2324.800048828125,2374.0,2316.5,2354.199951171875,2354.199951171875,0,0.00893558730709465,0.012450253164982161,0.16345845362196743,0.1299255825158987,0.31965582869934406
2015-01-02,2356.35009765625,2401.14990234375,2355.75,2382.10009765625,2382.10009765625,0,0.011851222097972958,0.00904377746743612,0.1710255406721224,0.11888215014384684,0.3307821774615922
2015-01-09,2382.35009765625,2396.5,2258.550048828125,2276.64990234375,2276.64990234375,0,-0.044267743163376116,-0.009204519990832827,0.11251459889696491,0.10576036248878551,0.24233982247830932
2015-01-16,2278.60009765625,2413.39990234375,2258.60009765625,2403.75,2403.75,0,0.055827686780213215,0.030171169947649012,0.13395129004211936,0.1624954660863258,0.36584463131665657
2015-01-23,2417.39990234375,2462.0,2377.949951171875,2408.949951171875,2408.949951171875,0,0.002163266218148774,0.023256308357642475,0.11898453016255961,0.19678564244244456,0.36322221971233515
2015-01-30,2398.0,2418.699951171875,2339.300048828125,2357.35009765625,2357.35009765625,0,-0.02142006042529998,-0.010389991597897774,0.042037837399160116,0.18154026955870584,0.3851284234324215
2015-02-06,2356.550048828125,2365.64990234375,2267.5,2275.89990234375,2275.89990234375,0,-0.034551590531028964,-0.00032943141553209987,-0.0015793365458434128,0.17751440648175154,0.3145612188275808
2015-02-13,2281.60009765625,2348.300048828125,2231.5,2338.89990234375,2338.89990234375,0,0.02768135801364635,-0.02697871977379096,0.014069219735458605,0.2526913035868641,0.4071533062535999
2015-02-20,2350.25,2350.550048828125,2292.300048828125,2316.85009765625,2316.85009765625,0,-0.009427425545404655,-0.038232364881977454,-0.003612472785184395,0.19191791308629136,0.3572244699250309
2015-02-27,2317.550048828125,2331.0,2231.10009765625,2246.64990234375,2246.64990234375,0,-0.03029984347434267,-0.046959590526057804,-0.04833213921688018,0.1873529441934525,0.31068778621023485
2015-03-06,2240.199951171875,2273.25,2200.25,2240.0,2240.0,0,-0.002959919272162881,-0.015773937292575924,-0.02515451631990473,0.1591802792898469,0.2646078802300955
2015-03-13,2229.25,2264.60009765625,2196.0,2207.800048828125,2207.800048828125,0,-0.014374978201729949,-0.05605192996256625,-0.05380677719740157,0.1296851006259514,0.2507010615086389
2015-03-20,2208.89990234375,2312.14990234375,2195.39990234375,2215.300048828125,2215.300048828125,0,0.003397046758822686,-0.04383108295649085,-0.05900089424205801,0.08638404350100637,0.20537588935780815
2015-03-27,2228.949951171875,2243.5,2115.14990234375,2138.25,2138.25,0,-0.034780863598537715,-0.04824957472486702,-0.10236769558767678,0.08805722223071144,0.2002525961268593
2015-04-03,2147.550048828125,2207.89990234375,2146.35009765625,2204.0,2204.0,0,0.030749444639307955,-0.016071428571428625,-0.03191088022315547,0.08922881869332122,0.20509594323293356
2015-04-10,2202.0,2262.35009765625,2153.85009765625,2242.39990234375,2242.39990234375,0,0.01742282320496824,0.015671642698798838,-0.06712432559802395,0.10234979656347631,0.23978546076195584
2015-04-17,2257.699951171875,2268.300048828125,2180.300048828125,2192.0,2192.0,0,-0.022475876087522217,-0.010517784640708405,-0.09005996619661438,0.0711493226392168,0.24488865243890356
2015-04-24,2189.39990234375,2193.5,2078.39990234375,2094.10009765625,2094.10009765625,0,-0.04466236420791514,-0.020647680273003677,-0.11167199995525956,-0.012123761949190737,0.17857949128119266
2015-05-01,2098.449951171875,2105.449951171875,2047.6500244140625,2053.10009765625,2053.10009765625,0,-0.01957881576238296,-0.0684663803737523,-0.09789525649087549,-0.046311756275807636,0.16593791197170127
2015-05-08,2060.300048828125,2111.39990234375,2011.0,2054.14990234375,2054.14990234375,0,0.0005113265976162129,-0.08395023555042147,-0.12174526995133883,-0.09198810814730907,0.18411869280515925
2015-05-15,2058.39990234375,2096.39990234375,1991.5,2008.6500244140625,2008.6500244140625,0,-0.02215022276503431,-0.0836450618548985,-0.13302547003535792,-0.11881990593811687,0.11304130842002746
2015-05-22,2009.300048828125,2113.699951171875,2005.25,2089.10009765625,2089.10009765625,0,0.04005181204508501,-0.002387660458827212,-0.07012654910012495,-0.09423566871901667,0.08728014526455952
2015-05-29,2087.25,2118.449951171875,2072.699951171875,2108.199951171875,2108.199951171875,0,0.009142622479915152,0.02683739267195251,-0.05883930751255584,-0.093344822633319,0.08040788111391572
2015-06-05,2101.89990234375,2151.050048828125,2036.6500244140625,2137.14990234375,2137.14990234375,0,0.013732070886247172,0.040406009271912735,-0.03200024681667857,-0.09471570376204597,0.05270540435087767
2015-06-12,2122.10009765625,2122.10009765625,2052.699951171875,2072.949951171875,2072.949951171875,0,-0.030039985076137476,0.032011513193578534,-0.0642577052853639,-0.09785450991304634,0.05668405819899314
2015-06-19,2081.300048828125,2196.89990234375,2073.199951171875,2158.25,2158.25,0,0.04114911157401724,0.03310032986036848,0.009353443236291392,-0.07504235983795593,0.06553937299432233
2015-06-26,2176.89990234375,2227.050048828125,2158.25,2217.199951171875,2217.199951171875,0,0.027313773275512654,0.05170287568757925,0.005989088553482347,-0.05819386748853006,0.06417084289506847
2015-07-03,2151.5,2274.85009765625,2149.800048828125,2261.60009765625,2261.60009765625,0,0.02002532358928999,0.05823185129691599,0.008562342199726292,-0.05058561565845199,0.062282807729567846
2015-07-10,2234.89990234375,2302.35009765625,2177.14990234375,2213.35009765625,2213.35009765625,727300,-0.0213344525630339,0.06772963640776974,0.00974000805485864,-0.027803925681473718,0.07501588354862787
2015-07-17,2231.050048828125,2353.10009765625,2220.35009765625,2336.949951171875,2336.949951171875,508900,0.05584288434374063,0.08279854102716322,0.1159685985342469,-0.02778993190977641,0.1301897962383629
2015-07-24,2343.199951171875,2442.800048828125,2323.5,2362.550048828125,2362.550048828125,1235900,0.010954491191996985,0.06555570127061694,0.15072326552666993,-0.0192614638262526,0.173733799082761
2015-07-31,2385.39990234375,2464.35009765625,2353.10009765625,2452.14990234375,2452.14990234375,716000,0.037925060491340146,0.08425442008291895,0.19375411674965326,0.04021456328517048,0.2290553955028518
2015-08-07,2456.800048828125,2534.25,2451.14990234375,2491.550048828125,2491.550048828125,540400,0.016067592950462117,0.12569179700331423,0.2404102350059354,0.09475379223062297,0.28908836190208875
2015-08-14,2491.949951171875,2520.75,2413.300048828125,2500.550048828125,2500.550048828125,426100,0.003612209196533378,0.07000582001091282,0.19695080749528393,0.0691137514360447,0.33926949896906144
2015-08-21,2489.199951171875,2499.85009765625,2330.199951171875,2352.14990234375,2352.14990234375,404800,-0.059347001094388174,-0.004402085149279089,0.11571480733422446,0.015236119386061953,0.21007811670846
2015-08-28,2268.949951171875,2371.699951171875,2123.85009765625,2331.949951171875,2331.949951171875,636800,-0.00858786727484806,-0.0490181905506627,0.09114945498885851,0.03796766409360819,0.232433961939146
2015-09-04,2333.14990234375,2338.199951171875,2224.550048828125,2242.699951171875,2242.699951171875,421900,-0.03827269103916631,-0.09987762347912466,0.08188813237099013,0.0012053353445871107,0.1605774802512232
2015-09-11,2245.449951171875,2373.449951171875,2218.25,2341.14990234375,2341.14990234375,412600,0.04389795929697682,-0.0637460332214016,0.08474453948511518,0.06039942502329665,0.1979174311611438
2015-09-18,2347.39990234375,2405.89990234375,2341.800048828125,2372.300048828125,2372.300048828125,229100,0.013305489944573923,0.008566693161986327,0.06995313957781457,0.07087076086286892,0.16337690725320275
2015-09-25,2371.699951171875,2411.0,2305.14990234375,2392.25,2392.25,386000,0.00840953958658397,0.02585820883412282,0.057768790547517934,0.11878872910090021,0.21730615684855348
2015-10-02,2407.85009765625,2420.5,2300.0,2412.60009765625,2412.60009765625,365800,0.008506676834047378,0.07575696713044344,0.09002190851369996,0.09464614231227308,0.1923201244779984
2015-10-09,2434.25,2441.35009765625,2384.85009765625,2411.35009765625,2411.35009765625,299300,-0.000518113217857552,0.029985348329135908,0.031836431262495246,0.07534347247157558,0.1854046581149036
2015-10-16,2423.300048828125,2511.949951171875,2334.199951171875,2496.800048828125,2496.800048828125,663400,0.035436559483805086,0.052480713837822046,0.05682419302253128,0.1390511171661155,0.2200938326039279
2015-10-23,2490.199951171875,2574.949951171875,2478.300048828125,2518.800048828125,2518.800048828125,389000,0.00881127826408279,0.052900009960549665,0.02718029041400416,0.20280785605578555,0.1882252999383487
2015-10-30,2539.800048828125,2539.800048828125,2396.0,2405.25,2405.25,541700,-0.04508100945962512,-0.003046546198597233,-0.03463709222646971,0.17152105868863998,0.11726586094667546
2015-11-06,2420.5,2437.25,2327.39990234375,2336.89990234375,2336.89990234375,562300,-0.02841704507067877,-0.03087490090504197,-0.06544565927047497,0.13764818218835306,0.03299807817162126
2015-11-13,2306.949951171875,2349.35009765625,2267.199951171875,2274.0,2274.0,248500,-0.02691595916481737,-0.08923423761253779,-0.0332248817415417,0.1321036379462579,-0.0024128098267164333
2015-11-20,2270.39990234375,2372.0,2259.699951171875,2355.199951171875,2355.199951171875,470700,0.035707982045679376,-0.06495160174876335,0.009970196825328959,0.12737534875143663,0.021136378864510252
2015-11-27,2360.39990234375,2432.64990234375,2357.60009765625,2426.5,2426.5,307200,0.030273458859681135,0.008834840453175286,0.08195481019745166,0.15098190693496272,0.04354370497795945
2015-12-04,2423.14990234375,2481.64990234375,2390.550048828125,2394.89990234375,2394.89990234375,933600,-0.013022912695755173,0.02481920596677245,0.022958803255695104,0.12060454894499117,0.014465700452716224
2015-12-11,2401.0,2428.550048828125,2332.60009765625,2379.449951171875,2379.449951171875,533400,-0.006451188693420984,0.046372010189918544,0.0030139114768732433,0.1478569223664712,0.035533945778002396
2015-12-18,2379.699951171875,2508.949951171875,2364.64990234375,2491.64990234375,2491.64990234375,970200,0.047153734465655184,0.05793561226255184,0.04155080043630477,0.1544769615863546,0.06784228601036135
2015-12-25,2488.64990234375,2538.64990234375,2488.64990234375,2522.14990234375,2522.14990234375,1153300,0.012240885034173754,0.03941887588862558,0.04540736145784097,0.13753831764730884,0.0713405635270159
2016-01-01,2529.85009765625,2646.550048828125,2528.89990234375,2627.449951171875,2627.449951171875,971600,0.041750115141956146,0.09710219980406776,0.08961778454554015,0.16176593461185473,0.10299728955849718
2016-01-08,2618.64990234375,2630.39990234375,2507.5,2527.550048828125,2527.550048828125,800300,-0.03802161951712668,0.06224131656280929,0.012315763937297497,0.1419567340497041,0.1102058538847277
2016-01-15,2481.14990234375,2542.300048828125,2377.10009765625,2403.60009765625,2403.60009765625,1130100,-0.049039563520945184,-0.035337952015119245,-0.04573604452067237,0.02852014286867921,-6.236186947472522e-05
2016-01-22,2393.449951171875,2400.39990234375,2222.800048828125,2347.449951171875,2347.449951171875,817500,-0.023360852139724497,-0.06926628389911804,-0.024030786333281373,-0.006391440326836695,-0.025529795656436205
2016-01-29,2370.0,2483.0,2334.800048828125,2468.39990234375,2468.39990234375,460500,0.05152397439250844,-0.06053399751998578,0.05627113076949275,0.0066268379369744945,0.047107896615742106
2016-02-05,2484.25,2486.800048828125,2314.550048828125,2384.800048828125,2384.800048828125,510700,-0.0338680346876723,-0.056477615573303774,0.048724735632420746,-0.04284481463665912,0.0478492689297223
2016-02-12,2374.300048828125,2407.550048828125,2116.14990234375,2177.25,2177.25,534400,-0.08703037763275534,-0.09417127993835739,-0.07555619686699322,-0.12929157285999482,-0.06911364705337109
2016-02-19,2194.25,2269.25,2099.75,2244.25,2244.25,392000,0.030772763807555448,-0.043962577826358484,-0.07510818050690293,-0.04587288515763188,-0.03133569052641472
2016-02-26,2253.35009765625,2283.25,2174.449951171875,2197.35009765625,2197.35009765625,436400,-0.020897806547287567,-0.10980789799502821,-0.08248770835648267,-0.05771987235317144,-0.02194369698459442
2016-03-04,2198.050048828125,2334.800048828125,2121.64990234375,2317.5,2317.5,526200,0.05467945343434577,-0.0282204157372421,-0.026035408368797475,0.033352677779762585,0.03459821428571419
2016-03-11,2317.85009765625,2341.64990234375,2270.949951171875,2323.5,2323.5,303600,0.0025889967637540146,0.06717189114708932,-0.0674853646917174,-0.007538988565439775,0.05240508588324699
2016-03-18,2333.14990234375,2369.949951171875,2257.39990234375,2310.14990234375,2310.14990234375,453200,-0.00574568437970735,0.02936388652946409,-0.08405527355967046,-0.02619826548293336,0.04281580437187271
2016-03-25,2314.800048828125,2341.14990234375,2290.35009765625,2321.300048828125,2321.300048828125,271900,0.004826590029098465,0.05640883139381536,-0.11651978459464218,-0.02965825109076181,0.08560741205571154
2016-04-01,2334.60009765625,2336.14990234375,2267.550048828125,2324.550048828125,2324.550048828125,459600,0.0014000775133058418,0.0030420922667206973,-0.0803149279256089,-0.03649591530467988,0.05469602941384988
2016-04-08,2327.39990234375,2359.25,2276.300048828125,2290.64990234375,2290.64990234375,553300,-0.014583530477850992,-0.014138195677318666,-0.04699209133109861,-0.050055027442848954,0.02151712544652229
2016-04-15,2295.10009765625,2388.89990234375,2285.85009765625,2359.39990234375,2359.39990234375,365500,0.030013316277470503,0.02131896287337609,0.005090609563756399,-0.05503049655452541,0.07636856858747709
2016-04-22,2364.0,2404.64990234375,2347.300048828125,2378.10009765625,2378.10009765625,774300,0.007925826941810099,0.02446906803659421,-0.03658232387781257,-0.05585991283323022,0.13561911406138472
2016-04-29,2377.75,2431.449951171875,2363.199951171875,2423.35009765625,2423.35009765625,653800,0.01902779451739489,0.04250287012660059,0.016164897701619996,0.00752524588140524,0.1803370427105162
2016-05-06,2420.25,2455.199951171875,2352.050048828125,2370.550048828125,2370.550048828125,510000,-0.021788039986129437,0.03488099442984405,0.08878174248622117,0.01439948131737534,0.15402972593352016
2016-05-13,2373.0,2578.39990234375,2373.0,2560.75,2560.75,875700,0.08023452247544816,0.08533953801398209,0.1410270691767852,0.12609938434476686,0.2748612097057519
2016-05-20,2573.199951171875,2601.85009765625,2482.5,2490.800048828125,2490.800048828125,862200,-0.027316196884457633,0.04739075166892559,0.13354719918545355,0.057574770918613405,0.19228372619509226
2016-05-27,2511.89990234375,2556.85009765625,2448.300048828125,2546.0,2546.0,1162700,0.022161534482804335,0.05061171411525356,0.09859762675296646,0.04924788790438894,0.2076653348676758
2016-06-03,2557.949951171875,2587.050048828125,2506.60009765625,2555.89990234375,2555.89990234375,544100,0.003888414117733774,0.0781885426157749,0.10002147722993326,0.06722619172619226,0.19593852520161037
2016-06-10,2557.60009765625,2622.64990234375,2538.699951171875,2590.85009765625,2590.85009765625,662800,0.013674320845057597,0.011754406973054854,0.12150735111505839,0.08884412398767227,0.24983726509730597
2016-06-17,2567.75,2616.0,2556.699951171875,2574.35009765625,2574.35009765625,503000,-0.006368566060586223,0.03354345880450493,0.1090122101862161,0.03319093715160726,0.19279513386134606
2016-06-24,2562.699951171875,2606.25,2474.699951171875,2542.949951171875,2542.949951171875,678700,-0.012197310114487658,-0.0011979767588864432,0.09395362446760469,0.00824695185991775,0.1469195413917579
2016-07-01,2514.300048828125,2653.14990234375,2514.14990234375,2631.550048828125,2631.550048828125,800800,0.03484146340175509,0.02959824303565406,0.148822456952314,0.001560485540141876,0.16357885355384583
2016-07-08,2645.60009765625,2693.89990234375,2615.35009765625,2643.550048828125,2643.550048828125,558600,0.004560050075940625,0.020340795177439475,0.12043322804332979,0.04589424452891944,0.19436597564362734
2016-07-15,2671.5,2684.800048828125,2597.14990234375,2674.550048828125,2674.550048828125,1201000,0.011726655227784377,0.03892242599912854,0.12465831504066749,0.11272671832393333,0.14446184330432876
2016-07-22,2670.89990234375,2687.75,2623.800048828125,2681.699951171875,2681.699951171875,716100,0.0026733103562159855,0.05456261533423401,0.10660855555517501,0.14238855223862745,0.13508704397693294
2016-07-29,2685.25,2823.300048828125,2675.050048828125,2815.199951171875,2815.199951171875,978600,0.049781855700024025,0.06978772926075738,0.1875724592119712,0.14049589310825916,0.1480537745596726
2016-08-05,2810.35009765625,2869.25,2765.5,2826.14990234375,2826.14990234375,914000,0.003889582040990325,0.06907372667166678,0.10364147314019334,0.18506786501136707,0.13429385200309363
2016-08-12,2854.39990234375,2870.89990234375,2780.300048828125,2816.85009765625,2816.85009765625,771900,-0.0032906268276100548,0.05320522937698424,0.13090173536070293,0.293765115469629,0.12649218877916812
2016-08-19,2797.35009765625,2853.050048828125,2790.300048828125,2843.199951171875,2843.199951171875,618800,0.009354368390973145,0.06022299397418651,0.11673210965116843,0.2668820101022056,0.20876647714451724
2016-08-26,2829.39990234375,2906.050048828125,2824.60009765625,2844.5,2844.5,749100,0.00045724847019257275,0.010407803827905182,0.11291525829771532,0.29451378869212363,0.21979461804939393
2016-09-02,2842.14990234375,2984.35009765625,2836.199951171875,2942.0,2942.0,917500,0.03427667428370529,0.04099219845351243,0.13553462728754906,0.26947141316073364,0.31181168415450355
2016-09-09,2945.699951171875,2983.0,2923.75,2932.85009765625,2932.85009765625,492300,-0.003110095970003446,0.041180750121036835,0.1392584483075503,0.2622552604502906,0.2527391324750896
2016-09-16,2905.550048828125,2979.85009765625,2817.85009765625,2902.5,2902.5,945000,-0.010348328978867283,0.020856798623566153,0.14139092618100202,0.2564119744157227,0.22349615995404326
2016-09-23,2909.35009765625,2969.14990234375,2899.25,2931.25,2931.25,889700,0.009905254091300497,0.030497451221655814,0.11388723209172347,0.262762218731611,0.2253108997805413
2016-09-30,2926.550048828125,3034.14990234375,2871.5,2969.800048828125,2969.800048828125,1090500,0.013151402585287908,0.00944937077774477,0.1234135892924082,0.2775806011685098,0.230954127753362
2016-10-07,3000.64990234375,3158.300048828125,2988.39990234375,3121.949951171875,3121.949951171875,1081500,0.05123237249719481,0.06447648097212388,0.16728043752248412,0.3629101278102578,0.29468962396057874
2016-10-14,3119.64990234375,3140.14990234375,2956.35009765625,2965.0,2965.0,1139100,-0.050273051658935586,0.021533161068044704,0.10564196367469303,0.25667547796991386,0.18752000240933397
2016-10-21,2974.64990234375,2981.14990234375,2857.5,2959.550048828125,2959.550048828125,845800,-0.0018380948303119427,0.00965460087953085,0.05127525581128323,0.24450188271928774,0.17498411602979735
2016-10-28,2966.800048828125,2974.5,2872.5,2942.699951171875,2942.699951171875,948200,-0.005693466026338023,-0.009125226348805415,0.041239867967183486,0.21431069906816846,0.22344868565507747
2016-11-04,2965.550048828125,2967.800048828125,2813.35009765625,2840.39990234375,2840.39990234375,896500,-0.0347640094218189,-0.09018403665389974,0.008360332950303029,0.19820288280683807,0.21545638283224022
2016-11-11,2857.0,2917.85009765625,2583.14990234375,2737.550048828125,2737.550048828125,903600,-0.03620963844941649,-0.07671161928225123,-0.03715880140621297,0.06904229183954902,0.20384786667903465
2016-11-18,2745.449951171875,2759.800048828125,2569.0,2585.14990234375,2585.14990234375,733500,-0.055670268585450544,-0.12650576618314802,-0.09117598792626125,0.03787933662519993,0.09763500167255823
2016-11-25,2602.449951171875,2616.39990234375,2496.5,2562.35009765625,2562.35009765625,907100,-0.008819529059738151,-0.12925199980519853,-0.12904483424328683,0.0064218765342693995,0.05598602829435406
2016-12-02,2570.60009765625,2662.14990234375,2548.800048828125,2554.199951171875,2554.199951171875,673200,-0.0031807310374292186,-0.10076044254744476,-0.12910654615009765,-0.0006651086649818172,0.0665163703385796
2016-12-09,2567.550048828125,2663.0,2522.550048828125,2653.199951171875,2653.199951171875,838400,0.03875969066344176,-0.030812257731089976,-0.08589148969099913,0.024065403695886722,0.11504759739332981
2016-12-16,2649.64990234375,2667.199951171875,2546.39990234375,2570.10009765625,2570.10009765625,708700,-0.03132061474632586,-0.005821637141372515,-0.12320678971215349,-0.0016509021068538132,0.03148524005668141
2016-12-23,2577.10009765625,2588.449951171875,2495.699951171875,2545.89990234375,2545.89990234375,515400,-0.009416051668403425,-0.006419963972740028,-0.14273693161653922,0.001160050818348024,0.009416569561519594
2016-12-30,2540.300048828125,2627.550048828125,2487.699951171875,2610.75,2610.75,525400,0.025472367392193718,0.022140024238188394,-0.16374380088315887,-0.007904105353188196,-0.006355954055157764
2017-01-06,2617.449951171875,2731.550048828125,2612.0,2683.60009765625,2683.60009765625,526000,0.027903896449774868,0.011457917625449898,-0.09490721832841487,0.015150100466559735,0.06173964741092908
2017-01-13,2691.5,2764.449951171875,2683.39990234375,2748.199951171875,2748.199951171875,541900,0.02407208643793246,0.06929685488827442,-0.0714129155342168,0.027537305714664173,0.1433682141432946
2017-01-20,2749.85009765625,2785.75,2697.10009765625,2705.050048828125,2705.050048828125,657200,-0.01570115097533209,0.06251233457287997,-0.08075913490572162,0.008707199940860777,0.15233555777311958
2017-01-27,2712.35009765625,2863.050048828125,2708.25,2812.199951171875,2812.199951171875,535100,0.03961106094512723,0.07716171643086267,-0.009928162280461228,-0.0010656436672468184,0.13928053088224734
2017-02-03,2817.0,2946.85009765625,2761.300048828125,2907.85009765625,2907.85009765625,1082500,0.034012569570138984,0.08356312112071063,0.06220892615315887,0.028908655993351795,0.21932658424975648
2017-02-10,2925.85009765625,3035.949951171875,2895.300048828125,3010.89990234375,3010.89990234375,968600,0.03543848590082366,0.0955898245540161,0.16469064312827908,0.06888893549889596,0.3828912170599379
2017-02-17,3018.64990234375,3034.64990234375,2946.60009765625,2991.35009765625,2991.35009765625,718300,-0.0064930105023690565,0.10583909490035315,0.16742442822017223,0.052106833507545636,0.332895220076306
2017-02-24,2993.0,3035.0,2967.0,2995.050048828125,2995.050048828125,833100,0.0012368833640614696,0.06502030468354647,0.17259811529398328,0.0529267178161803,0.3630281546953862
2017-03-03,2984.39990234375,3013.449951171875,2938.949951171875,2980.64990234375,2980.64990234375,938400,-0.0048079819200381735,0.025035611273833247,0.12341698974751059,0.013137288356135368,0.2861488251752966
2017-03-10,2979.64990234375,3076.0,2966.60009765625,3056.300048828125,3056.300048828125,941600,0.025380420030171713,0.015078597082896827,0.18917549227567254,0.04209214486295387,0.3153862917271897
2017-03-17,3100.35009765625,3125.89990234375,3076.35009765625,3082.449951171875,3082.449951171875,762400,0.008556065152626857,0.030454427112026394,0.21075064590488335,0.06199826052433255,0.33430733133143975
2017-03-24,3095.10009765625,3113.300048828125,3069.199951171875,3089.300048828125,3089.300048828125,811300,0.0022222899851611633,0.03146858932687202,0.18329983676266393,0.05391899320362481,0.3308490862211948
2017-03-31,3090.60009765625,3187.5,3077.35009765625,3174.25,3174.25,1075400,0.027498122496744548,0.06495231040184146,0.18283271891824127,0.06884300215852934,0.36553308525244876
2017-04-07,3178.949951171875,3250.949951171875,3149.5,3204.89990234375,3204.89990234375,1027300,0.009655793445302097,0.04862083275253104,0.16618148580387349,0.026569917029175327,0.39912253682439935
2017-04-14,3198.39990234375,3244.199951171875,3152.800048828125,3157.89990234375,3157.89990234375,589400,-0.014665044598000998,0.024477267228034227,0.16740904801809764,0.06505898898608775,0.338433514050245
2017-04-21,3151.89990234375,3297.050048828125,3133.449951171875,3266.39990234375,3266.39990234375,1334900,0.034358277132049864,0.057326854211783296,0.16151054656785857,0.10368125169470499,0.37353339565604027
2017-04-28,3279.10009765625,3285.300048828125,3228.10009765625,3252.199951171875,3252.199951171875,1079100,-0.00434727883799102,0.024556966581672945,0.11842077203125889,0.10517552082628989,0.3420264592875992
2017-05-05,3261.0,3282.449951171875,3114.300048828125,3119.0,3119.0,609700,-0.040956876321174174,-0.02680267869861741,0.03590291977893467,0.09808481454543205,0.31572839035474876
2017-05-12,3127.39990234375,3292.60009765625,3094.35009765625,3210.10009765625,3210.10009765625,1033000,0.029208110822779743,0.016530034810082972,0.07312751528862926,0.17261786648628097,0.2535780914404959
2017-05-19,3225.64990234375,3247.0,3101.699951171875,3136.5,3136.5,900500,-0.02292766437719085,-0.03976852382665774,0.047227909005133295,0.21327587121984104,0.2592339563650101
2017-05-26,3155.64990234375,3159.449951171875,2994.550048828125,3088.75,3088.75,1424800,-0.015223975769169451,-0.05025827243893122,0.036267291093545984,0.20543636984861724,0.2131775333857031
2017-06-02,3092.699951171875,3118.050048828125,3033.85009765625,3109.0,3109.0,843000,0.006556050182112472,-0.003206155819172829,0.017243055436288568,0.2172108916428337,0.2164013141316916
2017-06-09,3119.0,3139.0,3067.699951171875,3095.550048828125,3095.550048828125,620200,-0.004326134182011887,-0.03568426072188835,0.004249897926572821,0.1667232420462208,0.19480090786743687
2017-06-16,3103.85009765625,3108.75,3060.75,3094.949951171875,3094.949951171875,740600,-0.00019385816633044062,-0.01324726568727086,0.0018288616367623245,0.20421377906418936,0.20222573999923
2017-06-23,3117.5,3127.60009765625,3030.199951171875,3038.39990234375,3038.39990234375,739600,-0.018271716738654464,-0.016301124291784652,-0.04279754198826491,0.1934482968268334,0.19483275750022355
2017-06-30,3037.75,3044.449951171875,2915.949951171875,2982.050048828125,2982.050048828125,750800,-0.01854589761938774,-0.04083304958889511,-0.06953410724392806,0.14221968738030255,0.133191462634763
2017-07-07,2992.85009765625,3050.949951171875,2974.800048828125,3037.60009765625,3037.60009765625,501600,0.018628141016598487,-0.018720405180918664,-0.03809487583764615,0.1319123517357037,0.14906093758383943
2017-07-14,3053.300048828125,3082.550048828125,2902.25,3065.050048828125,3065.050048828125,891300,0.009036723166112148,-0.009660867805771356,-0.061642744163428964,0.11529368433368181,0.14600586748081246
2017-07-21,3083.800048828125,3165.89990234375,3063.10009765625,3158.199951171875,3158.199951171875,1334000,0.030390989008275637,0.03942866399374023,-0.02890351190311302,0.16751996974697847,0.17768579955851305
2017-07-28,3166.050048828125,3177.10009765625,3083.39990234375,3106.5,3106.5,906100,-0.016370069017540012,0.04173301894137582,-0.0040076947739660085,0.10465118197071543,0.10347401743413154
2017-08-04,3108.949951171875,3132.39990234375,3079.550048828125,3091.60009765625,3091.60009765625,602900,-0.004796363220263999,0.01777719194888938,-0.03691473673562984,0.06319101529618187,0.09392643861260153
2017-08-11,3089.75,3102.300048828125,2845.35009765625,2872.800048828125,2872.800048828125,770500,-0.07077242913596682,-0.06272328247086989,-0.084074589884226,-0.04586663721637674,0.01986259446976879
2017-08-18,2906.5,3012.949951171875,2875.449951171875,2948.449951171875,2948.449951171875,533900,0.02633315965537153,-0.0664144143001999,-0.04542292151456895,-0.014341399396208265,0.037018149200733985
2017-08-25,2957.449951171875,2965.800048828125,2904.050048828125,2929.800048828125,2929.800048828125,505300,-0.006325324374706565,-0.056880718226903215,-0.057639096549332636,-0.02178594645706522,0.02998771271862366
2017-09-01,2950.75,3038.14990234375,2929.35009765625,3027.199951171875,3027.199951171875,740100,0.03324455618829969,-0.02083068458084114,-0.022080113898376497,0.015617415782887445,0.028959874633540217
2017-09-08,3029.800048828125,3086.25,3005.14990234375,3039.75,3039.75,1102200,0.004145761439797502,0.0581140171032708,-0.017835490732563852,-0.0054150602243621115,0.036449153139186174
2017-09-15,3058.800048828125,3109.050048828125,3049.85009765625,3099.550048828125,3099.550048828125,789700,0.019672686513076743,0.051247299482290565,0.02012577292317741,0.005547567009076326,0.06788976703811378
2017-09-22,3112.25,3178.64990234375,3020.85009765625,3027.949951171875,3027.949951171875,745700,-0.02310015858053993,0.03350054635401101,0.015392063041258286,-0.019858899001902408,0.03298932236140728
2017-09-29,3032.39990234375,3039.60009765625,2931.14990234375,2983.60009765625,2983.60009765625,844100,-0.014646825155898213,-0.01440270025729451,-0.01777719194888927,-0.060061401069150144,0.0046467939259313695
2017-10-06,3008.300048828125,3025.300048828125,2976.39990234375,3019.85009765625,3019.85009765625,572500,0.012149751579803247,-0.006546558876141084,-0.014746888452655593,-0.05773965188496921,-0.03270387261567087
2017-10-13,3040.449951171875,3076.85009765625,2979.949951171875,3009.800048828125,3009.800048828125,785500,-0.003327995927984939,-0.028955815710713484,-0.046988760888519776,-0.046898210233233595,0.0151096286098229
2017-10-20,3016.10009765625,3028.300048828125,2917.64990234375,2943.39990234375,2943.39990234375,558800,-0.02206131484057494,-0.027923198927182535,-0.05250284811081607,-0.09888562627259356,-0.00545696008444585
2017-10-27,2956.89990234375,3158.699951171875,2920.64990234375,3147.800048828125,3147.800048828125,1015500,0.06944355278452541,0.05503416872149236,0.018178273190792238,-0.03210131723485554,0.06969793083204845
2017-11-03,3158.300048828125,3198.60009765625,3110.0,3194.0,3194.0,1018300,0.014676901472529869,0.057668393036763854,0.11180727712076566,0.02404616864379605,0.1244895471811831
2017-11-10,3195.25,3217.449951171875,3040.949951171875,3186.35009765625,3186.35009765625,868400,-0.002395085267298036,0.05865839788821359,0.08068651339657995,-0.00739852318541101,0.16394222601345487
2017-11-17,3190.699951171875,3202.89990234375,3114.050048828125,3136.64990234375,3136.64990234375,776100,-0.01559784511722595,0.06565536672272088,0.07060203770505158,4.779287223022344e-05,0.21333385715853415
2017-11-24,3134.25,3276.60009765625,3108.64990234375,3265.39990234375,3265.39990234375,1558900,0.0410469781481817,0.03735937851560989,0.0786865601922544,0.05719138886078512,0.27437695002356266
2017-12-01,3252.89990234375,3402.89990234375,3243.89990234375,3252.85009765625,3252.85009765625,2770000,-0.0038432673065532663,0.01842520277277715,0.07010448150546922,0.046268928162190415,0.2735299349464917
2017-12-08,3284.14990234375,3351.699951171875,3215.85009765625,3312.699951171875,3312.699951171875,1578200,0.01839920430355768,0.03965347486723525,0.0687680143846483,0.07014905232301305,0.2485677717989967
2017-12-15,3327.89990234375,3369.050048828125,3278.75,3330.64990234375,3330.64990234375,1372900,0.005418526107541011,0.06184942726793974,0.09996861112407895,0.07615630458987854,0.2959222504139305
2017-12-22,3331.199951171875,3466.35009765625,3257.10009765625,3445.800048828125,3445.800048828125,2199900,0.034572876123469154,0.05524595819179523,0.15491350584649521,0.13408378079860928,0.35347035665303617
2017-12-29,3449.699951171875,3505.800048828125,3446.199951171875,3464.300048828125,3464.300048828125,896600,0.005368854761695019,0.06500451752271941,0.1471761633191062,0.16171760772073984,0.32693672271497665
2018-01-05,3471.39990234375,3539.25,3441.300048828125,3529.550048828125,3529.550048828125,1486900,0.0188349736109239,0.06546022907373139,0.1726858899488577,0.16195349465239128,0.3152295127395077
2018-01-12,3543.449951171875,3616.050048828125,3499.949951171875,3592.10009765625,3592.10009765625,2137100,0.017721819484864065,0.07849825198635241,0.22039145778185198,0.17195479370055788,0.3070737797388152
2018-01-19,3621.300048828125,3675.85009765625,3476.800048828125,3540.550048828125,3540.550048828125,2270100,-0.014350949980976302,0.027497242630843743,0.1247696784763106,0.12106582976621727,0.30886674365302524
2018-01-26,3544.050048828125,3591.25,3497.949951171875,3507.449951171875,3507.449951171875,1058300,-0.009348857437336822,0.012455590374842451,0.09813711683527715,0.1290680673336151,0.24722637510546908
2018-02-02,3530.050048828125,3573.5,3326.14990234375,3346.85009765625,3346.85009765625,1269900,-0.045788209597108276,-0.0517629580667186,0.050371112740579704,0.08256242461420071,0.15097064334706856
2018-02-09,3288.35009765625,3427.10009765625,3192.550048828125,3379.10009765625,3379.10009765625,1149600,0.009635926037614873,-0.05929678856638121,0.07729590577875389,0.17623922313516238,0.12228908540794903
2018-02-16,3417.199951171875,3462.75,3300.199951171875,3313.550048828125,3313.550048828125,612700,-0.019398670336398305,-0.06411433163475089,0.014745558867021114,0.12382780908698798,0.10771054562430571
2018-02-23,3320.89990234375,3336.25,3231.050048828125,3317.25,3317.25,912000,0.001116612429977737,-0.05422741701797551,0.019797992655779417,0.1322445029403454,0.10757748482298068
2018-03-02,3331.949951171875,3398.60009765625,3249.800048828125,3263.5,3263.5,643900,-0.016203180345165435,-0.024904042674220417,-0.014851918947404341,0.07805894973559635,0.09489544459207999
2018-03-09,3262.0,3301.14990234375,3213.5,3259.5,3259.5,1151700,-0.0012256779531177875,-0.03539406771027731,-0.021362167874108384,0.07229212928694784,0.06648560282874971
2018-03-16,3294.89990234375,3374.800048828125,3249.5,3308.199951171875,3308.199951171875,1398200,0.014940926881998662,-0.0016146119954162375,-0.03993269943305222,0.06731619075569895,0.07323719884378832
2018-03-23,3323.800048828125,3326.64990234375,3151.60009765625,3225.39990234375,3225.39990234375,1119200,-0.025028731651723257,-0.02768862692177254,-0.06896058168090502,0.06520911981899102,0.04405523949260037
2018-03-30,3229.64990234375,3381.0,3220.0,3286.5,3286.5,851000,0.018943417717552258,0.007047648230427361,-0.06886148247389834,0.10152161564201956,0.03536268409860588
2018-04-06,3307.10009765625,3384.60009765625,3293.050048828125,3365.14990234375,3365.14990234375,888900,0.02393120412102534,0.03241291681047698,-0.06318036500724988,0.11434335927981731,0.0500015616346734
2018-04-13,3369.75,3392.85009765625,3306.35009765625,3349.800048828125,3349.800048828125,1372700,-0.004561417458679662,0.012574843803354163,-0.0538758095124614,0.11296431473325952,0.06076828031881232
2018-04-20,3334.10009765625,3434.25,3329.0,3377.5,3377.5,1065800,0.008269135700074148,0.047156973479699715,-0.03704969507218692,0.14748254129878435,0.034013011565587004
2018-04-27,3386.35009765625,3432.60009765625,3293.800048828125,3356.0,3356.0,2129600,-0.006365655070318277,0.02114711699376226,0.002733884720489188,0.06614141557351605,0.03191687177497271
2018-05-04,3348.5,3423.64990234375,3306.39990234375,3316.699951171875,3316.699951171875,544400,-0.011710384036985988,-0.014397561053114072,-0.018466498381523477,0.03841576429927218,0.06338568488998875
2018-05-11,3345.14990234375,3383.85009765625,3278.64990234375,3303.60009765625,3303.60009765625,638800,-0.003949664940597453,-0.013791853393768205,-0.003002806966924787,0.036797588590859576,0.02912681759309188
2018-05-18,3319.050048828125,3360.25,3209.300048828125,3217.050048828125,3217.050048828125,909100,-0.02619870634146315,-0.047505536986491514,-0.03020572798910992,0.025632489754211507,0.025681507676749593
2018-05-25,3216.550048828125,3243.60009765625,3141.5,3228.10009765625,3228.10009765625,709900,0.0034348389550700187,-0.03811081714652864,-0.010847219961314547,-0.011422737123476967,0.04511536953662487
2018-06-01,3246.449951171875,3280.39990234375,3143.699951171875,3165.25,3165.25,809400,-0.01946968673675331,-0.045662843610066006,-0.028915477834023595,-0.02693025962658646,0.018092634287552256
2018-06-08,3177.85009765625,3200.949951171875,3069.949951171875,3194.35009765625,3194.35009765625,673200,0.00919361745715186,-0.03306998328202848,-0.03441444144731809,-0.03572610114410102,0.03191679904045719
2018-06-15,3203.85009765625,3247.64990234375,3166.550048828125,3178.699951171875,3178.699951171875,1762900,-0.004899320990475631,-0.011920889347127095,-0.014478809631618184,-0.04562171216643007,0.02706021141579007
2018-06-22,3179.10009765625,3186.89990234375,3123.699951171875,3147.64990234375,3147.64990234375,779900,-0.009768159720982106,-0.024921840363906433,-0.042248622442187744,-0.0865256666839308,0.03595642558957657
2018-06-29,3147.64990234375,3162.5,2983.25,3025.699951171875,3025.699951171875,1145500,-0.03874317505294056,-0.04408816012262062,-0.10087216350613559,-0.12660568988665288,0.014637548541783563
2018-07-06,3031.89990234375,3057.85009765625,2965.10009765625,2997.39990234375,2997.39990234375,1244700,-0.009353223810961264,-0.06165579516691233,-0.10520035266214078,-0.15076996759432792,-0.013234196082465788
2018-07-13,3010.699951171875,3027.699951171875,2857.89990234375,2862.949951171875,2862.949951171875,1080500,-0.04485552664052095,-0.09933306221104454,-0.1523464245235011,-0.20298714586492905,-0.0659369649554401
2018-07-20,2863.199951171875,2874.050048828125,2776.89990234375,2813.75,2813.75,992900,-0.01718505458041142,-0.10607911067082998,-0.16157628128724677,-0.20527885181814787,-0.10906527658075105
2018-07-27,2817.050048828125,2902.0,2791.25,2827.800048828125,2827.800048828125,1452900,0.004993353648378607,-0.06540632102899102,-0.1474055264393178,-0.1937732289285189,-0.0897150977537019
2018-08-03,2835.199951171875,2876.300048828125,2815.449951171875,2867.85009765625,2867.85009765625,835900,0.01416297055540472,-0.04322072760001139,-0.13190155803335402,-0.1431196456439554,-0.07237352598404478
2018-08-10,2879.64990234375,2967.89990234375,2870.60009765625,2903.199951171875,2903.199951171875,850900,0.01232625566605261,0.014058925474238482,-0.09755835094035181,-0.14083635664254524,0.01058197640874825
2018-08-17,2891.550048828125,2897.64990234375,2786.300048828125,2845.300048828125,2845.300048828125,662500,-0.019943477306955337,0.011212811667036915,-0.1185836985371227,-0.14131369470806754,-0.034984450830767067
2018-08-24,2864.449951171875,2906.60009765625,2841.10009765625,2871.14990234375,2871.14990234375,588800,0.009085106340989135,0.015329886401830084,-0.09291528241252667,-0.13447888994083956,-0.0200184809566899
2018-08-31,2891.550048828125,2891.64990234375,2828.300048828125,2840.10009765625,2840.10009765625,782800,-0.010814414343937151,-0.009676237967486068,-0.11089892753456154,-0.12973798141374293,-0.0618062422481197
2018-09-07,2856.75,2882.89990234375,2589.550048828125,2715.699951171875,2715.699951171875,1591600,-0.0438013246740967,-0.06458390849872941,-0.14565703184073986,-0.16683541918334865,-0.10660417758964558
2018-09-14,2708.0,2742.85009765625,2625.35009765625,2710.199951171875,2710.199951171875,780700,-0.0020252605585630024,-0.04748184561831814,-0.13897668570006738,-0.18076295533109132,-0.125615038158024
2018-09-21,2706.89990234375,2722.949951171875,2463.64990234375,2580.800048828125,2580.800048828125,869900,-0.04774551866101184,-0.10112667864489044,-0.1470403243954964,-0.19985114188390218,-0.14767413912198069
2018-09-28,2595.60009765625,2596.449951171875,2411.89990234375,2447.5,2447.5,1209000,-0.05165066890348713,-0.13823459883693445,-0.18345897119492394,-0.25528677924844057,-0.17968228988777024
2018-10-05,2447.5,2510.75,2340.550048828125,2371.39990234375,2371.39990234375,954900,-0.03109299189223702,-0.12678132894598804,-0.1716935528778355,-0.29530630992333384,-0.2147292661366773
2018-10-12,2356.85009765625,2604.949951171875,2314.64990234375,2566.949951171875,2566.949951171875,1089800,0.08246186087587115,-0.052855878747270824,-0.08771214529653493,-0.23370054518033634,-0.14713605238616267
2018-10-19,2588.449951171875,2640.0,2470.699951171875,2497.39990234375,2497.39990234375,1335900,-0.027094431193087187,-0.03231561721422194,-0.11683999603200268,-0.2605773790247965,-0.15152545178956556
2018-10-26,2508.39990234375,2525.35009765625,2332.25,2359.10009765625,2359.10009765625,1782500,-0.05537751665550594,-0.036118448352911114,-0.17739769607057765,-0.29705003049575385,-0.2505559244353831
2018-11-02,2366.550048828125,2526.949951171875,2350.449951171875,2475.85009765625,2475.85009765625,814400,0.0494892099389892,0.044045795569641166,-0.1471995937941255,-0.25352002469157064,-0.2248434259059956
2018-11-09,2468.89990234375,2493.39990234375,2421.10009765625,2488.5,2488.5,422000,0.0051093167376026205,-0.030561542945572673,-0.1253997971057843,-0.24673086135168887,-0.21901237348951708
2018-11-16,2480.0,2531.699951171875,2386.0,2434.10009765625,2434.10009765625,830900,-0.02186051932640143,-0.025346282999408554,-0.15222117254509482,-0.2433751229506299,-0.22398094354188036
2018-11-23,2457.14990234375,2475.39990234375,2416.449951171875,2467.89990234375,2467.89990234375,664400,0.01388595510926005,0.04611919807709386,-0.13105178779425863,-0.2354946167451376,-0.24422736076754092
2018-11-30,2490.550048828125,2583.39990234375,2447.89990234375,2549.85009765625,2549.85009765625,1226800,0.03320645024325031,0.029888723905397763,-0.061070757630664496,-0.19442379033054258,-0.21611816680594254
2018-12-07,2564.949951171875,2586.199951171875,2450.10009765625,2497.550048828125,2497.550048828125,899700,-0.020511028815457744,0.003636748574693538,-0.07846280945131057,-0.21813515348219947,-0.24606813606991151
2018-12-14,2466.699951171875,2569.64990234375,2430.60009765625,2562.550048828125,2562.550048828125,712000,0.02602550448608576,0.05277102256211941,-0.007071450579167027,-0.19383707547376317,-0.23061560837574657
2018-12-21,2551.10009765625,2612.699951171875,2447.14990234375,2466.10009765625,2466.10009765625,992900,-0.03763827021290078,-0.0007292859348917435,0.007599631320224676,-0.21652655976130508,-0.28431712150711097
2018-12-28,2478.699951171875,2563.199951171875,2392.10009765625,2556.14990234375,2556.14990234375,918900,0.03651506472631927,0.0024706568802967954,0.0779075683596866,-0.15518724804363526,-0.2621453493301126
2019-01-04,2563.89990234375,2587.800048828125,2471.449951171875,2519.14990234375,2519.14990234375,629800,-0.014474894436384389,0.008648416685687499,-0.01862134039906116,-0.15955495281962317,-0.28626882534782194
2019-01-11,2539.10009765625,2544.300048828125,2485.85009765625,2496.35009765625,2496.35009765625,988200,-0.009050594673341017,-0.025833622723641536,-0.00042035906484771957,-0.1280496899240473,-0.30504439470240485
2019-01-18,2495.75,2559.300048828125,2379.64990234375,2389.60009765625,2389.60009765625,1397000,-0.04276243147955272,-0.031020638648327603,0.012928658699264739,-0.1507418577854287,-0.3250765941164493
2019-01-25,2402.449951171875,2404.199951171875,1895.9000244140625,1981.5999755859373,1981.5999755859373,3782000,-0.1707399168883883,-0.22477160914193817,-0.1996284518752537,-0.2992432486847376,-0.4350311470805551
2019-02-01,2079.35009765625,2242.25,1973.550048828125,2097.25,2097.25,6376100,0.05836194279315454,-0.16747709294759539,-0.15722322684348,-0.26870306027711244,-0.37336601915076106
2019-02-08,2070.75,2265.60009765625,2013.3499755859373,2214.35009765625,2214.35009765625,3273700,0.05583506861664089,-0.11296492437689787,-0.09027977124342301,-0.2372726181803534,-0.3446923637473399
2019-02-15,2228.14990234375,2360.550048828125,2196.85009765625,2309.949951171875,2309.949951171875,1988300,0.043172872084144,-0.033331998338339885,-0.06400176563963189,-0.18815242275651778,-0.30287760343658754
2019-02-22,2305.85009765625,2402.85009765625,2287.14990234375,2394.85009765625,2394.85009765625,2164300,0.0367541064867245,0.20854366530163038,-0.06078788715559069,-0.16589165347956625,-0.2780616180100234
2019-03-01,2396.64990234375,2552.64990234375,2350.10009765625,2544.60009765625,2544.60009765625,2098000,0.06253000976827505,0.21330318162176654,0.018838480874568075,-0.104045628618462,-0.22028494020032174
2019-03-08,2549.25,2586.949951171875,2454.699951171875,2461.25,2461.25,1191100,-0.032755676513972154,0.11149993969114358,-0.03953095428300035,-0.09369590004303496,-0.24489952446694274
2019-03-15,2481.60009765625,2563.449951171875,2464.300048828125,2503.949951171875,2503.949951171875,1434000,0.01734888823641434,0.08398450360432297,0.01534806050719384,-0.07610139610209155,-0.24310803816894677
2019-03-22,2518.60009765625,2554.5,2404.89990234375,2409.800048828125,2409.800048828125,995600,-0.03760055279846419,0.006242541521286116,-0.057254018389702344,-0.06625852323493509,-0.2528678235907944
2019-03-29,2388.10009765625,2476.5,2334.35009765625,2468.64990234375,2468.64990234375,1270800,0.024421052503606377,-0.02984759584912977,-0.02004644501425501,0.008641430988253429,-0.24885139134527612
2019-04-05,2503.949951171875,2517.64990234375,2374.949951171875,2440.85009765625,2440.85009765625,2513700,-0.011261136972523622,-0.008288431627729853,-0.02223245852098521,0.029286580995411038,-0.27466824109194843
2019-04-12,2447.89990234375,2463.85009765625,2388.0,2442.85009765625,2442.85009765625,1442900,0.0008193866562802299,-0.02440138769028899,0.022284063367853157,-0.04834525638451592,-0.2707474887909077
2019-04-19,2448.949951171875,2457.800048828125,2374.949951171875,2380.10009765625,2380.10009765625,1105700,-0.02568720858484297,-0.012324653734785196,0.20110018519377526,-0.046968771231798656,-0.29530715095299775
2019-04-26,2378.0,2410.699951171875,2352.10009765625,2375.25,2375.25,1503100,-0.002037770453867105,-0.037834405864953013,0.13255453570151388,0.006845789358321364,-0.2922377830750894
2019-05-03,2379.10009765625,2421.699951171875,2345.199951171875,2349.050048828125,2349.050048828125,813600,-0.011030397293705918,-0.037609867527822805,0.060830467284485046,-0.0512147520353351,-0.291750811526335
2019-05-10,2331.89990234375,2343.25,2112.89990234375,2228.0,2228.0,3190600,-0.05153148988396972,-0.08795058602342576,-0.035476937987466095,-0.10468153506128186,-0.3255842310996837
2019-05-17,2227.449951171875,2228.39990234375,2053.699951171875,2190.25,2190.25,2759300,-0.01694344703770201,-0.07976559382657922,-0.08543336297185555,-0.10018080106526794,-0.3191744092393457
2019-05-24,2263.949951171875,2284.949951171875,2136.5,2220.800048828125,2220.800048828125,2315500,0.013948201724974352,-0.06502471368145457,-0.1272498767591681,-0.10012555747538854,-0.31204114443646636
2019-05-31,2211.449951171875,2252.949951171875,2177.25,2204.050048828125,2204.050048828125,2187300,-0.007542326923506093,-0.06172707987738979,-0.10449972622524129,-0.1356158344939472,-0.30367268025333705
2019-06-07,2213.25,2217.949951171875,2102.699951171875,2131.449951171875,2131.449951171875,1383000,-0.03293940520763172,-0.04333485135912252,-0.14876495427780656,-0.14658368821398704,-0.33274378636964164
2019-06-14,2149.800048828125,2156.699951171875,2069.300048828125,2086.14990234375,2086.14990234375,2227400,-0.021253160930764015,-0.04752886549766011,-0.13430580958024485,-0.18590862125882646,-0.34370971328241917
2019-06-21,2088.14990234375,2090.85009765625,2020.6500244140625,2047.699951171875,2047.699951171875,1993000,-0.01843105863518113,-0.07794492698592637,-0.17051828644159817,-0.16966065038560973,-0.3494511731920532
2019-06-28,2053.550048828125,2071.14990234375,1998.8499755859373,2039.800048828125,2039.800048828125,2421000,-0.0038579394111080134,-0.07452190120969815,-0.16430752925516434,-0.20200296275354612,-0.3258419269107976
2019-07-05,2042.25,2137.14990234375,2019.5,2053.14990234375,2053.14990234375,3072100,0.006544687320354958,-0.03673557935764593,-0.1595268558174695,-0.18498303716124476,-0.3150230302141749
2019-07-12,2051.0,2082.050048828125,1964.3499755859373,2066.10009765625,2066.10009765625,3276200,0.006307476769093601,-0.009610912746478295,-0.13192722453530603,-0.17235162664241255,-0.2783317442169937
2019-07-19,2063.89990234375,2087.10009765625,1991.0,2020.0999755859373,2020.0999755859373,2994900,-0.02226422723782573,-0.013478525293777799,-0.14952111332030849,-0.15462843445341468,-0.2820613147628832
2019-07-26,2011.75,2144.64990234375,1996.949951171875,2133.35009765625,2133.35009765625,2331000,0.05606164221523935,0.045862362284906366,-0.09182433183127858,0.07657959423694582,-0.2455795810102145
2019-08-02,2136.64990234375,2136.64990234375,1861.25,1870.6500244140625,1870.6500244140625,2394400,-0.12313969166654648,-0.08888775131389914,-0.16039047378183913,-0.10804623940204439,-0.3477169445003939
2019-08-09,1852.800048828125,1879.9000244140625,1758.5999755859375,1832.75,1832.75,2585300,-0.02026035010259808,-0.1129423002888188,-0.1632233763269033,-0.17233051722947945,-0.36871382239441985
2019-08-16,1822.6500244140625,1865.0,1790.5,1859.0999755859373,1859.0999755859373,1390100,0.014377288547776423,-0.0796990257639607,-0.16286926571036875,-0.19517737834848514,-0.3466067045014699
2019-08-23,1862.199951171875,1885.699951171875,1770.1500244140625,1856.9000244140625,1856.9000244140625,1794800,-0.0011833420476385914,-0.12958495351789767,-0.15750550882392134,-0.2246278686789871,-0.35325563360580536
2019-08-30,1878.449951171875,1956.050048828125,1842.300048828125,1914.6500244140625,1914.6500244140625,2152900,0.031100220389206346,0.023521235627055326,-0.10171476306005478,-0.24756348701802477,-0.32585121700671793
2019-09-06,1900.449951171875,1921.9000244140625,1824.75,1905.8499755859373,1905.8499755859373,1596600,-0.004596165730506474,0.03988540476657332,-0.08642711942955261,-0.22565770418042164,-0.29821040252862707
2019-09-13,1906.550048828125,1932.8499755859373,1875.8499755859373,1917.0,1917.0,1184700,0.005850420839465409,0.03114411552601637,-0.0638276868137233,-0.23440961785085845,-0.292672114774742
2019-09-20,1906.800048828125,1954.1500244140625,1676.5,1845.8499755859373,1845.8499755859373,3071500,-0.0371152970339399,-0.0059508043959513035,-0.09508288489041505,-0.23402359607239365,-0.284776061429443
2019-09-27,1878.25,1907.550048828125,1807.1500244140625,1838.4000244140625,1838.4000244140625,4616700,-0.004036054538782308,-0.039824510499423815,-0.1045953233539072,-0.25530144121745446,-0.2488661800146833
2019-10-04,1833.0999755859373,1842.199951171875,1634.4000244140625,1707.8499755859375,1707.8499755859375,2861200,-0.07101286286684749,-0.10389065379562545,-0.17339436868364,-0.3003052595381228,-0.2798135928495229
2019-10-11,1669.4000244140625,1745.4000244140625,1630.5,1707.25,1707.25,2443000,-0.000351304619559234,-0.10941575378195101,-0.15486856064893229,-0.30112371543469196,-0.33491106859305964
2019-10-18,1717.300048828125,1794.300048828125,1699.300048828125,1762.800048828125,1762.800048828125,3165700,0.0325377354389369,-0.044992782650956964,-0.17369397045296042,-0.25935886034204925,-0.2941458645955022
2019-10-25,1767.0,1790.9000244140625,1717.9000244140625,1732.3499755859375,1732.3499755859375,2840900,-0.01727369661830347,-0.05768605712563857,-0.07393154626635423,-0.2706662559368751,-0.26567339075310303
2019-11-01,1744.050048828125,1934.8499755859373,1723.949951171875,1924.8499755859373,1924.8499755859373,4362400,0.1111207335197324,0.12706034083910112,0.05025233970041598,-0.18058366762079392,-0.22254987189729858
2019-11-08,1915.800048828125,1919.8499755859373,1820.0,1825.8499755859373,1825.8499755859373,3786400,-0.05143257981436389,0.06946842910290663,-0.01788499835223789,-0.18049821562570145,-0.2662849203994626
2019-11-15,1825.449951171875,1885.75,1781.0999755859375,1801.0,1801.0,3433300,-0.013610086216400474,0.021670042043208326,-0.030103949420595022,-0.1777194384202717,-0.2600961637797272
2019-11-22,1816.4000244140625,1996.199951171875,1796.4000244140625,1978.550048828125,1978.550048828125,7656300,0.09858414704504437,0.1421191310716039,0.03337425827136098,-0.10908231028175219,-0.19828594062947702
2019-11-29,1978.949951171875,1982.300048828125,1811.199951171875,1834.9000244140625,1834.9000244140625,6195400,-0.07260368495562952,-0.046730889322682656,-0.03722745865663524,-0.16748713333907117,-0.2803890604782412
2019-12-06,1837.3499755859373,1868.050048828125,1763.3499755859375,1787.4000244140625,1787.4000244140625,7598400,-0.025886968972692714,-0.021058658534930164,-0.06760562106726009,-0.16141590684250096,-0.2843386560951088
2019-12-13,1795.199951171875,1817.550048828125,1723.949951171875,1765.699951171875,1765.699951171875,4645100,-0.01214058014198649,-0.01960024921050807,-0.043421743627143794,-0.15360830533407765,-0.31095981833434083
2019-12-20,1777.9000244140625,1798.449951171875,1751.5999755859375,1787.800048828125,1787.800048828125,3773900,0.012516338147703143,-0.09640898399966136,-0.027523920209947095,-0.1269228444309003,-0.2750496824815719
2019-12-27,1789.449951171875,1825.6500244140625,1782.8499755859375,1815.550048828125,1815.550048828125,2815200,0.015521870031377283,-0.010545520370853212,0.06306178808547713,-0.10993724611823241,-0.2897325594389297
2020-01-03,1817.3499755859373,1839.550048828125,1755.0999755859375,1760.5,1760.5,2724000,-0.03032141629125451,-0.015049806448828251,0.031190511055791514,-0.14253703638963666,-0.30115313965156354
2020-01-10,1763.050048828125,1796.3499755859375,1706.3499755859375,1770.6500244140625,1770.6500244140625,3257300,0.005765421422358807,0.002803462297714887,0.0044531287545379605,-0.14299891548204335,-0.29070444643302473
2020-01-17,1777.25,1875.800048828125,1758.949951171875,1870.0999755859373,1870.0999755859373,2986400,0.05616578646295989,0.04603418979195051,0.07951626515502919,-0.07425375071176465,-0.21740044394032498
2020-01-24,1873.3499755859373,1918.5,1824.0999755859373,1889.9000244140625,1889.9000244140625,1800700,0.010587695356726323,0.04095176314964588,-0.01815723387025825,-0.11411632507465497,-0.04627571270773767
2020-01-31,1886.5,1904.449951171875,1824.25,1835.300048828125,1835.300048828125,2976800,-0.028890404191018182,0.042487957300837875,0.005175711788234505,-0.01889716148107934,-0.12490163364971985
2020-02-07,1760.550048828125,1829.9000244140625,1745.199951171875,1827.25,1827.25,2354500,-0.004386230378659373,0.03196564809845315,0.014575235980011092,-0.00300095484927021,-0.17481431597739272
2020-02-14,1822.0999755859373,1850.1500244140625,1793.5999755859375,1832.5,1832.5,1601000,0.00287317006430432,-0.020105863898616683,-0.07381670679224361,-0.01430798554959567,-0.20669276878906273
2020-02-21,1836.449951171875,1906.0999755859373,1797.800048828125,1871.699951171875,1871.699951171875,1610700,0.02139151496418834,-0.009630177790928451,0.020055548677407442,0.00797023348765502,-0.21844797175253783
2020-02-28,1862.550048828125,1863.0999755859373,1662.300048828125,1670.699951171875,1670.699951171875,1203200,-0.10738900744970026,-0.08968566080589946,-0.0652904059797379,-0.12741235741860613,-0.3434331969448938
2020-03-06,1700.25,1725.1500244140625,1518.199951171875,1527.1500244140625,1527.1500244140625,1604700,-0.08592202726595077,-0.16423586021942127,-0.1351021880016985,-0.19870396727079565,-0.37952259038534786
2020-03-13,1490.0999755859375,1493.699951171875,1139.25,1282.3499755859375,1282.3499755859375,1560500,-0.1602986248335686,-0.3002182943596521,-0.2827218142059579,-0.33106417548986045,-0.4878691664800312
2020-03-20,1214.449951171875,1263.9000244140625,1058.5999755859375,1128.949951171875,1128.949951171875,2071100,-0.1196241488942753,-0.39683176757843197,-0.37817745542152736,-0.3883847733543422,-0.5315171681065911
2020-03-27,1038.449951171875,1120.050048828125,979.0499877929688,1055.4000244140625,1055.4000244140625,1140900,-0.06514897022801236,-0.36828870817062287,-0.40051120453617584,-0.4259138324639431,-0.5724788584189034
2020-04-03,1030.699951171875,1057.5,972.9500122070312,987.2000122070312,987.2000122070312,762000,-0.06462005934185433,-0.3535671044593012,-0.44246463242576006,-0.42196327176317827,-0.5955507414589043
2020-04-10,1024.25,1114.6500244140625,1000.0499877929688,1105.449951171875,1105.449951171875,654000,0.11978316197593886,-0.13794987934805591,-0.40888189636732286,-0.35249673382815927,-0.5474753230939222
2020-04-17,1096.199951171875,1154.1500244140625,1040.1500244140625,1144.4000244140625,1144.4000244140625,1680900,0.03523458769064747,0.013685348253170915,-0.3944653105293927,-0.35080554077880965,-0.5191798758627906
2020-04-24,1162.300048828125,1202.25,1067.6500244140625,1121.699951171875,1121.699951171875,3268400,-0.019835785352949498,0.06281971311742285,-0.3888193094703494,-0.35249807084017226,-0.5277549937177666
2020-05-01,1146.949951171875,1190.0,1118.25,1159.75,1159.75,1294800,0.03392177095877824,0.1747872626208824,-0.365303051032973,-0.3974855107100156,-0.5062897869806705
2020-05-08,1126.25,1141.75,1082.8499755859375,1105.0999755859375,1105.0999755859375,1547900,-0.04712224566851697,-0.0003165910727722654,-0.39694407880712823,-0.39474765705692905,-0.5039946249614284
2020-05-15,1123.0999755859375,1193.5999755859375,1106.25,1137.3499755859375,1137.3499755859375,2336200,0.029182880022145197,-0.006160475950474309,-0.39234385571584784,-0.36848974148476543,-0.48072138998473346
2020-05-22,1133.8499755859375,1154.6500244140625,1053.25,1140.1500244140625,1140.1500244140625,2159300,0.002461906087158905,0.01644831420640802,-0.31756146660905216,-0.4237446633764146,-0.4866039268075041
2020-05-29,1147.300048828125,1197.050048828125,1123.949951171875,1177.8499755859375,1177.8499755859375,2116100,0.0330657811381001,0.015606790761748313,-0.22872674147528138,-0.3580849311056826,-0.4655974458419443
2020-06-05,1194.5,1398.449951171875,1192.5999755859375,1388.9000244140625,1388.9000244140625,3016000,0.17918245379521713,0.2568093883792286,0.08308967977282466,-0.22294953259309402,-0.3483778384519689
2020-06-12,1434.050048828125,1434.050048828125,1233.5,1287.550048828125,1287.550048828125,3227500,-0.07297139736799574,0.13206143796223113,0.1404846135930291,-0.27079906867891534,-0.38281038798717826
2020-06-19,1302.9000244140625,1390.800048828125,1289.4000244140625,1387.550048828125,1387.550048828125,3266300,0.07766688377746234,0.21698900944303756,0.3147148159281745,-0.22387850378590024,-0.32238605170935997
2020-06-26,1407.949951171875,1485.300048828125,1372.0,1402.0999755859375,1402.0999755859375,2787800,0.010486055454432597,0.19038927252890914,0.4202795363133518,-0.2277271692449654,-0.31262871751010557
2020-07-03,1379.9000244140625,1394.050048828125,1328.550048828125,1370.449951171875,1370.449951171875,2084000,-0.022573300738298552,-0.013283946229298293,0.23972139102188805,-0.2215564037649106,-0.33251344696875107
2020-07-10,1381.949951171875,1399.1500244140625,1342.5,1367.8499755859375,1367.8499755859375,2128000,-0.001897169308309521,0.06236645078837766,0.19525510870753626,-0.2274871054551948,-0.33795561157099596
2020-07-17,1381.949951171875,1393.050048828125,1306.8499755859375,1336.5999755859375,1336.5999755859375,2359300,-0.022846072711017573,-0.03671944899228541,0.19158423265468616,-0.2852788658172375,-0.3383495907432741
2020-07-24,1350.550048828125,1404.800048828125,1335.5,1348.9000244140625,1348.9000244140625,4059300,0.00920249068741219,-0.03794305120763075,0.16309551576983194,-0.2862585284995325,-0.3677080822805424
2020-07-31,1351.449951171875,1370.550048828125,1279.4000244140625,1285.0999755859375,1285.0999755859375,2304800,-0.04729783354836736,-0.06227879793271873,0.1628811908212755,-0.2997875326127196,-0.31301956068000203
2020-08-07,1280.6500244140625,1359.3499755859375,1270.199951171875,1336.0,1336.0,2584700,0.03960783237183918,-0.02328469945857481,0.17466041999229165,-0.26884662744561505,-0.2710407857045424
2020-08-14,1340.25,1437.9000244140625,1333.4000244140625,1399.8499755859375,1399.8499755859375,2638600,0.04779189789366578,0.047321563037042935,0.22777699917634786,-0.23609823978939293,-0.24702813513579702
2020-08-21,1418.6500244140625,1623.3499755859375,1414.300048828125,1575.9000244140625,1575.9000244140625,6478800,0.125763511732345,0.16828526643299946,0.3379463064726129,-0.1580381121304254,-0.151327479296398
2020-08-28,1592.0,1678.550048828125,1577.6500244140625,1670.25,1670.25,4566800,0.05987053374215012,0.29970432785858114,0.20257035829820147,-0.00026931895913406834,-0.1276473618142594
2020-09-04,1648.199951171875,1678.300048828125,1552.800048828125,1645.5,1645.5,3396200,-0.014818140996856743,0.23166167664670656,0.2780085725581436,0.07749728166448211,-0.13660570292574836
2020-09-11,1655.1500244140625,1679.25,1570.0999755859375,1629.949951171875,1629.949951171875,3544100,-0.009450044866681884,0.16437473986426587,0.1746963308087317,0.27106482801398313,-0.14973920126662754
2020-09-18,1652.75,1675.0999755859375,1615.050048828125,1631.5999755859375,1631.5999755859375,2550600,0.0010123159995656383,0.03534485075763927,0.16368304970841474,0.4452367652722786,-0.11607118825135798
2020-09-25,1646.0999755859375,1655.699951171875,1420.550048828125,1484.75,1484.75,3834400,-0.09000366375538893,-0.111061218380482,0.08340330030322285,0.406812550363834,-0.19236837452000055
2020-10-02,1514.5999755859375,1621.3499755859375,1506.75,1591.0999755859375,1591.0999755859375,2090300,0.07162820379588308,-0.03305987506172137,0.1632123434475099,0.6117301012069467,-0.06836080549753487
2020-10-09,1601.0999755859375,1627.0999755859375,1548.050048828125,1554.8499755859375,1554.8499755859375,2092700,-0.02278298067766016,-0.046075019378321036,0.1632874487404683,0.4065313168973943,-0.08926637833595696
2020-10-16,1558.1500244140625,1558.1500244140625,1430.6500244140625,1448.8499755859375,1448.8499755859375,2146900,-0.06817377989156437,-0.11200662094541347,0.07409737516706727,0.26603455494310624,-0.17809738174836975
2020-10-23,1457.8499755859375,1476.6500244140625,1411.3499755859375,1465.949951171875,1465.949951171875,1731000,0.011802447371420888,-0.012662097207021383,0.14072833166421894,0.3069002540655825,-0.15377956427306627
2020-10-30,1467.0,1469.199951171875,1387.300048828125,1419.050048828125,1419.050048828125,1655200,-0.03199284007360437,-0.10813269398389214,0.062163210200692376,0.22358271078087943,-0.2627736879098037
2020-11-06,1422.0999755859375,1489.9000244140625,1400.4000244140625,1473.4000244140625,1473.4000244140625,1798000,0.03830025278588356,-0.0523844438053781,0.05254137951271454,0.33327305851477185,-0.19303335755106021
2020-11-13,1481.0,1511.6500244140625,1464.0999755859375,1480.199951171875,1480.199951171875,1516400,0.004615125997786462,0.021637834223145802,-0.06072724903838356,0.30144632957793727,-0.17812329196453358
2020-11-20,1498.5999755859375,1501.6500244140625,1455.5999755859375,1465.050048828125,1465.050048828125,1708500,-0.010235037727001517,-0.0006138697593534026,-0.12285583066719052,0.28496252024467816,-0.25953349034771234
2020-11-27,1473.6500244140625,1529.6500244140625,1461.3499755859375,1503.1500244140625,1503.1500244140625,1890000,0.026005920832816054,0.05926498198945751,-0.08650864514490275,0.2761812247491877,-0.1808000411934909
2020-12-04,1514.0999755859375,1617.1500244140625,1498.25,1583.5,1583.5,2571300,0.0534543952904889,0.07472510775186247,-0.028497777578065597,0.1401108590721163,-0.11407632406232293
2020-12-11,1594.4000244140625,1679.8499755859375,1581.8499755859375,1658.699951171875,1658.699951171875,3807500,0.04748970708675393,0.12059181589533319,0.01660944838896894,0.2882605632934854,-0.060599197462165244
2020-12-18,1675.550048828125,1752.4000244140625,1647.4000244140625,1691.75,1691.75,3265200,0.019925272684053086,0.1547387076320086,0.1394174103384409,0.21923529996542568,-0.05372527475378708
2020-12-25,1695.3499755859375,1700.5999755859375,1517.5,1638.1500244140625,1638.1500244140625,2899500,-0.0316831538855844,0.08981139460954601,0.02957076836783834,0.16835464869720118,-0.09771144812480825
2021-01-01,1639.3499755859375,1668.949951171875,1615.5,1648.949951171875,1648.949951171875,1932100,0.006592758048320713,0.04133246048113359,0.060520292673559295,0.20321792836130492,-0.06336270879189154
2021-01-08,1681.5999755859375,1779.949951171875,1640.199951171875,1756.5999755859375,1756.5999755859375,3166400,0.06528398532505975,0.0590221422174011,0.21240984586795553,0.2842051445250591,-0.00793496661361659
2021-01-15,1773.3499755859375,1789.949951171875,1710.5,1732.5999755859375,1732.5999755859375,2296900,-0.013662757789800417,0.024146579332606777,0.18189572174746038,0.2962741337971384,-0.07352548088073119
2021-01-22,1733.800048828125,1772.5999755859375,1664.699951171875,1718.449951171875,1718.449951171875,1511100,-0.008166930978558473,0.04901866468947769,0.21098614709960328,0.2739639113864931,-0.09071912324851328
2021-01-29,1708.949951171875,1713.4000244140625,1645.1500244140625,1650.0999755859375,1650.0999755859375,1236400,-0.039774202058853736,0.0006974283320395624,0.11992666502238225,0.2840245949219471,-0.10090997020375025
2021-02-05,1676.0,1830.949951171875,1647.9000244140625,1720.699951171875,1720.699951171875,3250200,0.042785271577783,-0.020437222425719104,0.16247804886738182,0.28794906524840935,-0.05831169726535779
2021-02-12,1738.8499755859375,1754.5999755859375,1684.25,1687.0,1687.0,2192100,-0.019585024773740356,-0.026318813475982195,0.15149649757659134,0.20512914199528387,-0.07939972714870391
2021-02-19,1690.0999755859375,1722.050048828125,1659.5999755859375,1677.6500244140625,1677.6500244140625,1138200,-0.005542368456394442,-0.023742283986792567,0.11608954340270938,0.0645662785859984,-0.1036757663194453
2021-02-26,1679.0999755859375,1685.699951171875,1608.5999755859375,1625.1500244140625,1625.1500244140625,1648700,-0.03129377357374419,-0.01512026637235453,0.02630250989205085,-0.027001931199483575,-0.0272639780266124
2021-03-05,1643.4000244140625,1775.25,1642.5,1732.1500244140625,1732.1500244140625,3458700,0.06584007531155667,0.006654311365784205,0.044281711825152614,0.05265878116928735,0.1342369752301542
2021-03-12,1749.699951171875,1771.800048828125,1710.5999755859375,1715.199951171875,1715.199951171875,1653000,-0.009785568803672873,0.01671603507520736,0.01386135727611948,0.052302219426251906,0.3375443395537616
2021-03-19,1720.0,1721.0,1589.25,1653.949951171875,1653.949951171875,1265700,-0.0357101222852485,-0.014126947156612668,0.00964498154768445,0.01369819558737806,0.465033901153048
2021-03-26,1637.9000244140625,1656.5,1530.3499755859375,1544.5,1544.5,1717100,-0.06617488702988039,-0.04962620262897899,-0.06334331196507481,0.04024246506145812,0.4634261552698715
2021-04-02,1553.3499755859375,1586.5,1527.6500244140625,1580.4000244140625,1580.4000244140625,1114500,0.023243784016874436,-0.08760788491824356,-0.10030738564316621,-0.006724876711744376,0.6008914149837226
2021-04-09,1559.75,1564.199951171875,1498.75,1556.949951171875,1556.949951171875,1382500,-0.014838061807093239,-0.09226329553698909,-0.10137944527827925,0.00135059691861672,0.40843097375993365
2021-04-16,1519.300048828125,1521.949951171875,1411.050048828125,1474.4000244140625,1474.4000244140625,1134700,-0.05302028282648352,-0.10855825874936287,-0.14201747719878943,0.01763470977579451,0.28836070688565507
2021-04-23,1426.6500244140625,1530.050048828125,1409.050048828125,1513.6500244140625,1513.6500244140625,2227700,0.026620997931411594,-0.019974085843922018,-0.0826919296956069,0.03253867787509135,0.34942506044749755
2021-04-30,1530.300048828125,1572.8499755859375,1507.949951171875,1547.949951171875,1547.949951171875,3012500,0.022660407759111934,-0.020532822539165996,-0.10039519085378568,0.09083534611777622,0.33472726981838763
2021-05-07,1538.800048828125,1592.449951171875,1511.300048828125,1567.0,1567.0,3174500,0.012306630982289235,0.00645495946774699,-0.0711321873147599,0.06352651963824973,0.41797125564965953
2021-05-14,1577.550048828125,1662.3499755859375,1574.9000244140625,1604.3499755859375,1604.3499755859375,2139900,0.023835338599832445,0.08813751290021732,-0.04369209773279492,0.08387382009827316,0.410603604892515
2021-05-21,1615.4000244140625,1693.449951171875,1584.0999755859375,1667.5999755859375,1667.5999755859375,2619000,0.03942406642098151,0.1017077585232884,0.02612063534699205,0.13825461247540982,0.46261451552653177
2021-05-28,1686.8499755859375,1825.050048828125,1675.300048828125,1785.75,1785.75,5676700,0.07085033949616637,0.15362256941711738,0.03094418776114316,0.1880051698073828,0.5161098926131524
2021-06-04,1771.9000244140625,1822.0,1741.8499755859375,1817.949951171875,1817.949951171875,2782600,0.018031612024009602,0.16014674612117097,0.059905552078519,0.14805806831188817,0.3089134705277412
2021-06-11,1834.050048828125,1927.25,1800.6500244140625,1881.800048828125,1881.800048828125,5088700,0.035122032713327034,0.17293612831630312,0.13776118043645225,0.13450298681122486,0.46153545684757025
2021-06-18,1874.0999755859373,1923.050048828125,1772.550048828125,1853.949951171875,1853.949951171875,3212300,-0.014799711411206173,0.11174740843976116,0.20035607068428285,0.09587702152911182,0.336131949069264
2021-06-25,1823.4000244140625,1899.0,1816.050048828125,1835.75,1835.75,2458700,-0.009816851399020221,0.027999440011199805,0.16157300154472543,0.1206238577914227,0.3092860936916002
2021-07-02,1842.199951171875,1842.199951171875,1791.6500244140625,1805.0999755859373,1805.0999755859373,1517700,-0.016696186525432477,-0.007068387981558288,0.15938214598824207,0.09469664273502643,0.31715862665571404
2021-07-09,1825.0,1861.699951171875,1798.0,1824.949951171875,1824.949951171875,1671400,0.010996607309517348,-0.030210487927053054,0.237757678345891,0.038910381723726406,0.3341740569101026
2021-07-16,1841.5999755859373,1841.5999755859373,1797.300048828125,1800.9000244140625,1800.9000244140625,284066400,-0.013178403463815047,-0.02861454092883131,0.1897730620466216,0.039420552805345066,0.3473739767386914
2021-07-23,1792.0999755859375,1810.300048828125,1739.25,1754.0,1754.0,1053700,-0.026042547491953005,-0.0445322075446003,0.13311157035286247,0.020687276230466844,0.3003187547289916
2021-07-30,1760.0999755859375,1806.8499755859373,1724.6500244140625,1796.0,1796.0,1712500,0.02394526795895091,-0.005041258494828504,0.14613911933631152,0.0884188998077251,0.3975566369310055
2021-08-06,1808.25,1812.9000244140625,1712.199951171875,1715.8499755859375,1715.8499755859375,1216300,-0.04462696236863173,-0.05978244801501542,0.06949855187256015,-0.0028186062204711426,0.28431884400145013
2021-08-13,1707.5999755859375,1747.8499755859375,1642.949951171875,1705.8499755859375,1705.8499755859375,599152100,-0.005828015352324245,-0.05277919237024298,0.0229371555288973,0.011173666618812916,0.21859485326055528
2021-08-20,1706.5,1706.699951171875,1600.5,1604.1500244140625,1604.1500244140625,833400,-0.059618344301902826,-0.08543328140589368,-0.10169395244907597,-0.043811283003241774,0.017926264079159315
2021-08-27,1616.550048828125,1628.050048828125,1569.3499755859375,1593.449951171875,1593.449951171875,922100,-0.0066702447273258025,-0.11277842362367763,-0.12349074838682128,-0.019505936538761537,-0.04598116978184408
2021-09-03,1602.4000244140625,1658.0,1597.1500244140625,1639.75,1639.75,960100,0.029056481374940324,-0.044351182602634265,-0.12862686924620903,-0.05334412326398741,-0.003494378608325688
2021-09-10,1650.699951171875,1704.25,1647.449951171875,1701.449951171875,1701.449951171875,2797500,0.037627657369644796,-0.0025793736125893085,-0.08225680520857925,-0.00801655806403534,0.043866377583308136
2021-09-17,1708.8499755859375,2100.449951171875,1699.800048828125,1927.5,1927.5,9671700,0.13285730131082185,0.20157090712512726,0.04997957238186035,0.16539197491091318,0.1813557421192038
2021-09-24,1910.8499755859373,2282.050048828125,1899.449951171875,2153.25,2153.25,7467100,0.11712062256809341,0.3513132297731911,0.19287021723051812,0.394140498543218,0.45024414884660713
2021-10-01,2178.0,2210.64990234375,2117.60009765625,2154.300048828125,2154.300048828125,0,0.0004876576468710869,0.3137978648136148,0.1804707561677299,0.363135924796532,0.35396900376092577
2021-10-08,2164.10009765625,2272.0,2156.199951171875,2254.050048828125,2254.050048828125,0,0.046302742301036925,0.3247818704720913,0.2516241980514706,0.44773442918416295,0.4496897348431943
2021-10-15,2266.39990234375,2357.85009765625,2239.85009765625,2350.85009765625,2350.85009765625,0,0.04294494209587363,0.21963688594357977,0.3402794171358323,0.5944452378793843,0.622562816902785
2021-10-22,2368.449951171875,2378.800048828125,2267.199951171875,2281.550048828125,2281.550048828125,0,-0.029478718739751053,0.05958437191599897,0.27035080669717426,0.5073167588467609,0.5563628533186022
2021-10-29,2292.449951171875,2355.800048828125,2198.85009765625,2246.0,2246.0,0,-0.015581533636040423,0.042566007099037684,0.3089722481320223,0.45095130388399607,0.5827489677723374
2021-11-05,2263.39990234375,2339.14990234375,2243.699951171875,2334.800048828125,2334.800048828125,0,0.03953697632596831,0.03582440418391841,0.36870186841967234,0.4899808862974633,0.5846341863314557
2021-11-12,2353.14990234375,2380.550048828125,2294.449951171875,2322.949951171875,2322.949951171875,0,-0.005075422909211369,-0.011868109545645211,0.44808771986296225,0.44790724375676927,0.5693487554386112
2021-11-19,2331.60009765625,2351.199951171875,2239.64990234375,2273.25,2273.25,0,-0.0213951881084663,-0.0036378990819807555,0.4266215254066674,0.3631866354527007,0.5516534754688716
2021-11-26,2280.300048828125,2321.300048828125,2150.39990234375,2229.89990234375,2229.89990234375,0,-0.01906965694765206,-0.007168342678650963,0.35990236459445035,0.24871897093308126,0.48348459310505576
2021-12-03,2186.14990234375,2294.300048828125,2145.300048828125,2266.14990234375,2266.14990234375,0,0.01625633507669977,-0.02940300884387581,0.33189336588063467,0.24654141379577554,0.431101927593148
2021-12-10,2267.300048828125,2478.89990234375,2229.550048828125,2473.050048828125,2473.050048828125,0,0.09130029141955265,0.06461615652998809,0.28303504478761354,0.3141938487929128,0.4909568467044989
2021-12-17,2494.14990234375,2494.550048828125,2271.14990234375,2276.5,2276.5,0,-0.07947677764194938,0.0014296711756296432,0.05723905723905731,0.22791880037593937,0.3456479976355844
2021-12-24,2241.85009765625,2307.39990234375,2151.050048828125,2241.35009765625,2241.35009765625,0,-0.015440326089940726,0.005134847219135263,0.040407578728635096,0.22094517099618693,0.3682202876735552
2021-12-31,2233.64990234375,2263.10009765625,2185.25,2218.800048828125,2218.800048828125,0,-0.010060922143178441,-0.020894404852324078,-0.01563851699669505,0.22918402240180646,0.345583622626793
2022-01-07,2212.89990234375,2280.89990234375,2207.300048828125,2243.10009765625,2243.10009765625,0,0.010951887638978253,-0.09298232815014751,-0.04583448349489594,0.22912965159174026,0.2769555555231258
2022-01-14,2242.0,2335.5,2241.75,2316.75,2316.75,0,0.03283397937555477,0.017680650120799557,0.015428086352940129,0.2864400958369544,0.33715227556580807
2022-01-21,2325.550048828125,2339.550048828125,2212.89990234375,2228.25,2228.25,0,-0.03820006474587245,-0.005844735130825174,-0.007902938557435402,0.27038198403648805,0.2966627270584594
2022-01-28,2235.64990234375,2247.35009765625,2076.050048828125,2204.449951171875,2204.449951171875,0,-0.010681049625546946,-0.006467503758993076,-0.05582923373745641,0.22742202181062088,0.3359493265788893
2022-02-04,2231.85009765625,2305.199951171875,2214.800048828125,2230.550048828125,2230.550048828125,0,0.011839732465858566,-0.005594957104784637,-0.03977696648054618,0.29996799286978737,0.29630389499867116
2022-02-11,2218.25,2269.89990234375,2134.800048828125,2221.449951171875,2221.449951171875,0,-0.004079754973904781,-0.04113523203976477,-0.022786780524854278,0.3022539982795589,0.31680495030935085
2022-02-18,2177.949951171875,2241.300048828125,2106.75,2163.35009765625,2163.35009765625,0,-0.026154023179759567,-0.02912595191013123,-0.029844301359694403,0.34859586991961233,0.28951215460556123
2022-02-25,2145.39990234375,2158.199951171875,1903.300048828125,1997.0999755859373,1997.0999755859373,0,-0.07684845936421769,-0.09405973380149157,-0.11872556465905004,0.2533182947586179,0.2288711476381875
2022-03-04,1973.3499755859373,2097.5,1953.550048828125,1997.0999755859373,1997.0999755859373,0,0.0,-0.10466031612464222,-0.19245468706455038,0.21792954754440452,0.1529601636333433
2022-03-11,1958.300048828125,2180.60009765625,1928.75,2131.550048828125,2131.550048828125,0,0.06732265529307857,-0.04046901992832441,-0.06367228252663082,0.25278445443547626,0.2427414351147732
2022-03-18,2145.89990234375,2205.60009765625,2129.050048828125,2171.75,2171.75,0,0.018859492036781278,0.003882821533532921,-0.031052755983560942,0.12671854734111543,0.3130687530546179
2022-03-25,2183.300048828125,2361.800048828125,2159.39990234375,2322.75,2322.75,0,0.06952918153562804,0.16306145330481958,0.04684962542108151,0.07871821664925105,0.5038847523470378
2022-04-01,2408.85009765625,2426.199951171875,2290.39990234375,2420.60009765625,2420.60009765625,0,0.04212683140942852,0.21205754706699653,0.07913155555807094,0.12361325850267901,0.5316375982426942
2022-04-08,2428.14990234375,2484.699951171875,2387.75,2412.5,2412.5,0,-0.0033463179911844554,0.13180546772820767,0.041329448580986305,0.07029566679508847,0.5495038862258708
2022-04-15,2423.550048828125,2453.800048828125,2384.699951171875,2389.699951171875,2389.699951171875,0,-0.009450797441709846,0.10035683258748707,0.07245594128660393,0.01652587442915121,0.6207948396647371
2022-04-22,2368.050048828125,2390.14990234375,2272.35009765625,2290.60009765625,2290.60009765625,0,-0.04146958008976309,-0.013841309802497093,0.03908010995603606,0.003966622968789801,0.513295716123644
2022-04-29,2273.800048828125,2315.699951171875,2143.699951171875,2149.699951171875,2149.699951171875,0,-0.061512328855894416,-0.11191445738875849,-0.03624670860836621,-0.04287624613896923,0.38873995864300737
2022-05-06,2126.5,2180.0,2010.0,2020.699951171875,2020.699951171875,0,-0.060008374624411,-0.16240416531735746,-0.09036890518019502,-0.13452976318631737,0.2895341105117262
2022-05-13,2005.5,2028.199951171875,1889.300048828125,1945.3499755859373,1945.3499755859373,0,-0.03728904706621072,-0.1859438359062755,-0.10076969155685511,-0.1625519204128557,0.2125471407044217
2022-05-20,1963.699951171875,2047.699951171875,1922.4000244140625,2018.1500244140625,2018.1500244140625,0,0.03742259734328668,-0.11894266202160708,0.010540307989312936,-0.1122181790766249,0.21021231348060776
2022-05-27,2020.75,2033.0999755859373,1841.75,1958.5,1958.5,0,-0.02955678403114803,-0.08894262246582152,-0.019328013648696962,-0.12170945523540921,0.09673806523869533
2022-06-03,1963.300048828125,2083.25,1959.3499755859373,2028.8499755859373,2028.8499755859373,0,0.03592033473879863,0.004033267981887079,-0.04818093447941785,-0.10471501753365342,0.11600980779372572
2022-06-10,2020.5,2027.300048828125,1965.75,1980.25,1980.25,0,-0.02395444521318113,0.01794022918860705,-0.08817773684816388,-0.19926812603798383,0.05231690329330352
2022-06-17,1943.4000244140625,1946.199951171875,1802.949951171875,1833.800048828125,1833.800048828125,0,-0.07395528401559148,-0.0913460215324976,-0.21050476855962763,-0.1944651663395014,-0.01086863339056876
2022-06-24,1837.5999755859373,1898.4000244140625,1752.199951171875,1892.9000244140625,1892.9000244140625,0,0.03222814593319745,-0.03349500923458637,-0.21800382217332548,-0.1554643665916169,0.03113170334417137
2022-07-01,1925.949951171875,1926.199951171875,1865.3499755859373,1910.4000244140625,1910.4000244140625,0,0.009245073577204499,-0.05838280434592813,-0.20812434221178755,-0.13899405878278492,0.058334746137229665
2022-07-08,1915.4000244140625,1982.949951171875,1880.25,1947.050048828125,1947.050048828125,0,0.01918447652098587,-0.0167655352464966,-0.18523241887613584,-0.13198254020739386,0.06690599793043339
2022-07-15,1938.3499755859373,1958.449951171875,1920.3499755859373,1938.1500244140625,1938.1500244140625,0,-0.004571030117802688,0.05690368241217003,-0.1538680076032546,-0.1634185715273282,0.07621189301980014
2022-07-22,1947.9000244140625,1991.4000244140625,1943.199951171875,1976.9000244140625,1976.9000244140625,0,0.019993292320967138,0.044376353170581195,-0.08038327705390391,-0.11280151490449342,0.12708097172979627
2022-07-29,1975.75,2090.699951171875,1943.3499755859373,2079.050048828125,2079.050048828125,0,0.051671821110093274,0.0882799530249112,0.0288761810591478,-0.056884894246334805,0.15760024990430122
2022-08-05,2098.199951171875,2139.10009765625,2072.89990234375,2086.550048828125,2086.550048828125,0,0.0036074167643185273,0.07164684856661041,0.0725833783197074,-0.0645580672245637,0.21604457179631864
2022-08-12,2082.550048828125,2116.39990234375,2039.9000244140625,2043.25,2043.25,0,-0.020751981891085625,0.054226955737191274,0.012437120770159238,-0.08021785549472749,0.19778997522813802
2022-08-19,2034.300048828125,2103.60009765625,2030.1500244140625,2063.60009765625,2063.60009765625,0,0.009959670943961774,0.04385657957988265,0.05366356786124582,-0.046109041762619984,0.28641340663259207
2022-08-26,2049.14990234375,2121.64990234375,2031.5999755859373,2083.550048828125,2083.550048828125,0,0.009667547115612907,0.0021644500585911164,0.02696112275447593,0.043287804465985236,0.3075716920357707
2022-09-02,2027.8499755859373,2110.35009765625,2017.699951171875,2082.199951171875,2082.199951171875,0,-0.0006479794699481012,-0.002084827851933424,0.05148337390323188,0.042611775387443984,0.269827687862098
2022-09-09,2085.89990234375,2191.64990234375,2083.300048828125,2148.10009765625,2148.10009765625,0,0.031649288267097564,0.05131535429156986,0.17139275845748614,0.007764325701488328,0.26251148097347454
2022-09-16,2177.550048828125,2236.10009765625,2070.25,2081.35009765625,2081.35009765625,0,-0.031073970934980877,0.008601472746662342,0.09955627387163313,-0.041625372323586984,0.07981846830415051
2022-09-23,2086.10009765625,2179.10009765625,2055.699951171875,2086.050048828125,2086.050048828125,0,0.00225812619278587,0.0011998751848587563,0.09194410708193756,-0.10190504840033365,-0.03120861542871245
2022-09-30,2072.75,2072.75,1988.25,2062.89990234375,2062.89990234375,0,-0.011097598783586182,-0.00926906602666222,0.05950019291253028,-0.14777335407812464,-0.04242684139291275
2022-10-07,2074.64990234375,2172.89990234375,2032.0,2160.800048828125,2160.800048828125,0,0.047457536050656834,0.005912178480756758,0.11487760060337626,-0.10433158597797931,-0.041369977587001894
2022-10-14,2133.300048828125,2155.60009765625,2056.10009765625,2082.10009765625,2082.10009765625,0,-0.03642167224799753,0.00036034302967324905,0.053214665356366764,-0.12871902740960528,-0.11432034746406772
2022-10-21,2085.14990234375,2115.050048828125,2055.0,2063.550048828125,2063.550048828125,0,-0.008909297323892451,-0.010785934888110527,-0.007455327979591808,-0.0991225177456525,-0.0955490764324769
2022-10-28,2083.050048828125,2087.949951171875,2047.3499755859373,2055.550048828125,2055.550048828125,0,-0.0038768141361742448,-0.0035628745278791785,-0.0148570603506063,-0.043796764423995826,-0.08479516971143142
2022-11-04,2066.5,2102.050048828125,2052.39990234375,2100.699951171875,2100.699951171875,0,0.02196487619919063,-0.027813817242758887,0.02811694661537989,0.03959024196224936,-0.10026558709973843
2022-11-11,2111.949951171875,2119.449951171875,2079.89990234375,2104.25,2104.25,0,0.0016899361692013226,0.010638250470610622,0.01969853674164801,0.08168197311961944,-0.09414750888694179
2022-11-18,2096.199951171875,2099.25,1987.25,1991.1500244140625,1991.1500244140625,0,-0.053748354799067366,-0.03508517976347503,-0.044347398549908656,-0.013378589140239483,-0.12409544730493238
2022-11-25,1994.1500244140625,2101.699951171875,1974.25,2099.10009765625,2099.10009765625,0,0.05421493705576208,0.0211865669984308,0.008116485871044077,0.07178968478746484,-0.058657253874948356
2022-12-02,2099.25,2200.85009765625,2085.39990234375,2186.89990234375,2186.89990234375,0,0.04182735486770395,0.04103391877730478,0.0180623820695478,0.0779012389578817,-0.03497120817913957
2022-12-09,2196.64990234375,2201.199951171875,2121.550048828125,2139.89990234375,2139.89990234375,0,-0.021491610086785018,0.016941856881905748,0.02813068534382146,0.08062108438012872,-0.1347122540614335
2022-12-16,2142.550048828125,2175.14990234375,2086.449951171875,2092.39990234375,2092.39990234375,0,-0.022197299952196436,0.05084994937007936,0.0030439602919365427,0.14101856616313269,-0.08086979910224024
2022-12-23,2104.25,2108.35009765625,1899.4000244140625,1904.199951171875,1904.199951171875,0,-0.08994454213129499,-0.09284938183843194,-0.07693051465636758,0.005969637388171245,-0.15042279509877932
2022-12-30,1972.75,2012.699951171875,1963.300048828125,1992.050048828125,1992.050048828125,0,0.04613491225130306,-0.08909866121755272,-0.07809607376282635,0.042739752601869574,-0.10219487786642134
2023-01-06,1995.5999755859373,2045.75,1935.3499755859373,1946.4000244140625,1946.4000244140625,0,-0.022916103157607615,-0.09042473328670864,-0.06517461547355019,-0.0003338509014977342,-0.1322723286188614
2023-01-13,1955.6500244140625,1975.449951171875,1928.6500244140625,1972.3499755859373,1972.3499755859373,0,0.013332280541707542,-0.05737427468971956,-0.04419571664568034,0.017645667642376628,-0.14865653368471465
2023-01-20,1975.800048828125,1979.050048828125,1883.0999755859373,1888.300048828125,1888.300048828125,0,-0.04261410388531228,-0.008349912168606477,-0.08136508283772981,-0.04481763088257229,-0.15256364912908116
2023-01-27,1895.5999755859373,1904.0,1839.800048828125,1861.199951171875,1861.199951171875,0,-0.014351584470417289,-0.06568614966939512,-0.11400961849234825,-0.10478347925248033,-0.15570777636277477
2023-02-03,1860.0999755859373,1917.4000244140625,1821.3499755859373,1848.3499755859373,1848.3499755859373,0,-0.006904134925345806,-0.05037507583141443,-0.12161103690819186,-0.11415976979606535,-0.171347902927794
2023-02-10,1842.9000244140625,1896.0,1839.949951171875,1882.25,1882.25,0,0.01834069568092289,-0.0456815355799981,-0.05469202374447335,-0.07879603572739513,-0.15269304221458502
2023-02-17,1876.5999755859373,1886.5999755859373,1799.800048828125,1830.0999755859373,1830.0999755859373,0,-0.0277062156536394,-0.030821411712776525,-0.12815021178392816,-0.11315182739888041,-0.1540435468264486
2023-02-24,1838.449951171875,1842.75,1686.6500244140625,1731.199951171875,1731.199951171875,0,-0.05404077686105524,-0.06984741210537193,-0.20837714185431677,-0.16911045542410963,-0.13314307128567704
2023-03-03,1731.5999755859375,1756.449951171875,1654.4000244140625,1750.4000244140625,1750.4000244140625,0,0.011090615632926015,-0.0529931844432352,-0.18201780256314015,-0.15935065533503323,-0.12352909428056769
2023-03-10,1756.449951171875,1774.800048828125,1720.300048828125,1727.9000244140625,1727.9000244140625,0,-0.01285420457391262,-0.08200290906411878,-0.174201823237232,-0.19561475449894516,-0.18936924546340328
2023-03-17,1725.8499755859375,1743.300048828125,1648.6500244140625,1720.6500244140625,1720.6500244140625,0,-0.0041958446076523215,-0.05980544922789399,-0.09639214970300414,-0.1733010095938986,-0.20771266286908596
2023-03-24,1679.5999755859375,1759.5999755859375,1678.25,1695.6500244140625,1695.6500244140625,0,-0.014529392755806558,-0.020534847366272313,-0.14879145460648813,-0.18714796638430442,-0.26998169221222146
2023-03-31,1700.4000244140625,1722.800048828125,1636.6500244140625,1700.0999755859375,1700.0999755859375,0,0.0026243335050302186,-0.02873631634286722,-0.1265413305275057,-0.17586889521184224,-0.29765351276649865
2023-04-07,1713.75,1742.050048828125,1700.800048828125,1732.800048828125,1732.800048828125,0,0.01923420605362769,0.0028358263469114853,-0.12145406734250996,-0.19807478263993883,-0.2817409124028497
2023-04-14,1735.3499755859375,1751.8499755859375,1705.5,1722.5,1722.5,0,-0.005944164668676422,0.0010751608750696473,-0.08780386831585385,-0.17271028326689952,-0.27919821099075204
2023-04-21,1718.699951171875,1743.6500244140625,1670.050048828125,1706.6500244140625,1706.6500244140625,0,-0.009201727480950606,0.006487187710684017,-0.08303778788544591,-0.1729543824811729,-0.2549332263801469
2023-04-28,1709.800048828125,1719.949951171875,1658.300048828125,1714.8499755859375,1714.8499755859375,0,0.004804705741993098,0.008675960362223067,-0.07222658141766658,-0.16574642560341535,-0.20228403287113905
2023-05-05,1721.050048828125,1743.199951171875,1703.6500244140625,1707.6500244140625,1707.6500244140625,0,-0.004198589540997499,-0.014514094936153299,-0.0927613099141652,-0.18710426805053704,-0.15492152933257797
2023-05-12,1712.800048828125,1728.050048828125,1689.0999755859375,1701.449951171875,1701.449951171875,0,-0.0036307634196385274,-0.012220637926342537,-0.07029671937614923,-0.1914221451006891,-0.12537591049168406
2023-05-19,1703.1500244140625,1739.449951171875,1660.949951171875,1666.550048828125,1666.550048828125,0,-0.02051185949943024,-0.023496308564906143,-0.037343983460713215,-0.16302135530016515,-0.1742189487067588
2023-05-26,1672.800048828125,1736.0,1655.1500244140625,1729.949951171875,1729.949951171875,0,0.038042603273949815,0.008805420766197392,-0.011683085555847739,-0.17586114492422233,-0.11669647629723001
2023-06-02,1743.5999755859375,1788.9000244140625,1724.3499755859375,1784.5,1784.5,0,0.03153273237250165,0.04500335226025398,0.03275651066972518,-0.18400471915174943,-0.12043767578988607
2023-06-09,1796.25,1817.699951171875,1761.1500244140625,1763.5,1763.5,0,-0.01176800224152419,0.03646892392302692,0.024903364994592225,-0.1758960323010874,-0.10945587678323443
2023-06-16,1774.75,1836.449951171875,1761.9000244140625,1806.199951171875,1806.199951171875,0,0.02421318467358935,0.08379580465762082,0.06519619329820925,-0.13678071330977182,-0.015050767216353567
2023-06-23,1806.4000244140625,1814.6500244140625,1736.199951171875,1740.8499755859375,1740.8499755859375,0,-0.03618091980543903,0.006300774427999256,0.02396917862783665,-0.0857840456751453,-0.08032650793334495
2023-06-30,1741.800048828125,1764.0999755859375,1727.699951171875,1743.800048828125,1743.800048828125,0,0.0016946165858977569,-0.022807481743835845,0.0063481069309982985,-0.1246203629000383,-0.08720685377767168
2023-07-07,1751.199951171875,1908.8499755859373,1742.1500244140625,1895.550048828125,1895.550048828125,0,0.08702259189749406,0.07487952868053593,0.10046446956640054,-0.02612514125982157,-0.026450270259357977
2023-07-14,1907.050048828125,1932.550048828125,1843.949951171875,1927.4000244140625,1927.4000244140625,0,0.01680249783202914,0.06710224588565183,0.12934696442862625,-0.022790048281629782,-0.005546526256784423
2023-07-21,1928.3499755859373,2007.449951171875,1926.3499755859373,1984.1500244140625,1984.1500244140625,0,0.029443809941453347,0.1397593429877464,0.1570400050512346,0.05075992856401279,0.003667357939432847
2023-07-28,1996.5,2060.89990234375,1958.0,2052.550048828125,2052.550048828125,0,0.03447321199124631,0.1770558500715076,0.20197348372504265,0.1028100702107635,-0.012746205900592389
2023-08-04,2060.64990234375,2080.75,2007.949951171875,2047.4000244140625,2047.4000244140625,0,-0.002509085913399711,0.08010866063906619,0.2033266232744102,0.10769067084550654,-0.01876304114346572
2023-08-11,2055.39990234375,2269.39990234375,2038.0999755859373,2200.10009765625,2200.10009765625,0,0.07458243207059057,0.14148597581609423,0.3201524305875505,0.1688670992993757,0.0767650055824054
2023-08-18,2216.300048828125,2258.550048828125,2167.800048828125,2251.550048828125,2251.550048828125,0,0.023385277436551277,0.1347680473370596,0.3015116693421773,0.23028800549940098,0.09107866945021992
2023-08-25,2264.10009765625,2306.60009765625,2235.75,2265.85009765625,2265.85009765625,0,0.006351201846731325,0.10391953606680904,0.26973947753222194,0.3088321173544757,0.08749492191495856
2023-09-01,2274.25,2336.10009765625,2269.60009765625,2296.10009765625,2296.10009765625,0,0.01335039772988078,0.1214711684461185,0.30201309762191664,0.31175735010907446,0.10272795672864676
2023-09-08,2313.39990234375,2465.949951171875,2296.10009765625,2414.60009765625,2414.60009765625,0,0.05160924827317381,0.09749556405570159,0.33683986431825597,0.39741886888105693,0.12406311991269536
2023-09-15,2430.85009765625,2432.39990234375,2289.10009765625,2326.85009765625,2326.85009765625,0,-0.03634142154022735,0.0334436486842995,0.3366172446152782,0.3523087581093769,0.1179522850463508
2023-09-22,2330.10009765625,2330.949951171875,2269.199951171875,2292.050048828125,2292.050048828125,0,-0.014955861945373239,0.011562967558611081,0.3143995783051141,0.35172353718459703,0.09875122608670117
2023-09-29,2290.300048828125,2303.60009765625,2219.60009765625,2268.199951171875,2268.199951171875,0,-0.010405574550365504,-0.012151101998059244,0.1965919615649987,0.33415680474328724,0.0995201214537238
2023-10-06,2269.75,2304.35009765625,2237.85009765625,2286.75,2286.75,0,0.00817831285929671,-0.052948766870484554,0.18644286138534283,0.3196848658600313,0.05828857290158895
2023-10-13,2265.0,2359.550048828125,2225.300048828125,2319.85009765625,2319.85009765625,0,0.014474733860828648,-0.00300835881393946,0.16919087221810392,0.34679250952467333,0.11418759370292864
2023-10-20,2326.800048828125,2343.199951171875,2298.35009765625,2304.10009765625,2304.10009765625,0,-0.0067892317766188315,0.005257323606125519,0.1225548916440522,0.3500718159526044,0.11657097871928612
2023-10-27,2307.199951171875,2308.800048828125,2092.25,2180.5,2180.5,0,-0.05364354516627856,-0.038665000026370855,0.06500926736289792,0.2715398029235514,0.06078662557650172
2023-11-03,2185.050048828125,2277.39990234375,2153.449951171875,2266.75,2266.75,0,0.039555147901857435,-0.008746036952006153,0.030294031810076172,0.3274089934076385,0.07904510529240216
2023-11-10,2276.89990234375,2298.39990234375,2216.89990234375,2232.449951171875,2232.449951171875,0,-0.015131818166151945,-0.03767491122494315,-0.008483088202365763,0.3120867584934093,0.06092429662439103
2023-11-17,2245.199951171875,2299.050048828125,2225.60009765625,2275.89990234375,2275.89990234375,0,0.019462900455648358,-0.012239136373105253,0.004435335196222967,0.3656354958821093,0.14300774649739467
2023-11-24,2282.39990234375,2310.10009765625,2258.25,2283.449951171875,2283.449951171875,0,0.0033173905497116962,0.047213919363391366,-0.005509405490330188,0.31995145271402614,0.08782327899534703
2023-12-01,2291.449951171875,2375.5,2266.64990234375,2355.64990234375,2355.64990234375,0,0.031618801688568565,0.039219103272857714,-0.024414061512595953,0.32006158719179045,0.07716402557755231
2023-12-08,2376.800048828125,2443.25,2286.89990234375,2396.0,2396.0,0,0.017129072370263287,0.0732603428543932,0.02971824545698154,0.35866175219733476,0.11967854074658035
2023-12-15,2412.64990234375,2484.5,2381.050048828125,2437.050048828125,2437.050048828125,0,0.017132741581020516,0.07080722061564337,0.06326214389347018,0.34926924743129906,0.16471523732070703
2023-12-22,2425.949951171875,2493.39990234375,2306.199951171875,2390.5,2390.5,0,-0.019100981881971957,0.04688083869461934,0.053919430147654435,0.3731797877616665,0.25538287012813354
2023-12-29,2407.199951171875,2417.85009765625,2350.449951171875,2388.14990234375,2388.14990234375,0,-0.0009830987894792198,0.013796617217042284,0.0443423646414125,0.36950902366853544,0.19884031214408537
2024-01-05,2438.449951171875,2499.449951171875,2392.949951171875,2468.0,2468.0,0,0.033435965463425976,0.030050083472454192,0.06386184283778773,0.30199674839805857,0.267981899426331
2024-01-12,2486.300048828125,2508.60009765625,2361.449951171875,2446.050048828125,2446.050048828125,0,-0.008893821382445322,0.003692989400988278,0.061607545312926115,0.26909308801722887,0.24017039526743367
2024-01-19,2467.60009765625,2472.199951171875,2309.25,2369.89990234375,2369.89990234375,0,-0.03113188404336109,-0.008617484901171313,0.0868607669542536,0.1944156808624402,0.2550441354987545
2024-01-26,2306.25,2321.85009765625,2057.550048828125,2134.60009765625,2134.60009765625,0,-0.09928681141967077,-0.1061699705025485,-0.05829928414856067,0.03997468849783736,0.14689455923971684
2024-02-02,2157.699951171875,2201.14990234375,2118.949951171875,2129.050048828125,2129.050048828125,0,-0.002600041494525751,-0.1373379056612135,-0.04631678407369111,0.03987985906048319,0.15186521868143732
2024-02-09,2146.39990234375,2212.800048828125,2117.85009765625,2191.800048828125,2191.800048828125,0,0.029473238562211845,-0.10394308984879863,-0.03695235165176547,-0.0037725778190578207,0.16445745720713245
2024-02-16,2199.14990234375,2217.449951171875,2035.449951171875,2164.800048828125,2164.800048828125,0,-0.012318641937450359,-0.08654367777845307,-0.051960807059886926,-0.03852901251080387,0.18288622354362238
2024-02-23,2210.5,2264.85009765625,2092.10009765625,2164.300048828125,2164.300048828125,0,-0.00023096821356349828,0.013913590280673738,-0.08123017487668338,-0.04481763773038927,0.2501733536689843
2024-03-01,2180.75,2186.75,2011.6500244140625,2019.9000244140625,2019.9000244140625,0,-0.06671904133266959,-0.0512670073087953,-0.156969939727019,-0.1202909548778468,0.15396480589642003
2024-03-08,2066.64990234375,2067.800048828125,1907.5,1988.3499755859373,1988.3499755859373,0,-0.015619609112721977,-0.09282328164513232,-0.18411606830066896,-0.1765303175809757,0.1507320721638361
2024-03-15,1997.4000244140625,2001.800048828125,1767.300048828125,1822.5,1822.5,0,-0.08341085705350426,-0.15812086156105865,-0.23760719514745865,-0.21675229451362732,0.05919273189829566
2024-03-22,1827.25,1858.800048828125,1768.699951171875,1849.800048828125,1849.800048828125,0,0.014979450660150828,-0.1453125689158895,-0.22542548647691008,-0.19294953887508381,0.09090910399823193
2024-03-29,1855.199951171875,1860.5999755859373,1790.8499755859375,1795.8499755859375,1795.8499755859375,0,-0.029165353993998222,-0.1109213555720997,-0.27234603906566557,-0.20824882539208944,0.05632021726663439
2024-04-05,1816.5999755859373,1947.75,1812.8499755859373,1916.25,1916.25,0,0.06704347581973225,-0.03626120978259395,-0.2165941163313262,-0.16202033453591347,0.10586908241140702
2024-04-12,1931.5999755859373,1936.699951171875,1869.449951171875,1888.25,1888.25,0,-0.014611872146118698,0.03607681755829906,-0.2032363906456196,-0.18604654589203695,0.09622641509433971
2024-04-19,1862.3499755859373,1911.4000244140625,1822.050048828125,1870.3499755859373,1870.3499755859373,0,-0.009479689879021702,0.011109269226601493,-0.12379373652257131,-0.18825142297920439,0.09591887547540812
2024-04-26,1887.199951171875,1927.0999755859373,1870.050048828125,1910.949951171875,1910.949951171875,0,0.021707154337903267,0.06409219987787873,-0.1024400989428581,-0.12361845853158682,0.11435401252458433
2024-05-03,1921.0,1937.949951171875,1833.6500244140625,1851.0999755859373,1851.0999755859373,0,-0.03131948879625823,-0.033998708109099884,-0.15544304482717186,-0.18336826929042138,0.08400430364593947
2024-05-10,1864.050048828125,1865.050048828125,1748.6500244140625,1772.4000244140625,1772.4000244140625,0,-0.0425152353788798,-0.06135309179713355,-0.18126386528237615,-0.20607401591077978,0.04169977094731503
2024-05-17,1779.449951171875,1815.300048828125,1742.949951171875,1811.800048828125,1811.800048828125,0,0.022229758446932868,-0.031304262582979914,-0.162870208403342,-0.20391927300391777,0.08715609837348492
2024-05-24,1836.75,1906.1500244140625,1820.3499755859373,1897.0,1897.0,0,0.047025029736025514,-0.007300008649269052,-0.060844607618495195,-0.1692395101427765,0.09656351544445818
2024-05-31,1901.3499755859373,1918.5,1851.8499755859373,1870.4000244140625,1870.4000244140625,0,-0.01402212735157482,0.01042625956602694,-0.05932051832933316,-0.2059940560126906,0.048136746659603435
2024-06-07,1948.8499755859373,1978.0999755859373,1717.4000244140625,1970.6500244140625,1970.6500244140625,0,0.053598160121605565,0.1118539817587394,0.08128945098165286,-0.1775250315467185,0.11746528177718307
2024-06-14,1980.949951171875,2093.300048828125,1964.449951171875,2057.85009765625,2057.85009765625,0,0.044249395966752036,0.13580419593611914,0.1124716419809415,-0.15559793339255235,0.13932574094086458
2024-06-21,2067.800048828125,2071.10009765625,2002.25,2039.6500244140625,2039.6500244140625,0,-0.008844217206547822,0.07519769341806137,0.1357574698012174,-0.14676844826853697,0.17164032111816785
2024-06-28,2035.9000244140625,2044.4000244140625,1986.25,1992.3499755859373,1992.3499755859373,0,-0.023190276891602135,0.06519993027164217,0.039712968342302535,-0.16573495925417892,0.14253350143260035
2024-07-05,1999.050048828125,2078.14990234375,1998.050048828125,2047.550048828125,2047.550048828125,0,0.027706012456949924,0.03902266940418664,0.08436385480107234,-0.17036059609881482,0.08018780622224675
2024-07-12,2051.35009765625,2091.10009765625,1983.300048828125,2074.14990234375,2074.14990234375,0,0.012991063896508281,0.007920793018920236,0.1089635252322052,-0.15204110261870896,0.07613877558930726
2024-07-19,2084.75,2124.14990234375,1958.25,1962.949951171875,1962.949951171875,0,-0.053612302103247744,-0.03760452642566525,0.027211597021738587,-0.17171609263725252,-0.01068471283992145
2024-07-26,1936.75,2093.64990234375,1887.449951171875,2075.64990234375,2075.64990234375,0,0.057413563246782484,0.04180988670593111,0.12130621237069317,-0.02761650548841732,0.0112542218051217
2024-08-02,2083.050048828125,2169.25,2082.199951171875,2100.300048828125,2100.300048828125,0,0.011875869074327472,0.025762496027967874,0.18500339646658648,-0.013503675038463614,0.02583765936468696
2024-08-09,2061.60009765625,2109.60009765625,1993.699951171875,2101.64990234375,2101.64990234375,0,0.0006426955597977901,0.013258443841944745,0.15997894122097,-0.041130643524063704,-0.04474805278967908
2024-08-16,2090.89990234375,2097.699951171875,2012.1500244140625,2059.64990234375,2059.64990234375,0,-0.019984298980130655,0.049262565820460846,0.08574059164140757,-0.04857268297887196,-0.08523023797949958
2024-08-23,2078.64990234375,2117.85009765625,2064.75,2068.949951171875,2068.949951171875,0,0.00451535419565352,-0.0032278811394491624,0.10615372335659146,-0.04405585894057429,-0.08689901714506387
2024-08-30,2087.60009765625,2174.550048828125,2060.050048828125,2104.5,2104.5,0,0.017182652875672,0.0019996910318687,0.06792173847598093,0.04188324895460038,-0.08344588193338187
2024-09-06,2112.550048828125,2114.0,2047.699951171875,2059.89990234375,2059.89990234375,0,-0.021192728750890955,-0.019865344819534725,0.0009960903808468036,0.03598457396149701,-0.146898111888918
2024-09-13,2060.800048828125,2131.14990234375,2021.9000244140625,2118.449951171875,2118.449951171875,0,0.02842373494047301,0.028548564861054393,0.0386340430047305,0.1623868044838821,-0.08956320250036254
2024-09-20,2134.75,2143.89990234375,2045.550048828125,2062.949951171875,2062.949951171875,0,-0.02619840037726584,-0.0029000218186049365,0.035435529124432374,0.11522861753559988,-0.09995422995819125
2024-09-27,2073.300048828125,2158.10009765625,2065.5,2114.800048828125,2114.800048828125,0,0.025133958110227672,0.004894297376158319,0.03284413000721975,0.1776039633478419,-0.06763067879641538
2024-10-04,2121.25,2182.35009765625,2063.050048828125,2070.949951171875,2070.949951171875,0,-0.020734866958485587,0.005364362033102754,-0.0015427771967007065,0.08073056812622315,-0.09436976006477538
2024-10-11,2089.449951171875,2101.0,1988.699951171875,2077.25,2077.25,0,0.0030421057855889444,-0.01944815885269524,0.05822871273915475,0.1000926784059315,-0.10457576457261164
2024-10-18,2088.60009765625,2089.10009765625,1986.4000244140625,2042.199951171875,2042.199951171875,0,-0.016873293454386817,-0.010058411736170725,-0.016115410953506437,0.09188118685226332,-0.11366700029689769
2024-10-25,2055.10009765625,2063.5,1877.0,1894.3499755859373,1894.3499755859373,0,-0.07239740432913877,-0.10424156806897455,-0.09805745296111323,-0.00868676627336995,-0.13123138014861857
2024-11-01,1898.550048828125,2038.25,1892.3499755859373,2027.25,2027.25,0,0.07015600397331845,-0.0211014038012588,-0.0354007117269054,0.09515964925573783,-0.10565788022499167
2024-11-08,2027.449951171875,2028.199951171875,1954.449951171875,1960.699951171875,1960.699951171875,0,-0.03282774636977437,-0.056107858383981246,-0.04804212165343069,0.10624008359515935,-0.12172725299277187
2024-11-15,1954.300048828125,1962.300048828125,1873.949951171875,1924.4000244140625,1924.4000244140625,0,-0.01851375919916598,-0.057682856514718606,-0.06986632357923295,0.06214812482137155,-0.15444434861467704
2024-11-22,1919.449951171875,1979.4000244140625,1880.050048828125,1892.5999755859373,1892.5999755859373,0,-0.016524656217361877,-0.000923799732126418,-0.100689011363299,-0.0023194646357737048,-0.17116642971979834
2024-11-29,1920.0,2012.300048828125,1910.9000244140625,1996.800048828125,1996.800048828125,0,0.05505657539170583,-0.015020323675854041,-0.030632485318257463,0.06757913963012241,-0.1523358174568249
2024-12-06,2010.25,2095.64990234375,1999.949951171875,2077.050048828125,2077.050048828125,0,0.040189301901858876,0.05934110294984696,-0.019542544453716504,0.053992349273534135,-0.13311767578125
2024-12-13,2081.85009765625,2085.199951171875,1927.949951171875,1953.25,1953.25,0,-0.05960378706231617,0.014991672843447157,-0.05317625428070083,-0.05082979453915637,-0.1985187169466479
2024-12-20,1956.3499755859373,2019.550048828125,1885.4000244140625,1887.9000244140625,1887.9000244140625,0,-0.03345704624904011,-0.0024833304620642815,-0.10729147870967504,-0.0744000187206596,-0.21024889169041516
2024-12-27,1901.5,1912.4000244140625,1838.050048828125,1853.75,1853.75,0,-0.018088894524306953,-0.0716396460988058,-0.10487938206762049,-0.06956607889393329,-0.22377150689715308
2025-01-03,1847.75,1878.1500244140625,1801.300048828125,1861.75,1861.75,0,0.004315576534052568,-0.10365664946282716,-0.10374292935371288,-0.09074261649157933,-0.2456442463533225
2025-01-10,1860.0,1870.75,1739.8499755859375,1743.6500244140625,1743.6500244140625,0,-0.0634349271308916,-0.10730831976753485,-0.14619035055137264,-0.1593423298654687,-0.28715684895759774
2025-01-17,1726.5,1750.550048828125,1653.5,1702.449951171875,1702.449951171875,0,-0.023628636862510488,-0.09823087602308,-0.10130125208500929,-0.132708426847298,-0.2816363469662958
2025-01-24,1714.0999755859375,1735.6500244140625,1640.4000244140625,1643.4000244140625,1643.4000244140625,0,-0.03468526444326059,-0.11347267732215105,-0.1893451599881305,-0.20824796968005366,-0.23011339397084996
2025-01-31,1630.050048828125,1632.4000244140625,1523.300048828125,1580.25,1580.25,0,-0.03842644728971445,-0.1512018262387539,-0.1940378235560657,-0.24760750213679705,-0.2577675659293197
2025-02-07,1602.949951171875,1662.8499755859375,1580.699951171875,1621.75,1621.75,0,0.02626166745768077,-0.0699108322812807,-0.15726980907008292,-0.22834436021364357,-0.2600830532570294
2025-02-14,1604.449951171875,1622.0999755859375,1482.4000244140625,1492.1500244140625,1492.1500244140625,0,-0.07991365844670106,-0.12352781743337204,-0.21158721142215908,-0.2755322044216878,-0.3107215489847154
2025-02-21,1486.25,1525.949951171875,1456.9000244140625,1492.4000244140625,1492.4000244140625,0,0.00016754347479119858,-0.09188268087913498,-0.2526041727162832,-0.2786678945187865,-0.3104468000071743
2025-02-28,1479.6500244140625,1504.8499755859375,1373.550048828125,1386.8499755859375,1386.8499755859375,0,-0.07072503826148457,-0.12238571391492647,-0.332298238856401,-0.3410073767707591,-0.31340662467280367
2025-03-07,1391.949951171875,1503.75,1344.4000244140625,1488.949951171875,1488.949951171875,0,0.07362005796106441,-0.08188688073261907,-0.23770641178964547,-0.2771736386424648,-0.25116303998087486
2025-03-14,1488.800048828125,1507.949951171875,1433.9000244140625,1437.800048828125,1437.800048828125,0,-0.034353003137205906,-0.03642393505792396,-0.23841303552376014,-0.3212961920423143,-0.2110836494770233
2025-03-21,1438.9000244140625,1553.5,1424.4000244140625,1547.699951171875,1547.699951171875,0,0.07643615148943939,0.0370543593226782,-0.16509780112103845,-0.24976369383431152,-0.16331500144982414
2025-03-28,1561.25,1576.4000244140625,1469.6500244140625,1475.25,1475.25,0,-0.0468113674856796,0.06374159135469126,-0.20760037599033165,-0.3024163202485829,-0.1785226939579596
2025-04-04,1474.300048828125,1547.050048828125,1471.800048828125,1488.5,1488.5,0,0.00898152855448231,-0.00030219361740191353,-0.1463309843383298,-0.2812477195995431,-0.2232224396607958
2025-04-11,1365.6500244140625,1514.0999755859375,1365.550048828125,1503.800048828125,1503.800048828125,0,0.010278836968844463,0.0459034620660872,-0.11668472380466166,-0.2760620778297629,-0.20360119220011919
2025-04-18,1520.0,1588.0999755859375,1512.699951171875,1581.1500244140625,1581.1500244140625,0,0.05143634331320479,0.02161276364766951,-0.0378787873160672,-0.22576140328142125,-0.15462344210808732
2025-04-25,1584.550048828125,1616.8499755859375,1532.1500244140625,1547.75,1547.75,0,-0.021123880655436134,0.049144212845280366,-0.020566366081316234,-0.18296512262932363,-0.19006251364623417
2025-05-02,1538.949951171875,1578.4000244140625,1499.75,1521.3499755859375,1521.3499755859375,0,-0.017057034026207396,0.022069180776578712,-0.061908447303260394,-0.24954989488916635,-0.1781373261028878
2025-05-09,1528.949951171875,1560.25,1482.0999755859375,1541.1500244140625,1541.1500244140625,0,0.013014788934741395,0.024837062357487838,0.032838521059061376,-0.21397966910085098,-0.13047280343863055
2025-05-16,1576.0,1684.5,1571.800048828125,1681.449951171875,1681.449951171875,0,0.09103586577247968,0.06343479442754418,0.12667510296512896,-0.12624717842443411,-0.07194507900613023
2025-05-23,1681.050048828125,1694.0999755859375,1642.300048828125,1683.1500244140625,1683.1500244140625,0,0.0010110757331804887,0.08748184423457439,0.2136496766371141,-0.11066783994173435,-0.11273061443644572
2025-05-30,1686.449951171875,1716.800048828125,1673.9000244140625,1711.300048828125,1711.300048828125,0,0.016724608030031174,0.12485626337820754,0.14933349336641566,-0.1429787625293545,-0.08506200465634539
2025-06-06,1710.199951171875,1750.6500244140625,1697.3499755859375,1705.75,1705.75,0,-0.0032431769238395747,0.10680334359305332,0.1863610669580007,-0.17876316896533773,-0.13442266314782392
2025-06-13,1718.25,1757.25,1688.1500244140625,1726.0999755859375,1726.0999755859375,0,0.011930221653781325,0.02655447721351689,0.11526783617133485,-0.11629336972433768,-0.16121199617413973
2025-06-20,1736.449951171875,1757.5,1652.0,1674.800048828125,1674.800048828125,0,-0.02972013642512128,-0.004960921762660053,0.13526524238476534,-0.1128767269612575,-0.17887871508287279
2025-06-27,1670.949951171875,1770.8499755859375,1664.1500244140625,1747.8499755859375,1747.8499755859375,0,0.043617103312676875,0.0213579884970152,0.17423579145847334,-0.05712745753961568,-0.12271940321533814
2025-07-04,1753.199951171875,1781.449951171875,1716.3499755859375,1761.75,1761.75,0,0.00795264159293918,0.0328301333724168,0.17153208059335356,-0.05371290452531219,-0.13958147152090228
2025-07-11,1765.199951171875,1765.199951171875,1694.5,1704.300048828125,1704.300048828125,0,-0.03260959339967362,-0.01262958523037594,0.07788636278186134,-0.02256758812546722,-0.17831394591957972
2025-07-18,1702.550048828125,1775.8499755859375,1688.300048828125,1771.050048828125,1771.050048828125,0,0.03916563873004475,0.05746954692731654,0.14427397759853022,0.04029492767703946,-0.0977609756322042
2025-07-25,1775.550048828125,1786.1500244140625,1665.9000244140625,1669.5999755859375,1669.5999755859375,0,-0.057282442870157935,-0.04476928860771823,0.09744634855822865,0.015942528162743885,-0.1956254406387683
2025-08-01,1669.25,1675.949951171875,1600.199951171875,1616.800048828125,1616.800048828125,0,-0.0316242977538872,-0.08227611816198377,0.04908673601898306,0.023129282599667844,-0.23020520342784911
2025-08-08,1621.25,1656.25,1611.449951171875,1635.0999755859375,1635.0999755859375,0,0.01131860848908084,-0.040603222002938644,-0.027565480348454185,0.00823183325786192,-0.2219922196544335
2025-08-15,1636.5999755859375,1670.3499755859375,1625.9000244140625,1653.1500244140625,1653.1500244140625,0,0.011039110205879998,-0.06657069036082575,-0.01782372311728042,0.10789799776548703,-0.19736357983321173
2025-08-22,1668.1500244140625,1674.4000244140625,1625.949951171875,1653.949951171875,1653.949951171875,0,0.0004838803169699979,-0.009373517395129483,-0.033512590439953915,0.10824840801060653,-0.20058484245350627
2025-08-29,1655.75,1656.699951171875,1597.699951171875,1612.0,1612.0,0,-0.02536349491237755,-0.00296885742402353,-0.05496116077971569,0.16234634486613286,-0.23402233309574716
2025-09-05,1619.8499755859375,1637.6500244140625,1603.3499755859375,1620.449951171875,1620.449951171875,0,0.005241905193470897,-0.008959711719653485,-0.06120736104998714,0.08831727345603735,-0.21333558522521878
2025-09-12,1624.3499755859375,1640.050048828125,1606.3499755859375,1621.050048828125,1621.050048828125,0,0.00037032779433632257,-0.019417460673186615,-0.0320933833490209,0.1274516579334919,-0.23479426647233292
2025-09-19,1624.0,1643.800048828125,1611.550048828125,1619.449951171875,1619.449951171875,0,-0.0009870748021670872,-0.020859155971168053,-0.07346169648857792,0.04635911498586842,-0.2149834026502031
2025-09-26,1620.9000244140625,1635.1500244140625,1570.300048828125,1575.449951171875,1575.449951171875,0,-0.02716971893337028,-0.022673727560871604,-0.10574715415247626,0.06792065831003224,-0.255035977493532
2025-10-03,1575.5,1612.050048828125,1538.1500244140625,1604.9000244140625,1604.9000244140625,0,0.018693118889801186,-0.00959605493928839,-0.05832307784207946,0.0781995461297027,-0.2250416174925386
2025-10-10,1604.199951171875,1605.8499755859375,1550.550048828125,1561.699951171875,1561.699951171875,0,-0.02691761018444716,-0.0366121315619804,-0.11820676541285413,0.03850239424374946,-0.24818873454236368
2025-10-17,1563.0999755859375,1569.800048828125,1512.1500244140625,1519.5999755859375,1519.5999755859375,0,-0.02695778760468448,-0.06165672209485917,-0.08984187960793322,-0.03892739327562167,-0.25590049362505085
2025-10-24,1527.949951171875,1555.5999755859375,1516.4000244140625,1540.0999755859375,1540.0999755859375,0,0.013490392425214104,-0.022438018776567925,-0.04743943031037179,-0.004942674472015796,-0.18700346006045032
2025-10-31,1545.6500244140625,1568.3499755859375,1529.1500244140625,1538.3499755859375,1538.3499755859375,0,-0.0011362898693211276,-0.04146678784706348,-0.05917069380747175,0.011174286175311243,-0.24116415065436547
2025-11-07,1535.75,1552.1500244140625,1475.300048828125,1489.6500244140625,1489.6500244140625,0,-0.03165726391572621,-0.04613557598163931,-0.09890209453794152,-0.03341660395429713,-0.2402457991985334
2025-11-14,1491.699951171875,1504.0999755859375,1463.800048828125,1479.699951171875,1479.699951171875,0,-0.006679470398492593,-0.026256926201040254,-0.10535385298481281,-0.11998573008931468,-0.2310850486387771
2025-11-21,1484.75,1500.050048828125,1441.5999755859375,1444.199951171875,1444.199951171875,0,-0.023991350389574007,-0.06226870069105539,-0.10409432309437039,-0.1419659981440874,-0.23692276772604337
2025-11-28,1442.199951171875,1485.5999755859375,1417.949951171875,1468.25,1468.25,0,0.01665285254206661,-0.04556828855490913,-0.09392449983525086,-0.14202655401930386,-0.26469853560866974
2025-12-05,1470.6500244140625,1481.449951171875,1428.550048828125,1434.550048828125,1434.550048828125,0,-0.022952461210199226,-0.03698853736306984,-0.1150488846009553,-0.15899161727795696,-0.30933294089976293
2025-12-12,1438.300048828125,1444.3499755859375,1367.300048828125,1409.8499755859375,1409.8499755859375,0,-0.01721799337873564,-0.04720549968973009,-0.12942664602525422,-0.18321650221485375,-0.2782030075075195
2025-12-19,1413.5999755859375,1446.6500244140625,1390.300048828125,1394.4000244140625,1394.4000244140625,0,-0.010958578174570688,-0.03448270907183115,-0.11491950386817507,-0.1674229855738667,-0.2614015539054644
2025-12-26,1404.050048828125,1428.4000244140625,1398.699951171875,1410.949951171875,1410.949951171875,0,0.011868851454421625,-0.039026084677762696,-0.12084869480452354,-0.19275111086185892,-0.23886718750000002
2026-01-02,1411.5,1464.1500244140625,1402.699951171875,1462.9000244140625,1462.9000244140625,0,0.0368192175768105,0.019762277105003445,-0.06326434644739187,-0.16963245385891157,-0.21423390658570562
2026-01-09,1470.4000244140625,1482.699951171875,1415.75,1425.300048828125,1425.300048828125,0,-0.025702354883066936,0.010958664758472958,-0.06205575695765042,-0.16370356862445679,-0.18257676203853812
2026-01-16,1422.0999755859375,1423.5999755859375,1384.5999755859375,1410.550048828125,1410.550048828125,0,-0.01034869816508277,0.01158205976140092,-0.08411786819782574,-0.20355155984357243,-0.1714587275489784
2026-01-23,1404.5999755859375,1405.699951171875,1339.800048828125,1351.550048828125,1351.550048828125,0,-0.04182765443099079,-0.042099227045165555,-0.12142875790449625,-0.1904946881939158,-0.17758912696255658
2026-01-30,1356.1500244140625,1390.5999755859375,1313.8499755859375,1385.199951171875,1385.199951171875,0,0.02489726693652705,-0.053113727490235574,-0.07011718962866587,-0.14324597393729444,-0.12342986795008704
2026-02-06,1356.050048828125,1410.8499755859375,1336.050048828125,1390.75,1390.75,0,0.004006677031304973,-0.02424054419736521,-0.06011350551267469,-0.14944038849879793,-0.14243872360104826
2026-02-13,1396.6500244140625,1496.1500244140625,1396.5999755859375,1462.800048828125,1462.800048828125,0,0.0518066142930973,0.037042287186767275,0.012879170672424722,-0.11514379988192813,-0.0196695875788111
2026-02-20,1461.300048828125,1470.3499755859375,1415.3499755859375,1426.800048828125,1426.800048828125,0,-0.024610335519772653,0.0556768134966561,-0.028230853854503635,-0.1373378330963444,-0.043956026878043675
2026-02-27,1430.4000244140625,1435.800048828125,1401.0,1416.1500244140625,1416.1500244140625,0,-0.00746427253265769,0.02234339758386783,-0.012826338425134365,-0.12149502207564356,0.021127050037078376
2026-03-06,1380.1500244140625,1406.199951171875,1341.5,1354.550048828125,1354.550048828125,0,-0.04349819900714591,-0.02602908586868591,-0.03922397965416835,-0.16409016653149755,-0.09026488918446907
2026-03-13,1325.5,1377.75,1292.050048828125,1301.0999755859375,1301.0999755859375,0,-0.039459651777672744,-0.11054147377950141,-0.066910532985203,-0.19737211289280243,-0.09507585797733453
2026-03-20,1300.199951171875,1360.199951171875,1270.6500244140625,1305.0999755859375,1305.0999755859375,0,0.003074321785455858,-0.08529581516495144,-0.07502036163509773,-0.19410910189503905,-0.1567487130837263
2026-03-27,1294.8499755859375,1334.0999755859375,1245.050048828125,1294.199951171875,1294.199951171875,0,-0.008351869295812997,-0.08611380937033475,-0.11531893528387704,-0.17852042826926773,-0.12272499496907308
2026-04-03,1275.0,1319.0,1257.5999755859375,1303.3499755859375,1303.3499755859375,0,0.007070023767020928,-0.03779858358610133,-0.08556098299614479,-0.1878933542531528,-0.12438698314683405
2026-04-10,1305.5999755859375,1375.9000244140625,1289.6500244140625,1365.199951171875,1365.199951171875,0,0.04745461828710429,0.04926598784775993,-0.03215064768097131,-0.1258244260381448,-0.0921665734512096
2026-04-17,1344.449951171875,1426.550048828125,1327.5,1416.5999755859375,1416.5999755859375,0,0.03765018037829648,0.08543406795325459,0.04812986897097504,-0.06778099608766086,-0.10406985187196482
2026-04-24,1418.25,1480.699951171875,1410.4000244140625,1438.699951171875,1438.699951171875,0,0.015600717186795343,0.11165198999517645,0.03862258293810883,-0.0658398974232075,-0.07045714671498948
2026-05-01,1444.0999755859375,1485.3499755859375,1439.0999755859375,1456.0,1456.0,0,0.012024778908231282,0.11712128535962618,0.04691713104440054,-0.053531366004391456,-0.04295525463216865
2026-05-08,1462.5999755859375,1483.800048828125,1432.300048828125,1472.800048828125,1472.800048828125,0,0.011538495074261634,0.07881636500491163,0.006836204311047922,-0.011311365293714015,-0.04434998183380867
2026-05-15,1465.8499755859375,1466.699951171875,1375.8499755859375,1436.0999755859375,1436.0999755859375,0,-0.024918571445858517,0.013765353900937694,0.0065180308659582575,-0.029465416655185872,-0.14591571721474228
2026-05-22,1421.5999755859375,1427.050048828125,1372.25,1374.550048828125,1374.550048828125,0,-0.04285908210025546,-0.044588798582704814,-0.029375401524389777,-0.04822732633887272,-0.18334668396144138
2026-05-29,1387.75,1432.3499755859375,1371.9000244140625,1408.300048828125,1408.300048828125,0,0.024553489360953806,-0.03276095547518887,0.039681073465318795,-0.04083088790864975,-0.17705837162073956
2026-06-05,1423.6500244140625,1508.5,1394.6500244140625,1502.449951171875,1502.449951171875,0,0.0668535816796243,0.02013165491632196,0.15475365411121578,0.047331846246296605,-0.11918513781511064
2026-06-12,1496.9000244140625,1517.0,1432.050048828125,1487.5999755859375,1487.5999755859375,0,-0.009883840439646518,0.03586101307395939,0.13983603050644833,0.05514771170435129,-0.13817276135412693
2026-06-19,1500.949951171875,1536.199951171875,1480.4000244140625,1515.4000244140625,1515.4000244140625,0,0.018687852436388486,0.10246987783822004,0.1709164592703738,0.0867756726057467,-0.09517555515095455
2026-06-26,1519.199951171875,1550.199951171875,1498.949951171875,1509.800048828125,1509.800048828125,0,-0.0036953777852173353,0.07207270928127874,0.15839956812012468,0.07005925162274496,-0.13619585781554866
2026-07-03,1509.3499755859375,1533.75,1475.6500244140625,1512.300048828125,1512.300048828125,0,0.0016558484031978793,0.0065560238120192516,0.10774985563834849,0.03376855806250245,-0.14159213916382862
2026-07-10,1514.8499755859375,1516.75,1446.699951171875,1484.300048828125,1484.300048828125,0,-0.018514844340378755,-0.002218289064244372,0.04779053678451839,0.04139479266033108,-0.1290852512450914
2026-07-17,1482.4000244140625,1528.550048828125,1475.9000244140625,1521.449951171875,1521.449951171875,0,0.025028566409521114,0.003992296859142375,0.057517204982593606,0.07862174223161023,-0.14093339588082576
