Date,Open,High,Low,Close,Adj Close,Volume,Return_1W,Return_4W,Return_12W,Return_26W,Return_52W
2007-09-21,4645.85009765625,4700.75,4476.85009765625,4603.85009765625,4603.85009765625,0,,,,,
2007-09-28,4605.7001953125,4882.85009765625,4520.9501953125,4804.2001953125,4804.2001953125,0,0.04351794550353527,,,,
2007-10-05,4813.35009765625,4943.64990234375,4696.0,4868.4501953125,4868.4501953125,0,0.013373714122631553,,,,
2007-10-12,4887.25,5187.35009765625,4802.2001953125,4877.85009765625,4877.85009765625,0,0.0019307791939209284,,,,
2007-10-19,4891.75,5037.5,4572.2001953125,4894.0498046875,4894.0498046875,0,0.003321075208734703,0.06303413466458996,,,
2007-10-26,4824.10009765625,4890.25,4719.75,4824.64990234375,4824.64990234375,0,-0.014180465077670235,0.004256630906264602,,,
2007-11-02,4838.0,4900.89990234375,4655.2998046875,4745.0498046875,4745.0498046875,0,-0.01649862669156188,-0.02534695553501065,,,
2007-11-09,4743.5,4769.0,4431.39990234375,4461.35009765625,4461.35009765625,0,-0.05978856254595921,-0.08538597776920687,,,
2007-11-16,4395.60009765625,4473.7001953125,4270.0,4374.60009765625,4374.60009765625,0,-0.019444786466225494,-0.10613903163260074,,,
2007-11-23,4365.2001953125,4436.9501953125,4141.2001953125,4238.60009765625,4238.60009765625,0,-0.031088555974033816,-0.12146991316464328,,,
2007-11-30,4255.5,4452.39990234375,4255.5,4431.14990234375,4431.14990234375,0,0.04542768844694067,-0.06615313121342947,,,
2007-12-07,4434.60009765625,4723.4501953125,4434.60009765625,4711.4501953125,4711.4501953125,0,0.06325678416351743,0.05605928523467352,,,
2007-12-14,4729.25,4763.35009765625,4551.10009765625,4569.7001953125,4569.7001953125,0,-0.030086277923733418,0.044598384606807207,-0.007417683377904716,,
2007-12-21,4607.5,4614.14990234375,4402.5,4593.7998046875,4593.7998046875,0,0.0052737834748373125,0.08380118408142789,-0.043795092225817234,,
2007-12-28,4608.39990234375,4919.85009765625,4608.39990234375,4824.64990234375,4824.64990234375,0,0.05025253765318438,0.08880313432679587,-0.008996763078920389,,
2008-01-04,4833.10009765625,4860.9501953125,4581.4501953125,4592.5,4592.5,0,-0.04811746075730272,-0.025247045045885375,-0.05849915268887773,,
2008-01-11,4580.0498046875,4599.7001953125,4363.2001953125,4404.35009765625,4404.35009765625,0,-0.040968949884322314,-0.036184014396800634,-0.10006022140645521,,
2008-01-18,4405.5,4413.85009765625,4041.89990234375,4060.0,4060.0,0,-0.07818408846278913,-0.11620005820515122,-0.1584881634566465,,
2008-01-25,4031.0,4042.10009765625,3318.25,3948.14990234375,3948.14990234375,0,-0.027549285137007384,-0.18167121298774613,-0.16794342212309665,,
2008-02-01,3874.89990234375,4102.0498046875,3704.300048828125,4074.14990234375,4074.14990234375,0,0.031913681880518796,-0.11286882910315732,-0.08678991489950849,,
2008-02-08,4099.75,4296.9501953125,3829.5,3961.050048828125,3961.050048828125,0,-0.027760356448976453,-0.10065050211699211,-0.09453436647836444,,
2008-02-15,3961.35009765625,4063.89990234375,3817.10009765625,3956.60009765625,3956.60009765625,0,-0.0011234271511392224,-0.025467956242302914,-0.06653140034511229,,
2008-02-22,3959.14990234375,4139.2998046875,3884.5,4017.300048828125,4017.300048828125,0,0.01534144206482524,0.017514569657886003,-0.09339558864770725,,
2008-02-29,4044.699951171875,4192.5498046875,3932.64990234375,3984.5,3984.5,0,-0.008164699780812468,-0.022004566472180298,-0.1542943605847208,,
2008-03-07,3932.050048828125,3937.25,3703.25,3762.050048828125,3762.050048828125,0,-0.0558288244878592,-0.050239203632096,-0.17674029191517748,,
2008-03-14,3742.550048828125,3797.60009765625,3394.89990234375,3530.699951171875,3530.699951171875,0,-0.061495752223794886,-0.1076429601102884,-0.2314205883397098,,
2008-03-21,3454.35009765625,3564.800048828125,3377.550048828125,3501.14990234375,3501.14990234375,0,-0.008369459097853138,-0.12848185104693377,-0.2743204225776178,-0.23951696339415307,
2008-03-28,3495.300048828125,3924.25,3495.300048828125,3904.699951171875,3904.699951171875,0,0.1152621453191649,-0.020027619231553495,-0.14976593333219923,-0.18723204853500386,
2008-04-04,3808.64990234375,3902.0,3627.25,3801.60009765625,3801.60009765625,0,-0.02640403995310392,0.010512898104703572,-0.1368533351426241,-0.2191354650569184,
2008-04-11,3837.14990234375,3945.64990234375,3795.449951171875,3824.64990234375,3824.64990234375,0,0.006063184999840043,0.08325543241767397,-0.05796800434883009,-0.2159148342460443,
2008-04-18,3824.89990234375,4320.39990234375,3798.199951171875,4304.2001953125,4304.2001953125,0,0.1253841018690054,0.22936758361336373,0.09018155383547799,-0.12052382646577164,
2008-04-25,4317.60009765625,4435.10009765625,4035.64990234375,4165.60009765625,4165.60009765625,0,-0.03220112712396439,0.06681695130148824,0.022446448340030623,-0.1366005447084031,
2008-05-02,3978.550048828125,4480.35009765625,3978.550048828125,4458.5,4458.5,0,0.07031397529219108,0.17279563485615967,0.12558537383768864,-0.060389209066767924,
2008-05-09,4467.75,4543.89990234375,4305.64990234375,4334.4501953125,4334.4501953125,0,-0.027823215136817292,0.13329332252249904,0.09549868279083218,-0.02844428246292896,
2008-05-16,4287.14990234375,4620.10009765625,4287.14990234375,4552.64990234375,4552.64990234375,0,0.050340803838794246,0.05772261878102802,0.13326110746240882,0.040700818523478954,
2008-05-23,4504.0498046875,4549.7998046875,4381.14990234375,4390.35009765625,4390.35009765625,0,-0.035649524599716376,0.05395381091105089,0.10185722114600315,0.03580191490202411,
2008-05-30,4389.2001953125,4704.35009765625,4331.10009765625,4688.35009765625,4688.35009765625,0,0.06787613592799469,0.051553234867388165,0.2462221493083716,0.05804366834361896,
2008-06-06,4699.64990234375,4773.64990234375,4395.64990234375,4571.2998046875,4571.2998046875,0,-0.02496620144200934,0.05464351848618354,0.29472905313583486,-0.02974676263466347,
2008-06-13,4495.89990234375,4495.89990234375,4165.9501953125,4322.7001953125,4322.7001953125,0,-0.05438269638759663,-0.05050898091524003,0.23465156188222203,-0.05405168598442567,
2008-06-20,4352.75,4439.64990234375,4158.89990234375,4179.7001953125,4179.7001953125,0,-0.03308117462207261,-0.04798020605605091,0.07042800921440628,-0.09014315533568829,
2008-06-27,4133.60009765625,4234.9501953125,3988.949951171875,4002.60009765625,4002.60009765625,0,-0.042371483451101644,-0.14626680723839558,0.05287247338927625,-0.17038537952529142,
2008-07-04,4016.75,4116.85009765625,3881.0,4000.800048828125,4000.800048828125,0,-0.00044971987813102743,-0.1248003369357602,0.046056541378187266,-0.1288404901844039,
2008-07-11,4015.949951171875,4194.7998046875,3809.5,3839.5,3839.5,0,-0.04031694832521593,-0.11178202824162509,-0.10796435440400354,-0.12824822848593076,
2008-07-18,3822.800048828125,3822.800048828125,3475.85009765625,3571.60009765625,3571.60009765625,0,-0.06977468481410343,-0.14548892725325835,-0.14259650136224322,-0.12029554244919949,
2008-07-25,3608.75,3816.14990234375,3535.0,3657.050048828125,3657.050048828125,0,0.023924837281740663,-0.08633139469278084,-0.17975775511312664,-0.0737306993695499,
2008-08-01,3656.64990234375,3878.0,3513.449951171875,3851.85009765625,3851.85009765625,0,0.05326699012242053,-0.03723004133023444,-0.11134055668194298,-0.0545634819572095,
2008-08-08,3826.39990234375,4020.800048828125,3796.449951171875,3916.39990234375,3916.39990234375,0,0.016758130002716642,0.020028624129118322,-0.1397537727802114,-0.011272300509705735,
2008-08-15,3938.800048828125,3980.25,3787.35009765625,3907.39990234375,3907.39990234375,0,-0.0022980288592627796,0.09401942980902533,-0.11000266142108317,-0.012434967926539864,
2008-08-22,3919.449951171875,3985.949951171875,3791.14990234375,3829.39990234375,3829.39990234375,0,-0.019962123649850616,0.047128109053594436,-0.18320948253030367,-0.04677274393262876,
2008-08-29,3848.25,3931.60009765625,3793.75,3926.800048828125,3926.800048828125,0,0.025434832863697965,0.019458169261955538,-0.14098829291364623,-0.014481102063464646,
2008-09-05,3925.449951171875,4071.550048828125,3892.25,3927.39990234375,3927.39990234375,0,0.00015275886425736296,0.00280870193909899,-0.09144753860038923,0.04395206107561789,
2008-09-12,3998.699951171875,4060.800048828125,3794.25,3806.449951171875,3806.449951171875,0,-0.03079644400349857,-0.02583558215050441,-0.08930072175014425,0.07810066100589363,
2008-09-19,3729.0,3751.25,3300.60009765625,3660.10009765625,3660.10009765625,0,-0.0384478596574136,-0.04421053141613174,-0.08556937781532392,0.0453994258303807,-0.20499147017850317
2008-09-26,3694.14990234375,3710.10009765625,3193.5,3211.85009765625,3211.85009765625,0,-0.12246932817139,-0.182069354762598,-0.1971980457766107,-0.17743997289924607,-0.3314495718163285
2008-10-03,3192.449951171875,3218.39990234375,2902.10009765625,3106.550048828125,3106.550048828125,0,-0.03278485783161689,-0.20900592603920154,-0.19089723952907278,-0.18283092144716506,-0.3619016475059741
2008-10-10,3081.35009765625,3081.35009765625,2336.89990234375,2498.85009765625,2498.85009765625,0,-0.19561891539494625,-0.34352214538196146,-0.30035557471956575,-0.3466460561200774,-0.48771486461691016
2008-10-17,2549.60009765625,2920.14990234375,2363.85009765625,2391.5,2391.5,0,-0.04295979889187307,-0.3466025692763429,-0.3460576234754187,-0.44437993320931746,-0.5113453897200981
2008-10-24,2441.0,2787.449951171875,2307.949951171875,2415.550048828125,2415.550048828125,0,0.010056470344187662,-0.24792565799045252,-0.3728857594178122,-0.4201195524776322,-0.4993315374749402
2008-10-31,2388.0,2802.25,2125.25,2686.949951171875,2686.949951171875,0,0.11235532150344651,-0.13506947934559577,-0.31392349653469165,-0.3973421663851351,-0.4337361962950287
2008-11-07,2776.5,2806.699951171875,2435.300048828125,2550.35009765625,2550.35009765625,0,-0.05083825750310267,0.020609479555537824,-0.3473025128227878,-0.4116093200437898,-0.4283456707430191
2008-11-14,2597.300048828125,2688.449951171875,2419.0,2449.60009765625,2449.60009765625,0,-0.03950438023884972,0.024294416749425007,-0.36031750140355046,-0.4619397163846991,-0.44004022242658114
2008-11-21,2452.14990234375,2468.25,2161.0,2328.5,2328.5,0,-0.04943668061252826,-0.036037360877849034,-0.4070235379835817,-0.4696322734619617,-0.4506440932496668
2008-11-28,2313.0,2466.89990234375,2271.35009765625,2449.949951171875,2449.949951171875,0,0.05215802068794284,-0.08820409918563454,-0.37619035186362837,-0.4774387790714205,-0.4471074088746054
2008-12-05,2457.10009765625,2543.39990234375,2262.14990234375,2275.75,2275.75,0,-0.07110347339485468,-0.10767153023759568,-0.40213321357361476,-0.5021656646395405,-0.5169746244448936
2008-12-12,2282.60009765625,2402.35009765625,2171.85009765625,2211.949951171875,2211.949951171875,0,-0.028034735286444068,-0.0970158952523541,-0.39565861802842495,-0.48829438748250575,-0.5159529385667696
2008-12-19,2241.10009765625,2343.85009765625,2190.64990234375,2329.39990234375,2329.39990234375,0,0.05309792434935101,0.00038647298421734533,-0.27474825053524177,-0.44268732361326935,-0.49292524677134664
2008-12-26,2324.800048828125,2352.5,2115.699951171875,2126.10009765625,2126.10009765625,0,-0.08727561312376964,-0.13218631399417735,-0.31560732509097267,-0.4688202553881906,-0.5593255177700212
2009-01-02,2121.39990234375,2304.0,2066.699951171875,2262.800048828125,2262.800048828125,0,0.0642961031432947,-0.005690410269965973,-0.09446346903702774,-0.4344131120746906,-0.507283603956859
2009-01-09,2265.35009765625,2360.550048828125,2109.39990234375,2210.0,2210.0,0,-0.023333943648918276,-0.0008815530255745774,-0.07589379050804934,-0.424404219299388,-0.49822335849821775
2009-01-16,2172.550048828125,2301.75,2046.300048828125,2190.89990234375,2190.89990234375,0,-0.008642578125000022,-0.05945737348947544,-0.09300165260221427,-0.3865774883975788,-0.4603694821813423
2009-01-23,2195.300048828125,2201.199951171875,2047.300048828125,2065.14990234375,2065.14990234375,0,-0.05739650627830006,-0.028667603834687583,-0.23141482354627996,-0.43529624293615776,-0.4769322458810873
2009-01-30,2091.949951171875,2233.800048828125,2091.949951171875,2225.75,2225.75,0,0.07776679914324092,-0.016373540758633398,-0.1272766817208958,-0.4221607945349922,-0.4536897135965504
2009-02-06,2213.85009765625,2221.85009765625,2110.699951171875,2185.10009765625,2185.10009765625,0,-0.01826346280748059,-0.011266924137443457,-0.10797680823619771,-0.44206410168977184,-0.4483533228006773
2009-02-13,2187.199951171875,2249.60009765625,2166.300048828125,2191.60009765625,2191.60009765625,0,0.002974692100820464,0.00031959256182867435,-0.05879317257622929,-0.4391154853789916,-0.44609006632879666
2009-02-20,2188.25,2195.550048828125,2035.8499755859373,2062.89990234375,2062.89990234375,0,-0.05872430625009328,-0.0010895092881375579,-0.15798283905472799,-0.4612994320386412,-0.4864959357602595
2009-02-27,2059.14990234375,2122.60009765625,2012.25,2094.10009765625,2094.10009765625,0,0.015124434916620189,-0.05914855771930805,-0.07981979670163686,-0.4667158827500798,-0.47443842448080065
2009-03-06,2077.60009765625,2082.0,1992.800048828125,2073.60009765625,2073.60009765625,0,-0.009789407881191536,-0.05102741065253513,-0.062546556915688,-0.47201707256274306,-0.44881113468913725
2009-03-13,2054.949951171875,2188.39990234375,2014.25,2184.35009765625,2184.35009765625,0,0.053409526805664465,-0.0033080852696407703,-0.06226917264895415,-0.4261450628074688,-0.3813266128912365
2009-03-20,2182.050048828125,2258.85009765625,2156.949951171875,2229.35009765625,2229.35009765625,0,0.02060109322598236,0.08068748033939444,0.04856309451931251,-0.3909046096625015,-0.3632520286652474
2009-03-27,2228.800048828125,2418.39990234375,2228.800048828125,2387.75,2387.75,0,0.07105205347077526,0.14022725211292797,0.05521917468429649,-0.2565811207246602,-0.3884933465160644
2009-04-03,2358.5,2514.050048828125,2249.449951171875,2493.949951171875,2493.949951171875,0,0.044476997663857265,0.20271500468713244,0.1284841408017534,-0.19719627497626813,-0.34397361976357355
2009-04-10,2525.35009765625,2604.050048828125,2431.550048828125,2556.199951171875,2556.199951171875,0,0.024960404666801494,0.17023363329651686,0.16673516139981537,0.022950497738706055,-0.3316512579084866
2009-04-17,2593.35009765625,2607.89990234375,2397.64990234375,2537.300048828125,2537.300048828125,0,-0.007393749591101173,0.13813440585021963,0.22862754221789383,0.060965941387465916,-0.4105060327836567
2009-04-24,2522.14990234375,2661.60009765625,2471.550048828125,2655.25,2655.25,0,0.046486402436460406,0.11203015391058524,0.19296866224868015,0.09923203673141145,-0.3625768346092654
2009-05-01,2629.89990234375,2781.60009765625,2619.050048828125,2770.85009765625,2770.85009765625,0,0.04353642694896909,0.11102875033809845,0.26806552277777973,0.031225049967076313,-0.37852414541746104
2009-05-08,2804.89990234375,3006.5,2804.89990234375,2851.550048828125,2851.550048828125,0,0.029124618195742746,0.11554264271104797,0.3011269947823243,0.118101413389744,-0.3421195491156088
2009-05-15,2852.10009765625,3005.949951171875,2790.699951171875,2981.14990234375,2981.14990234375,0,0.04544891420330699,0.17492998264853266,0.445125814857394,0.21699452298196786,-0.3451835818060546
2009-05-22,3343.60009765625,3375.199951171875,2960.89990234375,3020.199951171875,3020.199951171875,0,0.013098988681321977,0.1374446666686282,0.44224240023298345,0.2970581709993021,-0.3120822066595139
2009-05-29,3039.050048828125,3217.550048828125,2980.800048828125,3191.85009765625,3191.85009765625,0,0.05683403392473152,0.1519389303506915,0.5392794884915062,0.3028225724078586,-0.31919544590923665
2009-06-05,3173.64990234375,3380.89990234375,3173.64990234375,3359.050048828125,3359.050048828125,0,0.05238339710710371,0.17797337984951822,0.5377800712588596,0.47601891632566184,-0.2651871038115484
2009-06-12,3382.699951171875,3720.699951171875,3371.39990234375,3498.35009765625,3498.35009765625,0,0.04147007243215173,0.1734901673028526,0.569224188400969,0.5815683785263086,-0.19070258412789498
2009-06-19,3493.050048828125,3537.85009765625,3366.25,3462.85009765625,3462.85009765625,0,-0.010147640747500852,0.14656319238486892,0.45025655854099056,0.4865846324506442,-0.17150753981354727
2009-06-26,3492.75,3599.949951171875,3350.449951171875,3577.550048828125,3577.550048828125,0,0.03312299058209511,0.12083899286344657,0.43449151701985045,0.6826818515139106,-0.10619348384991445
2009-07-03,3586.10009765625,3595.0,3476.0,3545.300048828125,3545.300048828125,0,-0.009014548939871303,0.05544722385573775,0.3869415994640024,0.5667756639231956,-0.11385222816456941
2009-07-10,3547.0,3581.25,3320.550048828125,3423.60009765625,3423.60009765625,0,-0.03432712309134511,-0.02136721537677988,0.34930833238956915,0.5491403156815611,-0.10832137058047919
2009-07-17,3437.300048828125,3793.60009765625,3407.550048828125,3772.949951171875,3772.949951171875,0,0.1020416647828657,0.08955046992230731,0.42093962947815644,0.7221005611144999,0.05637525143079558
2009-07-24,3842.800048828125,4170.9501953125,3842.800048828125,4076.0,4076.0,0,0.08032177811794128,0.13932717764078495,0.47102869384660084,0.9737066037550712,0.11455953448220502
2009-07-31,4073.60009765625,4374.5498046875,4032.199951171875,4330.0498046875,4330.0498046875,0,0.0623282150852551,0.22134932024124976,0.5184898495704049,0.9454340355778952,0.12414805740291457
2009-08-07,4339.5,4427.14990234375,4262.10009765625,4278.0,4278.0,0,-0.012020601848771628,0.2495618290607775,0.4350167351989511,0.9578050472784316,0.09232971776959054
2009-08-14,4310.9501953125,4488.85009765625,4232.5,4391.9501953125,4391.9501953125,0,0.02663632428997187,0.16406267036443567,0.45419186355803,1.0039925167047388,0.12400837003607057
2009-08-21,4346.64990234375,4377.5498046875,4202.60009765625,4368.14990234375,4368.14990234375,0,-0.005419071690328292,0.07167563845528702,0.36853228337735766,1.117480299156011,0.14068783980233124
2009-08-28,4411.64990234375,4789.39990234375,4411.64990234375,4721.14990234375,4721.14990234375,0,0.0808122449759785,0.09032230927987572,0.40550150599596524,1.2545005884044111,0.20228935612667187
2009-09-04,4644.0498046875,4731.75,4595.85009765625,4704.64990234375,4704.64990234375,0,-0.0034949112697753026,0.09973115996815096,0.34481963526053927,1.268831829078965,0.19790447097993802
2009-09-11,4734.5,4837.5,4686.7001953125,4785.64990234375,4785.64990234375,0,0.01721700906153445,0.08964120482318827,0.38199742044358387,1.1908804396688177,0.2572475571024946
2009-09-18,4726.7998046875,5015.85009765625,4726.7998046875,4979.0498046875,4979.0498046875,0,0.04041246357136008,0.1398532367252252,0.39174846940812347,1.2334086556983812,0.3603589169257533
2009-09-25,4978.0,5101.4501953125,4883.35009765625,4905.60009765625,4905.60009765625,0,-0.014751751822627113,0.03906891310969218,0.38369109245852484,1.054486482109203,0.5273440380159593
2009-10-02,4988.7001953125,5215.25,4965.25,5174.0498046875,5174.0498046875,0,0.0547231127053156,0.09977360953254055,0.5112891859740232,1.0746405926294873,0.6655291958483953
2009-10-09,5114.39990234375,5203.4501953125,4761.4501953125,4774.7998046875,4774.7998046875,0,-0.07716392672492134,-0.002267215086280361,0.2655348908629045,0.8679289163191326,0.9107988146891783
2009-10-16,4800.4501953125,5007.5498046875,4800.4501953125,4937.35009765625,4937.35009765625,0,0.03404337346440611,-0.008375033122181685,0.2113223988361752,0.9459070676077943,1.064541123837027
2009-10-23,5000.4501953125,5163.89990234375,4993.10009765625,5126.14990234375,5126.14990234375,0,0.038239096064328626,0.04495878186093316,0.18385472074580544,0.9305714724955276,1.122146011766819
2009-10-30,5136.0,5236.75,4978.14990234375,5048.7998046875,5048.7998046875,0,-0.015089316373850914,-0.024207343324474384,0.1801776074538335,0.8221122134893097,0.8790077584011335
2009-11-06,5060.89990234375,5121.5498046875,4828.2998046875,5068.10009765625,5068.10009765625,0,0.0038227487156117235,0.06142672048382258,0.1539520878596028,0.7773140961488787,0.9872174029415768
2009-11-13,5082.10009765625,5406.60009765625,5030.7001953125,5379.10009765625,5379.10009765625,0,0.061364218150273375,0.08947107076925698,0.23143669926942523,0.80437088837004,1.1959094885744466
2009-11-20,5397.4501953125,5573.85009765625,5328.10009765625,5463.5498046875,5463.5498046875,0,0.0156995976089096,0.06581935931867422,0.15724980517462406,0.8090026796297294,1.3463817069733732
2009-11-27,5486.85009765625,5525.7001953125,5162.4501953125,5262.5,5262.5,0,-0.036798384177811894,0.04232692988026421,0.11857419983118023,0.6487303096922414,1.1480030632800515
2009-12-04,5315.7998046875,5497.25,5309.60009765625,5429.60009765625,5429.60009765625,0,0.03175298767814727,0.07132850437724714,0.13455856747839579,0.616409407043661,1.3858508613231901
2009-12-11,5442.10009765625,5587.0498046875,5417.0,5521.0498046875,5521.0498046875,0,0.01684280709194863,0.026389117966609144,0.10885611135878515,0.5781867596345989,1.496010274446982
2009-12-18,5510.0498046875,5735.0498046875,5510.0498046875,5682.7998046875,5682.7998046875,0,0.029296964476333898,0.040129587509551534,0.15843111781626318,0.6410758896360462,1.4395981982182158
2009-12-25,5721.7001953125,5854.4501953125,5620.2998046875,5829.7001953125,5829.7001953125,0,0.02585000275811722,0.10778150979809986,0.1267189948637535,0.6295230299355552,1.7419688290965176
2010-01-01,5838.35009765625,5843.2001953125,5762.7998046875,5818.39990234375,5818.39990234375,0,-0.0019384003619664636,0.07160744763787119,0.21856415773321647,0.6411586670264997,1.5713274601337508
2010-01-08,5819.5,5923.25,5599.2998046875,5607.89990234375,5607.89990234375,0,-0.03617833141981308,0.015730721643284706,0.1358116786180119,0.6380125430487171,1.537511268028846
2010-01-15,5629.7001953125,6160.0,5606.14990234375,6118.39990234375,6118.39990234375,0,0.09103229531373103,0.07665237429214766,0.19356632539097784,0.6216488375212559,1.7926423730260312
2010-01-22,6131.75,6190.85009765625,5814.60009765625,5874.60009765625,5874.60009765625,0,-0.03984698754229987,0.007701923055983606,0.1635636834326537,0.44126597096571385,1.8446361646624942
2010-01-29,5850.60009765625,5850.60009765625,5423.4501953125,5594.14990234375,5594.14990234375,0,-0.04773945300964222,-0.03854152408975331,0.1037962539316799,0.2919366184397687,1.5133774693221387
2010-02-05,5543.5498046875,5745.0,5401.5498046875,5449.75,5449.75,0,-0.025812662310541912,-0.028201270546511226,0.013134149032573816,0.273901355773726,1.4940505040686376
2010-02-12,5503.10009765625,5678.0498046875,5387.9501953125,5644.2001953125,5644.2001953125,0,0.035680571643194714,-0.07750387594795827,0.03306465523019653,0.2851239072192846,1.5753786931058014
2010-02-19,5669.89990234375,5798.25,5630.0498046875,5712.4501953125,5712.4501953125,0,0.012092058686486995,-0.027601862194575943,0.08550122476247024,0.3077504946081313,1.7691359085442477
2010-02-26,5759.5498046875,5832.0,5724.7998046875,5766.7001953125,5766.7001953125,0,0.009496800522570181,0.030844774627232896,0.062085621702004046,0.22146093951596435,1.753784406851746
2010-03-05,5823.5498046875,5913.14990234375,5797.9501953125,5843.2001953125,5843.2001953125,0,0.013265818823420705,0.07219600813110683,0.05834948099027959,0.24200531742044196,1.8179011960488216
2010-03-12,5843.4501953125,5987.89990234375,5843.4501953125,5960.64990234375,5960.64990234375,0,0.02010023670341976,0.05606635060430021,0.04889317012840455,0.24552569117614498,1.7287978739028005
2010-03-19,5980.64990234375,6189.60009765625,5906.5,6145.4501953125,6145.4501953125,0,0.031003379832136302,0.07579934794973076,0.05416230499364039,0.2342616435623719,1.7566106381287114
2010-03-26,6086.25,6223.5,6085.14990234375,6151.89990234375,6151.89990234375,0,0.0010495092834972297,0.06679724868380754,0.057318164030915275,0.2540565435170603,1.576442216456392
2010-04-02,6133.64990234375,6140.89990234375,5842.2998046875,5984.0,5984.0,0,-0.027292365774642002,0.02409635131112764,0.06706612175781945,0.15654085791341132,1.3994066108616958
2010-04-09,5992.7998046875,6017.35009765625,5871.9501953125,5950.7001953125,5950.7001953125,0,-0.005564806933071487,-0.0016692319116641263,-0.027409079123286828,0.2462721870497271,1.3279478557944717
2010-04-16,5969.10009765625,6230.60009765625,5905.14990234375,6142.85009765625,6142.85009765625,0,0.03229030131531596,-0.0004230931133789584,0.04566268265767093,0.24415931140314484,1.4210183972894264
2010-04-23,6123.5498046875,6123.5498046875,5976.60009765625,6016.14990234375,6016.14990234375,0,-0.02062563684580898,-0.022066353834574226,0.07543594779667906,0.17361958135345956,1.2657564833231336
2010-04-30,6034.5,6059.85009765625,5899.35009765625,5985.7998046875,5985.7998046875,0,-0.005044770849946145,0.0003007694999164201,0.09836227435891565,0.1855886619093221,1.160275581039424
2010-05-07,5946.39990234375,5958.60009765625,5712.25,5726.60009765625,5726.60009765625,0,-0.04330243501098552,-0.037659450199285516,0.014599039632255284,0.12993034614776544,1.0082411318748052
2010-05-14,5780.7998046875,5972.35009765625,5772.89990234375,5839.75,5839.75,0,0.019758652675967214,-0.049341932952571166,0.022284623994089037,0.08563698276305765,0.9588917670355481
2010-05-21,5827.39990234375,5827.39990234375,5554.0,5606.4501953125,5606.4501953125,0,-0.03995030689455881,-0.06809998315893706,-0.027788855770629506,0.026155227962303407,0.8563175570998629
2010-05-28,5622.7001953125,5792.25,5446.7998046875,5783.60009765625,5783.60009765625,0,0.03159751646271003,-0.033779898030152467,-0.010199906842839668,0.09902139622921613,0.811989886963395
2010-06-04,5852.35009765625,5894.35009765625,5679.10009765625,5884.2998046875,5884.2998046875,0,0.017411249970767706,0.027538103646488787,-0.012809022322587515,0.08374460344280732,0.7517749718377555
2010-06-11,5783.60009765625,5821.5498046875,5658.85009765625,5739.25,5739.25,0,-0.024650308363273976,-0.017209640823665384,-0.0660977117058622,0.039521504610815716,0.6405590749322261
2010-06-18,5778.85009765625,6064.0,5778.85009765625,6006.9501953125,6006.9501953125,0,0.046643759256435935,0.07143557617525165,-0.0235617791791487,0.05704061409265582,0.734683866153538
2010-06-25,6018.2998046875,6071.75,5908.0498046875,5921.75,5921.75,0,-0.01418360275052477,0.02388648938569138,-0.010402740641711206,0.015789800779380414,0.6552528739436503
2010-07-02,5929.5,5990.4501953125,5800.39990234375,5836.2998046875,5836.2998046875,0,-0.014429889021404185,-0.008157300204480133,-0.019224694047788815,0.0030764304008288335,0.6462075774423237
2010-07-09,5837.5498046875,6123.10009765625,5832.14990234375,6108.39990234375,6108.39990234375,0,0.046622021959480175,0.06432023388835639,-0.0056081777619225726,0.08924909658084701,0.7842036827039107
2010-07-16,6129.2998046875,6196.39990234375,5936.5498046875,6086.10009765625,6086.10009765625,0,-0.003650678580972344,0.013176387313068583,0.011627069878237029,-0.005279126111898513,0.6130879487987675
2010-07-23,6044.0,6134.7001953125,6020.60009765625,6100.39990234375,6100.39990234375,0,0.0023495842096004083,0.030168430336260377,0.01914532750769693,0.038436625631349086,0.49666337152692597
2010-07-30,6103.89990234375,6187.2998046875,6045.60009765625,6086.85009765625,6086.85009765625,0,-0.002221133844404921,0.042929647439892804,0.06290818179314472,0.08807418533887978,0.40572288361831865
2010-08-06,6102.10009765625,6344.35009765625,6056.64990234375,6259.89990234375,6259.89990234375,0,0.02843010784085731,0.024801912517526947,0.07194655633267688,0.148658177410661,0.4632772095240183
2010-08-13,6233.7998046875,6320.2001953125,6057.0498046875,6116.7001953125,6116.7001953125,0,-0.022875718344575247,0.005027866312621754,0.09101124280504891,0.08371425244490993,0.39270709441122853
2010-08-20,6086.7998046875,6216.5498046875,6035.10009765625,6128.60009765625,6128.60009765625,0,0.0019454774574156897,0.004622679785576844,0.05965142716900629,0.07284963336489692,0.4030196386730964
2010-08-27,6131.5498046875,6190.85009765625,5984.39990234375,6005.89990234375,6005.89990234375,0,-0.020020917233516955,-0.013299193180996816,0.02066517711408622,0.0414794768116582,0.27212650023296314
2010-09-03,6034.7001953125,6140.25,5908.7001953125,6076.10009765625,6076.10009765625,0,0.011688539012297827,-0.02936146065509515,0.058692354864529284,0.03985827877856818,0.29150951160664995
2010-09-10,6125.60009765625,6316.2001953125,6125.60009765625,6302.0,6302.0,0,0.03717843661444742,0.03029407994027622,0.049118070750401976,0.057267261665884694,0.3168535368443113
2010-09-17,6308.60009765625,6617.7001953125,6308.60009765625,6477.85009765625,6477.85009765625,0,0.027903855546850265,0.056986912905862885,0.09390806732068224,0.05408877979310467,0.3010213498080925
2010-09-24,6488.2001953125,6685.7998046875,6488.2001953125,6634.7001953125,6634.7001953125,0,0.02421329535133876,0.10469709838543362,0.13679907087428145,0.07847986811112007,0.35247473565616616
2010-10-01,6654.7001953125,6768.60009765625,6532.14990234375,6759.14990234375,6759.14990234375,0,0.018757397224847594,0.11241582490567836,0.10653362752990536,0.12953708261092078,0.3063557865678461
2010-10-08,6780.7001953125,6866.7998046875,6643.39990234375,6710.64990234375,6710.64990234375,0,-0.007175458556287206,0.06484447831541584,0.10261904908991126,0.12770761122025265,0.4054306309880875
2010-10-15,6743.14990234375,7053.4501953125,6672.0498046875,6730.10009765625,6730.10009765625,0,0.0028984070984998667,0.03894038858529103,0.1032227731612434,0.09559894685108139,0.3630996312882522
2010-10-22,6760.39990234375,6834.89990234375,6614.35009765625,6777.10009765625,6777.10009765625,0,0.006983551406073207,0.021462899325030094,0.11340019696982218,0.1264845802821588,0.322064361511875
2010-10-29,6785.7001953125,6827.10009765625,6554.39990234375,6613.25,6613.25,0,-0.024177021926076403,-0.021585540260493197,0.05644660508452426,0.10482311734200356,0.3098657613359921
2010-11-05,6637.7001953125,6834.85009765625,6637.7001953125,6818.64990234375,6818.64990234375,0,0.031058844341851577,0.0160938212500521,0.11475954102984898,0.1906977588909078,0.3454055308609718
2010-11-12,6847.9501953125,6891.5498046875,6644.7001953125,6663.2001953125,6663.2001953125,0,-0.02279772524731294,-0.00994040227827342,0.0872303771069507,0.14100778206472886,0.23872024582992069
2010-11-19,6676.60009765625,6752.35009765625,6482.7998046875,6503.5,6503.5,0,-0.02396749169038137,-0.0403712640677788,0.0828518799425988,0.16000317017665022,0.1903433175296152
2010-11-26,6519.7001953125,6739.60009765625,6514.7001953125,6615.39990234375,6615.39990234375,0,0.017206104765703056,0.00032509013627946004,0.08875755764713711,0.14382042164785558,0.2570831168349168
2010-12-03,6659.5498046875,6906.5498046875,6602.9501953125,6856.64990234375,6856.64990234375,0,0.0364679389849929,0.005572950737203541,0.08801172680795788,0.1652448260507844,0.2628277919221902
2010-12-10,6870.25,6957.89990234375,6799.64990234375,6869.10009765625,6869.10009765625,0,0.0018157840184087615,0.03090105299381496,0.060398125010882486,0.19686371871869146,0.24416557369655023
2010-12-17,6872.10009765625,7221.64990234375,6744.2998046875,7211.7998046875,7211.7998046875,0,0.04989004413375486,0.10891055657530568,0.08698201763249647,0.200575927916832,0.26905751611006834
2010-12-24,7136.9501953125,7380.10009765625,7136.9501953125,7353.64990234375,7353.64990234375,0,0.019669167405901966,0.11159567235511303,0.08795484766417982,0.24180350442753418,0.2614113343695814
2010-12-31,7339.75,7512.10009765625,7339.75,7491.10009765625,7491.10009765625,0,0.01869142495737952,0.09253063877384649,0.11630024016599672,0.2835358614784791,0.28748457022328555
2011-01-07,7503.9501953125,7591.89990234375,7311.2998046875,7333.7998046875,7333.7998046875,0,-0.020998290093328875,0.06765074033348362,0.08970144548689363,0.20060898466611077,0.3077622518944092
2011-01-14,7343.2998046875,7418.2001953125,7043.64990234375,7068.2001953125,7068.2001953125,0,-0.03621582487229036,-0.019911757572868782,0.04295348946622801,0.16136772019810453,0.15523671354089075
2011-01-21,7057.5498046875,7378.0498046875,7049.7998046875,7249.7998046875,7249.7998046875,0,0.025692482436396435,-0.014122252083710318,0.09625370350243823,0.18841386150802264,0.2340924801979125
2011-01-28,7232.60009765625,7327.10009765625,7005.89990234375,7065.35009765625,7065.35009765625,0,-0.02544204143568085,-0.05683410906940156,0.03618021145618622,0.1607563820861586,0.26298905481530266
2011-02-04,6990.75,7063.2998046875,6824.2001953125,6850.64990234375,6850.64990234375,0,-0.03038776456154968,-0.06587988699049818,0.028132083914140793,0.09437051857311962,0.2570576452761595
2011-02-11,6916.85009765625,6920.35009765625,6624.0498046875,6719.64990234375,6719.64990234375,0,-0.019122273341567464,-0.049312453430493064,0.03323593485719223,0.09857434364582995,0.19054067357929827
2011-02-18,6727.4501953125,6957.25,6724.39990234375,6832.0498046875,6832.0498046875,0,0.016727047387475658,-0.05762228078765641,0.03274932816487697,0.11478146653756527,0.1959928876568091
2011-02-25,6831.0498046875,7029.60009765625,6599.75,6679.7998046875,6679.7998046875,0,-0.02228467361223574,-0.054569170336887685,-0.025792493444327547,0.11220631600616038,0.15834005210071767
2011-03-04,6688.5498046875,6918.7001953125,6628.0498046875,6810.5498046875,6810.5498046875,0,0.019573939911828875,-0.005853473499285222,-0.008523721031336806,0.12087518230888783,0.16555133780133402
2011-03-11,6754.7001953125,6914.2001953125,6692.7001953125,6722.25,6722.25,0,-0.012965150717600737,0.00038693945280443565,-0.06788177957592556,0.0666851793081562,0.12777131858671753
2011-03-18,6683.0498046875,6831.0498046875,6536.2998046875,6552.64990234375,6552.64990234375,0,-0.02522966233868873,-0.04089547212493272,-0.10892550102836762,0.01154701074582798,0.06626035426043253
2011-03-25,6578.89990234375,6960.4501953125,6489.64990234375,6930.64990234375,6930.64990234375,0,0.057686585676551605,0.03755353528412897,-0.07481547276185097,0.044606342158511225,0.12658691011915058
2011-04-01,6901.14990234375,7192.35009765625,6857.2001953125,7109.85009765625,7109.85009765625,0,0.025856189222875026,0.04394656841988742,-0.03053665398503369,0.051885251899931095,0.18814339867250163
2011-04-08,7130.25,7344.89990234375,7130.25,7168.7998046875,7168.7998046875,0,0.008291272842824382,0.06642862206664435,0.014232705157632086,0.06827206142638098,0.20469853452447895
2011-04-15,7107.5,7328.75,6824.0498046875,6842.14990234375,6842.14990234375,0,-0.045565493700934656,0.044180599347517724,-0.05622912540014913,0.016649054703736343,0.11383963365056093
2011-04-22,6764.39990234375,6899.35009765625,6619.10009765625,6780.85009765625,6780.85009765625,0,-0.008959143772413136,-0.02161410643998074,-0.0402669359717045,0.0005533340139534104,0.12710790251662285
2011-04-29,6778.4501953125,6856.5498046875,6680.64990234375,6718.35009765625,6718.35009765625,0,-0.009217133412461442,-0.055064452080228476,-0.019312007849392132,0.015892352119797337,0.12238135535289496
2011-05-06,6740.5498046875,6772.39990234375,6484.85009765625,6627.0,6627.0,0,-0.013597102908959435,-0.07557747732517661,-0.013787906169253628,-0.02810672275135795,0.15723114710109765
2011-05-13,6645.14990234375,6686.5,6554.85009765625,6609.5498046875,6609.5498046875,0,-0.0026331968179417187,-0.033995177097270846,-0.03256709279949066,-0.008051745265396981,0.13182067805770803
2011-05-20,6601.0498046875,6640.14990234375,6527.35009765625,6615.39990234375,6615.39990234375,0,0.0008850977493355394,-0.02439962437300991,-0.009640992878043764,0.017206104765703056,0.17996230625125742
2011-05-27,6586.64990234375,6595.85009765625,6402.7998046875,6507.60009765625,6507.60009765625,0,-0.01629528165777372,-0.03136930897267798,-0.04448241562270616,-0.01629528165777372,0.12518154571119022
2011-06-03,6538.5,6633.14990234375,6481.2001953125,6562.0498046875,6562.0498046875,12700,0.008367094814394127,-0.00980084432058248,-0.023831335536836584,-0.04296560300614871,0.11517937944971757
2011-06-10,6549.35009765625,6711.2001953125,6519.89990234375,6653.4501953125,6653.4501953125,0,0.013928634092309045,0.006641963813309282,0.015383134223712513,-0.03139420000843052,0.15928913975040282
2011-06-17,6631.25,6682.25,6336.85009765625,6357.10009765625,6357.10009765625,0,-0.044540815510279885,-0.039045229086753785,-0.08275555868051299,-0.11851406447468427,0.05829079498894263
2011-06-24,6365.75,6520.10009765625,6050.0,6499.10009765625,6499.10009765625,0,0.022337228896608607,-0.0013061650796676316,-0.08590195174457094,-0.11620757257088599,0.09749653356799093
2011-07-01,6437.10009765625,6715.64990234375,6428.7001953125,6674.75,6674.75,0,0.027026803665801902,0.01717454128921636,-0.06891666919816242,-0.10897599645099687,0.14366126199327311
2011-07-08,6724.75,6835.25,6660.35009765625,6723.85009765625,6723.85009765625,0,0.00735609538278581,0.010580961798338562,-0.01728985865202648,-0.08316966964947592,0.10075473203323781
2011-07-15,6689.2998046875,6719.5,6314.60009765625,6346.0498046875,6346.0498046875,0,-0.05618808978213852,-0.0017382600240672952,-0.06412179692912479,-0.10216892146092815,0.04271203280592717
2011-07-22,6351.10009765625,6461.2001953125,6286.5,6438.5,6438.5,0,0.014568148400633696,-0.009324382875423587,-0.04165458685367973,-0.11190651142710706,0.05542261213504274
2011-07-29,6426.2998046875,6470.5,6264.75,6335.10009765625,6335.10009765625,0,-0.01605962605323441,-0.05088578633563057,-0.04404706539063674,-0.10335652018747687,0.04078464164832796
2011-08-05,6350.39990234375,6422.7998046875,5770.2998046875,5911.5498046875,5911.5498046875,0,-0.0668577112341836,-0.12080880465373489,-0.10560477197780971,-0.13708189895019507,-0.05564787026799345
2011-08-12,5709.89990234375,5717.75,5362.25,5416.25,5416.25,0,-0.08378510222391378,-0.14651631066631476,-0.18126642682914862,-0.19396842414202808,-0.11451439059401447
2011-08-19,5514.10009765625,5608.35009765625,5011.10009765625,5113.85009765625,5113.85009765625,0,-0.05583196904569587,-0.2057388991758562,-0.21417265644549477,-0.2514910980087389,-0.16557614852175928
2011-08-26,5095.85009765625,5329.10009765625,5035.2001953125,5088.7001953125,5088.7001953125,0,-0.004917997568070431,-0.19674510001899914,-0.22452581940517047,-0.23819570285002523,-0.15271644914916427
2011-09-02,5160.7001953125,5554.89990234375,5160.7001953125,5384.14990234375,5384.14990234375,0,0.05805995552722987,-0.08921516687985165,-0.19077324631707615,-0.2094397579123496,-0.11388064452384639
2011-09-09,5338.7001953125,5509.2001953125,5204.14990234375,5339.2001953125,5339.2001953125,0,-0.008348524436825766,-0.014225673609508438,-0.16012016276399854,-0.20574209597790916,-0.15277686523127576
2011-09-16,5219.2001953125,5620.35009765625,5139.9501953125,5494.0498046875,5494.0498046875,0,0.02900239805784932,0.07434705745588843,-0.1546445319916211,-0.1615529768006696,-0.15187142001397946
2011-09-23,5491.0498046875,5662.5,5333.35009765625,5367.75,5367.75,0,-0.02298847101454038,0.05483714779356608,-0.19581257725008427,-0.22550553330001877,-0.19095816811852573
2011-09-30,5385.2001953125,5771.2998046875,5278.5,5678.89990234375,5678.89990234375,0,0.05796654135228918,0.05474401815441543,-0.15540950201681936,-0.20126306119790205,-0.15982039392637537
2011-10-07,5592.7998046875,5772.2001953125,5478.10009765625,5640.9501953125,5640.9501953125,0,-0.006682580725817622,0.05651595537940657,-0.11110842667105747,-0.2131248815702702,-0.1594032951499449
2011-10-14,5685.75,6135.2001953125,5615.5,6119.64990234375,6119.64990234375,0,0.08486153758794712,0.11386866153315367,-0.0495224194542595,-0.10559546492141458,-0.09070447488962141
2011-10-21,6165.9501953125,6172.14990234375,5852.10009765625,5948.4501953125,5948.4501953125,0,-0.02797540868566395,0.10818316712076759,-0.06103295865629588,-0.12275745523875581,-0.12227204710025241
2011-10-28,6002.2001953125,6432.64990234375,6002.2001953125,6273.9501953125,6273.9501953125,0,0.05472013538190179,0.10478266974263195,0.06130378709448392,-0.06614717838220163,-0.05130606051298525
2011-11-04,6271.2001953125,6333.85009765625,6102.10009765625,6200.2001953125,6200.2001953125,0,-0.011754954646452487,0.0991410986866581,0.14474040070390037,-0.06440316956201897,-0.09069973028218858
2011-11-11,6176.2001953125,6303.5,5937.89990234375,6168.85009765625,6168.85009765625,0,-0.005056304098043696,0.008039707515565153,0.20630248831179498,-0.06667620640647953,-0.07419109184262851
2011-11-18,6226.2998046875,6280.4501953125,5978.7998046875,6017.7998046875,6017.7998046875,0,-0.02448597235749639,0.011658433221757303,0.18258092906138357,-0.09033468973576764,-0.07468289310563547
2011-11-25,5981.0,6049.35009765625,5739.0,5797.4501953125,5797.4501953125,20100,-0.036616307708235984,-0.07594896120724881,0.07676240455133643,-0.10912623573773605,-0.1236432746479107
2011-12-02,5850.35009765625,6155.85009765625,5803.4501953125,6122.89990234375,6122.89990234375,0,0.05613669735263804,-0.0124673866219982,0.1467822292408687,-0.06692267133206609,-0.10701290140965025
2011-12-09,6107.25,6250.2998046875,6064.9501953125,6135.25,6135.25,0,0.002017034061184475,-0.005446735959594107,0.11670811479820054,-0.07788443290333535,-0.10683351344765535
2011-12-16,6153.4501953125,6256.75,6054.60009765625,6112.5498046875,6112.5498046875,0,-0.003699962562650261,0.01574495713968349,0.13875456284057575,-0.03846884416039187,-0.15242380955798485
2011-12-23,6059.5,6154.5,5967.89990234375,6058.60009765625,6058.60009765625,0,-0.008826056024914153,0.0450456482670436,0.06686157562942663,-0.06777861448215827,-0.17610979879185473
2011-12-30,6051.85009765625,6240.14990234375,6051.85009765625,6139.0,6139.0,9000,0.013270376167400899,0.00262948895344306,0.08829182805077207,-0.08026517847110382,-0.18049419711789505
2012-01-06,6130.14990234375,6384.25,6104.7001953125,6281.10009765625,6281.10009765625,7000,0.023147108267836725,0.023772478327085178,0.026382260078418263,-0.06584769047042416,-0.14354082945629387
2012-01-13,6304.4501953125,6392.14990234375,5830.4501953125,5872.60009765625,5872.60009765625,0,-0.06503637796704254,-0.03925525594036727,-0.012751236904701924,-0.07460541937151788,-0.1691519856001178
2012-01-20,5862.9501953125,6068.10009765625,5857.39990234375,5897.9501953125,5897.9501953125,0,0.004316673574685792,-0.026516010258854528,-0.05993034504496442,-0.08395586001203692,-0.18646716403133434
2012-01-27,5905.4501953125,6155.75,5903.2998046875,6136.2998046875,6136.2998046875,0,0.040412279093918535,-0.0004398428591789738,-0.010306181834791484,-0.03138076587650107,-0.13149387930216494
2012-02-03,6090.4501953125,6350.60009765625,6080.10009765625,6339.9501953125,6339.9501953125,0,0.0331878162910868,0.009369393377158586,0.02773614124960777,0.07246837204776724,-0.07454762895656497
2012-02-10,6386.7001953125,6510.39990234375,6291.4501953125,6484.35009765625,6484.35009765625,0,0.022776188754686677,0.10417021248290848,0.07752838381318972,0.1972028797888299,-0.03501667618210724
2012-02-17,6447.64990234375,6768.60009765625,6408.5,6703.0498046875,6703.0498046875,0,0.033727313260013325,0.13650498609073836,0.1562065354364266,0.310763842639737,-0.01888159537588452
2012-02-24,6670.4501953125,6811.2998046875,6626.2998046875,6747.2001953125,6747.2001953125,0,0.006586612349817944,0.09955517332421326,0.10196153831124644,0.3259181984286954,0.010090181232333073
2012-03-02,6783.14990234375,6783.14990234375,6474.5,6532.39990234375,6532.39990234375,0,-0.03183547052864666,0.03035508183858271,0.06473247257141113,0.21326486461681915,-0.040841034912087126
2012-03-09,6537.35009765625,6633.4501953125,6438.7001953125,6558.4501953125,6558.4501953125,0,0.003987859493936208,0.011427528825600053,0.0729483447779935,0.2283581726473618,-0.024366812404700844
2012-03-16,6645.2001953125,6645.2001953125,6450.7001953125,6501.25,6501.25,0,-0.008721602453180544,-0.030105669891693165,0.07306141603816818,0.18332563975906457,-0.007844139868569133
2012-03-23,6531.85009765625,6566.5,6351.64990234375,6532.14990234375,6532.14990234375,0,0.004752917107287091,-0.03187252293449849,0.06404135890922791,0.2169251366668996,-0.05749821526336785
2012-03-30,6519.25,6544.39990234375,6331.0498046875,6516.0,6516.0,0,-0.0024723716670915774,-0.0025105478214623167,0.03739789188065967,0.14740532709702614,-0.08352498146930154
2012-04-06,6511.85009765625,6600.2998046875,6493.25,6539.89990234375,6539.89990234375,0,0.0036678794266038484,-0.002828456787246525,0.11362936239329802,0.15936139762025503,-0.08772736294470496
2012-04-13,6504.10009765625,6535.85009765625,5760.10009765625,5782.85009765625,5782.85009765625,0,-0.1157586226076932,-0.1105018115506633,-0.019515271211975938,-0.05503579617495924,-0.15481973061195886
2012-04-20,5772.14990234375,5899.39990234375,5694.9501953125,5849.4501953125,5849.4501953125,0,0.011516829337015366,-0.10451378447183157,-0.04674634853334192,-0.0166429904848181,-0.1373573945640948
2012-04-27,5831.39990234375,5951.14990234375,5653.5,5940.35009765625,5940.35009765625,0,0.015539905343000093,-0.08834406113317217,-0.06302890170205089,-0.0531722578712045,-0.11580224142701512
2012-05-04,5938.89990234375,6201.89990234375,5938.89990234375,6100.35009765625,6100.35009765625,0,0.026934439447117375,-0.06721047894478871,-0.059219504532735834,-0.016104334458706515,-0.07947033383789803
2012-05-11,6023.10009765625,6101.10009765625,5816.35009765625,5830.7998046875,5830.7998046875,0,-0.044186036646046145,0.008291708451976687,-0.13012733388763253,-0.05479956355191484,-0.11782194294802195
2012-05-18,5831.5498046875,5973.64990234375,5763.7001953125,5865.4501953125,5865.4501953125,0,0.005942647970376802,0.002735299808659164,-0.13068383543926565,-0.025316496779492215,-0.11336422863348783
2012-05-25,5865.2001953125,5895.60009765625,5766.7998046875,5879.85009765625,5879.85009765625,9900,0.0024550378682368645,-0.010184584915941208,-0.0998943442598137,0.014213128111108864,-0.09646413279545063
2012-06-01,5910.5,6059.5498046875,5868.89990234375,5902.75,5902.75,0,0.0038946405033144504,-0.03239159957920579,-0.09997791792047861,-0.03595516925884745,-0.10047162461591486
2012-06-08,5855.35009765625,6054.35009765625,5802.85009765625,5975.5,5975.5,0,0.012324763881241818,0.0248165260615143,-0.0808690636416074,-0.026038058758811822,-0.10189453222181333
2012-06-15,5990.89990234375,6142.2998046875,5912.35009765625,6134.4501953125,6134.4501953125,0,0.026600317180570654,0.04586178230870952,-0.060883432403863624,0.003582856798680867,-0.035023815721548446
2012-06-22,6155.2001953125,6185.60009765625,5966.2001953125,6028.5498046875,6028.5498046875,0,-0.017263224454234116,0.025289710547301558,-0.07480819449240328,-0.004959940000062835,-0.07240237662110216
2012-06-29,6033.0,6167.10009765625,5965.2001953125,6144.60009765625,6144.60009765625,0,0.019250117644962428,0.04097244464973948,-0.06044432033980118,0.0009122165916679581,-0.0794261811069703
2012-07-06,6141.7001953125,6159.5498046875,5993.60009765625,6027.25,6027.25,0,-0.019098085439443135,0.008660363149527228,0.042262880451077844,-0.04041491039936973,-0.10360137235942635
2012-07-13,5987.64990234375,6110.5498046875,5678.10009765625,5713.89990234375,5713.89990234375,0,-0.05198890002177614,-0.06855549879435063,-0.02317316815132031,-0.02702383827835253,-0.09961313286208584
2012-07-20,5713.39990234375,5740.0498046875,5531.25,5674.2001953125,5674.2001953125,0,-0.006947917833661332,-0.05877858205624764,-0.044803740178337104,-0.03793690902609337,-0.11870774321464628
2012-07-27,5624.75,5651.7001953125,5460.7001953125,5562.0,5562.0,0,-0.019773746334362574,-0.09481497386273718,-0.08824904948702594,-0.09359057134868054,-0.12203439341744071
2012-08-03,5589.14990234375,5705.85009765625,5569.14990234375,5697.14990234375,5697.14990234375,0,0.024298795818725294,-0.05476794519162964,-0.02292136702006231,-0.10138885530110475,-0.03626796854079517
2012-08-10,5729.7001953125,5921.89990234375,5684.0498046875,5905.14990234375,5905.14990234375,0,0.03650948343739935,0.03347100986518026,0.006768398965006472,-0.08932278279080741,0.09026538700092313
2012-08-17,5885.64990234375,5995.10009765625,5876.25,5980.64990234375,5980.64990234375,0,0.012785450200008208,0.05400755991732731,0.01714326096981278,-0.1077718237806572,0.1695004327727101
2012-08-24,5994.10009765625,6213.5498046875,5994.10009765625,6170.7001953125,6170.7001953125,0,0.031777531885668786,0.1094390858167027,0.04539412906060725,-0.08544284789422929,0.21262797148016177
2012-08-31,6144.85009765625,6183.0498046875,6058.0,6072.35009765625,6072.35009765625,27100,-0.015938239509830754,0.06585752555995517,0.016207865058363247,-0.07042584831991672,0.1278196572894308
2012-09-07,6084.2001953125,6351.39990234375,6031.9501953125,6342.7001953125,6342.7001953125,0,0.044521493871145124,0.07409639047352323,0.03394762258549755,-0.03289649133177874,0.18794949866854838
2012-09-14,6355.89990234375,6643.7998046875,6311.2001953125,6599.39990234375,6599.39990234375,0,0.04047167596238599,0.10345865584901048,0.09469111414031706,0.015097081691020975,0.20119040360958684
2012-09-21,6630.39990234375,6630.39990234375,6310.0,6379.5498046875,6379.5498046875,0,-0.033313649863553674,0.03384536645187364,0.0382367775440533,-0.02336138942578414,0.18849607464719864
2012-09-28,6394.2001953125,6396.89990234375,6262.14990234375,6313.7998046875,6313.7998046875,0,-0.010306369887055133,0.039762151909594756,0.04754237914264392,-0.031031337524938585,0.1117998051139657
2012-10-05,6327.39990234375,6477.0,5660.85009765625,6292.4501953125,6292.4501953125,0,-0.0033814200695989616,-0.00792249333133177,0.10125313758671872,-0.037836925752115835,0.11549472649862813
2012-10-12,6298.89990234375,6336.5,5981.2001953125,6106.14990234375,6106.14990234375,0,-0.029606955507972543,-0.07474164428569097,0.07612521450830845,0.055906654889520846,-0.002206008548761851
2012-10-19,6089.35009765625,6132.0498046875,6019.0498046875,6067.0,6067.0,0,-0.006411552773822771,-0.04899245468039892,0.09079467817331888,0.03719149619597317,0.019929527993849394
2012-10-26,6096.64990234375,6137.0,6033.2998046875,6051.7001953125,6051.7001953125,0,-0.0025218072667710922,-0.04151218243891919,0.0622329233118637,0.018744702892205423,-0.035424253154902496
2012-11-02,6012.64990234375,6197.75,6003.85009765625,6163.4501953125,6163.4501953125,0,0.018465885022949324,-0.02050075820959174,0.043741530230457126,0.010343684648606244,-0.005927227967216897
2012-11-09,6163.9501953125,6210.39990234375,6099.85009765625,6110.4501953125,6110.4501953125,0,-0.008599079788185526,0.0007042560430918776,0.021703375901987343,0.047960897302662175,-0.009466902488996731
2012-11-16,6111.0,6160.85009765625,5989.2998046875,6030.5,6030.5,0,-0.013084174284544892,-0.006016152958628673,-0.022720305779723615,0.028139324210680883,0.0021104383204317845
2012-11-23,6035.25,6124.9501953125,5959.2001953125,6099.10009765625,6099.10009765625,0,0.011375524028894857,0.007832493483478364,0.004405213726119683,0.03728836558050941,0.05203147800866792
2012-11-30,6117.7001953125,6282.35009765625,6117.7001953125,6263.25,6263.25,0,0.02691379051260845,0.01619219779911596,-0.012526241642513147,0.061073228579899164,0.022922161050277223
2012-12-07,6263.4501953125,6299.7001953125,5994.60009765625,6006.25,6006.25,0,-0.04103301001876025,-0.01705278530744514,-0.08987936950647513,0.005146012885951068,-0.0210260380587588
2012-12-14,6013.7998046875,6046.4501953125,5887.4501953125,5947.75,5947.75,0,-0.009739854318418284,-0.013721913605836966,-0.06768499626262447,-0.030434707164981534,-0.026960893563782617
2012-12-21,5928.14990234375,6025.14990234375,5845.5498046875,5981.2998046875,5981.2998046875,0,0.005640755695430988,-0.019314372789851042,-0.052662423625333354,-0.007837705838186992,-0.012758771287554316
2012-12-28,6016.85009765625,6052.25,5952.75,6044.25,6044.25,0,0.01052450092255297,-0.034965872350616656,-0.039444125516860606,-0.01633142858141845,-0.015434109789868034
2013-01-04,6028.2001953125,6159.7998046875,6009.10009765625,6153.2001953125,6153.2001953125,6000,0.0180254283513257,0.024466213579604545,0.007705394351797734,0.020896792950765297,-0.020362659463343813
2013-01-11,6159.35009765625,6654.64990234375,6057.4501953125,6639.85009765625,6639.85009765625,0,0.07908891095636372,0.11636334709028628,0.09442065232507835,0.16205222547435416,0.13064911406213553
2013-01-18,6719.75,6898.7001953125,6716.85009765625,6798.7001953125,6798.7001953125,0,0.02392374757260285,0.1366593244472396,0.12343638579098948,0.1981777098610229,0.15272255108493238
2013-01-25,6772.0498046875,6823.39990234375,6707.2998046875,6800.75,6800.75,0,0.0003014994967587281,0.12516027629565296,0.10339984659439394,0.2227166486875225,0.10828189893931328
2013-02-01,6796.2998046875,6849.4501953125,6732.0498046875,6752.64990234375,6752.64990234375,0,-0.007072763688747541,0.09742080348497528,0.1050985911846396,0.18526807580853322,0.06509510237736293
2013-02-08,6766.64990234375,6909.5498046875,6720.0498046875,6852.7001953125,6852.7001953125,0,0.014816449011227917,0.03205646129441719,0.13634030268012598,0.1604616832153012,0.056806016348406096
2013-02-15,6872.89990234375,6939.75,6766.75,6864.14990234375,6864.14990234375,0,0.0016708314540130331,0.009626797056939695,0.1254365057857456,0.14772642010925363,0.024033850612834584
2013-02-22,6853.35009765625,7018.5498046875,6808.0,6992.85009765625,6992.85009765625,0,0.018749618983197935,0.028246898894423333,0.11648905882030092,0.13323445902756492,0.03640767951637347
2013-03-01,7026.2001953125,7172.0498046875,7026.2001953125,7117.7001953125,7117.7001953125,0,0.017853964537019706,0.0540603019922663,0.18504893990634752,0.17214918126339995,0.08959958081542907
2013-03-08,7112.5,7420.4501953125,7062.60009765625,7357.0,7357.0,0,0.033620382724899756,0.07359140051573543,0.23693833802698494,0.1599160883305042,0.1217589187851491
2013-03-15,7355.75,7380.10009765625,7131.9501953125,7224.35009765625,7224.35009765625,0,-0.01803043391922654,0.052475572421504246,0.207822769892688,0.09469803384555497,0.11122477948952114
2013-03-22,7190.85009765625,7229.2001953125,7085.14990234375,7119.7998046875,7119.7998046875,0,-0.014471930561984925,0.018154215414083907,0.17794594940439268,0.11603483359532474,0.08996270923496419
2013-03-29,7113.0498046875,7232.10009765625,7072.10009765625,7219.0498046875,7219.0498046875,39300,0.013939998696965716,0.014239095015795344,0.1732187439938917,0.14337641800551282,0.10789591846032853
2013-04-05,7230.64990234375,7354.2998046875,7018.4501953125,7047.35009765625,7047.35009765625,51400,-0.023784253007890555,-0.04208915350601472,0.06137186743776635,0.1199691501580904,0.0775929605788983
2013-04-12,7027.89990234375,7221.7001953125,6321.64990234375,6354.89990234375,6354.89990234375,62200,-0.09825681791270591,-0.12034995308360963,-0.065277226560856,0.04073761764422468,0.09892177646440259
2013-04-19,6348.64990234375,6370.9501953125,6177.4501953125,6232.60009765625,6232.60009765625,51600,-0.019244961614957035,-0.12461020413061896,-0.08354224200915339,0.02729521965654369,0.06550186591054152
2013-04-26,6217.14990234375,6233.2998046875,5964.4501953125,5972.7001953125,5972.7001953125,50500,-0.04170007673707232,-0.17264732105958258,-0.11550276088806866,-0.013054182700787398,0.0054458234151912865
2013-05-03,5959.4501953125,6267.4501953125,5936.39990234375,6224.7001953125,6224.7001953125,47200,0.04219197209961667,-0.11673180570628106,-0.09164270756067439,0.009937615792950272,0.02038409200547764
2013-05-10,6238.85009765625,6476.5498046875,6238.85009765625,6439.85009765625,6439.85009765625,45000,0.03456389795379522,0.013367668510588127,-0.061813889662086785,0.053907632304480924,0.10445398802392813
2013-05-17,6398.5498046875,6407.4501953125,6264.85009765625,6331.0498046875,6331.0498046875,39200,-0.01689484868729274,0.015795928743811416,-0.09463956523114392,0.04983828947641156,0.0793800294727749
2013-05-24,6323.89990234375,6500.39990234375,6314.14990234375,6330.7998046875,6330.7998046875,36300,-3.9487921863257114e-05,0.05995606637949846,-0.11055542788149864,0.03798916287999399,0.07669408225407004
2013-05-31,6322.5498046875,6492.7998046875,6298.64990234375,6472.0498046875,6472.0498046875,40400,0.02231155688976516,0.0397367907873325,-0.12028682823331516,0.03333729368738281,0.09644653842488671
2013-06-07,6627.9501953125,6758.7998046875,6417.9501953125,6540.0498046875,6540.0498046875,53800,0.010506717663196774,0.015559322889785454,-0.0947213636823544,0.0888740569719042,0.09447741690025935
2013-06-14,6571.2001953125,6661.7001953125,6316.35009765625,6370.39990234375,6370.39990234375,47100,-0.025940154495789236,0.006215414326248947,-0.10525575478265048,0.0710604686383507,0.03846305691935448
2013-06-21,6394.25,6471.35009765625,6259.5,6381.85009765625,6381.85009765625,46700,0.00179740604797618,0.008063798342027972,-0.11597090055918946,0.06696709846492599,0.05860452420813389
2013-06-28,6353.35009765625,6648.60009765625,6246.39990234375,6634.14990234375,6634.14990234375,53200,0.0395339597180695,0.025046175871336063,-0.05863199494657134,0.09759687344893897,0.07967154849901958
2013-07-05,6589.2998046875,6674.35009765625,6404.64990234375,6604.7001953125,6604.7001953125,42800,-0.004439107868341341,0.009885305548997803,0.03930829703181016,0.07337645219863842,0.09580657767846024
2013-07-12,6640.25,7361.0,6594.89990234375,7249.39990234375,7249.39990234375,53900,0.09761225914369409,0.1379819184783997,0.16314215395752152,0.09180174186502499,0.26873064391102863
2013-07-19,7216.7998046875,7545.10009765625,7122.35009765625,7503.7001953125,7503.7001953125,65200,0.03507880602455571,0.17578759771688346,0.2563329733512425,0.10369629190092478,0.32242429541195317
2013-07-26,7472.14990234375,7747.0498046875,7468.25,7663.0,7663.0,64000,0.021229500185390382,0.15508393883182703,0.23106330579111423,0.12678748667426376,0.3777418194893922
2013-08-02,7638.7998046875,7895.5,7633.89990234375,7858.35009765625,7858.35009765625,102800,0.025492639652388016,0.18981178028845158,0.22026910230662922,0.16374315436207154,0.37934760930608546
2013-08-09,7838.64990234375,7951.5498046875,7687.0,7801.4501953125,7801.4501953125,90400,-0.007240693229068618,0.07615117118732417,0.23225222293091385,0.1384490745194107,0.32112652927169716
2013-08-16,7820.10009765625,8032.25,7724.9501953125,7774.2001953125,7774.2001953125,72900,-0.003492940327475713,0.03604888161296471,0.22799653047886093,0.13258018923188364,0.299892206073771
2013-08-23,7811.85009765625,7902.5,7549.10009765625,7893.2001953125,7893.2001953125,84500,0.015307040854408704,0.030040479617969407,0.21958273398880612,0.12875295267061637,0.27914174169545247
2013-08-30,7908.60009765625,8406.650390625,7893.85009765625,8382.400390625,8382.400390625,104000,0.061977421477668715,0.0666870636273953,0.28170283728069134,0.17768382491656398,0.38042113116309983
2013-09-06,8325.849609375,8499.5498046875,8172.0,8216.5,8216.5,55400,-0.019791513515692416,0.053201622044178665,0.28979343933762247,0.11682751121380996,0.29542619814701476
2013-09-13,8211.900390625,8465.099609375,8152.89990234375,8172.64990234375,8172.64990234375,100600,-0.0053368341332988845,0.05125282305844103,0.2806082526672282,0.13126437560039506,0.23839288772927159
2013-09-20,8172.2998046875,8225.7998046875,8005.10009765625,8132.7998046875,8132.7998046875,83500,-0.004876031413608151,0.03035519224728267,0.2258993125576343,0.14227928141084334,0.27482346774873756
2013-09-27,8137.9501953125,8256.900390625,8116.4501953125,8166.5498046875,8166.5498046875,82400,0.004149862385712133,-0.025750450453179363,0.2364754740091728,0.1312499602627435,0.2934445274340942
2013-10-04,8196.400390625,8429.900390625,8133.39990234375,8352.349609375,8352.349609375,63600,0.02275132205534991,0.01653375638958199,0.15214358731605682,0.1851759162855775,0.3273604637501941
2013-10-11,8359.150390625,8932.5498046875,8359.150390625,8870.150390625,8870.150390625,79900,0.06199462492192631,0.08534569529048608,0.1821035168977181,0.39579702700802577,0.45265847260322434
2013-10-18,8868.849609375,9167.0,8733.0,8893.849609375,8893.849609375,67400,0.0026717944686764916,0.0935778357963335,0.16062242064139376,0.4269886516093828,0.4659386203024558
2013-10-25,8928.4501953125,8951.849609375,8647.9501953125,8812.5498046875,8812.5498046875,71200,-0.009141126537804523,0.07910317275346856,0.12142494228092993,0.47547164875340187,0.456210572280743
2013-11-01,8796.5498046875,8909.0,8760.7998046875,8799.5498046875,8799.5498046875,9278400,-0.0014751689679058932,0.05354184346049706,0.12793770188710663,0.4136503813169967,0.42769869567208274
2013-11-08,8780.599609375,9058.0498046875,8705.9501953125,8956.900390625,8956.900390625,48400,0.017881663202097053,0.009779992015883643,0.15213143032071863,0.3908554166322624,0.46583313902077017
2013-11-15,8943.099609375,9095.75,8845.349609375,8862.0,8862.0,43900,-0.010595226751023201,-0.0035810825203775876,0.12273853199147755,0.39976785420935856,0.46952988972722
2013-11-22,8919.400390625,9023.650390625,8745.2998046875,8785.4501953125,8785.4501953125,62000,-0.008637982925693954,-0.003075115599413203,0.04808286241471804,0.38773148201709184,0.4404502393211345
2013-11-29,8793.4501953125,8875.349609375,8679.099609375,8820.75,8820.75,67500,0.004017984725055435,0.0024092363567516095,0.07354104545731155,0.362898968053585,0.40833433121781826
2013-12-06,8804.900390625,8970.9501953125,8804.900390625,8827.7998046875,8827.7998046875,44200,0.0007992296219141437,-0.01441353373457488,0.08016370579582355,0.349806204588883,0.4697689581165452
2013-12-13,8926.25,9070.2998046875,8837.5498046875,8957.599609375,8957.599609375,53000,0.014703528348997796,0.010787588509930002,0.10141646474712318,0.4061283038258534,0.5060484400613678
2013-12-20,8975.2001953125,9521.650390625,8961.849609375,9488.25,9488.25,69000,0.05924024445897569,0.07999587830598376,0.161843156158046,0.4867553851640267,0.586319079435565
2013-12-27,9448.849609375,9598.099609375,9372.2998046875,9579.099609375,9579.099609375,40500,0.009574959489368373,0.08597337067426247,0.14687483850329364,0.443907621983465,0.5848284914381436
2014-01-03,9609.650390625,9684.0,9431.7001953125,9673.2001953125,9673.2001953125,52300,0.009823531414727471,0.09576569579388261,0.09053395594467673,0.46459338187337873,0.5720600481488529
2014-01-10,9707.349609375,9848.349609375,9507.849609375,9782.7001953125,9782.7001953125,104100,0.011319935263312653,0.09211179578443662,0.09993991634404997,0.34944965474310874,0.47333148360768273
2014-01-17,9831.5498046875,10153.75,9831.5498046875,9884.349609375,9884.349609375,83300,0.010390731805438147,0.04174632934155409,0.12162198551404457,0.31726339700374395,0.45385872672984795
2014-01-24,9872.2001953125,10165.900390625,9872.2001953125,10010.5,10010.5,71800,0.012762639486704419,0.045035588752286415,0.1376150169259147,0.30634216364348177,0.4719700033084586
2014-01-31,9926.75,10021.099609375,9771.5498046875,9957.4501953125,9957.4501953125,50800,-0.005299416081864017,0.029385311402708725,0.11170714879611188,0.267117152019265,0.4745989114371838
2014-02-07,9897.25,9923.099609375,9522.4501953125,9648.400390625,9648.400390625,51900,-0.031037042478302967,-0.013728296074314028,0.08873847784078093,0.23674447046040736,0.4079705978126493
2014-02-14,9668.400390625,9870.5,9605.7998046875,9855.4501953125,9855.4501953125,46700,0.02145949549198667,-0.0029237547440743583,0.12179227884882904,0.2677124267078821,0.43578598013242353
2014-02-21,9898.099609375,10109.849609375,9841.2001953125,10101.0498046875,10101.0498046875,66600,0.024920181676917563,0.00904548271190242,0.14514636563642558,0.2797153948643245,0.44448253053115017
2014-02-28,10101.0,10353.25,10041.650390625,10338.5498046875,10338.5498046875,83700,0.02351240758062456,0.038272811000792606,0.17113550753584184,0.23336387226865063,0.452512682607249
2014-03-07,10339.7998046875,10398.150390625,9966.0,10054.900390625,10054.900390625,74100,-0.027436093013150975,0.042131336132669395,0.12249942273615,0.2237449510892715,0.36671202808549674
2014-03-14,10033.0498046875,10033.0498046875,9395.900390625,9439.0498046875,9439.0498046875,65400,-0.06124880028763957,-0.04225077316336601,-0.005185381425710789,0.15495584877318347,0.3065604071084196
2014-03-21,9451.099609375,9480.2001953125,9051.2001953125,9370.75,9370.75,96200,-0.007235877138139668,-0.07229939647942307,-0.02175043771035534,0.1522169763233301,0.31615357974398806
2014-03-28,9365.2998046875,9435.7001953125,9159.9501953125,9275.349609375,9275.349609375,66300,-0.010180656897793683,-0.10283842660703191,-0.04112915869665268,0.1357733475219931,0.2848435542517376
2014-04-04,9297.9501953125,9542.650390625,9184.349609375,9389.400390625,9389.400390625,65700,0.012296116702137372,-0.06618663280050985,-0.04020360399840883,0.12416276015146366,0.3323306293166348
2014-04-11,9355.0498046875,9400.0498046875,9081.2001953125,9312.0,9312.0,50500,-0.008243379492292369,-0.013460020586437249,-0.057904630248220235,0.04981309108828613,0.46532599145513553
2014-04-18,9452.599609375,9554.75,9240.5,9390.2001953125,9390.2001953125,54600,0.008397787297304449,0.002075628451564615,-0.06196491730557918,0.0558082953656307,0.5066264557618025
2014-04-25,9395.5498046875,9417.599609375,9236.2998046875,9275.0,9275.0,53500,-0.012268129849884013,-3.7692312389703275e-05,-0.06853664160266304,0.05247632133284719,0.5528989731108911
2014-05-02,9271.5,9347.7998046875,9198.599609375,9319.5498046875,9319.5498046875,56800,0.0048032134433961815,-0.007439302088687483,-0.034083430685259763,0.05909393225128379,0.49718854117754474
2014-05-09,9288.7001953125,9358.25,8905.349609375,9048.5,9048.5,49800,-0.029084001949447047,-0.02829682130584188,-0.08187857270044407,0.010226708501846815,0.4050792895463755
2014-05-16,9049.849609375,9493.0,8946.5498046875,9111.400390625,9111.400390625,56500,0.006951471583687807,-0.02969050700608855,-0.09797490688574195,0.02814267553881744,0.4391610667600392
2014-05-23,9135.5498046875,9135.5498046875,8609.9501953125,8941.2998046875,8941.2998046875,81600,-0.01866898376154358,-0.03597845771563346,-0.13514951578281187,0.017739513162131848,0.41234916290783885
2014-05-30,8986.5,9253.650390625,8877.75,8970.2998046875,8970.2998046875,87000,0.003243376313676105,-0.037474986165569546,-0.10786785982969671,0.01695431847490303,0.3860059912070821
2014-06-06,9004.0,9039.0,8820.7998046875,8945.099609375,8945.099609375,62500,-0.002809292427364718,-0.011427351563795152,-0.05233049994790795,0.013287546985967458,0.3677418179543084
2014-06-13,8948.75,9605.5498046875,8926.2998046875,9448.650390625,9448.650390625,77000,0.05629347947363805,0.03701406869870483,0.008313143625110042,0.05481946086718015,0.4832114993516692
2014-06-20,9449.0,9736.599609375,9449.0,9700.2001953125,9700.2001953125,57900,0.026622829111879298,0.08487584659974656,0.0458042665591909,0.02233817567122487,0.5199667881379606
2014-06-27,9671.5498046875,9828.9501953125,9497.2001953125,9819.9501953125,9819.9501953125,53000,0.012345106037900955,0.09471817097807689,0.0458548774975438,0.025143342877631314,0.4802122864066205
2014-07-04,9834.150390625,9921.150390625,9769.150390625,9866.9501953125,9866.9501953125,67700,0.004786174987163827,0.10305649195581301,0.05959516702239043,0.02002956581978821,0.49392855141483794
2014-07-11,9922.9501953125,10146.75,9753.099609375,9933.5498046875,9933.5498046875,79400,0.006749766448262751,0.05131943653493831,0.05786347448121876,0.015420038063446162,0.3702582197839517
2014-07-18,9944.099609375,10019.2001953125,9744.2998046875,9946.9501953125,9946.9501953125,54300,0.0013490032152128073,0.025437619330705985,0.07244746041105121,0.006333303496076859,0.32560602588124166
2014-07-25,9998.650390625,10422.2001953125,9892.400390625,10339.7001953125,10339.7001953125,72900,0.03948446431199426,0.052927967012307287,0.10946348396699279,0.03288548976699457,0.349301865498173
2014-08-01,10293.7001953125,10408.2998046875,10141.150390625,10155.2998046875,10155.2998046875,47900,-0.017834210580747634,0.029223782796834907,0.12231859476018125,0.019869505294451528,0.2922941429800021
2014-08-08,10192.349609375,10544.650390625,10160.2001953125,10318.25,10318.25,51000,0.016045828133728346,0.0387273636188914,0.1324548979997371,0.06942597552500707,0.3226066617972796
2014-08-15,10391.900390625,10547.150390625,10311.2001953125,10468.25,10468.25,32400,0.014537348872144085,0.05240800390587674,0.17077496881515963,0.06217877342416722,0.3465372304551526
2014-08-22,10459.7001953125,10565.25,10346.25,10543.400390625,10543.400390625,47400,0.007178887648365384,0.019700783529956523,0.17536767111345197,0.04379253587406562,0.3357573772025144
2014-08-29,10553.7998046875,10775.4501953125,10514.5,10679.650390625,10679.650390625,40200,0.012922775855230828,0.051633196067286,0.19391072844310053,0.03299307856338274,0.27405634340364826
2014-09-05,10712.5,11122.4501953125,10636.7001953125,11025.5498046875,11025.5498046875,56700,0.032388645827408746,0.06854842678627682,0.16689149760764854,0.09653496070110412,0.341879121850849
2014-09-12,11062.7998046875,11182.5,10885.0,10958.5,10958.5,52500,-0.006081311669282385,0.04683208750268664,0.12971895211972617,0.16097491026670196,0.340874762891449
2014-09-19,10959.849609375,11316.599609375,10796.4501953125,11224.150390625,11224.150390625,90800,0.024241492049550617,0.06456645624549262,0.14299463514415667,0.19778570451938204,0.380109022744632
2014-09-26,11187.599609375,11309.349609375,11034.4501953125,11138.0,11138.0,76100,-0.007675448708969301,0.04291803501146041,0.12881891359817943,0.2008172704069653,0.3638562509723413
2014-10-03,11178.5498046875,11543.75,11129.849609375,11519.4501953125,11519.4501953125,45400,0.034247638293454896,0.044795987444999685,0.1596509225611007,0.22685685092461094,0.37918678384614357
2014-10-10,11371.900390625,11633.650390625,10985.75,11311.25,11311.25,65000,-0.01807379621270644,0.032189624492403146,0.13715759885179946,0.2146960910652922,0.2752038580941125
2014-10-17,11318.5498046875,11483.7998046875,10716.7001953125,10746.2001953125,10746.2001953125,60500,-0.049954673858989995,-0.04258230500116156,0.039314486138030125,0.14440586694593605,0.2082732075866156
2014-10-24,10845.7001953125,10845.7001953125,10605.099609375,10767.400390625,10767.400390625,35600,0.0019728085208898793,-0.03327344311142033,0.06027400448138076,0.16090570249326142,0.22182576317443248
2014-10-31,10890.599609375,11372.25,10684.599609375,11341.0498046875,11341.0498046875,64500,0.05327650066416845,-0.015486884148133595,0.09912531724735296,0.2169096192804545,0.2888215938781491
2014-11-07,11433.0,11523.5498046875,11306.2001953125,11476.150390625,11476.150390625,47000,0.011912529110105874,0.014578440987954577,0.09628165076540962,0.2682931304221694,0.28126359456189176
2014-11-14,11491.9501953125,11614.650390625,11388.7998046875,11571.75,11571.75,58200,0.008330285515698366,0.07682248512805545,0.09753491011205351,0.2700297982631221,0.3057718348002709
2014-11-21,11553.900390625,11692.400390625,11444.650390625,11596.9501953125,11596.9501953125,52200,0.0021777341640201175,0.07704271918872596,0.0858923065021624,0.29700943359854337,0.3200177495172738
2014-11-28,11659.7001953125,11979.5,11659.7001953125,11898.0498046875,11898.0498046875,54700,0.025963689099631093,0.04911361907341072,0.07913437565073234,0.32638262530200857,0.3488705387509565
2014-12-05,11942.25,12013.900390625,11506.5498046875,11536.25,11536.25,65000,-0.03040832830813678,0.005236913714907088,0.05272163161016552,0.28967261447925297,0.30680919994066147
2014-12-12,11417.099609375,11427.900390625,10869.25,10929.900390625,10929.900390625,77800,-0.05256037355076393,-0.05546694401235763,-0.026215792711203556,0.1567684207545348,0.22018184192847778
2014-12-19,10748.5,11220.349609375,10690.849609375,11176.2001953125,11176.2001953125,17200,0.0225344967369292,-0.03628109053793016,0.003429717661384446,0.15216180803291657,0.17789900090243194
2014-12-26,11223.75,11260.099609375,10889.0,11036.7001953125,11036.7001953125,0,-0.012481880922149968,-0.07239418421627819,-0.04190738202040589,0.12390592373684428,0.15216467573956072
2015-01-02,11056.2001953125,11399.099609375,11056.2001953125,11372.099609375,11372.099609375,4400,0.030389464978395564,-0.014229094430599165,0.005379565421593568,0.15254454357918545,0.17562951037504249
2015-01-09,11369.349609375,11484.900390625,10889.5498046875,11399.650390625,11399.650390625,24600,0.0024226644328095848,0.04297843376531807,0.060807558340252754,0.1475908023580521,0.1652866962116739
2015-01-16,11456.0,11774.5,11378.7998046875,11659.599609375,11659.599609375,0,0.02280326236704422,0.04325257293308393,0.08286115370306302,0.172178344159156,0.1796021053642447
2015-01-23,11732.5,11921.0,11629.0498046875,11885.150390625,11885.150390625,31000,0.019344642080903363,0.07687535044875582,0.04797620990189211,0.14946760216636923,0.18726840723490334
2015-01-30,11915.599609375,12003.349609375,11679.5498046875,11824.75,11824.75,19000,-0.0050820047403560276,0.03980359002939449,0.03037600567345078,0.16439201475291876,0.18752790805486907
2015-02-06,11871.349609375,12380.4501953125,11847.7998046875,12267.9501953125,12267.9501953125,11100,0.03748072435463756,0.0761689854455172,0.060163777761574444,0.18895647956896755,0.2715009430198214
2015-02-13,12160.900390625,12506.7001953125,12129.650390625,12464.9501953125,12464.9501953125,0,0.016058102361327764,0.06907189036662564,0.07484726461538549,0.1907386808026652,0.26477735144368575
2015-02-20,12461.75,12750.0,12442.7001953125,12571.9501953125,12571.9501953125,22200,0.008584069597024069,0.05778637897836347,0.05663956712969065,0.19239995917173447,0.2446181771599969
2015-02-27,12607.349609375,12719.900390625,12429.5,12554.9501953125,12554.9501953125,0,-0.0013522166200068408,0.06175185059409283,0.08830427524650553,0.17559561746831243,0.21438213603421286
2015-03-06,12700.599609375,12908.099609375,12586.150390625,12665.5,12665.5,11000,0.00880527624305305,0.032405560697450486,0.15879372614078813,0.14874089948922786,0.2596345570771714
2015-03-13,12599.7998046875,12599.7998046875,12248.4501953125,12312.150390625,12312.150390625,17800,-0.027898591399865724,-0.012258356615412747,0.10164010803859247,0.12352515313455315,0.3043845138427703
2015-03-20,12308.9501953125,12498.849609375,12253.099609375,12363.5,12363.5,0,0.00417064507383702,-0.016580577561484566,0.12021707405362125,0.10150876188603508,0.3193714483899368
2015-03-27,12364.2998046875,12443.25,11865.849609375,11968.5,11968.5,24000,-0.03194888178913735,-0.046710674768861815,0.052444175755665734,0.07456455377985272,0.2903556743460016
2015-04-03,12010.650390625,12206.7998046875,11880.150390625,11952.2001953125,11952.2001953125,21300,-0.001361892023854283,-0.05631832968990569,0.04847076758967228,0.037566897088204376,0.27294605598525434
2015-04-10,11970.2001953125,12335.75,11872.650390625,12294.75,12294.75,16100,0.02865997883986604,-0.0014132698247618647,0.05447445983602228,0.08694883412531773,0.3203125
2015-04-17,12329.099609375,12369.400390625,11758.75,11803.0498046875,11803.0498046875,36800,-0.0399926956882003,-0.045331030477817724,-0.0069078289494982625,0.09834635407555492,0.25695401154274355
2015-04-24,11805.5,11815.7001953125,11077.2998046875,11132.25,11132.25,32100,-0.05683275219436057,-0.06987091114174704,-0.05856360599589838,0.03388465146078046,0.20024258760107827
2015-05-01,11166.400390625,11170.5,10916.650390625,11001.0498046875,11001.0498046875,43600,-0.01178559548271918,-0.0795795230235542,-0.10326911753432733,-0.029979587944272246,0.18042717032900524
2015-05-08,11087.5,11268.599609375,10900.900390625,11172.0498046875,11172.0498046875,13900,0.015543971078754382,-0.09131541473494786,-0.10372286855275215,-0.026498483863188427,0.23468528537188482
2015-05-15,11225.150390625,11351.0498046875,11021.849609375,11171.900390625,11171.900390625,13500,-1.33739166143787e-05,-0.053473417845940396,-0.11136297733739942,-0.034553944682092164,0.22614525886932935
2015-05-22,11200.400390625,11745.75,11147.150390625,11728.400390625,11728.400390625,14300,0.049812474202418855,0.053551653136158395,-0.06583457455658404,0.011334893493431863,0.3117108973883591
2015-05-29,11740.75,11784.349609375,11321.650390625,11575.0498046875,11575.0498046875,0,-0.013075149281233545,0.05217683859184241,-0.08609610321838856,-0.027147306096562684,0.2903749101717723
2015-06-05,11561.900390625,11629.5498046875,11282.2998046875,11291.5498046875,11291.5498046875,0,-0.02449233521960248,0.01069633613250276,-0.0828937718885101,-0.02121141578177488,0.2623168324311649
2015-06-12,11302.75,11444.75,10930.4501953125,11049.349609375,11049.349609375,0,-0.021449685782898853,-0.010969555488772542,-0.10629274805880207,0.010928664899128915,0.1694103551908559
2015-06-19,11022.7001953125,11353.25,10933.400390625,11243.650390625,11243.650390625,13900,0.017584816131181347,-0.041331297010245405,-0.060563112284329645,0.0060351634843467394,0.15911529290481585
2015-06-26,11266.900390625,11479.599609375,11188.5498046875,11362.5498046875,11362.5498046875,0,0.01057480532849353,-0.018358452325098806,-0.04933404569781663,0.029524187810537228,0.15708833331062633
2015-07-03,11181.25,11247.5,10998.2001953125,11198.650390625,11198.650390625,6800,-0.014424527670266807,-0.008227339529949584,-0.08915184199556725,-0.015252171956620098,0.13496573601285156
2015-07-10,11079.2001953125,11264.5498046875,10759.849609375,10798.25,10798.25,0,-0.035754343305528735,-0.022725284134547663,-0.08513052315414704,-0.052756038125483906,0.08704845823639595
2015-07-17,10840.650390625,11306.400390625,10840.650390625,11269.2001953125,11269.2001953125,0,0.043613566579075336,0.0022723763012770792,0.012302112808506793,-0.03348308922620258,0.13293019207265266
2015-07-24,11270.400390625,11798.2001953125,11197.849609375,11464.150390625,11464.150390625,0,0.017299381671610714,0.00894170654333104,0.04209603575653076,-0.035422353623062675,0.10875075428417835
2015-07-31,11437.5498046875,11622.2001953125,11283.7001953125,11594.150390625,11594.150390625,0,0.011339697715960773,0.0353167556986238,0.037781838903045095,-0.01950143634114887,0.14168469800107264
2015-08-07,11490.599609375,11739.099609375,11379.150390625,11597.0498046875,11597.0498046875,0,0.0002500755954351064,0.0739749315571967,0.038055245678637384,-0.05468724440056383,0.12393572598914537
2015-08-14,11623.099609375,12129.0,11500.400390625,12048.4501953125,12048.4501953125,0,0.0389237261396036,0.06914865176715335,0.0272884446325119,-0.033413691468789586,0.1509517059023715
2015-08-21,12057.650390625,12314.400390625,11825.0498046875,12032.2998046875,12032.2998046875,0,-0.0013404537814567519,0.04955878933053026,0.039503069767771404,-0.04292495454095979,0.14121624512964548
2015-08-28,11750.4501953125,11797.9501953125,11140.7998046875,11588.25,11588.25,0,-0.0369048155294891,-0.0005089109961667893,0.02627630400118597,-0.0769975332656776,0.08507765480531115
2015-09-04,11691.650390625,11752.099609375,11391.7001953125,11413.599609375,11413.599609375,9800,-0.015071334379651802,-0.015818695133856364,0.032965741231587575,-0.09884334535746708,0.03519550603476662
2015-09-11,11445.349609375,11604.150390625,11264.7001953125,11432.25,11432.25,0,0.001634049840830265,-0.05114352346762696,0.01677387706151512,-0.0714660203708195,0.04323128165351098
2015-09-18,11482.400390625,11801.900390625,11405.349609375,11726.7001953125,11726.7001953125,9300,0.02575610184456245,-0.025398270848931648,0.03204829874319004,-0.051506434641282794,0.0447739728351515
2015-09-25,11659.849609375,11971.650390625,11586.900390625,11954.099609375,11954.099609375,14400,0.019391594419152725,0.03157073840959601,0.06745895196285678,-0.001203190928270037,0.0732716474569044
2015-10-02,11989.2998046875,12055.7998046875,11749.25,11867.849609375,11867.849609375,26300,-0.007215097984657803,0.03979901306743616,0.0990530511309704,-0.0070573270660728715,0.030244448142522584
2015-10-09,11867.4501953125,12077.9501953125,11625.650390625,11807.5498046875,11807.5498046875,0,-0.005080937715950307,0.03282816634411434,0.04777176729888333,-0.039626685805933426,0.043876654188307995
2015-10-16,11972.099609375,12019.0498046875,11301.099609375,11337.7998046875,11337.7998046875,0,-0.039783867760059155,-0.03316366788164793,-0.01102136500589046,-0.03941777826060089,0.05505198103726516
2015-10-23,11360.400390625,11588.2001953125,11305.849609375,11552.0,11552.0,0,0.018892571663149393,-0.033636963260675334,-0.003635487655833991,0.037705764782501205,0.07286806294099901
2015-10-30,11597.900390625,11664.9501953125,11467.900390625,11486.900390625,11486.900390625,0,-0.005635353997143322,-0.03209926240125838,-0.009498054756820862,0.04416402021291477,0.012860413140696858
2015-11-06,11497.9501953125,11688.650390625,11397.5,11485.4501953125,11485.4501953125,6500,-0.0001262477485818314,-0.027279123501738667,-0.04672800159966117,0.028052183449227552,0.0008103592555825934
2015-11-13,11364.5498046875,11427.9501953125,11027.099609375,11102.4501953125,11102.4501953125,24000,-0.03334653787940434,-0.020757961282549475,-0.07727945816416182,-0.006216506850596271,-0.04055564669885714
2015-11-20,11011.5,11195.75,10799.0,11118.849609375,11118.849609375,50700,0.0014770986380487905,-0.03749570555964332,-0.0405065812892369,-0.051972200892564935,-0.04122640676086964
2015-11-27,11126.25,11189.5,11013.900390625,11122.900390625,11122.900390625,38900,0.00036431657881075274,-0.031688269909354916,-0.025469547618546473,-0.039062416291236635,-0.06514928301586975
2015-12-04,11147.849609375,11298.900390625,10940.2998046875,10969.0498046875,10969.0498046875,57200,-0.013831876626996809,-0.044961266806568534,-0.040516975688294044,-0.02856118119995532,-0.04916677389207935
2015-12-11,11009.5,11109.2998046875,10916.25,11043.0498046875,11043.0498046875,44400,0.006746254353624748,-0.0053502055474276,-0.058298615913986995,-0.0005701516297533793,0.01035228227327245
2015-12-18,10940.75,11293.0498046875,10940.75,11122.5,11122.5,46300,0.007194588154331827,0.00032830650231319147,-0.06956605989152187,-0.010775005128762727,-0.0048048705619127
2015-12-25,11096.400390625,11232.5,11067.2001953125,11184.900390625,11184.900390625,19500,0.005610284614520067,0.005574085699109332,-0.05754616389901879,-0.015634643378127366,0.013427944284963411
2016-01-01,11152.7001953125,11303.0498046875,11100.099609375,11174.849609375,11174.849609375,32000,-0.0008986026606392361,0.0187618625452457,-0.05358437658770854,-0.002125325858009175,-0.017345081979179056
2016-01-08,11144.0,11160.9501953125,10822.7001953125,10989.5498046875,10989.5498046875,42200,-0.016581861158296518,-0.004844676148910487,-0.030715836052778056,0.017715815496724074,-0.03597483886652908
2016-01-15,10898.7998046875,11068.900390625,10646.5498046875,10994.9501953125,10994.9501953125,68300,0.000491411451877255,-0.011467728000674304,-0.048221070350372264,-0.02433624349970076,-0.057004480113372225
2016-01-22,10954.2001953125,11084.400390625,10855.2001953125,11006.7001953125,11006.7001953125,52300,0.001068672416998151,-0.015932211203406377,-0.041804157691174404,-0.03990266873039172,-0.07391157591118247
2016-01-29,11047.0,11266.75,10984.25,11236.150390625,11236.150390625,48700,0.020846410935242643,0.00548560234748674,-0.021705705953889876,-0.030877639838920667,-0.049776917852385916
2016-02-05,11271.150390625,11409.099609375,11065.7998046875,11227.5498046875,11227.5498046875,66900,-0.000765438841462629,0.021656938112103896,0.011267747855137289,-0.03186155153448156,-0.08480637547929804
2016-02-12,11160.849609375,11190.349609375,10157.099609375,10324.4501953125,10324.4501953125,65500,-0.08043603680991518,-0.06098254090190014,-0.07144618750780585,-0.14308894273146677,-0.17172150441523182
2016-02-19,10446.25,10791.0498046875,10325.25,10768.900390625,10768.900390625,65500,0.043048316075396276,-0.021605004267198358,-0.031826231249753034,-0.10500065943921288,-0.14341846544697368
2016-02-26,10778.7998046875,10778.7998046875,10329.2001953125,10463.349609375,10463.349609375,46100,-0.028373442985506814,-0.06877807384055612,-0.04610246140886287,-0.09707249935279272,-0.1665956896203712
2016-03-04,10504.400390625,11089.4501953125,10075.75,10980.849609375,10980.849609375,78100,0.049458349316391814,-0.021972754483752355,-0.0056325196764119845,-0.0379152953328189,-0.1330109660593739
2016-03-11,10928.400390625,10977.2998046875,10733.2001953125,10835.4501953125,10835.4501953125,101700,-0.013241180713226774,0.04949416098031101,-0.02580802919195324,-0.05220318001158997,-0.11993844685627975
2016-03-18,10854.2001953125,11177.25,10698.7001953125,11159.7001953125,11159.7001953125,67100,0.02992492182191686,0.03628966658728827,-0.002253054960920542,-0.048351197741598795,-0.09736723457657626
2016-03-25,11158.9501953125,11246.0,11093.599609375,11228.150390625,11228.150390625,48000,0.00613369482284587,0.07309330279519188,0.004769709044252668,-0.060728055016429194,-0.06185817849981201
2016-04-01,11328.150390625,11387.900390625,11089.0,11194.650390625,11194.650390625,91900,-0.002983572434866133,0.019470331427493992,0.018663238220187672,-0.05672461658245198,-0.06338161947660492
2016-04-08,11224.900390625,11407.4501953125,11028.150390625,11061.150390625,11061.150390625,48100,-0.011925338920079187,0.020829793985868594,0.006020963636626853,-0.06321374259765444,-0.10033547728705339
2016-04-15,11066.25,11430.9501953125,10975.150390625,11351.849609375,11351.849609375,39400,0.026281101737517742,0.01721815198433463,0.031358118958258796,0.0012392002795542645,-0.03822742450288641
2016-04-22,11493.5,11697.400390625,11292.400390625,11304.0498046875,11304.0498046875,69200,-0.004210750347504955,0.0067597432722199535,0.006042942796418371,-0.021463832696719143,0.015432621858788576
2016-04-29,11288.7001953125,11507.75,11140.5498046875,11196.25,11196.25,72200,-0.00953638798042078,0.00014289051637916828,-0.002787768055540707,-0.025302769306001283,0.017743778891840423
2016-05-06,11181.150390625,11181.150390625,10846.650390625,10887.0,10887.0,55100,-0.027620855197052596,-0.015744328977987943,0.05448714401691901,-0.05210507077526161,-0.02551454833005673
2016-05-13,10900.099609375,11089.7998046875,10884.0498046875,11030.7001953125,11030.7001953125,52600,0.013199246377560314,-0.02829049230860814,0.024310727668668264,-0.006462537434330784,-0.01263886987669438
2016-05-20,11063.099609375,11197.349609375,11025.7001953125,11036.150390625,11036.150390625,45400,0.0004940933228170241,-0.023699419118925813,0.054743538411139436,-0.007437749556417295,-0.05902339423484759
2016-05-27,11080.400390625,11462.0498046875,10868.150390625,11420.849609375,11420.849609375,76200,0.03485809862438938,0.020060253153957763,0.04006975923104772,0.02678700773056719,-0.0133217738078375
2016-06-03,11433.9501953125,11586.2001953125,11374.849609375,11462.0,11462.0,75700,0.0036030936429827243,0.05281528428400839,0.057824067610827035,0.044940100016853224,0.015095376477172406
2016-06-10,11443.5,11469.150390625,11210.599609375,11229.0498046875,11229.0498046875,60300,-0.020323695281146414,0.01798159734767224,0.00621428964589299,0.01684317315322148,0.01626341836084455
2016-06-17,11164.150390625,11304.7998046875,11110.75,11290.7998046875,11290.7998046875,42100,0.00549912958567722,0.023074115977870235,0.0055796735778324,0.015131472662396117,0.004193425838090237
2016-06-24,11272.9501953125,11526.400390625,11043.099609375,11203.150390625,11203.150390625,49800,-0.0077629056912434935,-0.019061560759131124,0.000759291242102389,0.0016316640616036437,-0.014028489802239807
2016-07-01,11069.900390625,11178.0498046875,10874.599609375,11098.400390625,11098.400390625,55600,-0.009350048544171763,-0.031722178448351124,0.0033676424860447085,-0.006841185467575728,-0.00895197157721117
2016-07-08,11142.25,11242.2998046875,10896.900390625,10946.7001953125,10946.7001953125,34200,-0.013668654037805594,-0.02514456826588607,-0.03569016750608678,-0.0038991232704294054,0.0137476160778367
2016-07-15,10993.849609375,11219.0498046875,10691.7001953125,10716.4501953125,10716.4501953125,82000,-0.021033735819182775,-0.0508688152575828,-0.05198133585109799,-0.025329810053958512,-0.04904962112838496
2016-07-22,10734.5,10789.25,10600.75,10756.0,10756.0,75300,0.003690569541843214,-0.03991291512065964,-0.039321201295076436,-0.02277705314616163,-0.06177085667020743
2016-07-29,10734.099609375,10952.75,10731.2001953125,10913.2998046875,10913.2998046875,59500,0.014624377527658883,-0.016678131930963458,0.002415707236842035,-0.028733202628444143,-0.05872362898518502
2016-08-05,10917.7001953125,11307.0498046875,10913.5,11137.0498046875,11137.0498046875,73000,0.020502506483318195,0.017388766110221,0.00964123831596786,-0.00806052981944616,-0.039665260367690136
2016-08-12,11136.099609375,11302.400390625,11122.150390625,11173.400390625,11173.400390625,56600,0.0032639331398338634,0.04264007082423382,0.01243640174717009,0.08222715779073053,-0.07262758201282538
2016-08-19,11121.9501953125,11136.0498046875,10721.900390625,10727.599609375,10727.599609375,63200,-0.03989839848789878,-0.002640423077816978,-0.060700387774210274,-0.0038351902006591443,-0.10843315213972804
2016-08-26,10704.650390625,10845.7001953125,10495.2001953125,10523.0498046875,10523.0498046875,63900,-0.019067621102184074,-0.03575912024632355,-0.08191853038845753,0.005705648529511942,-0.09192071238646904
2016-09-02,10548.9501953125,10654.2001953125,10329.4501953125,10528.349609375,10528.349609375,59800,0.0005036377082563437,-0.05465542544815616,-0.06240066679729184,-0.04120810466374791,-0.07756098253813515
2016-09-09,10524.0498046875,10643.5,10159.7001953125,10291.900390625,10291.900390625,63200,-0.022458336541128276,-0.07889272461225139,-0.08847020860717025,-0.050164025941685786,-0.09974848427693583
2016-09-16,10194.650390625,10440.150390625,10182.25,10399.25,10399.25,49500,0.010430494398564694,-0.03060792920422295,-0.07175663653481956,-0.06814252910055041,-0.11319895394299584
2016-09-23,10386.2001953125,10531.599609375,10353.650390625,10391.0498046875,10391.0498046875,53700,-0.0007885371841719335,-0.012543891975233312,-0.06373446271906091,-0.07455373831084777,-0.13075428980545545
2016-09-30,10382.0,10425.5,10228.0498046875,10292.2998046875,10292.2998046875,69100,-0.009503370867826377,-0.022420399535109325,-0.05978060775842031,-0.0806055173186272,-0.13275781683674992
2016-10-07,10331.150390625,10418.7001953125,10146.0,10184.25,10184.25,49500,-0.010498120608407713,-0.010459719443365323,-0.04966198560277835,-0.07927750366437714,-0.13747981855160696
2016-10-14,10193.0498046875,10442.0,10116.7001953125,10228.650390625,10228.650390625,58800,0.004359711380317544,-0.016404991646032152,-0.049028412920695374,-0.09894415953347357,-0.09782757088407346
2016-10-21,10268.650390625,10483.4501953125,10140.5498046875,10477.099609375,10477.099609375,80700,0.024289540580809676,0.008281146400499706,-0.03996959701639846,-0.07315521513091572,-0.09304885652917239
2016-10-28,10445.349609375,10448.0,10027.25,10048.400390625,10048.400390625,84300,-0.04091773818456357,-0.023697270648044944,-0.09775025102287827,-0.10252089845930556,-0.125229605122547
2016-11-04,10109.2001953125,10109.2001953125,9736.75,9924.0498046875,9924.0498046875,55000,-0.012375162324693711,-0.025549274154945123,-0.11181471550824962,-0.08844954489873247,-0.13594594587700592
2016-11-11,9997.099609375,10045.5,9320.9501953125,9434.599609375,9434.599609375,79100,-0.04931960287838477,-0.07763006368638636,-0.12053022550077552,-0.144696216711226,-0.15022364942845434
2016-11-18,9478.5,9724.7001953125,9295.25,9476.4501953125,9476.4501953125,74300,0.0044358624287472725,-0.09550824668757663,-0.09945782152516203,-0.14132647165060708,-0.1477130703051951
2016-11-25,9500.0,10140.650390625,9430.400390625,10114.900390625,10114.900390625,74500,0.06737229470464667,0.006617968772625993,-0.0392700882939756,-0.11434781679271822,-0.09062384491455111
2016-12-02,10126.7001953125,10171.7998046875,9898.900390625,9922.7998046875,9922.7998046875,55100,-0.01899184159198919,-0.00012595664316494837,-0.03586321009030724,-0.13428722695101203,-0.0953820083443232
2016-12-09,9908.2998046875,10059.9501953125,9764.2001953125,9997.5,9997.5,44800,0.0075281368951141125,0.059663410630129476,-0.03863259369666083,-0.10967533550108544,-0.0946794430143465
2016-12-16,9960.2998046875,10299.7998046875,9846.2001953125,10222.9501953125,10222.9501953125,8300,0.02255065719554894,0.07877422290144609,-0.01617734613293531,-0.09457696778324509,-0.08087658392335362
2016-12-23,10213.4501953125,10357.2998046875,10048.849609375,10071.0498046875,10071.0498046875,0,-0.014858762658811586,-0.004335246442776941,-0.02149665324549077,-0.10105198506349267,-0.09958520389427084
2016-12-30,10028.900390625,10416.599609375,9979.599609375,10399.25,10399.25,5500,0.03258847902427631,0.048015701686073164,0.021111029285416194,-0.06299559990785553,-0.06940582079282043
2017-01-06,10403.0,10590.0498046875,10063.349609375,10110.4501953125,10110.4501953125,5400,-0.027771214721013515,0.01129784399224798,-0.011555795808686153,-0.07639288416413303,-0.07999414216222278
2017-01-13,10070.650390625,10551.400390625,10023.650390625,10263.5498046875,10263.5498046875,0,0.015142709416241518,0.0039714180935377374,-0.020382530724096015,-0.04226216539718575,-0.06652148282916459
2017-01-20,10223.0498046875,10275.0,10113.2001953125,10132.650390625,10132.650390625,0,-0.012753814864591595,0.006116600268308625,0.008384419084116468,-0.05795366394338042,-0.07941070340588885
2017-01-27,10060.650390625,10239.5,10029.2998046875,10181.849609375,10181.849609375,0,0.004855513301388559,-0.02090539131427749,0.025977278405609372,-0.06702374244298925,-0.09383113829890233
2017-02-03,10114.349609375,10195.7001953125,9592.25,10025.7998046875,10025.7998046875,0,-0.015326272796625906,-0.008372563930362453,0.06266298727982411,-0.09977956635627894,-0.10703582000573886
2017-02-10,10076.5498046875,10432.9501953125,9954.5498046875,10387.849609375,10387.849609375,0,0.036111812697299905,0.012110800556619283,0.09617519168868971,-0.07030543556902458,0.006140706077625735
2017-02-17,10402.150390625,10676.0,10318.9501953125,10527.2001953125,10527.2001953125,0,0.01341476736549363,0.0389384602722056,0.04076162777338266,-0.01868073207051535,-0.02244427811059657
2017-02-24,10544.4501953125,10801.599609375,10497.0,10689.650390625,10689.650390625,0,0.01543147202471129,0.04987313707545238,0.07728167463131141,0.015831967825837623,0.02162794799929446
2017-03-03,10663.25,10819.2998046875,10645.2998046875,10806.25,10806.25,0,0.010907710272476168,0.07784418305935104,0.08089522380595149,0.02639543717065984,-0.015900373430661863
2017-03-10,10736.7998046875,10821.849609375,10687.4501953125,10749.849609375,10749.849609375,0,-0.0052192379988432736,0.03484840593699934,0.051540837429111086,0.04449607957410384,-0.007900048857640618
2017-03-17,10850.0,10927.2998046875,10677.75,10900.75,10900.75,0,0.014037442020900404,0.03548425010990419,0.08238467800311366,0.04822463158400847,-0.023204045877618595
2017-03-24,10877.150390625,10879.4501953125,10710.7998046875,10768.9501953125,10768.9501953125,0,-0.012090893258491442,0.007418372144055052,0.035550659452604716,0.036367874057780636,-0.04089722521849293
2017-03-31,10735.5,10787.2001953125,10630.849609375,10703.25,10703.25,0,-0.006100891370181882,-0.00953152111046851,0.058632384635289414,0.03992792700474368,-0.04389600152556128
2017-04-07,10728.650390625,10732.849609375,10470.5498046875,10485.75,10485.75,0,-0.02032093055847528,-0.024567749221782398,0.02164944873273944,0.029604536416525606,-0.05201994099209495
2017-04-14,10511.599609375,10542.7001953125,10034.599609375,10064.2001953125,10064.2001953125,0,-0.04020216052142189,-0.07674240806251864,-0.006755408770032334,-0.016077408947638427,-0.11343080276531203
2017-04-21,10045.400390625,10103.7998046875,9901.650390625,10008.150390625,10008.150390625,0,-0.005569225929508592,-0.07064753675048663,-0.01705969204161739,-0.04475945025189798,-0.1146402781704946
2017-04-28,9979.7998046875,10162.650390625,9920.7001953125,9943.7001953125,9943.7001953125,0,-0.00643977086644032,-0.07096440844486485,-0.008188833905960813,-0.01041958831678158,-0.1118722612202746
2017-05-05,10000.7998046875,10170.0,9960.2001953125,10086.349609375,10086.349609375,0,0.014345707459054946,-0.038089825775457165,-0.02902429389504224,0.01635419086780887,-0.07354187477036833
2017-05-12,10113.7998046875,10378.7998046875,10085.599609375,10367.2998046875,10367.2998046875,0,0.027854497037398396,0.03011661170215718,-0.015189260929624915,0.09885954189149615,-0.06014127651723433
2017-05-19,10399.7001953125,10705.900390625,10293.400390625,10456.349609375,10456.349609375,0,0.008589488715975646,0.04478342163701332,-0.02182492155726712,0.10340363679083175,-0.05253650600326454
2017-05-26,10486.7998046875,10792.75,10444.2001953125,10735.400390625,10735.400390625,0,0.026687208411605434,0.0796182688297169,-0.006556354829381106,0.061345141923009994,-0.06001735791944385
2017-06-02,10611.4501953125,10647.0,10467.349609375,10608.9501953125,10608.9501953125,0,-0.011778805699964923,0.05181265831314796,-0.013107105604493352,0.06914886968704792,-0.07442416722103473
2017-06-09,10608.849609375,11016.099609375,10373.099609375,10442.650390625,10442.650390625,0,-0.015675425148190314,0.007268101372300606,-0.04202459549801618,0.04452617060515118,-0.07003258759563269
2017-06-16,10412.5,10512.25,10161.5,10189.5,10189.5,0,-0.024241967427375388,-0.025520341165309435,-0.05380749142704022,-0.003272068695770236,-0.09753957414339087
2017-06-23,10214.150390625,10354.650390625,10155.849609375,10170.599609375,10170.599609375,0,-0.0018548889175131755,-0.05261105880533612,-0.04976529471188662,0.009884749516496871,-0.09216610910749334
2017-06-30,10160.0,10238.9501953125,10045.099609375,10155.0498046875,10155.0498046875,0,-0.0015288975364998736,-0.04278466599132058,-0.031538058347042375,-0.02348248145899945,-0.08499878836002017
2017-07-07,10174.2998046875,10256.5498046875,10073.9501953125,10087.7998046875,10087.7998046875,0,-0.006622321041592327,-0.03398089303612717,0.0023449065913843103,-0.002240294960901057,-0.07846203653159245
2017-07-14,10214.2998046875,10611.9501953125,9946.349609375,10330.650390625,10330.650390625,0,0.024073692047759998,0.013852533551695467,0.032223736396097546,0.006537756157899199,-0.03600070897135821
2017-07-21,10371.7001953125,10726.099609375,10356.9501953125,10711.5498046875,10711.5498046875,0,0.03687080674108989,0.05318764046260016,0.07721970637620057,0.057132082105399995,-0.004132595324702448
2017-07-28,10734.150390625,10905.2001953125,10511.099609375,10699.4501953125,10699.4501953125,0,-0.0011295853163755254,0.053608835120996456,0.060785180930833294,0.05083561492215671,-0.019595320682306072
2017-08-04,10665.2998046875,10887.7998046875,10637.7998046875,10757.9501953125,10757.9501953125,0,0.005467570663175714,0.06643176942444873,0.03768101607791552,0.07302663177881197,-0.03403950022881641
2017-08-11,10749.7001953125,10757.900390625,10581.849609375,10647.0498046875,10647.0498046875,0,-0.010308691582651353,0.03062725018258594,0.018237740936045244,0.02495224758342407,-0.047107466620379235
2017-08-18,10669.150390625,10839.9501953125,10474.7001953125,10570.0,10570.0,0,-0.0072367281172647235,-0.01321468949577742,-0.015407007154520369,0.004065639856127845,-0.014691041343235067
2017-08-25,10574.2998046875,10618.0498046875,10401.0498046875,10503.900390625,10503.900390625,0,-0.00625351082071901,-0.018276621799984794,-0.009901998100991682,-0.01737662067628576,-0.0018197589499168165
2017-09-01,10603.4501953125,10638.400390625,10453.099609375,10514.400390625,10514.400390625,0,0.0009996286721618564,-0.022639053004132714,0.006870861066498479,-0.027007482648930048,-0.0013249197896676446
2017-09-08,10540.0,10540.099609375,10388.25,10456.650390625,10456.650390625,17400,-0.005492467269126666,-0.017882833043447843,0.02621820409490172,-0.02727472749891302,0.016007733630037047
2017-09-15,10496.7001953125,10621.650390625,10428.4501953125,10599.75,10599.75,0,0.013685033354782217,0.0028145695364238943,0.04219519075644462,-0.027612778937229132,0.019280236555520913
2017-09-22,10601.400390625,10694.0,10588.150390625,10632.099609375,10632.099609375,0,0.0030519219203282155,0.012204915696308438,0.046976609062744146,-0.012707885490738757,0.0231978297879738
2017-09-29,10604.2998046875,10653.5498046875,10454.0498046875,10475.349609375,10475.349609375,0,-0.014743089865503434,-0.003714028361029409,0.03841767404101515,-0.021292634538574773,0.017785121708574048
2017-10-06,10534.4501953125,10665.599609375,10502.150390625,10655.349609375,10655.349609375,0,0.017183197383589643,0.01900218629554118,0.03143066568632147,0.016174294578356285,0.04625766348773852
2017-10-13,10637.349609375,10997.099609375,10622.7998046875,10924.2001953125,10924.2001953125,0,0.025231512413347312,0.030609230907568508,0.01985243914302126,0.08545140034083909,0.06800015428477257
2017-10-20,10936.849609375,11014.0498046875,10872.7998046875,10890.7998046875,10890.7998046875,0,-0.0030574678262791366,0.024331995073145096,0.017884060010749936,0.08819306061680576,0.039486137455667425
2017-10-27,10901.25,11057.2998046875,10799.349609375,10862.0498046875,10862.0498046875,0,-0.0026398428504420535,0.036915254357374305,0.009676528286992614,0.09235491731819456,0.08097302878392676
2017-11-03,10892.5498046875,10913.900390625,10772.25,10839.0498046875,10839.0498046875,0,-0.0021174640526941957,0.01724018470035693,0.018033164446687344,0.07462563013014001,0.09220026279672755
2017-11-10,10834.0,11306.4501953125,10820.0498046875,11222.5498046875,11222.5498046875,0,0.03538133018211154,0.027310888123692534,0.0617360269335383,0.08249496166912285,0.18950991767958492
2017-11-17,11188.5,11343.599609375,11059.0,11150.0,11150.0,0,-0.006464645374725575,0.02379992286709176,0.0615104471051211,0.06633771981027525,0.17660091808590073
2017-11-24,11161.7001953125,11352.5498046875,11072.9501953125,11306.400390625,11306.400390625,16400,0.014026940863228754,0.040908538805055183,0.07532526540516504,0.053188514561473,0.1177965134589305
2017-12-01,11290.849609375,11326.0,10930.9501953125,10948.5,10948.5,0,-0.031654671536465506,0.010097766620203785,0.04703701386210368,0.032005975938837805,0.10336802268528711
2017-12-08,11007.9501953125,11249.2998046875,10901.099609375,11173.400390625,11173.400390625,0,0.02054166238525834,-0.00437952291750765,0.05411923777683425,0.06997744563545272,0.11761944392348078
2017-12-15,11178.900390625,11343.150390625,11170.4501953125,11288.2998046875,11288.2998046875,0,0.010283298731414536,0.012403569927130098,0.06171877798566583,0.10783647918813477,0.10421156212455096
2017-12-22,11211.7998046875,11532.75,11096.599609375,11501.900390625,11501.900390625,0,0.018922299162253076,0.017291091173642137,0.09799680388053877,0.1308969807466258,0.1420756141302688
2017-12-29,11503.0,11689.75,11430.650390625,11665.75,11665.75,0,0.014245438041573744,0.06551125724985152,0.09482564417558015,0.14876344521867058,0.12178762891554684
2018-01-05,11612.7001953125,11693.349609375,11510.400390625,11633.5498046875,11633.5498046875,14400,-0.0027602336165698516,0.0411825762950897,0.06493377974520986,0.15322964669478623,0.15064607212853431
2018-01-12,11674.349609375,12178.7998046875,11661.5,12099.2001953125,12099.2001953125,0,0.0400265094010579,0.07183547608190488,0.11095607414479258,0.17119442995500522,0.17885141355154088
2018-01-19,12103.5,12668.5498046875,11971.9501953125,12633.849609375,12633.849609375,0,0.04418882285042569,0.09841410378346116,0.163118364999844,0.17946047394993014,0.24684550658771132
2018-01-26,12544.599609375,13553.9501953125,12521.150390625,13117.849609375,13117.849609375,0,0.0383097800721679,0.12447546101836582,0.2102398130601817,0.22603025107981867,0.2883562528066277
2018-02-02,13113.2001953125,13328.0498046875,12812.9501953125,12983.599609375,12983.599609375,0,-0.01023414690652158,0.11604796707394716,0.1569206495258264,0.20688415298969032,0.295018837629752
2018-02-09,12878.7001953125,13104.7998046875,12350.400390625,12492.7001953125,12492.7001953125,0,-0.037809192275772174,0.032522810900546206,0.12042154218049328,0.1733485260689236,0.2026262089930413
2018-02-16,12544.7001953125,12687.4501953125,12346.0,12437.9501953125,12437.9501953125,0,-0.004382559346180703,-0.015505916258266361,0.10008046465661646,0.17672187278263962,0.18150600012820206
2018-02-23,12474.150390625,12888.0,12228.7998046875,12871.150390625,12871.150390625,0,0.034828905769035856,-0.01880637650958361,0.1756085665273781,0.22536866420713886,0.20407589774060453
2018-03-02,12864.599609375,12904.2001953125,12688.0,12769.4501953125,12769.4501953125,0,-0.00790140680716278,-0.01649383996005782,0.14284369564225585,0.2144725063635755,0.18167266122035852
2018-03-09,12768.5498046875,12930.5498046875,12645.75,12747.25,12747.25,0,-0.0017385396374113293,0.020375883572633313,0.12924445847076682,0.21905672694466838,0.1858072869115357
2018-03-16,12825.25,13012.349609375,12606.599609375,12698.400390625,12698.400390625,0,-0.003832168457902685,0.020939961265535212,0.10402628777547451,0.19799055549659195,0.1649107071187763
2018-03-23,12660.900390625,12725.349609375,12281.2001953125,12541.099609375,12541.099609375,0,-0.012387448529826872,-0.025642679265903023,0.07503586219274361,0.1795506127798796,0.16456101866214223
2018-03-30,12536.599609375,12573.099609375,12392.25,12511.5498046875,12511.5498046875,0,-0.0023562371409130423,-0.02019667148391968,0.07547137500939116,0.1943801659364368,0.1689486655630299
2018-04-06,12542.2998046875,12723.400390625,12442.150390625,12603.349609375,12603.349609375,0,0.007337204912304829,-0.011288739973327577,0.041667995067791175,0.1828189661919748,0.20195022858403067
2018-04-13,12605.349609375,13380.400390625,12506.400390625,13260.4501953125,13260.4501953125,0,0.05213697995402078,0.04426146501904693,0.04959696413296921,0.2138600500018728,0.3175860910923338
2018-04-20,12936.2998046875,13964.2998046875,12935.25,13910.349609375,13910.349609375,0,0.04901035820731314,0.10918101623054066,0.06041386535134685,0.2772569378594085,0.3899021364032791
2018-04-27,13897.650390625,14294.150390625,13665.7001953125,13794.900390625,13794.900390625,0,-0.008299519565790892,0.1025732707755107,0.06248658350987557,0.27000894294112276,0.38730051385981756
2018-05-04,13818.849609375,14094.099609375,13302.900390625,13453.2998046875,13453.2998046875,0,-0.024762816422339018,0.06743843673750538,0.07689287298637293,0.2411881158502871,0.33381256110565594
2018-05-11,13533.5498046875,13566.0498046875,13297.2001953125,13478.599609375,13478.599609375,0,0.0018805649955622172,0.01645113181297675,0.08366727617663972,0.20102827289259873,0.30010705422840656
2018-05-18,13480.099609375,13625.5,13358.2001953125,13459.150390625,13459.150390625,0,-0.001442970287244938,-0.03243622420862169,0.04568356224229064,0.2070986897421525,0.2871748644056178
2018-05-25,13485.4501953125,13963.7001953125,13420.099609375,13762.349609375,13762.349609375,0,0.022527366880542132,-0.0023596242327433847,0.07775584687483095,0.21721760541811475,0.2819596017483774
2018-06-01,13832.9501953125,13832.9501953125,13457.599609375,13558.5498046875,13558.5498046875,0,-0.014808503669218709,0.007823359438056121,0.0636450846015808,0.2383933693827922,0.27802935776607396
2018-06-08,13592.400390625,13841.650390625,13355.2001953125,13769.7998046875,13769.7998046875,0,0.015580574843407469,0.021604632806953905,0.08437278563475559,0.23237325463079261,0.3186115870593047
2018-06-15,13807.5,14151.75,13755.5,14121.5,14121.5,0,0.02554141674541799,0.049211843998441474,0.12601768902653343,0.2509855553389897,0.38588743314195995
2018-06-22,14223.349609375,14223.349609375,13724.150390625,13777.099609375,13777.099609375,0,-0.024388371676167586,0.001071764663640895,0.10115052287234283,0.19781072183553916,0.3546005288297476
2018-06-29,13814.0,14143.2998046875,13791.0,13989.5,13989.5,0,0.015416916233984779,0.03178438708566822,0.10998269774202818,0.19919422240318885,0.3775904864142119
2018-07-06,14024.599609375,14243.9501953125,13898.900390625,14015.9501953125,14015.9501953125,0,0.0018907177034561684,0.017876105253266328,0.05697393292627928,0.20478705387628637,0.3893961484842021
2018-07-13,14111.849609375,14654.5498046875,13993.599609375,14534.900390625,14534.900390625,0,0.03702568774010473,0.029274538159898,0.044898280689442904,0.20131084336104665,0.40696856838900786
2018-07-20,14554.25,14776.0,14420.0,14701.400390625,14701.400390625,0,0.01145518686233249,0.06708964930623229,0.06571268906124583,0.1636516853672032,0.37248116833583644
2018-07-27,14726.7001953125,14768.900390625,14423.75,14517.900390625,14517.900390625,0,-0.012481804122348561,0.03777121345473389,0.07913304552735556,0.10672868061007645,0.3568828421656085
2018-08-03,14538.900390625,14739.7998046875,14386.7998046875,14649.099609375,14649.099609375,0,0.009037065637585107,0.045173492003007354,0.0868413658631022,0.1282772151104692,0.36169989109616507
2018-08-10,14694.7001953125,14731.099609375,14534.599609375,14679.2998046875,14679.2998046875,0,0.002061573483545187,0.009934668293677396,0.09065575304904816,0.17503018364240064,0.3787199340633074
2018-08-17,14697.7001953125,15143.349609375,14683.0,15126.400390625,15126.400390625,0,0.030457895940971813,0.028908810637592097,0.09911467300037202,0.21614897576336167,0.43106910034295165
2018-08-24,15033.650390625,15410.2001953125,14946.5498046875,15260.0498046875,15260.0498046875,0,0.008835506836466722,0.05111961055620329,0.12549277205234377,0.1856010800559451,0.45279841175069446
2018-08-31,15285.099609375,15833.650390625,15274.349609375,15811.400390625,15811.400390625,0,0.03613032676788119,0.07934281370482044,0.14826654090079794,0.23822092171432407,0.5037852662262117
2018-09-07,16013.0498046875,16130.599609375,15703.0,16104.7998046875,16104.7998046875,0,0.01855619406339648,0.09710953648789156,0.14044540627323587,0.26339405006471983,0.5401490155132658
2018-09-14,16150.650390625,16229.849609375,15843.599609375,16072.5,16072.5,0,-0.002005601130049328,0.06254624926901786,0.16660984210806107,0.26571060177516825,0.5163093469185593
2018-09-21,16096.400390625,16207.5,15579.9501953125,15833.5,15833.5,0,-0.014870119769793133,0.037578527111775895,0.1318131455734659,0.262528844612939,0.4892166723154656
2018-09-28,15862.400390625,16360.599609375,15734.9501953125,15838.0498046875,15838.0498046875,0,0.0002873530607572228,0.0016854556461869397,0.13000186102147993,0.2658743362675753,0.5119351998059432
2018-10-05,15897.099609375,16282.0498046875,15265.650390625,15591.650390625,15591.650390625,0,-0.015557433970789458,-0.03186313523209039,0.07270431661723697,0.2371036965464446,0.4632697154213361
2018-10-12,15538.2001953125,15644.2001953125,14408.4501953125,14539.2001953125,14539.2001953125,0,-0.06750088470078319,-0.09539896124980551,-0.011032975839222359,0.09643337753736536,0.33091667448122863
2018-10-19,14639.5,15190.650390625,14421.650390625,14476.849609375,14476.849609375,0,-0.004288446757724773,-0.08568228064704586,-0.002827597665328252,0.040725072762959336,0.3292733195907276
2018-10-26,14527.5498046875,14527.5498046875,13769.849609375,13798.599609375,13798.599609375,0,-0.046850662837636614,-0.12876902273087276,-0.058058175770455134,0.0002681584241459589,0.2703495065379129
2018-11-02,13837.650390625,14994.849609375,13696.5,14396.7001953125,14396.7001953125,0,0.04334502071725743,-0.07664039183632565,-0.01925157283624379,0.07012408883479226,0.328225301546861
2018-11-09,14377.5,14796.900390625,14345.25,14553.25,14553.25,1800,0.010874006026635907,0.0009663395853114487,-0.0378907324825426,0.07973012195402918,0.29678640356056274
2018-11-16,14604.9501953125,14821.5498046875,14236.7001953125,14473.150390625,14473.150390625,0,-0.00550389839898302,-0.0002555265026449316,-0.05156597941251706,0.07533907940476725,0.29804039377802694
2018-11-23,14544.7998046875,14618.25,13819.7001953125,13835.7001953125,13835.7001953125,0,-0.0440436379162763,0.002688721101255398,-0.12495415627346618,0.00532980108916381,0.2237051331372215
2018-11-30,13836.9501953125,14732.650390625,13581.349609375,14638.0498046875,14638.0498046875,0,0.057991254367222744,0.01676423111551517,-0.09107533268268786,0.07961765937731724,0.3369913508414395
2018-12-07,14728.4501953125,15064.25,14461.9501953125,14662.900390625,14662.900390625,0,0.0016976705414366577,0.007534426373833947,-0.08770257330066888,0.06485937331009506,0.3123042116102679
2018-12-14,14486.0,14913.7998046875,14307.2998046875,14851.400390625,14851.400390625,0,0.01285557393000647,0.026134600262636143,-0.062026690837464815,0.051687171378748786,0.31564546013013506
2018-12-21,14931.0498046875,14931.0498046875,14171.9501953125,14207.849609375,14207.849609375,0,-0.04333266657171564,0.026897765115536654,-0.10292935149313764,0.031265651858021215,0.23526105485625415
2018-12-28,14296.7998046875,14460.7001953125,14018.400390625,14385.7998046875,14385.7998046875,0,0.012524780329535634,-0.017232486797471025,-0.07733950901455289,0.028328375187640642,0.2331654462582775
2019-01-04,14458.5,14593.849609375,13958.849609375,14146.150390625,14146.150390625,14000,-0.016658748023478775,-0.03524200439432801,-0.02703379824250729,0.009289430505827978,0.21597883948759122
2019-01-11,14238.0498046875,14495.7001953125,14134.25,14307.099609375,14307.099609375,0,0.011377598449445747,-0.036649795099025884,-0.011725617422320367,-0.01567267577539999,0.18248308800757673
2019-01-18,14474.5,14923.75,14196.0,14893.0,14893.0,0,0.04095172373309519,0.04822337014131306,0.07931242456527587,0.013032745472137508,0.1788172616008179
2019-01-25,14920.349609375,15161.2001953125,14793.25,15039.2998046875,15039.2998046875,0,0.009823393855334706,0.045426740874501936,0.044635201168127914,0.03591424379789765,0.1464760042636324
2019-02-01,15085.0498046875,15751.75,14986.7001953125,15724.2998046875,15724.2998046875,0,0.045547333246624744,0.1115603447216551,0.08046654903114425,0.07339701578821978,0.21108939568142082
2019-02-08,15727.2001953125,16167.849609375,15634.9501953125,16019.7998046875,16019.7998046875,0,0.018792569695975203,0.11970981135758785,0.10686335540770342,0.09131906956297353,0.2823328467210344
2019-02-15,16050.2001953125,16159.0498046875,15620.4501953125,15815.599609375,15815.599609375,0,-0.012746738274016955,0.06194854021184448,0.14310077452627112,0.045562671947858124,0.27155997258579134
2019-02-22,15895.5,15948.099609375,15287.5,15684.7001953125,15684.7001953125,0,-0.008276601412247842,0.04291425791138481,0.0715020378117468,0.027827588773305267,0.21859349936092842
2019-03-01,15738.9501953125,16069.400390625,15694.849609375,15848.2998046875,15848.2998046875,0,0.01043052193142291,0.007885883730290866,0.08084344723642856,0.0023337220708405937,0.2411105852079054
2019-03-08,15839.2001953125,15839.2001953125,15388.2001953125,15408.7001953125,15408.7001953125,0,-0.0277379665195997,-0.0381465197334232,0.03752506767235886,-0.04322311471219853,0.2087862241120635
2019-03-15,15432.900390625,15649.25,15202.0498046875,15546.599609375,15546.599609375,0,0.008949451434226097,-0.01700852365031702,0.09422608183553893,-0.03272050960491524,0.22429590587274073
2019-03-22,15614.7998046875,15735.25,15296.0,15551.099609375,15551.099609375,0,0.00028945236341493263,-0.008517892230890611,0.0810034770752055,-0.017835626401300986,0.2400108518195565
2019-03-29,15579.0498046875,15636.5,15218.25,15566.75,15566.75,0,0.0010063848228176742,-0.017765300262948425,0.10042305292586651,-0.017129621893675617,0.24419038752240407
2019-04-05,15668.7998046875,16013.25,15662.5498046875,15923.0498046875,15923.0498046875,0,0.022888515887227623,0.033380467064410224,0.11294743445090849,0.021254928487991487,0.26339824714876925
2019-04-12,15982.849609375,16203.25,15832.0,15911.099609375,15911.099609375,0,-0.000750496635951059,0.023445641436613318,0.06836094872591159,0.09435865767257301,0.19989135926919666
2019-04-19,15917.7001953125,16177.849609375,15862.0,16079.2998046875,16079.2998046875,0,0.010571248967192304,0.03396545637159143,0.06915215558611632,0.1106905327160943,0.15592348547808732
2019-04-26,16077.5498046875,16523.75,16057.900390625,16504.44921875,16504.44921875,0,0.02644079152865597,0.0602373147092361,0.04961425460928526,0.19609595799392565,0.19641670120114862
2019-05-03,16510.94921875,16720.400390625,16065.4501953125,16092.9501953125,16092.9501953125,0,-0.024932611684491346,0.010670091013279537,0.004566248736990852,0.11782213819749421,0.19620839711795268
2019-05-10,15949.2998046875,16225.849609375,15911.9501953125,15949.599609375,15949.599609375,0,-0.008907663554396317,0.002419694486565538,0.008472647468931171,0.09594761372030303,0.18332765061745016
2019-05-17,15949.0,16095.7001953125,15642.9501953125,15843.400390625,15843.400390625,0,-0.0066584253743634525,-0.014671000412202595,0.010118152934789792,0.09467531000628449,0.17714714010928612
2019-05-24,15933.2998046875,16009.650390625,15461.849609375,15569.849609375,15569.849609375,0,-0.01726591353532081,-0.05662713108373474,-0.017569720332407,0.12533875333971345,0.13133658505294177
2019-05-31,15587.400390625,16197.349609375,15526.400390625,16160.650390625,16160.650390625,0,0.037945182263948496,0.0042068231424849944,0.048800365104205934,0.104016628325033,0.19191584818590957
2019-06-07,16159.5,16391.0,15972.75,16109.849609375,16109.849609375,0,-0.003143486185399502,0.01004727415889528,0.03622978748744177,0.0986809689899506,0.16994072810636673
2019-06-14,16176.849609375,16488.650390625,16152.2001953125,16268.2001953125,16268.2001953125,0,0.009829426703359623,0.026812413636839283,0.0461125324864613,0.09539839795726324,0.1520164426804873
2019-06-21,16285.0,16391.5,15994.9501953125,16189.400390625,16189.400390625,0,-0.004843793642901328,0.03979169977833008,0.039998740303852864,0.13946873282938466,0.17509496553312887
2019-06-28,16202.400390625,16255.2001953125,15904.7998046875,15936.4501953125,15936.4501953125,0,-0.01562443260461821,-0.013873216107846864,0.0008415718589949162,0.10779034962795264,0.13917225028146119
2019-07-05,15982.7001953125,16097.150390625,15520.0,15550.0498046875,15550.0498046875,46300,-0.02424632750012634,-0.03474891561754423,-0.022691694072153545,0.09924250593241957,0.10945384280033088
2019-07-12,15410.849609375,15480.150390625,15045.099609375,15227.400390625,15227.400390625,119300,-0.02074909200388786,-0.0639775631103553,-0.052981126318333294,0.06432476227725115,0.04764394535835015
2019-07-19,15516.25,15708.7998046875,15363.0498046875,15383.650390625,15383.650390625,176400,0.010261108002137975,-0.0497702188196294,-0.06790889009805356,0.032945033950513736,0.046407143664699335
2019-07-26,15387.4501953125,15645.7001953125,15265.349609375,15348.0498046875,15348.0498046875,85900,-0.002314183242177359,-0.036921672230248004,-0.04628737314069187,0.02052954618962821,0.05718109311444053
2019-08-02,15365.099609375,15649.150390625,15208.7998046875,15422.099609375,15422.099609375,98200,0.004824704482317088,-0.008228282026076172,-0.033072930538641354,-0.019218674221818888,0.0527677482311133
2019-08-09,15349.7001953125,15945.400390625,15312.5498046875,15821.349609375,15821.349609375,88800,0.025888174121071028,0.039005293320826695,-0.0013917959974708571,-0.01238780744653456,0.07780001906649603
2019-08-16,15809.25,15822.400390625,15238.5498046875,15365.349609375,15365.349609375,20400,-0.02882181427365682,-0.0011896254000385298,-0.013134359363167203,-0.02846872778273335,0.015796832860387244
2019-08-23,15420.0498046875,15872.849609375,15396.0,15816.599609375,15816.599609375,27200,0.029368026857304663,0.030528295819342466,-0.021289414283077845,0.008409431638477738,0.03647103461723589
2019-08-30,15825.25,16039.25,15628.099609375,16010.400390625,16010.400390625,0,0.012252999129795716,0.038146607540543664,-0.006173193491025852,0.01022826346896566,0.012585855464010143
2019-09-06,16027.099609375,16218.7998046875,15935.900390625,16034.5498046875,16034.5498046875,0,0.001508357909439928,0.013475474632465456,-0.014362399516839264,0.04061663874577759,-0.004362053602153582
2019-09-13,16023.9501953125,16030.4501953125,15525.150390625,15722.900390625,15722.900390625,0,-0.019436118747243714,0.023269941155900753,-0.028815149958867026,0.011340150623271095,-0.02175141448903406
2019-09-20,15774.4501953125,15854.150390625,15434.150390625,15491.099609375,15491.099609375,0,-0.014742876663405902,-0.020579644679572295,-0.027945406943165718,-0.0038582480665115826,-0.021625060196734824
2019-09-27,15611.7998046875,15611.7998046875,14735.5498046875,15236.400390625,15236.400390625,0,-0.01644164876429166,-0.0483435754956647,-0.020170315722587095,-0.021221488709910585,-0.03798759452596445
2019-10-04,15277.150390625,15568.4501953125,15228.900390625,15340.2998046875,15340.2998046875,20800,0.0068191575043163866,-0.043297130786736804,0.0074142277188697925,-0.03659788841635392,-0.01612084542946346
2019-10-11,15368.150390625,15472.349609375,14865.099609375,15321.900390625,15321.900390625,0,-0.001199416849524515,-0.025504200245337838,-0.004014001776693421,-0.03703070392462615,0.053833786232948766
2019-10-18,15202.2001953125,15434.5498046875,15147.7001953125,15410.099609375,15410.099609375,0,0.00575641509874103,-0.005228808931741713,0.004042846190696503,-0.041618739835761476,0.06446499239693981
2019-10-25,15033.2998046875,15085.4501953125,14566.5498046875,14898.849609375,14898.849609375,0,-0.033176294310840904,-0.022154234110157378,-0.03392858386687636,-0.09728283495525236,0.07973635232175824
2019-11-01,14980.150390625,15657.75,14970.5,15471.2001953125,15471.2001953125,0,0.038415756984173655,0.008533105108219585,-0.02213145039504205,-0.03863492973346183,0.07463515843372592
2019-11-08,15474.0,15803.349609375,15355.7001953125,15383.2998046875,15383.2998046875,24300,-0.005681549557585819,0.00400729756082141,0.001168225635526543,-0.03550558124071246,0.05703535668579174
2019-11-15,15343.25,15471.150390625,15192.2998046875,15310.650390625,15310.650390625,0,-0.004722615757664861,-0.006453509144710434,-0.031988495077671986,-0.033625988541906904,0.05786577057490483
2019-11-22,15326.7998046875,15435.400390625,14931.349609375,14995.900390625,14995.900390625,0,-0.0205575852083153,0.006513978179156332,-0.06336506116324536,-0.03686286207956757,0.08385554608255918
2019-11-29,15002.2001953125,15212.650390625,14867.4501953125,14998.0498046875,14998.0498046875,14700,0.00014333344490902178,-0.030582655815439286,-0.06464166519330605,-0.07194021019178409,0.024593440028105373
2019-12-06,15056.849609375,15390.0498046875,14808.400390625,15289.599609375,15289.599609375,72900,0.019439180992476768,-0.006091033556009151,-0.027558578282945945,-0.05091605569816504,0.042740467578344266
2019-12-13,15309.7001953125,15322.5498046875,14890.599609375,15200.5498046875,15200.5498046875,118500,-0.005824207759691613,-0.007191110967102787,-0.01875591868970128,-0.065628058285921,0.02350952804981965
2019-12-20,15263.75,15890.9501953125,15223.099609375,15844.5498046875,15844.5498046875,166100,0.04236688858460935,0.056592094636281454,0.03991424473438587,-0.021301010390551434,0.1151968975116775
2019-12-27,15811.400390625,15936.0,15657.5,15780.7001953125,15780.7001953125,66400,-0.004029752196311076,0.05218347723984684,0.02870872122658441,-0.009773192780774487,0.09696370098035723
2020-01-03,15801.5,16004.4501953125,15634.5,15936.599609375,15936.599609375,70200,0.009879118932175635,0.04231634683247587,0.04011899327619406,0.02485842872162225,0.12656794741391786
2020-01-10,15934.599609375,16067.650390625,15799.7998046875,15959.900390625,15959.900390625,123700,0.0014620924049753015,0.04995546843334142,0.035677951161037225,0.048104074314022416,0.11552311973609042
2020-01-17,16135.5,16447.349609375,16075.75,16356.599609375,16356.599609375,177000,0.024855995904775607,0.03231709395340565,0.0978431246854603,0.06324566627846195,0.09827433085174242
2020-01-24,16389.599609375,16501.19921875,16133.599609375,16472.75,16472.75,122600,0.007101133083824207,0.043854188731946575,0.06473640002350645,0.07327968110769367,0.0953136258953835
2020-01-31,16456.19921875,16577.94921875,16098.4501953125,16144.150390625,16144.150390625,100700,-0.01994807238469598,0.013023529883244622,0.049459517502588035,0.04681922692362006,0.02670074923223864
2020-02-07,16282.0,16621.349609375,16034.2998046875,16470.150390625,16470.150390625,115800,0.02019307254405356,0.03197075091394219,0.07573159666097418,0.041007928986383835,0.02811212321178469
2020-02-14,16481.5,16828.19921875,16306.25,16642.75,16642.75,92100,0.010479540579863,0.01749449136487935,0.10981998856197817,0.08313513347236867,0.05229965420562932
2020-02-21,16707.650390625,16882.44921875,16526.400390625,16649.400390625,16649.400390625,58000,0.00039959685899271236,0.01072379478988017,0.11010435406217844,0.052653591910891695,0.06150581033106439
2020-02-28,16642.75,16749.25,15156.7998046875,15212.9501953125,15212.9501953125,142900,-0.08627639203879922,-0.057680346923257964,-0.005013173400270188,-0.04980826062160526,-0.04008944916520829
2020-03-06,15355.0498046875,16150.599609375,15298.0,15663.5,15663.5,151100,0.029616201913704066,-0.04897650425123956,0.030456148051285492,-0.023140643747854295,0.016536099830471995
2020-03-13,15333.5498046875,15371.0,11624.849609375,13539.099609375,13539.099609375,170400,-0.1356274389903278,-0.1864866317540671,-0.14550430423907967,-0.13889299855592308,-0.12912791545679392
2020-03-20,12963.7001953125,13078.650390625,10991.25,12363.4501953125,12363.4501953125,258000,-0.08683364832092932,-0.2574236966350961,-0.21654615813657374,-0.20189976779761265,-0.20497903647538995
2020-03-27,11328.25,12949.599609375,11108.650390625,12569.099609375,12569.099609375,234000,0.016633658955529373,-0.17378947225845376,-0.2113060554033751,-0.17506108482756844,-0.19256751670226602
2020-04-03,12152.9501953125,12930.7998046875,11621.2001953125,11680.0498046875,11680.0498046875,161100,-0.07073297470125695,-0.25431418235467806,-0.26816273793610423,-0.2386035505565247,-0.26646905285386513
2020-04-10,12147.0,12897.5,12132.2998046875,12728.5498046875,12728.5498046875,115900,0.08976845283478241,-0.05986733446633663,-0.22180953812723003,-0.16925776305948914,-0.2000207328733148
2020-04-17,12698.849609375,12992.0498046875,12205.900390625,12649.25,12649.25,192300,-0.006230073802932057,0.023116508755449017,-0.23211060691141427,-0.1791584531806264,-0.2133208439640859
2020-04-24,12812.599609375,13199.75,12322.9501953125,12816.2001953125,12816.2001953125,176400,0.013198426413621345,0.01965937048929045,-0.20613969238325847,-0.13978592097150955,-0.22346998524782258
2020-05-01,12957.349609375,14212.099609375,12928.0498046875,14108.400390625,14108.400390625,177800,0.10082553140712647,0.20790584171678295,-0.14339577623676925,-0.08808623684543904,-0.12331796100789227
2020-05-08,13646.099609375,13700.25,13262.25,13403.599609375,13403.599609375,172500,-0.04995610854072008,0.053034305953605365,-0.19462831506962486,-0.12869151745383378,-0.15962783156659865
2020-05-15,13521.599609375,13960.349609375,13108.400390625,13196.349609375,13196.349609375,159100,-0.015462264320029506,0.04325154529912845,-0.20739790624498133,-0.13809346613678974,-0.16707592536866878
2020-05-22,13278.25,13902.7998046875,13109.9501953125,13842.650390625,13842.650390625,157900,0.048975724376902896,0.08009005630919552,-0.09007456062728214,-0.07690435185345579,-0.11093229941733085
2020-05-29,13860.849609375,14080.5498046875,13488.099609375,14010.5,14010.5,196900,0.01212553988134224,-0.006939155957755072,-0.1055319692278226,-0.06584521438106239,-0.13304850601014984
2020-06-05,14155.650390625,14732.849609375,14140.849609375,14627.4501953125,14627.4501953125,202500,0.04403484496003007,0.09130760553914863,0.08038574331662973,-0.043307178145887804,-0.09201820314944653
2020-06-12,14824.75,14990.25,14123.5498046875,14402.75,14402.75,197300,-0.01536154232707676,0.09141925049999777,0.16494585026602726,-0.05248493080437633,-0.11466850499233516
2020-06-19,14444.25,14667.400390625,14238.0498046875,14499.7998046875,14499.7998046875,0,0.0067382829450972626,0.0474728029328515,0.15360688158381963,-0.08487145526862272,-0.10436461790863594
2020-06-26,14537.7998046875,15086.0,14320.7001953125,14994.650390625,14994.650390625,224000,0.034128097808462377,0.07024377364298195,0.28378308666177654,-0.049810831899650965,-0.05909721381769939
2020-07-03,14874.2001953125,15336.849609375,14692.4501953125,15285.900390625,15285.900390625,142200,0.019423593909338344,0.04501469405265901,0.20091452877025429,-0.04083049299721464,-0.01698704617543234
2020-07-10,15351.7001953125,15806.849609375,15351.7001953125,15565.2001953125,15565.2001953125,166100,0.018271727379487457,0.08071029458349965,0.23052356426764442,-0.024730743027967184,0.02218368178559693
2020-07-17,15643.099609375,17491.150390625,15611.849609375,16821.349609375,16821.349609375,559300,0.08070242581529996,0.16010909363982995,0.31250677681575034,0.02841360741835497,0.0934563112293656
2020-07-24,16880.349609375,17514.05078125,16849.150390625,17286.0,17286.0,274600,0.027622658194205618,0.1528111392852216,0.22522749010486742,0.04936941312167065,0.12626686907939422
2020-07-31,17323.0,18353.5,17290.55078125,18071.849609375,18071.849609375,296400,0.045461622664294765,0.18225614112065336,0.34828330717480127,0.11940542996114711,0.17181512680603062
2020-08-07,18099.400390625,18222.80078125,17716.400390625,18004.150390625,18004.150390625,144600,-0.003746114549054269,0.1566925040930085,0.3643280849299737,0.09313819021793335,0.13796552349469438
2020-08-14,18090.25,18344.05078125,17900.0,18022.650390625,18022.650390625,156700,0.00102754085022716,0.07141524367227237,0.3019652943652269,0.08291300359766263,0.1729411206907181
2020-08-21,18136.650390625,18375.150390625,18047.94921875,18065.30078125,18065.30078125,39300,0.0023664882634124584,0.045082771100890984,0.28941156855572614,0.08504212508591413,0.14217349034631455
2020-08-28,18092.55078125,18305.55078125,17914.5,18122.0,18122.0,0,0.0031385704249577984,0.0027750557750869653,0.2389035517487088,0.19122193705622292,0.1318892443571531
2020-09-04,18163.25,18497.94921875,17775.650390625,18073.94921875,18073.94921875,0,-0.002651516457896519,0.003876818767374113,0.2548957121903803,0.1538895661091071,0.12718781873541007
2020-09-11,18093.05078125,18740.849609375,17962.349609375,18633.25,18633.25,28400,0.030945134042413835,0.03387956799587144,0.2850694665436855,0.3762547390594284,0.1851025915746649
2020-09-18,18804.849609375,20067.69921875,18799.55078125,19827.099609375,19827.099609375,0,0.06407092747507814,0.09752391335513066,0.3222782187553608,0.6036866162887347,0.27990266083990023
2020-09-25,19855.55078125,20331.599609375,18914.69921875,19629.349609375,19629.349609375,0,-0.009973723030397008,0.08317788375317292,0.2841474239498434,0.5617148578195628,0.2883193606183383
2020-10-02,19774.75,20196.05078125,19463.650390625,20110.400390625,20110.400390625,0,0.024506710146944943,0.11267328170659985,0.29201039101837556,0.721773513547364,0.3109522399607805
2020-10-09,20375.900390625,22169.30078125,20341.44921875,21837.650390625,21837.650390625,0,0.08588839438548446,0.17197216752981892,0.29821036348083974,0.7156432371096133,0.4252573005882996
2020-10-16,21990.849609375,22619.0,21247.55078125,21538.150390625,21538.150390625,0,-0.013714845445486956,0.08629859207652091,0.24598810543937288,0.7027215361088601,0.39766457950225664
2020-10-23,21683.80078125,21892.30078125,21290.44921875,21523.599609375,21523.599609375,0,-0.0006755817461621128,0.0965009049049339,0.19100147879768548,0.679405696022696,0.4446484241193642
2020-10-30,21493.30078125,21595.80078125,20548.30078125,20916.849609375,20916.849609375,0,-0.028189987316792453,0.040101102070844385,0.16177932063190714,0.4825812303479988,0.3519862289489626
2020-11-06,20964.150390625,21596.0,20669.349609375,21492.30078125,21492.30078125,0,0.027511369189033186,-0.015814412411477186,0.1925161014292236,0.6034723065151428,0.39711902219451023
2020-11-13,21751.650390625,21926.900390625,20862.69921875,21436.849609375,21436.849609375,0,-0.002580048196765272,-0.004703318502878195,0.18663120359580931,0.6244529922233761,0.40012664795097064
2020-11-20,21704.05078125,21706.19921875,21070.25,21409.25,21409.25,0,-0.001287484396164662,-0.005312754903933126,0.1813955413309789,0.5466149469829502,0.4276735269183596
2020-11-27,21551.849609375,22281.849609375,21432.650390625,21764.900390625,21764.900390625,118100,0.016611996712869503,0.04054390585042511,0.20421387308347594,0.5534706392080939,0.4511820319347508
2020-12-04,21921.099609375,22458.80078125,21814.400390625,22309.80078125,22309.80078125,0,0.02503574015251231,0.0380368769412156,0.19731130002817543,0.5252009395594714,0.459148790761694
2020-12-11,22333.30078125,22901.75,22271.0,22664.0,22664.0,0,0.01587639541127972,0.05724490365824697,0.1430819659212086,0.5735883772196282,0.4909987001266851
2020-12-18,22786.0,23416.5,22487.30078125,23256.599609375,23256.599609375,60400,0.026147176552020923,0.0862874509557785,0.1847870699835934,0.6039255660520637,0.4677980691186756
2020-12-25,23233.5,24228.80078125,22458.150390625,24009.25,24009.25,0,0.03236287347534672,0.103117844285735,0.19387230157747393,0.6011877152541771,0.5214312231298652
2021-01-01,24065.400390625,24500.69921875,24037.80078125,24456.099609375,24456.099609375,17800,0.018611560518341896,0.09620430272639768,0.11990526324545026,0.5999122710739484,0.5345870642937058
2021-01-08,24612.05078125,26227.5,24508.94921875,26162.400390625,26162.400390625,0,0.06976994731391706,0.15435935362800035,0.21470042302299164,0.6808264630289738,0.6392583756971972
2021-01-15,26703.19921875,27176.5,26245.099609375,26362.80078125,26362.80078125,0,0.007659862536803397,0.13356213823377927,0.2248323356548223,0.5672226898225388,0.6117531400682947
2021-01-22,26395.599609375,26872.94921875,25830.400390625,26489.75,26489.75,96000,0.004815467817830932,0.10331434759519764,0.26643115453329114,0.5324395464537777,0.6080951875066398
2021-01-29,26607.650390625,26685.80078125,24559.650390625,24645.75,24645.75,0,-0.06961183099123247,0.007754727599829536,0.14672459923420988,0.3637646689586609,0.5266055756214911
2021-02-05,24709.25,25949.69921875,24308.900390625,25331.599609375,25331.599609375,74000,0.027828311549658702,-0.03175552582505803,0.18168481241276724,0.40698667028273094,0.5380308624136207
2021-02-12,25588.5,26455.05078125,25415.94921875,26093.80078125,26093.80078125,0,0.03008894754490421,-0.010203771679347495,0.2188096631712928,0.4478337101197636,0.5678779517357408
2021-02-19,26243.099609375,26279.30078125,25234.69921875,25503.19921875,25503.19921875,0,-0.022633788287537815,-0.03724273657735544,0.1717581409072395,0.41172292272154176,0.5317788401022794
2021-02-26,25579.75,25617.349609375,24212.80078125,24301.44921875,24301.44921875,54200,-0.04712153913288142,-0.01396998595092458,0.08927235420111224,0.340991569294228,0.5974185747507343
2021-03-05,24494.650390625,25981.349609375,24451.44921875,25229.599609375,25229.599609375,0,0.0381932115352559,-0.004026591355180353,0.11320153588841331,0.39590962130189533,0.610725547251572
2021-03-12,25368.19921875,26298.0,25095.349609375,25888.25,25888.25,0,0.026106256176188225,-0.007877379879350555,0.11315714398609478,0.3893577341580239,0.91211016588385
2021-03-19,25859.150390625,26657.099609375,25012.5,25562.75,25562.75,0,-0.012573271657991603,0.0023350318028421135,0.06470422857856861,0.2892833800014283,1.0676065011117934
2021-03-26,25649.05078125,26315.80078125,25131.400390625,25385.099609375,25385.099609375,0,-0.006949580566449232,0.04459200687458997,0.03798643343944663,0.2932216356904178,1.019643442911443
2021-04-02,25531.099609375,26306.650390625,25429.19921875,25980.400390625,25980.400390625,44200,0.02345079556158791,0.02975872756105935,-0.006956548225032777,0.2918887682980422,1.2243398637048966
2021-04-09,26035.5,27520.099609375,25978.94921875,27367.05078125,27367.05078125,0,0.05337294151653538,0.05712246989464331,0.038093448732285484,0.2532049140689052,1.1500525355348516
2021-04-16,27504.400390625,27524.599609375,25293.30078125,26324.900390625,26324.900390625,0,-0.038080478563623954,0.02981488261728482,-0.0062231470427240865,0.22224517487274809,1.081143181660968
2021-04-23,26012.400390625,26524.650390625,25531.94921875,25609.099609375,25609.099609375,64600,-0.02719101575422922,0.008824074100433066,0.03908785934187442,0.18981490429790782,0.998181927490605
2021-04-30,25633.099609375,26162.19921875,25521.19921875,25664.44921875,25664.44921875,0,0.002161325865386532,-0.012161135591621242,0.013139699604750366,0.22697488857246984,0.8190899399058711
2021-05-07,25544.849609375,26454.099609375,25398.94921875,26269.44921875,26269.44921875,53800,0.02357346517913972,-0.040106680521526994,0.006731424025671728,0.22227254709126387,0.9598801802745678
2021-05-14,26340.599609375,26390.80078125,25461.94921875,25588.19921875,25588.19921875,0,-0.025933166482750347,-0.027984955724176586,0.003332915187264307,0.19365483664910754,0.939036171076548
2021-05-21,25650.44921875,26262.69921875,25499.44921875,26105.30078125,26105.30078125,0,0.020208595301270282,0.01937597101982269,0.07422814772331443,0.21934681416910906,0.8858600083499861
2021-05-28,26150.599609375,27350.25,26095.400390625,27122.80078125,27122.80078125,0,0.03897675834215297,0.05682380128518605,0.07503889087369853,0.2461716017286648,0.9358909947004033
2021-06-04,27144.099609375,27254.150390625,26737.150390625,26996.75,26996.75,0,-0.004647410209093872,0.027686183109270734,0.04281865325002654,0.21008476340537685,0.8456224180924816
2021-06-11,27078.400390625,28347.5,26997.80078125,28217.5,28217.5,0,0.0452184059192311,0.10275442827267645,0.10385228506322686,0.2450361807271444,0.9591744632101509
2021-06-18,28371.900390625,28934.05078125,28134.650390625,28445.599609375,28445.599609375,0,0.00808362219810399,0.089648414616464,0.12056285171596182,0.22311946230988355,0.9617925759346759
2021-06-25,28224.099609375,29284.0,28083.75,29210.55078125,29210.55078125,0,0.026891722529304385,0.0769739827696283,0.12433027751914838,0.21663737023230634,0.9480648111351171
2021-07-02,29259.599609375,29311.55078125,28704.0,29007.94921875,29007.94921875,32300,-0.006935903537637067,0.07449782728476584,0.05995890644614987,0.18612328548212553,0.8976931994494006
2021-07-09,29117.44921875,29185.599609375,28381.30078125,28662.19921875,28662.19921875,0,-0.01191914662400595,0.015759695889075997,0.08878661622428674,0.09554929176226401,0.8414282411466636
2021-07-16,28837.05078125,29835.900390625,28381.900390625,29400.25,29400.25,0,0.025749970391915733,0.03356056485834702,0.14803919108648134,0.11521724280943335,0.7477937670122754
2021-07-23,29248.30078125,30059.69921875,28992.0,29894.30078125,29894.30078125,0,0.016804305448082868,0.023407638052442836,0.16481365044879848,0.12852332623939455,0.7293937742248062
2021-07-30,29886.19921875,30818.55078125,29510.349609375,30480.05078125,30480.05078125,0,0.019594035809239907,0.05074821220207015,0.16028511018398728,0.23672644497529993,0.6866038308241613
2021-08-06,30681.94921875,31560.19921875,30547.0,31303.30078125,31303.30078125,0,0.027009469436528155,0.09214580996884103,0.22334911158235027,0.23574117955286678,0.7386713675503425
2021-08-13,31523.5,32821.8984375,31324.75,32678.80078125,32678.80078125,112400,0.043941053041406164,0.11151438444400985,0.25180709676869095,0.25235879031971953,0.8132072737896985
2021-08-20,32671.75,33840.44921875,32438.25,33351.3515625,33351.3515625,118200,0.020580644490353794,0.11564246999944205,0.22964261071282133,0.3077320722170427,0.8461553431269415
2021-08-27,33582.1484375,34399.8515625,33567.3515625,34309.80078125,34309.80078125,137700,0.02873794235756466,0.1256477565436307,0.270886339327882,0.41184175776553955,0.8932678943411323
2021-09-03,34338.75,34997.69921875,34027.5,34891.19921875,34891.19921875,131900,0.01694554979222529,0.11461725594283245,0.23650923075219277,0.3829470050640389,0.9304690301195329
2021-09-10,34992.05078125,35581.55078125,34515.44921875,34802.30078125,34802.30078125,87700,-0.0025478756675186842,0.06498096469985493,0.22346870022665932,0.3443280554402093,0.8677525810714717
2021-09-17,34688.30078125,36310.75,34573.69921875,35646.5,35646.5,114200,0.024256994503214502,0.06881725417331053,0.22032960853587125,0.3944704697264574,0.7978676005211065
2021-09-24,35462.3984375,37823.1484375,35332.8515625,37103.25,37103.25,123900,0.040866564739876265,0.08141840392954403,0.27907180615227367,0.4616153007450621,0.8901925299796711
2021-10-01,37335.8984375,37345.05078125,34719.80078125,34780.6015625,34780.6015625,146500,-0.06259959538584892,-0.0031697866145732334,0.21346590668267762,0.33872461700207457,0.7294832965490785
2021-10-08,34923.80078125,36703.55078125,34778.25,36402.0,36402.0,104700,0.046617895167407664,0.04596532938454034,0.23815273679645577,0.3301396738350819,0.6669375756481357
2021-10-15,35494.3984375,36412.44921875,34512.80078125,35744.8515625,35744.8515625,225300,-0.01805253660513162,0.0027590804847601458,0.19570789844061265,0.3578342569998745,0.6596063688950193
2021-10-22,36012.0,37491.8515625,35098.19921875,35394.6484375,35394.6484375,218800,-0.009797302539854447,-0.04604991644936762,0.16123981195179793,0.3821121779909318,0.6444576687852532
2021-10-29,35467.1015625,35699.8515625,34288.55078125,34408.75,34408.75,146000,-0.027854449218245647,-0.010691349367025538,0.09920516818501435,0.34071647931028126,0.6450254528090065
2021-11-05,34677.30078125,35525.75,34654.94921875,35334.25,35334.25,54600,0.02689722817597273,-0.0293321795505741,0.08125907791186782,0.34507007382476584,0.6440422251500311
2021-11-12,35606.0,36378.05078125,35141.30078125,36332.30078125,36332.30078125,99000,0.02824598742721296,0.016434512749978536,0.08938016239503033,0.4198850208508287,0.6948526226242104
2021-11-19,36391.1015625,36835.94921875,35867.30078125,36007.0,36007.0,84200,-0.008953486959402235,0.01730068215202918,0.049466892261219586,0.3792984153571539,0.6818431285542463
2021-11-26,36097.0,36097.0,34512.6015625,34606.1484375,34606.1484375,102900,-0.0389049785458383,0.005736867439241511,-0.008169704327526173,0.27590615425761045,0.5899980159066673
2021-12-03,34382.3984375,36518.80078125,33953.8984375,35848.05078125,35848.05078125,155500,0.03588675422787713,0.014541154297883718,0.030048300730835642,0.32786542014316544,0.6068297127681237
2021-12-10,35835.44921875,36131.94921875,34756.6015625,35939.6015625,35939.6015625,76500,0.002553856604607496,-0.01080854254494834,0.00822244996002408,0.2736635620625498,0.5857572168416874
2021-12-17,36104.3515625,37013.25,35536.1484375,36647.8984375,36647.8984375,158900,0.019707977946507027,0.01779927340517129,-0.012272551932782205,0.2883503579028692,0.5758063970249037
2021-12-24,36411.8515625,37822.1484375,35559.30078125,37727.80078125,37727.80078125,133400,0.029466965086461405,0.09020513650595419,0.08473686728660934,0.2915812873157855,0.5713860608411341
2021-12-31,37722.8984375,38897.6015625,37431.0,38701.05078125,38701.05078125,95600,0.02579662688644402,0.0795859171649087,0.06315726556919943,0.3341532863769159,0.5824702793741623
2022-01-07,38752.6015625,39446.69921875,37757.19921875,38139.8515625,38139.8515625,109300,-0.014500878074914958,0.0612207677420602,0.06700265619546175,0.3306673110258054,0.4578116301655173
2022-01-14,38596.75,38902.80078125,37991.30078125,38826.8515625,38826.8515625,184400,0.018012655316033577,0.05945642773257598,0.09696954981939143,0.32062997976207686,0.4727893248017412
2022-01-21,38764.6484375,38993.25,35836.6484375,36054.6015625,36054.6015625,162700,-0.07140032962851695,-0.044349238071187735,0.047832355505503577,0.20606940521297634,0.36107745684651604
2022-01-28,35934.19921875,35969.8515625,33251.69921875,33851.94921875,33851.94921875,175900,-0.06109212828026245,-0.12529637993315956,-0.0419508205565422,0.11062640484753539,0.37354104536279076
2022-02-04,34519.30078125,35845.30078125,34440.30078125,35080.1015625,35080.1015625,145400,0.03628010711624685,-0.08022448632202905,-0.034465178142426445,0.1206518382084556,0.3848356244158053
2022-02-11,34898.0,35379.8515625,34189.6484375,34379.05078125,34379.05078125,108800,-0.019984285963396742,-0.11455476306365786,-0.04521202040575445,0.0520291430331663,0.3175179449501071
2022-02-18,33857.3984375,35209.69921875,33666.25,34483.1015625,34483.1015625,113900,0.0030265751638129945,-0.04358666943734857,-0.0035556362252282536,0.03393415699747915,0.3521088576662945
2022-02-25,34372.0,34692.3515625,32438.25,33476.94921875,33476.94921875,151700,-0.029178127783150987,-0.0110776486629105,-0.06614310989930261,-0.024274450551608706,0.37757007482996374
2022-03-04,33180.3515625,34504.8515625,32858.75,34177.69921875,34177.69921875,130900,0.020932313617380682,-0.025724051629162137,-0.04902398098893779,-0.020449282798413404,0.3546667306622655
2022-03-11,33524.6015625,35931.1484375,33499.3515625,35348.69921875,35348.69921875,150100,0.034262107361445304,0.02820463088611036,-0.03545085186714536,0.015700066525325074,0.3654340953424817
2022-03-18,35347.94921875,36246.44921875,34996.55078125,35643.6015625,35643.6015625,118400,0.008342664660021537,0.03365416529880916,-0.055243061498188584,-8.131057747606807e-05,0.3943570845272908
2022-03-25,35829.19921875,36710.5,35299.1015625,36152.30078125,36152.30078125,107800,0.014271824295252866,0.07991622967249268,-0.06585738496885529,-0.02562980921482616,0.4241543794414955
2022-04-01,36108.5,36663.19921875,35669.6015625,36343.3984375,36343.3984375,103000,0.0052859057963223766,0.06336585751102541,-0.04710173352552627,0.044933003018699624,0.39887753425903627
2022-04-08,36347.55078125,36813.1015625,35219.6484375,35394.44921875,35394.44921875,106000,-0.026110635206058497,0.0012942484733846626,-0.08840279872357992,-0.027678445724136025,0.2933234750673177
2022-04-15,35429.6484375,35443.80078125,34204.1015625,34354.80078125,34354.80078125,75000,-0.029373205698854377,-0.036157984175368085,-0.04714518279458524,-0.03888813970368543,0.3050306087192134
2022-04-22,33174.55078125,33366.1484375,31569.349609375,32426.69921875,32426.69921875,180600,-0.05612320603390919,-0.1030529587879575,-0.04210245001816848,-0.08385304981883956,0.26621785667463316
2022-04-29,32103.19921875,32212.900390625,31276.150390625,31622.400390625,31622.400390625,130400,-0.024803598500705015,-0.12989974107660118,-0.09856588259058008,-0.0809779375703854,0.2321480239491065
2022-05-06,31377.349609375,31470.150390625,30278.849609375,30719.44921875,30719.44921875,115000,-0.028554162894689483,-0.132082857713278,-0.10644859236474069,-0.13060418096464477,0.16939829849282795
2022-05-13,30490.94921875,30934.44921875,29497.25,29624.849609375,29624.849609375,133900,-0.035632136552334326,-0.1376794818864585,-0.14088790546637764,-0.18461399436989445,0.15775437560557615
2022-05-20,29680.650390625,30823.150390625,28193.599609375,28789.400390625,28789.400390625,141200,-0.028200960672070896,-0.1121698759280999,-0.1400231782620014,-0.20044990166842558,0.10281818362739736
2022-05-27,28861.349609375,29308.25,27423.80078125,28641.599609375,28641.599609375,136200,-0.005133861047628141,-0.0942623186231526,-0.16197987974386163,-0.1723551766789997,0.05599712361471698
2022-06-03,29084.099609375,30559.0,29069.0,29903.80078125,29903.80078125,162900,0.044068808624147415,-0.026551531952667906,-0.15403391235997344,-0.1658179418533151,0.10768150911683816
2022-06-10,29750.69921875,29972.849609375,29022.75,29114.30078125,29114.30078125,88600,-0.026401326231915823,-0.017233803204301568,-0.1831829695941658,-0.18991030741897919,0.03178172344289898
2022-06-17,28419.849609375,28443.849609375,26399.75,26732.44921875,26732.44921875,147500,-0.08181036461758151,-0.07144821163225157,-0.26056022324823946,-0.2705598313000127,-0.060225497586642085
2022-06-24,26819.44921875,28361.19921875,26544.80078125,27777.80078125,27777.80078125,122200,0.03910421951785836,-0.030158889164914493,-0.23568510443458723,-0.263731248415226,-0.04904905801775128
2022-07-01,28293.19921875,28602.05078125,27524.30078125,28064.25,28064.25,111600,0.010312163335239655,-0.0615156178542835,-0.20710024821821127,-0.2748452707750082,-0.03253243487271473
2022-07-08,28084.25,28459.55078125,27628.55078125,28250.30078125,28250.30078125,94500,0.006629458519290532,-0.029676137733537056,-0.17768986753466154,-0.25929704432760925,-0.014370789706553588
2022-07-15,27855.75,27941.19921875,26189.400390625,26484.75,26484.75,150600,-0.06249670737742419,-0.009265863248185457,-0.18324249343621757,-0.317875415229916,-0.0991658234198689
2022-07-22,26801.75,28549.25,26785.80078125,28168.150390625,28168.150390625,157800,0.06356112066849784,0.014052574300212006,-0.10923427561887655,-0.21873632851562597,-0.05774178841833488
2022-07-29,28006.650390625,29355.0,27339.94921875,29152.30078125,29152.30078125,132300,0.03493841011842047,0.038769993185280294,-0.051014861182585025,-0.13882947794619005,-0.04356127913070196
2022-08-05,29376.650390625,30080.19921875,28871.19921875,29973.55078125,29973.55078125,114600,0.02817101834131064,0.06099935053235739,0.011770563444975402,-0.14556830093983564,-0.04247954582465285
2022-08-12,29999.150390625,30388.900390625,29456.80078125,29885.900390625,29885.900390625,68700,-0.0029242578320026746,0.12841919937416812,0.038086934257827165,-0.1306944283951993,-0.08546520447064487
2022-08-19,30130.900390625,30474.650390625,29784.150390625,30036.099609375,30036.099609375,69900,0.00502575518176851,0.06631423053505481,0.048687923126456534,-0.12896177407548126,-0.09940382616615284
2022-08-26,29847.349609375,29881.75,28561.80078125,28691.599609375,28691.599609375,91800,-0.04476280267696109,-0.015803252557386904,-0.04053669233360668,-0.14294461475882603,-0.16374916332785283
2022-09-02,27648.099609375,28466.80078125,27333.05078125,27745.80078125,27745.80078125,111400,-0.03296431154071866,-0.07432386026795235,-0.04700439176891835,-0.18818991870498525,-0.20479085263598995
2022-09-09,27727.0,28848.400390625,27487.69921875,28724.05078125,28724.05078125,100400,0.035257587543159996,-0.0388761788732811,0.07450127544254714,-0.18740854922282657,-0.1746508093877145
2022-09-16,28975.900390625,29344.900390625,26632.94921875,26706.44921875,26706.44921875,163400,-0.07024084373980488,-0.1108549523382768,-0.03856862431035801,-0.2507365123605416,-0.2507974354074033
2022-09-23,26882.650390625,27370.349609375,26506.900390625,26592.349609375,26592.349609375,123300,-0.0042723616471969095,-0.07316601474231044,-0.05244752276027331,-0.26443548447221277,-0.28328786267038597
2022-09-30,26431.900390625,27300.0,26186.69921875,26981.150390625,26981.150390625,134200,0.014620775785563866,-0.027559139368640406,-0.044925199220085754,-0.2576051896460735,-0.22424716139137368
2022-10-07,26950.05078125,28009.30078125,26597.55078125,27733.599609375,27733.599609375,76300,0.0278879591068677,-0.034481597996670055,0.04715353587913795,-0.21644211955463089,-0.23812978382025718
2022-10-14,27259.400390625,28371.30078125,27259.400390625,27954.05078125,27954.05078125,186500,0.007948884204720397,0.046715366475004405,-0.007600769181005829,-0.18631311649152016,-0.2179558856924544
2022-10-21,27903.349609375,28476.150390625,27798.69921875,28336.94921875,28336.94921875,92700,0.013697422262566317,0.06560532013914067,-0.027968686541009258,-0.12612292026427396,-0.19940017856689585
2022-10-28,28632.849609375,28827.44921875,28267.19921875,28318.349609375,28318.349609375,56400,-0.0006563730354816055,0.04956049684281183,-0.055222058405920094,-0.10448450277131849,-0.17700150079921528
2022-11-04,28588.69921875,29307.0,28425.599609375,28693.05078125,28693.05078125,85400,0.013231744682993485,0.03459526298023974,-0.03991345730875784,-0.06596467348975654,-0.18795359230067143
2022-11-11,28815.94921875,29733.150390625,28284.650390625,29591.94921875,29591.94921875,82600,0.031328088614662075,0.05859252565279771,-0.014787219259532969,-0.0011105673466301758,-0.18551953544264643
2022-11-18,29709.75,30125.19921875,29398.94921875,29669.25,29669.25,85800,0.0026122233678687046,0.047016380308450456,0.03407444701359741,0.03056158160423217,-0.17601438609159326
2022-11-25,29520.150390625,30400.349609375,29020.349609375,30334.599609375,30334.599609375,80500,0.02242556213503888,0.07119941761480719,0.09330416694530785,0.05910982707285117,-0.12343323429475483
2022-12-02,30207.75,31227.599609375,30133.94921875,31052.099609375,31052.099609375,119800,0.023652858756647355,0.0822167306679904,0.08104876453026821,0.038399761840474556,-0.13378554948888544
2022-12-09,31052.0,31104.099609375,29038.599609375,29168.44921875,29168.44921875,100000,-0.06066096703027135,-0.014311324910346368,0.09218747051822551,0.001859857047807667,-0.188403656394876
2022-12-16,28940.94921875,29810.349609375,28623.650390625,28702.19921875,28702.19921875,111300,-0.015984737361363965,-0.03259437907092355,0.07934047349585027,0.07368385829078572,-0.21681186527791607
2022-12-23,28567.69921875,29022.30078125,28109.150390625,28237.05078125,28237.05078125,95000,-0.016206020798438914,-0.06914707479695059,0.046547325538105255,0.016532986308620767,-0.2515585272258096
2022-12-30,28268.25,29027.0,28209.94921875,28621.69921875,28621.69921875,70300,0.013622117992414973,-0.07826847205820608,0.03202251499566566,0.01986332144097913,-0.26044128929396604
2023-01-06,28681.55078125,29032.400390625,27908.75,27956.44921875,27956.44921875,1084565900,-0.02324285483246913,-0.04155174623479485,8.57992825000764e-05,-0.010401714472896284,-0.26700162498174385
2023-01-13,28134.05078125,29060.94921875,28134.05078125,28933.75,28933.75,121400,0.034957972437878126,0.00806735328834085,0.021060869208005872,0.09246830723340782,-0.2548005095539351
2023-01-20,29037.05078125,29783.80078125,28895.400390625,29529.650390625,29529.650390625,121800,0.02059533902881583,0.04577672149222156,0.042774412985175925,0.04833473199763727,-0.18097415833493857
2023-01-27,29620.25,30499.75,29505.5,29766.44921875,29766.44921875,75200,0.008019019019614992,0.03999587834568796,0.03740970054677595,0.021066894243043865,-0.12068728963285558
2023-02-03,29842.69921875,30849.599609375,29556.30078125,30597.650390625,30597.650390625,112200,0.02792409554013653,0.09447555915304084,0.0339856345535281,0.020821677549308193,-0.12777759961409751
2023-02-10,30502.900390625,31012.94921875,30186.69921875,30870.19921875,30870.19921875,79500,0.008907508408178444,0.06692700457942724,0.04047790957809849,0.03293522414448535,-0.10206365454434518
2023-02-17,30790.19921875,31587.349609375,30238.05078125,31054.849609375,31054.849609375,102600,0.005981509523684814,0.051649755367040084,0.023743514312857705,0.033917519692937104,-0.09941831789438527
2023-02-24,31056.05078125,31405.30078125,30445.900390625,30514.900390625,30514.900390625,71200,-0.017386953263074156,0.025144120025022865,-0.017299932227056614,0.0635482442970603,-0.08848024976140878
2023-03-03,30338.69921875,30345.5,29608.94921875,29817.05078125,29817.05078125,106600,-0.02286914263005091,-0.02551175006608264,0.02223640885519096,0.07465093605803252,-0.127587536234965
2023-03-10,30048.69921875,30340.94921875,29324.0,29545.5,29545.5,59300,-0.009107231404011262,-0.04291191026539931,0.029381051076361686,0.028597958728237893,-0.1641700924505819
2023-03-17,29695.0,30051.599609375,28400.349609375,28854.44921875,28854.44921875,126400,-0.023389375074038377,-0.07085529050382944,0.02186483433708908,0.08043001083393508,-0.19047324193222792
2023-03-24,28732.849609375,28744.30078125,27843.25,27935.650390625,27935.650390625,82700,-0.0318425356574803,-0.08452428049846805,-0.023969535242532758,0.05051455779508962,-0.22727876824056736
2023-03-31,27985.650390625,28741.599609375,27639.650390625,28698.599609375,28698.599609375,78500,0.027310952423933443,-0.03751045601660652,0.0265466613738361,0.06365366909435988,-0.21034903605043476
2023-04-07,28841.599609375,29032.650390625,28449.25,28764.55078125,28764.55078125,51500,0.0022980623714285997,-0.02643208673909736,-0.00584781505162657,0.03717336322712694,-0.18731463785535762
2023-04-14,28810.849609375,29095.44921875,28230.0,28342.80078125,28342.80078125,74000,-0.014662144498877927,-0.017732046576980687,-0.04019179345759538,0.013906750153747094,-0.17499737629918677
2023-04-21,27059.150390625,27193.099609375,26184.44921875,26822.099609375,26822.099609375,186700,-0.05365387787931708,-0.039861279965892615,-0.09891504316612754,-0.05345845798998905,-0.1728390414197406
2023-04-28,26910.69921875,27743.0,26721.5,27708.19921875,27708.19921875,122400,0.033036176223329106,-0.03451040831628127,-0.09443375994518577,-0.021546114058250243,-0.12377938181553827
2023-05-05,27792.69921875,28154.099609375,27634.849609375,27719.94921875,27719.94921875,71100,0.00042406220293256247,-0.036315587559285545,-0.10204825623822322,-0.033914189533860606,-0.09764172458434628
2023-05-12,27837.30078125,28348.349609375,27735.150390625,28028.400390625,28028.400390625,76700,0.01112740753746988,-0.011092777776323004,-0.09745496297094802,-0.052836966452156076,-0.0538888547891494
2023-05-19,28083.75,28421.05078125,27776.80078125,28303.650390625,28303.650390625,85100,0.009820396318159785,0.05523619712202388,-0.07246459833371621,-0.04602743949965027,-0.016872529243720513
2023-05-26,28357.599609375,29384.849609375,28294.25,29355.900390625,29355.900390625,91500,0.037177183348354736,0.05946619478468351,-0.015465996084193079,-0.03226346255935186,0.024939276820844736
2023-06-02,29629.75,29659.599609375,29172.69921875,29328.150390625,29328.150390625,111700,-0.000945295481683206,0.05801602157291108,-0.007356436999712335,-0.05551795982998586,-0.019250074424851715
2023-06-09,29459.150390625,29533.400390625,28322.150390625,28355.349609375,28355.349609375,97100,-0.03316952376106763,0.011664926081880855,-0.017297145601056108,-0.027875997221419868,-0.026067985543509087
2023-06-16,28457.44921875,28974.150390625,28402.55078125,28588.80078125,28588.80078125,124900,0.008233055669954359,0.010074686010093314,0.023380532813518817,-0.003950862323675919,0.0694418811875257
2023-06-23,28641.44921875,29084.44921875,28482.150390625,28554.30078125,28554.30078125,87800,-0.0012067662531205503,-0.027306251850854335,-0.005028079073163605,0.011235238497735,0.02795397685061296
2023-06-30,28539.80078125,29594.19921875,28451.150390625,29563.0,29563.0,67800,0.03532564941713989,0.008007651565032692,0.02775809797351214,0.03288766240102747,0.053404242051720674
2023-07-07,29648.400390625,29937.75,29334.400390625,29560.44921875,29560.44921875,96800,-8.628289584955429e-05,0.04249990305097717,0.04296147183539922,0.05737495443177454,0.04637644206498348
2023-07-14,29609.849609375,31017.55078125,29020.19921875,30945.5,30945.5,153700,0.04685486242108494,0.08243435031719293,0.1537314546838744,0.06952952866462181,0.16842711371638397
2023-07-21,31007.599609375,31658.099609375,29701.19921875,29871.05078125,29871.05078125,217000,-0.03472069343684869,0.04611389401853727,0.078058178571071,0.011561274383844022,0.0604548174803754
2023-07-28,29993.849609375,30112.900390625,29339.349609375,29490.25,29490.25,111300,-0.01274815486199865,-0.002460846328180444,0.06386378154158212,-0.009278876923486723,0.011592540200715762
2023-08-04,29605.5,30555.80078125,29452.349609375,30436.099609375,30436.099609375,102300,0.03207329912004808,0.02962236413070407,0.08590212731352787,-0.005279842706467974,0.015431899660494963
2023-08-11,30582.44921875,31164.30078125,30451.349609375,30819.150390625,30819.150390625,94700,0.01258540963415733,-0.0040829719789630126,0.0888754618320613,-0.0016536604692202195,0.031227099997052532
2023-08-18,30755.80078125,31304.75,30515.0,30604.05078125,30604.05078125,51000,-0.00697941398931079,0.024538808673583823,0.042517871161042775,-0.014516213531715505,0.018908952202892904
2023-08-25,30626.25,31212.44921875,30597.05078125,30914.55078125,30914.55078125,89200,0.010145715749178885,0.04829734509710826,0.05409138897255872,0.0130968931737947,0.07747742203779562
2023-09-01,30975.349609375,31550.94921875,30745.0,31514.349609375,31514.349609375,83900,0.019401829008260485,0.03542668127120585,0.11140754896407823,0.05692376622279216,0.1358241147133048
2023-09-08,31552.5,32561.25,31454.5,32415.650390625,32415.650390625,104600,0.028599694819082533,0.051802206737199485,0.13385834679308561,0.09714340223130424,0.12851946396727376
2023-09-15,32531.0,33402.75,32429.5,33355.05078125,33355.05078125,110500,0.028979840888729624,0.08989006127533417,0.1681270375617947,0.15597599969350484,0.24895116187262234
2023-09-22,33255.1015625,33266.8984375,32504.75,32906.30078125,32906.30078125,74400,-0.013453734576601484,0.06442758991044495,0.1130907141105435,0.17793215196783518,0.2374348737371086
2023-09-29,32881.3515625,32960.94921875,31514.900390625,31784.400390625,31784.400390625,89300,-0.03409378641747107,0.00856913706287199,0.07523401134460306,0.10752443754230989,0.17802243160354503
2023-10-06,31772.75,32438.400390625,31412.5,32341.69921875,32341.69921875,65700,0.01753372161424749,-0.002281341604559839,0.045118004839152626,0.1243596141898291,0.1661558425260199
2023-10-13,32216.150390625,32981.8984375,31434.099609375,31807.94921875,31807.94921875,122600,-0.01650346187409224,-0.046382827375867075,0.06484199205726604,0.1222585045226845,0.13786547315299935
2023-10-20,31831.05078125,31949.75,31345.55078125,31469.349609375,31469.349609375,92400,-0.010645125438499048,-0.04366796442503118,0.06711030287552666,0.1732619767907979,0.11054120069327555
2023-10-27,31358.44921875,31456.099609375,30054.19921875,30599.69921875,30599.69921875,73400,-0.027634838387823657,-0.037273038261386726,0.005375183136955064,0.10435539232168267,0.08056082507787599
2023-11-03,30627.900390625,30924.849609375,30283.150390625,30779.94921875,30779.94921875,58500,0.005890580777001553,-0.048289052144006694,-0.0012719744502406316,0.11038981261661873,0.07273184205507066
2023-11-10,30955.349609375,31128.900390625,30504.099609375,30639.05078125,30639.05078125,63200,-0.004577604611971542,-0.036748626246264404,0.0011436394564292574,0.09314303899762377,0.03538467691869851
2023-11-17,30793.650390625,32453.650390625,30572.94921875,32191.349609375,32191.349609375,76500,0.05066406394923151,0.02294295906849353,0.041300901868494666,0.1373568131705627,0.0850071912628394
2023-11-24,32202.30078125,32688.0,32010.0,32055.150390625,32055.150390625,64800,-0.004230926022136594,0.04756423131712251,0.017160461439100105,0.09194914698859047,0.05671908656800784
2023-12-01,32115.849609375,32729.80078125,31807.849609375,32598.69921875,32598.69921875,86000,0.01695667689907232,0.05908879144258261,0.005646927515541744,0.11151568662067612,0.04980660338047049
2023-12-08,32888.19921875,33452.3984375,32252.44921875,33392.8984375,33392.8984375,103600,0.024362911336449855,0.08988031894040449,0.0011346904101035005,0.177657792886442,0.1448294075241563
2023-12-15,33424.0,35947.6015625,32715.650390625,35782.44921875,35782.44921875,171000,0.07155865148161422,0.11155480130380035,0.08740418610465106,0.25162470061416364,0.24667970374112502
2023-12-22,35707.30078125,36132.0,34394.55078125,35637.80078125,35637.80078125,139700,-0.004042440935658642,0.1117652030006635,0.12123558548430524,0.24807121190834192,0.26209358963628926
2023-12-29,35421.1484375,35850.3984375,35185.44921875,35515.0,35515.0,102700,-0.0034458013277466337,0.08946064877253179,0.09811793622180143,0.2013327470148496,0.240841772829973
2024-01-05,35496.3984375,35890.75,34236.6015625,34851.75,34851.75,112400,-0.01867520765873576,0.04368747939716777,0.09569308477944105,0.1789993359740203,0.24664436915062216
2024-01-12,34876.6484375,36581.1015625,34419.75,36521.69921875,36521.69921875,139000,0.04791579242792676,0.020659569597394567,0.16054826909641173,0.18019418715968394,0.2622525327256231
2024-01-19,37538.44921875,37929.30078125,36136.3984375,37069.25,37069.25,222200,0.01499247825163863,0.040166598032702394,0.21142530634045498,0.240975761832533,0.25532302311877864
2024-01-26,36958.30078125,37383.44921875,36354.1015625,36496.19921875,36496.19921875,85600,-0.015458925693128456,0.027627740919329957,0.18571343179857736,0.23756832236925773,0.2260850782215873
2024-02-02,36553.80078125,37663.94921875,36228.8515625,37323.25,37323.25,108500,0.022661285255838326,0.07091465995251323,0.21815947453700124,0.22628229237703001,0.21980771475955208
2024-02-09,37441.0,38373.44921875,37097.94921875,37699.25,37699.25,107100,0.010074149491268836,0.03224249710280325,0.1710987721068069,0.22324105376596903,0.2212182283910289
2024-02-16,37770.0,38516.55078125,37200.05078125,38477.05078125,38477.05078125,130500,0.02063173090313475,0.03797759008477386,0.20033911282173178,0.2572535268704854,0.2390029662109312
2024-02-23,38526.94921875,38559.8515625,37302.6015625,38045.6484375,38045.6484375,99100,-0.011211938934785115,0.04245508441750201,0.16709099900578384,0.23067123655489397,0.2467892062721151
2024-03-01,37991.8984375,38138.3515625,37384.8984375,37516.05078125,37516.05078125,92400,-0.013920058613799302,0.005165701841345571,0.1234739281906636,0.19044344072674724,0.258207964848133
2024-03-08,37634.25,37733.25,36134.0,37099.8984375,37099.8984375,73200,-0.011092647948914403,-0.015898235707606956,0.03681830750868942,0.14450575541219868,0.25568693836624856
2024-03-15,37082.0,37723.3515625,36607.6484375,37500.69921875,37500.69921875,119700,0.010803285133656138,-0.0253749064098171,0.052273103184305336,0.12428847626969919,0.29965049529975274
2024-03-22,37458.8515625,37522.8515625,34701.75,35188.3984375,35188.3984375,130400,-0.06166020446077103,-0.07510057305748874,-0.009196158313388714,0.06935138870274771,0.2596233825044205
2024-03-29,35003.1015625,35400.1484375,34693.6015625,34898.1484375,34898.1484375,86600,-0.008248457244097951,-0.06978086150417495,0.0013313086860775591,0.09796466218042665,0.2160226949227093
2024-04-05,35224.0,35649.6015625,34626.19921875,35247.8984375,35247.8984375,16349100,0.01002202167333821,-0.049919274122002144,-0.03487791664950901,0.08985920000966252,0.2253936696440999
2024-04-12,35381.0,35568.80078125,34952.25,35018.1015625,35018.1015625,102500,-0.00651944896537493,-0.06620136978695923,-0.055332882038347186,0.10092295865015077,0.23552015316940733
2024-04-19,34845.80078125,35188.1484375,32915.5,33368.30078125,33368.30078125,154100,-0.04711279902782417,-0.05172436760606691,-0.08570477212577898,0.06034287951439854,0.24405998289511
2024-04-26,33488.75,34307.44921875,33283.44921875,33666.25,33666.25,137900,0.008929109717130679,-0.035299822272985004,-0.09798182098289943,0.10021506287783932,0.21502843740268096
2024-05-03,33640.75,33792.8515625,32690.5,32908.3984375,32908.3984375,115200,-0.022510721048527804,-0.06637275138965515,-0.12708081891549572,0.06915051105586056,0.18717383563027923
2024-05-10,33041.19921875,33525.5,32786.55078125,32935.1484375,32935.1484375,105700,0.0008128624080812052,-0.05948218298705776,-0.14403137016027712,0.07494023469079303,0.17506343489071252
2024-05-17,32910.6484375,33766.69921875,32669.25,33381.8515625,33381.8515625,92400,0.013563112546697509,0.000406097431776109,-0.12258423936870244,0.03698204541192318,0.17941859448479658
2024-05-24,33253.0,34098.05078125,33191.75,33824.30078125,33824.30078125,81100,0.0132541844757057,0.004694635762818811,-0.09840454747025462,0.055190831085366376,0.1522147279138477
2024-05-31,33914.44921875,34227.05078125,32280.80078125,32386.099609375,32386.099609375,186500,-0.04251976060573126,-0.015871292828697037,-0.12705692000925706,-0.006521720635181638,0.10426669183091408
2024-06-07,33114.69921875,35248.1015625,31320.150390625,35169.8984375,35169.8984375,208200,0.08595659439394665,0.06785304169012063,-0.0621535285956647,0.05321490745482693,0.24032674334835002
2024-06-14,35140.44921875,35167.75,34360.6484375,34598.55078125,34598.55078125,154200,-0.016245359856962183,0.03644792489931259,-0.016762560458602804,-0.033086009016946694,0.21021343448381025
2024-06-21,34696.0,35875.30078125,34604.05078125,35200.30078125,35200.30078125,165300,0.017392346974431927,0.040680811375789494,0.008658119621765437,-0.01227629063548108,0.232749526977178
2024-06-28,35067.75,36334.6484375,34918.1484375,36157.5,36157.5,136300,0.02719292726214051,0.11645120703368894,0.025805838158347694,0.01809094748697726,0.2230659946554816
2024-07-05,36103.0,37935.1015625,36085.44921875,37720.75,37720.75,52600,0.04323446034709266,0.0725293980314754,0.07717861097285184,0.08232011305027731,0.27605469459760346
2024-07-12,37766.0,39237.69921875,37108.3515625,39023.0,39023.0,160800,0.03452343869090613,0.12787961110636292,0.1694632056879395,0.06848807242697652,0.261023412127773
2024-07-19,39432.1015625,40682.69921875,38730.55078125,39923.30078125,39923.30078125,163000,0.023071029424954537,0.13417498984883047,0.1858552936917537,0.07699240694780718,0.3365214726999084
2024-07-26,39664.8515625,41073.6484375,39081.30078125,40977.3515625,40977.3515625,179800,0.026401894648576674,0.1333015712507779,0.2451943427245371,0.1227840827175175,0.389522013631624
2024-08-02,41220.75,41381.1015625,39662.6484375,39730.30078125,39730.30078125,94700,-0.03043268375575614,0.05327441212727746,0.20631916557610008,0.06449199309411702,0.3053676815084472
2024-08-09,38822.55078125,39427.1015625,37829.1015625,39043.30078125,39043.30078125,106000,-0.017291588195683105,0.0005202260525842828,0.1695966207311841,0.03565192361253877,0.2668519503745548
2024-08-16,39038.94921875,40927.1484375,38747.8515625,40878.25,40878.25,83800,0.04699779941841409,0.023919595826567885,0.2085467860627661,0.06240601007601421,0.3357137031364694
2024-08-23,40940.8984375,41834.0,40736.55078125,41089.8515625,41089.8515625,79600,0.005176385058068833,0.00274541901099723,0.26874961968577016,0.0800144891734702,0.3291427668883167
2024-08-30,41343.44921875,42913.94921875,41319.05078125,42787.80078125,42787.80078125,143400,0.04132283652004243,0.07695637686797818,0.2166029099369644,0.14051985457474503,0.357724379897129
2024-09-06,42864.8515625,43299.5,42023.5,42228.8984375,42228.8984375,105800,-0.01306218907130452,0.0815914021741686,0.22053951636567137,0.13824835689619275,0.302731795556171
2024-09-13,42104.05078125,43571.6484375,41809.6484375,43394.3515625,43394.3515625,110500,0.027598473275946445,0.06155110755719728,0.23278354444103755,0.15716113209972438,0.3009829260069192
2024-09-20,43457.3984375,43645.8984375,41614.25,42204.3984375,42204.3984375,123300,-0.027421843676731394,0.027124626461711765,0.16723773594689906,0.1993838967255499,0.2825628355511798
2024-09-27,42288.3515625,43377.94921875,41645.8515625,42312.6015625,42312.6015625,126700,0.002563787875338175,-0.011105950997094438,0.12173277473273991,0.21245978531722787,0.3312379985931828
2024-10-04,42045.55078125,42566.1484375,41631.5,41912.5,41912.5,94600,-0.009455848795045352,-0.007492462489124052,0.07404607539143582,0.18907798359432326,0.2959275799492118
2024-10-11,42134.6484375,42920.55078125,41639.44921875,42335.69921875,42335.69921875,97700,0.010097207724425905,-0.024396086256185723,0.06042582627919835,0.20896614407236247,0.3309785842400097
2024-10-18,42383.25,43329.5,41838.0,42106.5,42106.5,168700,-0.0054138522093545305,-0.002319626416307674,0.0275554274360017,0.26187126746532097,0.33801621332066234
2024-10-25,42426.44921875,42609.05078125,41151.3515625,42038.8515625,42038.8515625,112600,-0.0016066031966560645,-0.006469703820873418,0.05810554503376619,0.24869421341848286,0.37383218253141015
2024-11-01,42012.6015625,42401.30078125,40191.94921875,40433.6484375,40433.6484375,89900,-0.038183800587737626,-0.03528426036385324,0.03561040251283498,0.228672629398603,0.31363596964186424
2024-11-08,40202.25,42369.6484375,39975.0,42050.1484375,42050.1484375,109500,0.039979078378215016,-0.006744917091708991,0.028668018750802604,0.27675600179234805,0.37243639620954516
2024-11-15,41991.3515625,42884.6015625,41793.6484375,42390.8515625,42390.8515625,68000,0.008102304930180937,0.00675315123555742,0.03166231929607011,0.2698771811123981,0.31683983669186166
2024-11-22,42442.8515625,43436.1484375,41035.3984375,43332.1015625,43332.1015625,84400,0.022204083317652668,0.0307632095533652,0.012720933801498857,0.2810937864684704,0.3517984172419639
2024-11-29,43697.8515625,44330.6015625,42738.75,43146.25,43146.25,122600,-0.004289004128542828,0.06708772686424735,0.021723312623409097,0.33224594873753155,0.32355741284251294
2024-12-06,43171.75,45027.94921875,42860.80078125,44716.05078125,44716.05078125,124400,0.03638324955818861,0.06339816725528058,0.030457863089540238,0.2714296249878103,0.339088634816862
2024-12-13,44648.30078125,46088.8984375,44477.1484375,45995.80078125,45995.80078125,121000,0.028619477293746476,0.08504073605209261,0.0898342941521757,0.32941408650493287,0.28542908005157464
2024-12-20,45937.1015625,46005.19921875,43663.05078125,43771.05078125,43771.05078125,136600,-0.04836854587184203,0.010129885302629038,0.03446843646793307,0.24348513534763172,0.22821975042520348
2024-12-27,44011.5,44267.3984375,43262.1015625,43721.3984375,43721.3984375,61900,-0.0011343649024589952,0.013330206854593296,0.043158924843423874,0.20919307024821965,0.23106851858369692
2025-01-03,43674.05078125,44420.94921875,42574.44921875,43726.55078125,43726.55078125,125200,0.0001178448982450675,-0.0221285194625217,0.03285292526558781,0.15921742757633406,0.25464433726426927
2025-01-10,43961.6484375,44798.6484375,42735.55078125,44609.5,44609.5,131100,0.020192519258313224,-0.030139724881474872,0.05944450381770028,0.14315916254516559,0.22145193006512076
2025-01-17,44390.6015625,44655.69921875,41962.6484375,42032.19921875,42032.19921875,149500,-0.05777470676089169,-0.03972606395012257,-0.00015824275646803,0.05282374944534762,0.13388318400695987
2025-01-24,42377.3515625,43959.1484375,41639.0,43524.1015625,43524.1015625,232900,0.03549427275945338,-0.00451259296479356,0.07643270504706101,0.06215018547783924,0.19256532170997676
2025-01-31,42986.8984375,43245.94921875,41731.25,42662.75,42662.75,143000,-0.019790220396924463,-0.0243284860626638,0.014568356718419828,0.07380888543723074,0.14306096066125007
2025-02-07,41592.19921875,43431.80078125,41328.25,42921.6484375,42921.6484375,126900,0.0060684891972504484,-0.03783614616841702,0.012521495922708903,0.09933452291801426,0.13852791335371384
2025-02-14,42956.44921875,42973.6484375,40958.0,41311.1484375,41311.1484375,106600,-0.03752185805130748,-0.017154724107996455,-0.04663870553531957,0.010589945447762483,0.07365683176609439
2025-02-21,40968.80078125,41530.30078125,40417.44921875,40544.55078125,40544.55078125,97200,-0.018556677440468405,-0.0684574907760338,-0.06029954442738361,-0.013270935778888493,0.06568168624738013
2025-02-28,40100.25,40186.5,37167.30078125,37318.30078125,37318.30078125,139200,-0.07957296203395092,-0.1252720281451618,-0.16543835760876202,-0.12782849083463022,-0.005271077202476548
2025-03-07,37408.6484375,38381.75,36797.3984375,37820.44921875,37820.44921875,141600,0.013455822665760175,-0.11884909840259439,-0.1777412594984682,-0.10439413249849827,0.019421907110173553
2025-03-14,37791.6015625,38037.30078125,35828.80078125,36122.5,36122.5,117300,-0.04489500399451152,-0.12559923008071183,-0.17473993986286418,-0.1675759932033205,-0.03675129390816567
2025-03-21,35828.05078125,37109.8515625,35674.3984375,36702.80078125,36702.80078125,186600,0.016064801197314793,-0.09475379369048609,-0.1605300357966163,-0.13035602591036222,0.04303697840752285
2025-03-28,36944.8984375,38073.05078125,36539.94921875,36886.1484375,36886.1484375,151500,0.004995467712198831,-0.011580172052397586,-0.15643590042055577,-0.12824673796019326,0.056965772942377146
2025-04-04,36422.8515625,36538.6015625,33418.6484375,33511.44921875,33511.44921875,133200,-0.09148960684979346,-0.11393307295418786,-0.2487822275804481,-0.2004426073665374,-0.049263907799467654
2025-04-11,31307.94921875,33742.8515625,30918.94921875,32740.849609375,32740.849609375,181800,-0.02299511442626123,-0.0936161780227005,-0.22105313978504015,-0.22663732467953546,-0.06503070844833148
2025-04-18,33504.1484375,33520.6484375,32470.94921875,33372.3515625,33372.3515625,150100,0.01928789144629217,-0.09074101016430858,-0.23324433211842932,-0.2074299321363685,0.00012139609015626718
2025-04-25,33299.6015625,35941.44921875,33283.8515625,35562.25,35562.25,199400,0.06562014167322738,-0.03589147941925186,-0.16643324680195248,-0.15406228576132974,0.05631752868228568
2025-05-02,35541.55078125,36300.6015625,35089.75,35891.8515625,35891.8515625,126300,0.00926829889841052,0.0710325097614144,-0.1637820803932165,-0.1123271594454418,0.09065932304989577
2025-05-09,36042.6015625,36352.3984375,35440.6484375,35880.1015625,35880.1015625,120700,-0.0003273723557989383,0.09588181096638704,-0.13146685774704803,-0.14673068001580702,0.08941672543509394
2025-05-16,36656.6484375,38377.3515625,36600.75,37972.3515625,37972.3515625,157100,0.05831226526367228,0.13783865339501422,-0.06344130516151936,-0.10423239536685114,0.13751484070334818
2025-05-23,37845.6015625,38019.05078125,36868.55078125,37403.55078125,37403.55078125,105000,-0.014979340437049071,0.05177683586527859,0.0022844019747767508,-0.13681659941415403,0.10581889107325182
2025-05-30,37491.1015625,38121.3984375,37241.25,37321.75,37321.75,117100,-0.00218697903117282,0.03983908255638635,-0.013185967619410599,-0.13499435060984444,0.15240027203511253
2025-06-06,37147.8515625,37408.25,36740.55078125,37294.8515625,37294.8515625,102000,-0.0007207174770743618,0.039429932982091076,0.032454884421067254,-0.16596276033083412,0.060419654858436145
2025-06-13,37522.5,38891.05078125,37445.30078125,38469.25,38469.25,161700,0.03148955923666574,0.013085795771224262,0.04812845835057922,-0.16363560702085156,0.1118746054776274
2025-06-20,38440.8515625,39572.5,38369.05078125,38991.44921875,38991.44921875,132200,0.013574458008669188,0.042453146942829756,0.057075646833044225,-0.10919549513185134,0.10770216030424984
2025-06-27,38642.1484375,39357.75,38278.69921875,38822.94921875,38822.94921875,134400,-0.004321460304147262,0.040223173317167626,0.15849806928159227,-0.11203779828205551,0.0737177409596903
2025-07-04,38945.8515625,39519.5,38652.30078125,39166.55078125,39166.55078125,104600,0.008850475541256841,0.05018653085703639,0.19625945106919485,-0.1042844660401463,0.03832905711710399
2025-07-11,39146.1484375,39238.19921875,37558.1015625,37693.25,37693.25,120200,-0.03761630145780681,-0.020171955522917617,0.12947539610470016,-0.15503984577276142,-0.03407605770955591
2025-07-18,37643.3515625,37758.5,36951.8515625,37141.8984375,37141.8984375,182900,-0.014627328832085285,-0.04743477911974092,0.04441924899296312,-0.11634653604012479,-0.0696686468633948
2025-07-25,37109.80078125,37164.8515625,35531.6484375,35623.75,35623.75,159000,-0.040874282181742605,-0.08240484772869627,-0.007469705541190641,-0.1815167063507378,-0.1306478178399234
2025-08-01,35521.69921875,35589.0,34586.8984375,34649.6015625,34649.6015625,136200,-0.027345477034281918,-0.11532670425786828,-0.03429477471953579,-0.18782540828943284,-0.12787970689483796
2025-08-08,34558.69921875,35219.8515625,34224.55078125,34398.5,34398.5,132100,-0.007246881671844618,-0.08740954945514112,-0.0941172041088284,-0.19857458293827912,-0.11896537148008246
2025-08-15,34367.25,35332.19921875,34228.0,34833.19921875,34833.19921875,109600,0.012637156235010272,-0.06215889106031913,-0.06871945333565732,-0.15680874204091777,-0.1478793926171008
2025-08-22,35152.69921875,35922.55078125,34514.0,35440.8515625,35440.8515625,132200,0.01744463205730784,-0.005134171374434171,-0.05039684466832339,-0.12587879555716341,-0.13747920192428897
2025-08-29,35795.5,36445.30078125,35130.3515625,35181.25,35181.25,136100,-0.007324924516618703,0.015343565684039051,-0.05667274366162722,-0.057265490027984534,-0.17777381969543193
2025-09-05,35255.30078125,36061.1015625,34343.3984375,34635.8515625,34635.8515625,87700,-0.015502531533131969,0.006900055598354493,-0.0996483798748351,-0.08420306268258693,-0.17980688949861978
2025-09-12,34744.8984375,36356.6484375,34259.3984375,36110.75,36110.75,139200,0.042582999145800216,0.03667624019335891,-0.07388028084282505,-0.0003252820264377787,-0.1678467657711068
2025-09-19,36139.69921875,37064.94921875,35686.1484375,36578.25,36578.25,129900,0.012946283308986839,0.032092864233078444,-0.05781887424631549,-0.003393495280982206,-0.13330715863256992
2025-09-26,35437.8984375,35781.6015625,33636.55078125,33702.0,33702.0,170700,-0.07863279407844825,-0.042046544679339104,-0.13952085828977356,-0.08632368985054728,-0.20349969617872044
2025-10-03,33900.6015625,34016.6015625,33432.1015625,33949.75,33949.75,113800,0.007351195774731423,-0.01980899939075953,-0.09931486406717382,0.013079135384117313,-0.18998508798091263
2025-10-10,33961.3984375,35821.30078125,33926.6484375,35609.05078125,35609.05078125,111000,0.048875198823260746,-0.013893348068096056,-0.041270040593896384,0.08760313816211163,-0.15888832738401648
2025-10-17,35397.19921875,35766.25,34872.94921875,34950.69921875,34950.69921875,183200,-0.018488321032321786,-0.04449504230656198,-0.018893316432155527,0.047295068592755785,-0.16994527641219292
2025-10-24,35109.75,36462.0,35077.8515625,35986.3515625,35986.3515625,110500,0.02963180614121752,0.06778089022906642,0.038579087196394024,0.011925611076351927,-0.14397396158650122
2025-10-31,36075.55078125,36279.3984375,35677.6015625,35712.3515625,35712.3515625,120400,-0.007613997754791102,0.05191795410864586,0.038195024855735005,-0.005001135137523649,-0.11676653127896452
2025-11-07,35664.80078125,35742.80078125,34732.5,35117.6484375,35117.6484375,70900,-0.01665258934179159,-0.013799928191535749,0.00816603772061475,-0.021250026945210054,-0.16486267605699223
2025-11-14,35246.94921875,36939.8515625,35237.19921875,36301.25,36301.25,159000,0.033703895766440395,0.03864159548846646,0.024277024946273817,-0.04400837698317095,-0.1436536738008588
2025-11-21,36285.19921875,37278.75,35914.3515625,36885.3515625,36885.3515625,145000,0.01609039805791812,0.024981693363347546,0.04843777758038725,-0.01385427874964662,-0.14877538285793823
2025-11-28,37084.6484375,37668.55078125,36727.3515625,37405.5,37405.5,154000,0.014101761687661751,0.047410723837012725,0.07996478540457419,0.0022439998124417215,-0.1330532780948518
2025-12-05,37476.6015625,38920.6015625,37413.0,38703.6484375,38703.6484375,152700,0.03470474763069609,0.1021138988387027,0.07180405938674772,0.03777456715812599,-0.13445736460857305
2025-12-12,38783.3984375,38937.3515625,37672.3984375,38274.75,38274.75,106000,-0.011081602247204114,0.05436451912812923,0.04638002091406768,-0.0050559862747519,-0.1678642539124453
2025-12-19,38125.94921875,39054.3515625,37946.75,38691.6015625,38691.6015625,105100,0.01089103292640714,0.04896930416779188,0.14805060715981244,-0.007690087500153986,-0.11604585971981873
2025-12-26,39023.25,39530.25,38495.3984375,38572.30078125,38572.30078125,97900,-0.003083376661400017,0.03119329460239806,0.13615861033586407,-0.006456192601126398,-0.11777065327886682
2026-01-02,38622.6015625,38721.69921875,37822.1484375,38320.30078125,38320.30078125,102400,-0.006533185599405522,-0.00990469042909592,0.07613935054476695,-0.02160644690737279,-0.12363769616875897
2026-01-09,38222.0,38736.80078125,37365.8984375,38027.19921875,38027.19921875,109400,-0.007648728129070803,-0.006467730847360187,0.0880239900422235,0.008859655740749428,-0.14755378969165756
2026-01-16,37938.6015625,39139.5,37573.1015625,39086.6484375,39086.6484375,126400,0.027860301061236603,0.010210145329907494,0.08615201987385412,0.052360005325858605,-0.0700784359609723
2026-01-23,38892.3984375,38977.6484375,37451.3515625,38238.5,38238.5,216900,-0.021699185563484602,-0.008653898639415902,0.07073598704579842,0.07339906663391704,-0.1214407965414277
2026-01-30,38482.8515625,38792.6484375,37704.3515625,38036.1484375,38036.1484375,128900,-0.005291827935196225,-0.007415190850720954,0.08310636189647336,0.09773696441765534,-0.10844592911849327
2026-02-06,38396.0,40301.3984375,35211.94921875,35611.05078125,35611.05078125,199500,-0.06375770828202698,-0.06353737554010219,-0.019013097861643846,0.03525010629097203,-0.17032425180256683
2026-02-13,35840.8984375,36059.6484375,31422.599609375,32681.5,32681.5,295400,-0.08226521590855362,-0.16387049525983033,-0.11397076032681508,-0.061771507269185455,-0.2088939369612508
2026-02-20,32693.0,33703.1015625,31804.75,32004.05078125,32004.05078125,251400,-0.020728828809877142,-0.1630411553473593,-0.14440254023472487,-0.09697286125276072,-0.2106448298336947
2026-02-27,31987.80078125,32051.69921875,29875.0,30603.849609375,30603.849609375,295300,-0.04375074834887238,-0.1954009313097923,-0.20927739774209753,-0.1301090890922011,-0.17992381837622606
2026-03-06,30020.150390625,30664.94921875,29823.150390625,30138.400390625,30138.400390625,141600,-0.015208845445620622,-0.15367843044683394,-0.21257747233816027,-0.12984959136227392,-0.2031189207640749
2026-03-13,29688.05078125,30360.150390625,28936.75,29071.30078125,29071.30078125,198100,-0.03540664386776604,-0.11046614196869786,-0.24864054194577512,-0.19494054315543152,-0.19520241452695686
2026-03-20,28934.599609375,30055.599609375,28288.05078125,29199.599609375,29199.599609375,243100,0.0044132469025173204,-0.08762800656215763,-0.2429904616016857,-0.20172234567331682,-0.2044312971261879
2026-03-27,28847.900390625,30029.55078125,28613.80078125,29541.650390625,29541.650390625,193400,0.011714228476618516,-0.03470802635314907,-0.2290861556838396,-0.12344518454023501,-0.19911263056698747
2026-04-03,29225.599609375,30558.599609375,28961.400390625,30441.44921875,30441.44921875,146900,0.03045865130170755,0.010055239302589891,-0.19948221683020262,-0.1033380446468678,-0.09161048153901696
2026-04-10,30490.400390625,31946.75,30372.099609375,31030.599609375,31030.599609375,295000,0.01935355923403681,0.06739632474198332,-0.20610743438406376,-0.12857549054033734,-0.052235968840292024
2026-04-17,30619.75,32134.25,30402.25,31809.849609375,31809.849609375,274700,0.025112308811608308,0.08939334904996232,-0.16811983709154388,-0.08986514374768295,-0.04682025329257167
2026-04-24,31855.349609375,31912.5,28442.400390625,28530.599609375,28530.599609375,355900,-0.10308913875007886,-0.03422458690970276,-0.2499082903660519,-0.2071827687276404,-0.197727938772856
2026-05-01,28582.75,29543.099609375,28578.55078125,29353.900390625,29353.900390625,214700,0.028856764054109307,-0.03572592159821153,-0.17570810895362643,-0.17804627513108762,-0.1821569767859479
2026-05-08,29606.5,29664.5,28889.44921875,29394.19921875,29394.19921875,204800,0.0013728611049546036,-0.052735055436396006,-0.10058598232180282,-0.16297928458781075,-0.18076599734401877
2026-05-15,29323.400390625,29536.900390625,27078.0,27716.900390625,27716.900390625,234800,-0.05706223924124065,-0.12866924141457514,-0.13395649256801845,-0.23647531722392479,-0.27007679929949036
2026-05-22,27689.599609375,29609.599609375,27663.80078125,28912.5,28912.5,275100,0.043136122456874704,0.013385641937210035,-0.055265910366285476,-0.21615224539721367,-0.2270118906867653
2026-05-29,29103.650390625,29747.19921875,28800.900390625,29080.150390625,29080.150390625,397100,0.0057985435581495715,-0.009325847548608213,-0.03511301151633728,-0.22257019982021364,-0.22082564749442346
2026-06-05,29349.19921875,31290.94921875,28918.849609375,29010.30078125,29010.30078125,432900,-0.0024019686431029363,-0.013060346861060834,-0.0020982893217954546,-0.2504504884572615,-0.2221365800951497
2026-06-12,28577.69921875,28915.849609375,27519.150390625,27795.75,27795.75,250000,-0.04186619057858898,0.0028448206063356185,-0.04807770065875394,-0.2737836302000666,-0.27745537019827526
2026-06-19,28178.849609375,29007.0,26634.5,27426.849609375,27426.849609375,285800,-0.013271827190307839,-0.05138436284046688,-0.07158708986418472,-0.29114204370497876,-0.2965932234140678
2026-06-26,27531.0,27881.0,26955.5,27330.849609375,27330.849609375,236300,-0.0035002197250968425,-0.06015446129927682,-0.10218303297659914,-0.2914384401290231,-0.29601305002930467
2026-07-03,27172.19921875,27759.55078125,25699.099609375,27439.400390625,27439.400390625,355700,0.003971730948779673,-0.054149745032644025,-0.11573089994899821,-0.283946111298505,-0.2994174916275517
2026-07-10,27489.849609375,28439.55078125,27014.5,28010.400390625,28010.400390625,198300,0.020809492622699155,0.0077224176582750825,-0.11944253950921624,-0.2634114274496986,-0.25688550627433293
2026-07-17,27880.55078125,29380.75,27856.099609375,29226.599609375,29226.599609375,263300,0.043419558513596135,0.06562000469003237,0.024394860589305623,-0.25226130206306463,-0.2131096998567361
2026-07-24,29324.44921875,29483.150390625,28141.0,28767.94921875,28767.94921875,173200,-0.01569290977243476,0.052581592958677925,-0.019961612054190225,-0.2476705619009637,-0.19245028334327519
2026-07-31,29181.69921875,31846.400390625,29070.25,30708.94921875,30708.94921875,368400,0.06747091998949029,0.11915525782560765,0.04472821287682316,-0.19263778063096637,-0.11372864812433581
2026-08-07,30950.94921875,31799.150390625,30796.55078125,31547.69921875,31547.69921875,162900,0.02731288504941376,0.1262851933137279,0.13821166054414702,-0.11410366932052007,-0.08287572950128641
2026-08-14,31611.55078125,31955.0,30997.900390625,31357.75,31357.75,128300,-0.0060210165385723435,0.0729181779306749,0.08457414613056646,-0.040504566803849285,-0.0997740459302755
2026-08-21,31242.400390625,31331.19921875,30165.0,30532.25,30532.25,112200,-0.02632523060487435,0.06132869492483972,0.04993439132430133,-0.04598795294101565,-0.13850123081392873
2026-08-28,30579.599609375,31322.900390625,30164.5,31281.69921875,31281.69921875,136000,0.02454615099607782,0.01865091494730442,0.07829627326608257,0.022149161560621078,-0.11084173476638837
2026-09-04,31225.5,31529.19921875,30621.650390625,30695.150390625,30695.150390625,144700,-0.018750542418534244,-0.027024120593184153,0.10431092489409344,0.018473110476466603,-0.11377520673236663
2026-09-11,30343.19921875,30377.099609375,28671.80078125,28921.5,28921.5,148500,-0.05778275617006634,-0.07769211757858907,0.05449588311863929,-0.005152875076942398,-0.19908891396606276
