Date,Open,High,Low,Close,Adj Close,Volume,Return_1W,Return_4W,Return_12W,Return_26W,Return_52W
2010-07-23,450.0,469.3999938964844,448.7999877929688,458.3999938964844,458.3999938964844,0.0,,,,,
2010-07-30,459.8500061035156,460.7999877929688,440.6499938964844,441.6000061035156,441.6000061035156,0.0,-0.03664918851801402,,,,
2010-08-06,446.6000061035156,461.5,445.4500122070313,453.3500061035156,453.3500061035156,0.0,0.026607789487316458,,,,
2010-08-13,454.2000122070313,487.2999877929688,454.2000122070313,483.25,483.25,3006700.0,0.06595344324238783,,,,
2010-08-20,484.9500122070313,488.8999938964844,472.5,485.4500122070313,485.4500122070313,1939800.0,0.004552534313567058,0.059009639334016484,,,
2010-08-27,487.7999877929688,489.3500061035156,439.9500122070313,441.2999877929688,441.2999877929688,1750600.0,-0.09094659244798553,-0.0006793892807974711,,,
2010-09-03,446.7999877929688,457.7000122070313,429.1499938964844,455.7000122070313,455.7000122070313,1752300.0,0.03263091958393183,0.0051836463480252615,,,
2010-09-10,459.75,469.7000122070313,456.2999877929688,466.5,466.5,934400.0,0.023699775079361052,-0.0346611484738748,,,
2010-09-17,472.0,493.25,469.3999938964844,487.7000122070313,487.7000122070313,2090000.0,0.04544482788216797,0.004634874741831219,,,
2010-09-24,488.8500061035156,500.1000061035156,469.2000122070313,485.1499938964844,485.1499938964844,2043100.0,-0.005228661568014159,0.0993655275696208,,,
2010-10-01,489.9500122070313,514.5999755859375,486.0499877929688,511.8999938964844,511.8999938964844,2723700.0,0.05513758700717952,0.12332670657011224,,,
2010-10-08,516.1500244140625,534.2000122070312,507.3500061035156,515.0999755859375,515.0999755859375,2404900.0,0.006251185246351598,0.1041800119741425,,,
2010-10-15,521.9000244140625,532.0,503.3999938964844,513.4500122070312,513.4500122070312,1896200.0,-0.0032031905593266075,0.05279885043158239,0.12009166458012266,,
2010-10-22,514.2999877929688,522.6500244140625,496.9500122070313,503.5,503.5,2015900.0,-0.019378735944053815,0.037823366658499724,0.14017208569053863,,
2010-10-29,504.1499938964844,510.8999938964844,471.5,481.5499877929688,481.5499877929688,1507500.0,-0.0435948603913231,-0.05928893624806897,0.06220355422916701,,
2010-11-05,484.8500061035156,496.2999877929688,475.0499877929688,492.75,492.75,1143000.0,0.023258254575735604,-0.04338958774073698,0.019658561821003673,,
2010-11-12,495.3999938964844,508.6000061035156,459.8500061035156,461.6499938964844,461.6499938964844,1525500.0,-0.06311518235112257,-0.10088619549912536,-0.04902671276563253,,
2010-11-19,462.7999877929688,463.4500122070313,415.0499877929688,417.0499877929688,417.0499877929688,2085700.0,-0.09661000041844736,-0.1716981374518991,-0.054951281828216625,,
2010-11-26,418.2999877929688,427.3999938964844,320.6000061035156,360.20001220703125,360.20001220703125,3312200.0,-0.13631453602669552,-0.25199870971258165,-0.20956769243318119,,
2010-12-03,360.4500122070313,408.5,344.70001220703125,390.5,390.5,3127400.0,0.0841198966299681,-0.2075088787417555,-0.16291532690246513,,
2010-12-10,390.2999877929688,399.8500061035156,353.95001220703125,365.1499938964844,365.1499938964844,2453500.0,-0.06491678899747921,-0.20903281983284971,-0.2512815567831559,,
2010-12-17,366.3500061035156,380.6499938964844,361.1000061035156,367.6000061035156,367.6000061035156,1443700.0,0.006709604951344428,-0.11857087432406554,-0.2422961749393533,,
2010-12-24,366.4500122070313,375.1499938964844,361.0499877929688,367.1000061035156,367.1000061035156,1217600.0,-0.0013601740797012374,0.01915600683688612,-0.2828677271331439,,
2010-12-31,367.75,381.0,363.0499877929688,379.9500122070313,379.9500122070313,1229100.0,0.03500410212440097,-0.027016614066501132,-0.26237617896442367,,
2011-01-07,381.2000122070313,385.0,352.5,353.5,353.5,1428100.0,-0.06961445284180945,-0.031904680518184514,-0.3115201254344052,,
2011-01-14,353.54998779296875,356.45001220703125,324.29998779296875,333.70001220703125,333.70001220703125,2302700.0,-0.05601128088534302,-0.09221978600005298,-0.33723930048255957,,
2011-01-21,333.95001220703125,334.8500061035156,320.5,329.70001220703125,329.70001220703125,1668300.0,-0.011986814065557683,-0.10187957851991492,-0.31533585180199797,-0.28075912609744946,
2011-01-28,329.8999938964844,338.6000061035156,292.8999938964844,300.6499938964844,300.6499938964844,1524000.0,-0.08811045567176157,-0.20871171407500066,-0.38985287895183285,-0.3191802768544145,
2011-02-04,299.29998779296875,302.20001220703125,280.6499938964844,289.54998779296875,289.54998779296875,4373900.0,-0.03692002770283587,-0.18090526791239392,-0.3727932597830935,-0.3613102814718957,
2011-02-11,289.95001220703125,297.6000061035156,261.45001220703125,278.54998779296875,278.54998779296875,3919300.0,-0.037989986060248504,-0.16526827209058292,-0.33209448280514986,-0.4235902994454863,
2011-02-18,279.3500061035156,289.3500061035156,270.3999938964844,271.95001220703125,271.95001220703125,4714300.0,-0.023694043709105883,-0.1751592291835784,-0.24500276793238074,-0.43979811439153504,
2011-02-25,271.20001220703125,277.0,250.4499969482422,259.6000061035156,259.6000061035156,2973600.0,-0.04541278010354988,-0.1365374642485525,-0.3352112519756322,-0.41173801657727627,
2011-03-04,260.54998779296875,280.8999938964844,260.54998779296875,276.3999938964844,276.3999938964844,2345600.0,0.06471489752688897,-0.04541528043816312,-0.2430508051032847,-0.3934606396918161,
2011-03-11,275.54998779296875,287.70001220703125,267.25,280.6499938964844,280.6499938964844,2120200.0,0.015376266620294121,0.0075390637068577515,-0.2365343056674114,-0.3983922960418341,
2011-03-18,280.95001220703125,283.54998779296875,271.70001220703125,272.75,272.75,1686100.0,-0.028148918825197766,0.002941672208345958,-0.25701444983607713,-0.4407422735839175,
2011-03-25,273.6000061035156,300.25,268.29998779296875,298.95001220703125,298.95001220703125,2423100.0,0.09605870653357007,0.15157937279795286,-0.21318593866991087,-0.38379879219205415,
2011-04-01,298.8999938964844,322.3500061035156,293.6000061035156,321.79998779296875,321.79998779296875,3285800.0,0.07643410153170782,0.16425468487342765,-0.0896747162858027,-0.371361610412438,
2011-04-08,322.25,344.04998779296875,318.8999938964844,329.29998779296875,329.29998779296875,3364600.0,0.02330640237570525,0.17334756798330297,-0.013185568633820366,-0.36070665229913323,
2011-04-15,328.79998779296875,328.79998779296875,317.29998779296875,322.6000061035156,322.6000061035156,1535400.0,-0.020346134035283958,0.18276812503580442,-0.021534746256112514,-0.37170123978215397,
2011-04-22,323.1000061035156,326.29998779296875,305.6000061035156,318.6000061035156,318.6000061035156,2224500.0,-0.012399255810046306,0.06573003209271056,0.05970401653562507,-0.3672293821181417,
2011-04-29,318.5,318.95001220703125,286.6000061035156,289.29998779296875,289.29998779296875,2235700.0,-0.09196490191223372,-0.10099441029472322,-0.0008634087740965191,-0.3992316579242724,
2011-05-06,290.3999938964844,294.79998779296875,271.5,276.29998779296875,276.29998779296875,2071000.0,-0.044936054436694906,-0.16094747028451506,-0.008077544780480506,-0.43926943116596906,
2011-05-13,277.5,291.70001220703125,274.0,289.20001220703125,289.20001220703125,1384100.0,0.046688472616685184,-0.10353376709412399,0.06343077486927218,-0.3735513570224839,
2011-05-20,288.3999938964844,288.3999938964844,270.3999938964844,275.6499938964844,275.6499938964844,1171500.0,-0.0468534499951776,-0.13480857308294103,0.06182583750236437,-0.33904807105923707,
2011-05-27,274.1000061035156,276.20001220703125,259.20001220703125,274.95001220703125,274.95001220703125,1960300.0,-0.0025393858333114805,-0.04960240646884073,-0.005245954129782571,-0.23667406194034513,
2011-06-03,275.3500061035156,290.3500061035156,275.3500061035156,282.29998779296875,282.29998779296875,1549500.0,0.026732043133728345,0.021715527560919767,0.005879187359230764,-0.2770806970730634,
2011-06-10,281.1000061035156,290.25,279.0,284.70001220703125,284.70001220703125,1404000.0,0.008501680899195119,-0.015560165318314612,0.04381306033741983,-0.2203203698046884,
2011-06-17,284.5,288.25,277.5,281.04998779296875,281.04998779296875,1149700.0,-0.012820598024450458,0.01959003815001803,-0.05987631270496896,-0.23544618300733788,
2011-06-24,281.70001220703125,282.45001220703125,251.8500061035156,265.79998779296875,265.79998779296875,1937300.0,-0.05426081004221106,-0.03327886527669155,-0.17402113773859995,-0.2759466538444625,
2011-07-01,265.1499938964844,275.6499938964844,260.25,275.20001220703125,275.20001220703125,1789900.0,0.03536502951754894,-0.02515046366613527,-0.16428781533982384,-0.2756941614280637,
2011-07-08,277.0,302.20001220703125,277.0,297.75,297.75,1996400.0,0.08194035898517527,0.04583767907771952,-0.07703039563967573,-0.15770862800565766,
2011-07-15,297.20001220703125,297.3999938964844,277.8999938964844,288.29998779296875,288.29998779296875,2169500.0,-0.0317380762620697,0.02579612280695276,-0.09510363380439535,-0.13605041280578622,
2011-07-22,288.29998779296875,299.0,287.0,294.3500061035156,294.3500061035156,1663700.0,0.020985149381592905,0.10741166148128056,0.017455992131464537,-0.10721869819439989,-0.3578751962854835
2011-07-29,293.70001220703125,299.04998779296875,271.25,273.04998779296875,273.04998779296875,1712600.0,-0.07236289406787433,-0.007812588367347328,-0.011762577428831578,-0.09180111978654648,-0.3816802898119458
2011-08-05,274.1000061035156,279.54998779296875,243.1499938964844,251.1999969482422,251.1999969482422,1763200.0,-0.0800219440452552,-0.15633922099666775,-0.13139700433894097,-0.13244687432743807,-0.44590273835601435
2011-08-12,248.5,248.5,229.0500030517578,241.25,241.25,2158600.0,-0.039609860943956576,-0.1631980221475272,-0.12479591749747221,-0.13390769853736928,-0.5007759958613553
2011-08-19,242.8000030517578,244.6999969482422,215.5500030517578,222.3999938964844,222.3999938964844,1863600.0,-0.0781347403254532,-0.24443693125567045,-0.1911257173212193,-0.18220266992606415,-0.541868393647013
2011-08-26,223.1499938964844,227.0,212.0500030517578,213.0500030517578,213.0500030517578,1730400.0,-0.04204132689445361,-0.21973992830464428,-0.24530636817454288,-0.17931433727777335,-0.5172218242804304
2011-09-02,214.6499938964844,237.9499969482422,214.6499938964844,236.9499969482422,236.9499969482422,1732900.0,0.11218020912526416,-0.056727707695538365,-0.16772045385114243,-0.14272792264610812,-0.4800307425917024
2011-09-09,234.3500061035156,244.1999969482422,228.0500030517578,236.8000030517578,236.8000030517578,2741500.0,-0.000633019195679263,-0.018445583205148997,-0.15744524697793982,-0.15624440334354794,-0.4923901327936596
2011-09-16,235.1499938964844,243.8000030517578,227.6000061035156,242.3500061035156,242.3500061035156,2007600.0,0.023437512585440023,0.08970329475960725,-0.08822416390672794,-0.11145735617409502,-0.5030756611901894
2011-09-23,241.3500061035156,248.9499969482422,225.9499969482422,231.1999969482422,231.1999969482422,2017100.0,-0.04600787651934646,0.08519123978644139,-0.15988376928445824,-0.22662656796237324,-0.523446357091838
2011-09-30,231.1999969482422,245.1499938964844,224.1000061035156,237.6000061035156,237.6000061035156,1818900.0,0.027681700863976033,0.0027432334401564784,-0.202015092851333,-0.26165315377085574,-0.5358468276294555
2011-10-07,235.3500061035156,236.0500030517578,220.3500061035156,234.6000061035156,234.6000061035156,1259200.0,-0.012626262301916769,-0.009290527533318271,-0.1862642523870507,-0.28757966960202597,-0.5445544220097216
2011-10-14,233.1499938964844,254.0500030517578,232.5500030517578,247.1000061035156,247.1000061035156,1774200.0,0.05328218105196658,0.019599751930565734,-0.16052318335398086,-0.2340359534146247,-0.5187457391589643
2011-10-21,247.25,251.9499969482422,239.25,240.1499938964844,240.1499938964844,1198700.0,-0.028126313376615975,0.03871105997568769,-0.1204907356429904,-0.2462335552546795,-0.523038741019892
2011-10-28,241.8500061035156,263.1000061035156,240.1499938964844,262.20001220703125,262.20001220703125,995800.0,0.09181769257113293,0.10353537656391354,0.04378987019277525,-0.09367430601252225,-0.45550821544250975
2011-11-04,261.3999938964844,266.5,252.5500030517578,262.5,262.5,2138900.0,0.0011441181502762632,0.11892580209129977,0.08808290155440424,-0.04994566920976151,-0.467275494672755
2011-11-11,262.25,263.95001220703125,242.3500061035156,244.3000030517578,244.3000030517578,1045200.0,-0.06933332170758932,-0.011331456829607678,0.09847126688981267,-0.15525590338886508,-0.4708112070146867
2011-11-18,246.5,249.3000030517578,210.3500061035156,214.75,214.75,2201400.0,-0.12095784970374024,-0.10576720608801249,0.00797933313255661,-0.2209323244873872,-0.48507371709454217
2011-11-25,214.0,215.6000061035156,199.6499938964844,209.6499938964844,209.6499938964844,2405300.0,-0.023748573241050508,-0.20041958758206968,-0.11521419457000892,-0.23749778291108925,-0.4179622798680406
2011-12-02,211.4499969482422,223.1999969482422,206.4499969482422,222.5,222.5,2612600.0,0.06129266147205481,-0.1523809523809524,-0.06038852562274766,-0.21183135096989258,-0.4302176696542894
2011-12-09,222.75,224.8999938964844,208.1499938964844,211.0500030517578,211.0500030517578,1644200.0,-0.051460660441537964,-0.1361031501622847,-0.12915206215587438,-0.25869338249875384,-0.42201833060529104
2011-12-16,212.4499969482422,213.8000030517578,192.8000030517578,194.25,194.25,1508400.0,-0.07960200335859646,-0.09545983701979044,-0.15981832801024665,-0.30884181306888603,-0.471572370036089
2011-12-23,193.6999969482422,195.5,181.75,191.6999969482422,191.6999969482422,1646600.0,-0.013127428837878097,-0.0856188765600685,-0.19318185175162017,-0.27878101673369127,-0.4777989818551346
2011-12-30,191.75,196.0,183.0,184.1999969482422,184.1999969482422,1278700.0,-0.039123631295753025,-0.17213484517643962,-0.21483379302656436,-0.33066864542989305,-0.5151993919456086
2012-01-06,184.8999938964844,192.4499969482422,179.85000610351562,185.8500061035156,185.8500061035156,1512000.0,0.008957704574430903,-0.11940296888819368,-0.24787534798498156,-0.37581861929969573,-0.4742574084766178
2012-01-13,187.0500030517578,217.1999969482422,184.6499938964844,213.75,213.75,2927600.0,0.15012102760408053,0.10038610038610041,-0.10993127032043148,-0.2585847760996226,-0.35945462337176337
2012-01-20,212.6000061035156,234.3999938964844,209.3500061035156,231.6999969482422,231.6999969482422,2344000.0,0.08397659390990486,0.20865936691068265,-0.11632347001840138,-0.21284188162456152,-0.29723995034992934
2012-01-27,231.75,240.6999969482422,229.8999938964844,230.25,230.25,1866500.0,-0.006258079272077333,0.2500000207095403,-0.12285714285714289,-0.15674781068080634,-0.23415930592276524
2012-02-03,229.8000030517578,241.4499969482422,221.8500061035156,240.4499969482422,240.4499969482422,3057700.0,0.04429966101299532,0.2937852518246098,-0.015759337107744353,-0.042794586507160504,-0.16957345161359005
2012-02-10,241.6499938964844,258.6000061035156,241.6499938964844,254.3500061035156,254.3500061035156,3632200.0,0.05780831495816341,0.1899415490222951,0.18440049407923453,0.054300543434261606,-0.08687841590371814
2012-02-17,252.3999938964844,286.0,248.1999969482422,280.75,280.75,3028200.0,0.10379395817958081,0.21169617478551261,0.33913669531810964,0.2623651425578477,0.03235884316221127
2012-02-24,280.29998779296875,299.6499938964844,257.54998779296875,259.75,259.75,3319200.0,-0.07479964381121995,0.12812160694896857,0.16741573033707868,0.21919735404508311,0.0005777884936741806
2012-03-02,259.8999938964844,269.79998779296875,244.3500061035156,248.5500030517578,248.5500030517578,3267500.0,-0.04311837131180818,0.03368686299155654,0.1776830109346339,0.04895550222796352,-0.10075973755323875
2012-03-09,247.5500030517578,249.5500030517578,232.8999938964844,246.4499969482422,246.4499969482422,2415200.0,-0.008449028677253057,-0.03105959884293552,0.26872585301540375,0.04075166288902099,-0.12185995970787944
2012-03-16,247.75,258.95001220703125,240.9499969482422,242.0,242.0,2476300.0,-0.018056388733397877,-0.1380231522707035,0.2623891698096297,-0.0014442174322294443,-0.11274060494958749
2012-03-23,241.8999938964844,250.4499969482422,233.8500061035156,240.75,240.75,2652000.0,-0.005165289256198302,-0.07314725697786328,0.30700327898293955,0.04130624211857459,-0.19468141773055392
2012-03-30,240.6000061035156,240.6000061035156,227.1999969482422,239.0500030517578,239.0500030517578,2446200.0,-0.007061254198306055,-0.03822168530821435,0.28625232822758506,0.006102680601828281,-0.25714725879495204
2012-04-06,238.9499969482422,247.25,238.4499969482422,241.5500030517578,241.5500030517578,1000500.0,0.010458063033191856,-0.019882304553298202,0.13005849380939338,0.029624879656548586,-0.26647430304910746
2012-04-13,240.4499969482422,242.75,234.8500061035156,235.8000030517578,235.8000030517578,1929900.0,-0.023804595021130748,-0.025619822100174328,0.01769532221630321,-0.04573048471323782,-0.269063860537887
2012-04-20,235.0500030517578,248.8999938964844,234.8500061035156,236.5,236.5,2077600.0,0.002968604491869087,-0.017653167185877505,0.02714440825190012,-0.015198809032898497,-0.2576899075037704
2012-04-27,235.6000061035156,236.8000030517578,217.3000030517578,221.8000030517578,221.8000030517578,1716700.0,-0.06215643529912129,-0.07216063492902414,-0.07756287849111043,-0.15408088205340698,-0.23332176836977891
2012-05-04,223.8000030517578,229.3999938964844,214.5500030517578,216.8000030517578,216.8000030517578,1457100.0,-0.022542831069453317,-0.10246325683008473,-0.1476312252828319,-0.17409522646949405,-0.21534559308701162
2012-05-11,215.3999938964844,221.8500061035156,202.8500061035156,206.5500030517578,206.5500030517578,2800700.0,-0.04727859712046667,-0.12404579992129883,-0.2642920639296249,-0.1545231253722179,-0.2857884013369485
2012-05-18,207.1499938964844,208.3000030517578,199.3000030517578,205.3999938964844,205.3999938964844,2482100.0,-0.005567703404900204,-0.1315010828901294,-0.20923967701064716,-0.043539027257348484,-0.25485217324684994
2012-05-25,206.3000030517578,213.9499969482422,201.6499938964844,208.1499938964844,208.1499938964844,1512500.0,0.013388510621796357,-0.061541970096763876,-0.1625427827770356,-0.007154781987452008,-0.24295332003930925
2012-06-01,208.3999938964844,213.9499969482422,202.9499969482422,204.6499938964844,204.6499938964844,1950100.0,-0.01681479751443371,-0.05604247686460029,-0.16960845432891747,-0.08022474653265432,-0.2750619810633176
2012-06-08,203.75,219.9499969482422,196.6499938964844,219.5,219.5,2056800.0,0.07256294427756971,0.06269666791046791,-0.09297520661157022,0.04003789067072372,-0.229013029193755
2012-06-15,219.8999938964844,225.0,211.3999938964844,216.1499938964844,216.1499938964844,2114800.0,-0.015261986804171235,0.052336905157931435,-0.10218071071034518,0.11274128132038297,-0.23091975347919935
2012-06-22,216.6499938964844,220.3000030517578,206.3999938964844,217.5500030517578,217.5500030517578,2498500.0,0.006477026115225826,0.045159785879927306,-0.0899393420854504,0.1348461477049212,-0.18152741518856952
2012-06-29,218.4499969482422,223.8500061035156,215.3500061035156,222.9499969482422,222.9499969482422,1926600.0,0.02482185162369155,0.08942098019809497,-0.07700271524952174,0.21036916743754475,-0.1898619656291356
2012-07-06,223.5,237.8500061035156,222.75,233.0500030517578,233.0500030517578,2400700.0,0.04530166513462808,0.061731221192518504,-0.011662425633626405,0.2539682292071195,-0.21729637933918455
2012-07-13,232.8000030517578,235.8000030517578,226.9499969482422,230.8999938964844,230.8999938964844,2154000.0,-0.009225527256465749,0.06823965031923085,-0.023678672742137863,0.08023388957419608,-0.19909814889657185
2012-07-20,231.5,232.3999938964844,221.1000061035156,224.8500061035156,224.8500061035156,1618500.0,-0.026201766794680337,0.03355551803886225,0.013751140711418586,-0.029564052373538763,-0.23611346546246914
2012-07-27,223.8000030517578,223.8000030517578,206.8999938964844,208.25,208.25,2016400.0,-0.07382702091577154,-0.06593405314849499,-0.039437282893933445,-0.09554831704668842,-0.23731913821619077
2012-08-03,208.8500061035156,221.3500061035156,208.8500061035156,217.9499969482422,217.9499969482422,1740700.0,0.04657861679828179,-0.06479298822477197,0.05519241698402566,-0.09357454891065442,-0.1323646512895894
2012-08-10,218.6000061035156,225.25,215.8000030517578,217.1499938964844,217.1499938964844,1482700.0,-0.0036705806972219257,-0.05954959014058836,0.05720545447494829,-0.14625520469573527,-0.0998963983565413
2012-08-17,217.3500061035156,223.4499969482422,215.3500061035156,216.3500061035156,216.3500061035156,1163300.0,-0.0036840332279730603,-0.037802978738131765,0.03939472710774683,-0.2293855526143701,-0.027203183268902253
2012-08-24,216.75,220.0500030517578,211.1000061035156,211.6000061035156,211.6000061035156,943400.0,-0.02195516462212299,0.01608646388242785,0.03396048089083559,-0.18537052510677343,-0.006805899683042793
2012-08-31,211.3500061035156,212.25,196.6499938964844,199.0,199.0,1541000.0,-0.0595463409266237,-0.08694653458858437,-0.09339407744874717,-0.19935627617529972,-0.16016036056979455
2012-09-07,199.3500061035156,204.8000030517578,197.5500030517578,204.3000030517578,204.3000030517578,1430700.0,0.026633181164612107,-0.05917564451257684,-0.05482299874781227,-0.1710285835602442,-0.13724661985285702
2012-09-14,205.0500030517578,216.9499969482422,201.6999969482422,216.5,216.5,1550900.0,0.05971608793932037,0.0006932927767639985,-0.004826490632169778,-0.10537190082644632,-0.10666393832263499
2012-09-21,217.8999938964844,239.1999969482422,217.8999938964844,236.1000061035156,236.1000061035156,2524600.0,0.09053120602085718,0.115784495715064,0.05898187636363228,-0.019314616392458572,0.021193811504981896
2012-09-28,235.5500030517578,253.0500030517578,235.5500030517578,245.3999938964844,245.3999938964844,3107000.0,0.03939003622427406,0.2331657984747959,0.0529928799957311,0.026563441805736776,0.03282823060859097
2012-10-05,246.1000061035156,263.5,242.75,260.6499938964844,260.6499938964844,2573600.0,0.062143440828416496,0.2758198238031877,0.12884365866781833,0.07907261686365596,0.11104001327891866
2012-10-12,258.70001220703125,259.5,239.3500061035156,249.0,249.0,3938600.0,-0.044695930056730004,0.15011547344110854,0.10740490656409563,0.05597963009926166,0.00768916976751699
2012-10-19,248.6999969482422,253.0500030517578,239.25,245.6499938964844,245.6499938964844,3351800.0,-0.013453839773154952,0.04044890955564706,0.1795918074260956,0.038689191951308155,0.022902353278304588
2012-10-26,244.8000030517578,248.5500030517578,237.8500061035156,241.1000061035156,241.1000061035156,1402500.0,-0.01852223857528834,-0.017522363080345604,0.1062170657463739,0.08701534168714176,-0.08047294096559854
2012-11-02,237.6999969482422,241.9499969482422,228.3000030517578,239.5,239.5,2219500.0,-0.006636275665744429,-0.0811432740907102,0.10292427691326522,0.1047047814977331,-0.0876190476190476
2012-11-09,239.3500061035156,259.25,237.1999969482422,252.1499938964844,252.1499938964844,3294000.0,0.052818346123108206,0.01265057789752766,0.16547255272939454,0.22076974181065512,0.032132585946237135
2012-11-16,252.0500030517578,262.70001220703125,248.3999938964844,250.4499969482422,250.4499969482422,2098000.0,-0.006742006699949066,0.019540008837861,0.18360108565271505,0.2193281615892435,0.16623979952615686
2012-11-23,250.5,254.0500030517578,241.0,247.8999938964844,247.8999938964844,3013000.0,-0.010181685297783294,0.02820401335887679,0.24572861254514766,0.1909680574853545,0.18244694068002731
2012-11-30,248.1499938964844,270.1000061035156,246.25,266.54998779296875,266.54998779296875,3694000.0,0.07523192559767478,0.1129435815990345,0.30469889286022367,0.30246760685365315,0.1979774732268258
2012-12-07,267.5,287.25,266.04998779296875,280.6499938964844,280.6499938964844,4100300.0,0.05289816825828253,0.11302796228383061,0.2963048216927684,0.2785876715101794,0.3297796249150391
2012-12-14,281.3500061035156,286.95001220703125,271.6499938964844,274.75,274.75,3459200.0,-0.021022604756088303,0.09702536772950987,0.1637017911788563,0.27110806272601384,0.4144144144144144
2012-12-21,275.0,288.29998779296875,272.3500061035156,273.54998779296875,273.54998779296875,3557800.0,-0.004367651344972745,0.10346911870919606,0.11471065442796502,0.25741201542473835,0.4269691817826453
2012-12-28,274.1499938964844,282.04998779296875,273.8999938964844,278.3500061035156,278.3500061035156,1763700.0,0.017547134069622716,0.04426943857041943,0.06790720361213864,0.2484862521354263,0.5111292655543767
2013-01-04,278.45001220703125,293.95001220703125,278.04998779296875,293.3999938964844,293.3999938964844,2550400.0,0.054068573605031034,0.04543025219057273,0.17831322849993736,0.25895726262369334,0.5786924092596752
2013-01-11,292.8999938964844,300.04998779296875,285.8500061035156,287.1000061035156,287.1000061035156,3711200.0,-0.021472351479296492,0.044949976718892115,0.168736060398593,0.24339546856907424,0.3431579232913011
2013-01-18,287.54998779296875,312.29998779296875,285.3500061035156,310.1499938964844,310.1499938964844,3893800.0,0.08028557054317131,0.13379640920041158,0.2863956285564022,0.379363955870647,0.33858436763711564
2013-01-25,309.1000061035156,311.79998779296875,271.8500061035156,289.54998779296875,289.54998779296875,6865500.0,-0.0664194954341707,0.040237044885452544,0.20897698452179014,0.3903960998461884,0.25754609247760585
2013-02-01,290.45001220703125,299.8500061035156,286.1499938964844,291.3500061035156,291.3500061035156,4667900.0,0.006216606411442616,-0.006987006938016571,0.1554630702197204,0.3367745362836787,0.2116864620556842
2013-02-08,291.79998779296875,297.70001220703125,281.79998779296875,282.95001220703125,282.95001220703125,2685100.0,-0.028831281003989018,-0.014454872198741975,0.1297664829499099,0.30301644098555114,0.11244350468730091
2013-02-15,283.1000061035156,286.8500061035156,256.04998779296875,262.3999938964844,262.3999938964844,5561000.0,-0.07262773431340463,-0.1539577654028168,0.058491328588151204,0.21284948691397565,-0.06536066287984199
2013-02-22,263.3500061035156,279.5,263.3500061035156,272.20001220703125,272.20001220703125,3534300.0,0.03734763162537624,-0.05992048460503796,0.021196866151991456,0.2863894345724636,0.04793074959396049
2013-03-01,272.79998779296875,274.20001220703125,245.75,246.8000030517578,246.8000030517578,3452400.0,-0.09331376934676461,-0.15290887976137313,-0.12061283299800063,0.240201020360592,-0.007040836767302605
2013-03-08,246.6999969482422,270.54998779296875,239.3500061035156,266.54998779296875,266.54998779296875,3713200.0,0.08002424836708388,-0.05796085423761277,-0.029845358351342166,0.30469889286022367,0.08155808924172092
2013-03-15,266.8999938964844,274.45001220703125,261.45001220703125,261.79998779296875,261.79998779296875,3260900.0,-0.017820297195771606,-0.002286608679390123,-0.04295375808568036,0.20923781890516735,0.08181813137590388
2013-03-22,260.79998779296875,260.79998779296875,221.6499938964844,224.0500030517578,224.0500030517578,4654200.0,-0.14419398969209885,-0.1768920168844491,-0.19507814571976034,-0.05103770749787517,-0.06936655014846183
2013-03-29,226.25,233.1999969482422,216.8500061035156,223.9499969482422,223.9499969482422,2004300.0,-0.0004463561801091309,-0.09258511272677583,-0.23670756098497092,-0.08740830269657762,-0.06316672625285957
2013-04-05,224.4499969482422,241.0500030517578,220.9499969482422,222.3000030517578,222.3000030517578,3426100.0,-0.007367688854515664,-0.166010079788787,-0.22570533498488954,-0.14713213789660418,-0.07969364420117697
2013-04-12,223.1499938964844,229.1000061035156,216.5500030517578,227.3999938964844,227.3999938964844,2679600.0,0.022941928811126333,-0.13139799656403284,-0.2668063892582845,-0.08674701246391803,-0.03562344803460249
2013-04-19,225.1499938964844,240.9499969482422,225.1499938964844,239.4499969482422,239.4499969482422,2959100.0,0.05299034026026894,0.06873462926455232,-0.17302708670997624,-0.025239149612415024,0.012473560034850673
2013-04-26,240.1499938964844,250.0,238.1499938964844,240.1999969482422,240.1999969482422,3538800.0,0.003132177947624326,0.0725608404618805,-0.17556206653072803,-0.0037329287950619294,0.08295759081748377
2013-05-03,240.8500061035156,247.1999969482422,238.0,241.3999938964844,241.3999938964844,2773700.0,0.004995824161066809,0.08591988566135811,-0.14684579083935567,0.007933168670080981,0.11346859085999972
2013-05-10,241.3000030517578,248.8999938964844,239.3500061035156,244.25,244.25,2908200.0,0.01180615648539618,0.07409853366656627,-0.06916918566562336,-0.03133053376050288,0.182522374201056
2013-05-17,243.6000061035156,259.79998779296875,238.1499938964844,259.04998779296875,259.04998779296875,3707900.0,0.060593604065378726,0.08185421212998878,-0.048310153652971866,0.03433815511885929,0.2611976411426886
2013-05-24,260.5,263.5,223.8500061035156,228.8500061035156,228.8500061035156,3909400.0,-0.1165797456573856,-0.047252252243667914,-0.07273094297522287,-0.07684545486888361,0.09944757537358173
2013-05-31,230.3000030517578,236.3000030517578,212.8500061035156,213.75,213.75,4307600.0,-0.06598210924532555,-0.11454015988227861,-0.19808662619027717,-0.19808662619027717,0.04446619288988862
2013-06-07,212.6999969482422,219.8000030517578,209.8999938964844,213.8999938964844,213.8999938964844,3284200.0,0.0007017258315060726,-0.12425795743506896,-0.18296407994626662,-0.237840732056528,-0.025512556280253285
2013-06-14,216.6000061035156,217.6499938964844,197.6000061035156,202.8500061035156,202.8500061035156,2576000.0,-0.05165959844915369,-0.2169464749574428,-0.09462172130988455,-0.26169242546491134,-0.06153128923676143
2013-06-21,204.5500030517578,205.9499969482422,187.5,191.1999969482422,191.1999969482422,2680700.0,-0.057431643109383645,-0.16451827900866733,-0.14623800154625122,-0.30104183702998966,-0.12112160760230661
2013-06-28,190.1999969482422,193.5500030517578,181.1000061035156,192.25,192.25,2638500.0,0.005491647847892134,-0.10058479532163744,-0.1351776996816384,-0.30932281018702723,-0.13769902385497312
2013-07-05,191.25,204.1000061035156,185.9499969482422,191.8000030517578,191.8000030517578,3488500.0,-0.0023406863367604336,-0.10331926823439619,-0.156552294636086,-0.346284911241588,-0.17700064132090498
2013-07-12,188.4499969482422,196.0500030517578,185.6499938964844,193.25,193.25,2821800.0,0.007559942258451802,-0.04732563872153228,-0.19294214882879468,-0.32688959982006216,-0.16305757856954906
2013-07-19,192.6999969482422,198.3000030517578,182.5500030517578,186.5,186.5,3283500.0,-0.03492884864165591,-0.024581574389430982,-0.22356368705455631,-0.3986780471701501,-0.17055817239275572
2013-07-26,186.1499938964844,190.1499938964844,179.89999389648438,182.1000061035156,182.1000061035156,2937900.0,-0.02359246057096198,-0.05279580700382003,-0.24565032846851453,-0.37109302786875265,-0.1255701987826382
2013-08-02,180.0,181.3000030517578,152.6999969482422,153.75,153.75,2734900.0,-0.15568371857933883,-0.19838374580989915,-0.37052200614124875,-0.472284205323225,-0.2945629632813811
2013-08-09,153.8000030517578,159.85000610351562,145.9499969482422,158.60000610351562,158.60000610351562,2638200.0,0.03154475514481714,-0.17930139144364488,-0.3877629277085014,-0.4394769419996708,-0.2696292398740735
2013-08-16,158.75,173.39999389648438,157.64999389648438,161.1999969482422,161.1999969482422,1871300.0,0.016393384266514932,-0.13565685282443862,-0.29560850929002513,-0.3856707290479783,-0.25491105892960386
2013-08-23,160.4499969482422,171.3000030517578,153.10000610351562,155.4499969482422,155.4499969482422,2442400.0,-0.035669975861390424,-0.1463482057223221,-0.27274855228892547,-0.4289126011132973,-0.2653592038546757
2013-08-30,156.6999969482422,159.64999389648438,142.85000610351562,149.5500030517578,149.5500030517578,2433300.0,-0.0379542876314678,-0.027317053321900375,-0.3008414805091971,-0.3940437552571876,-0.2484924469760914
2013-09-06,149.6999969482422,157.75,142.9499969482422,155.1999969482422,155.1999969482422,2467100.0,0.03777996510323689,-0.021437635715185976,-0.23490267548208654,-0.41774524833673177,-0.2403328701423295
2013-09-13,158.89999389648438,170.60000610351562,157.39999389648438,169.8000030517578,169.8000030517578,2089100.0,0.09407220612500788,0.05334991480351525,-0.11192465605675372,-0.3514132506910751,-0.21570437389488306
2013-09-20,172.4499969482422,178.75,162.10000610351562,164.75,164.75,2348500.0,-0.029740889051801056,0.059826331517100595,-0.14304291287386217,-0.2646730740640022,-0.3022024746252354
2013-09-27,162.14999389648438,163.14999389648438,153.0,153.4499969482422,153.4499969482422,2062700.0,-0.06858878938851476,0.02607819335941186,-0.19994789099751353,-0.3148024155423118,-0.3746943734115532
2013-10-04,152.1999969482422,162.3000030517578,148.5,159.75,159.75,1761400.0,0.04105573917921146,0.029317030549138368,-0.17335058214747734,-0.2813765280839622,-0.3871091358496491
2013-10-11,159.35000610351562,176.0500030517578,157.60000610351562,174.25,174.25,2543300.0,0.09076682316118934,0.026207284265393982,-0.06568364611260058,-0.23372909113040263,-0.30020080321285136
2013-10-18,174.60000610351562,178.0500030517578,168.64999389648438,174.3000030517578,174.3000030517578,1818600.0,0.0002869615595857411,0.05796663460854523,-0.042833623230763895,-0.27208183222723836,-0.2904538677692502
2013-10-25,176.8000030517578,180.5500030517578,169.1999969482422,170.0,170.0,2401600.0,-0.02467012608416841,0.1078527427885192,0.10569105691056913,-0.2922564439639387,-0.2948984002637852
2013-11-01,171.0500030517578,178.5,163.5,176.89999389648438,176.89999389648438,2602100.0,0.0405881993910846,0.10735520435983958,0.11538453397678095,-0.26719139035131256,-0.2613778960480819
2013-11-08,176.1999969482422,181.1000061035156,168.60000610351562,172.64999389648438,172.64999389648438,2156400.0,-0.02402487363841832,-0.009182244496502845,0.07102975908813769,-0.29314229725083163,-0.31528852637068594
2013-11-15,172.10000610351562,172.10000610351562,162.14999389648438,167.14999389648438,167.14999389648438,1710200.0,-0.03185635791738073,-0.041021279575940484,0.07526534048204425,-0.35475776192635966,-0.3326013338661471
2013-11-22,169.64999389648438,178.25,167.60000610351562,168.14999389648438,168.14999389648438,2851800.0,0.005982650532546874,-0.010882388844209556,0.12437305560127121,-0.2652392859433651,-0.32170230723483295
2013-11-29,170.6999969482422,175.1999969482422,168.35000610351562,174.25,174.25,4374200.0,0.0362771711265768,-0.014980180824850975,0.12274486743779267,-0.18479532163742685,-0.346276466028799
2013-12-06,174.89999389648438,178.60000610351562,171.85000610351562,175.35000610351562,175.35000610351562,3988200.0,0.006312804037392317,0.015638646408815404,0.032685529752706,-0.18022435200079912,-0.3752003922430437
2013-12-13,179.4499969482422,181.1999969482422,172.1999969482422,172.5,172.5,2549500.0,-0.016253242111854638,0.03200721686432639,0.047040971168436974,-0.14961796988079856,-0.3721565059144677
2013-12-20,172.1999969482422,181.25,170.8000030517578,180.8500061035156,180.8500061035156,2872200.0,0.048405832484148315,0.07552787789483673,0.17855985467705993,-0.05413175214395183,-0.33887766706687417
2013-12-27,181.8000030517578,189.8500061035156,181.8000030517578,187.25,187.25,2673700.0,0.03538840851805758,0.0746054519368724,0.1721439749608764,-0.026007802340702213,-0.3272858060209146
2014-01-03,188.4499969482422,191.5500030517578,182.25,185.5500030517578,185.5500030517578,2823200.0,-0.009078755397822103,0.058169356106099857,0.0648493718895713,-0.03258602659309351,-0.3675868885081761
2014-01-10,185.3999938964844,185.9499969482422,171.85000610351562,172.39999389648438,172.39999389648438,2217900.0,-0.07087043351654021,-0.0005797455276268515,-0.010900798175598636,-0.10789136405441457,-0.3995123990546885
2014-01-17,173.1999969482422,175.5,169.3000030517578,169.6999969482422,169.6999969482422,2756300.0,-0.01566123575307876,-0.061653352385796056,-0.001764723833869497,-0.09008044531773629,-0.4528453964603938
2014-01-24,169.25,173.75,166.9499969482422,167.35000610351562,167.35000610351562,1740200.0,-0.013847913299864678,-0.10627500078229302,-0.05398523528812027,-0.0809994481362909,-0.4220341455404494
2014-01-31,164.75,164.75,149.85000610351562,154.5500030517578,154.5500030517578,3494200.0,-0.07648642118268145,-0.167070867637511,-0.10483632484562244,0.005203271881351723,-0.46953835656743814
2014-02-07,154.35000610351562,155.8000030517578,147.8000030517578,153.6999969482422,153.6999969482422,2396300.0,-0.005499877623625582,-0.10846866363272833,-0.0804666314051542,-0.030895390710611204,-0.4567945208788976
2014-02-14,156.1999969482422,157.85000610351562,152.5500030517578,154.64999389648438,154.64999389648438,2098700.0,0.006180852095671208,-0.08868593590103602,-0.08028546232544498,-0.04063277404317123,-0.4106326315026779
2014-02-21,154.5500030517578,157.75,151.8000030517578,154.39999389648438,154.39999389648438,1750800.0,-0.00161655357172108,-0.07738280092455407,-0.11391682125403513,-0.006754603231722278,-0.4327700699034134
2014-02-28,154.39999389648438,155.64999389648438,152.89999389648438,154.0500030517578,154.0500030517578,1618300.0,-0.0022667801720329672,-0.003235198900853775,-0.12147135620390925,0.030090270198407154,-0.3758103681244642
2014-03-07,153.89999389648438,175.8000030517578,152.3000030517578,174.8000030517578,174.8000030517578,3271200.0,0.13469652443322833,0.13728045883189544,0.013333351024682916,0.12628870160385408,-0.3442130517465032
2014-03-14,173.75,188.5,171.8000030517578,178.5500030517578,178.5500030517578,3523100.0,0.021453088870311054,0.15454258065649196,-0.012717738314265259,0.05153121226583757,-0.3179907892396273
2014-03-21,179.9499969482422,181.8000030517578,171.85000610351562,175.9499969482422,175.9499969482422,2355500.0,-0.014561781344590297,0.13957256414275343,-0.06034714580378009,0.06798177206823786,-0.21468424658938312
2014-03-28,175.8000030517578,184.5,175.8000030517578,183.8000030517578,183.8000030517578,3046700.0,0.04461498289099031,0.1931191133440262,-0.009431419947278807,0.19778433826722397,-0.1792810647180476
2014-04-04,185.0500030517578,197.6499938964844,184.5500030517578,196.8999938964844,196.8999938964844,6145700.0,0.07127307196527988,0.12643015136666125,0.1421113739407136,0.23255082251320447,-0.11426004861259298
2014-04-11,196.9499969482422,204.8000030517578,191.1999969482422,201.1000061035156,201.1000061035156,5563900.0,0.02133068733988508,0.12629517035192106,0.18503246741277368,0.15408898768158164,-0.1156551824928409
2014-04-18,201.75,202.6499938964844,186.3500061035156,192.1999969482422,192.1999969482422,3003400.0,-0.04425663294456672,0.09235578449472848,0.14849112601379533,0.10269646347148398,-0.19732721070033354
2014-04-25,193.25,194.25,188.1499938964844,189.75,189.75,4086600.0,-0.012747122721869508,0.03237212649320065,0.22775798287402127,0.11617647058823533,-0.21003329554210215
2014-05-02,189.3999938964844,194.0500030517578,177.25,179.60000610351562,179.60000610351562,4908700.0,-0.053491403934041504,-0.08786179953902817,0.16851014749203386,0.015262929904967582,-0.25600658390848785
2014-05-09,179.5,182.6999969482422,173.60000610351562,182.5,182.5,4122600.0,0.016146958785808296,-0.09249132540523797,0.1800841073563646,0.057051876349450525,-0.2528147389969294
2014-05-16,182.3500061035156,212.0500030517578,182.1000061035156,207.3500061035156,207.3500061035156,8418900.0,0.13616441700556492,0.07882419040492072,0.34294050712547897,0.240502624438784,-0.19957531027089448
2014-05-23,210.5500030517578,257.3999938964844,210.5500030517578,254.9499969482422,254.9499969482422,10778400.0,0.22956348899726198,0.34360999709218554,0.6549820960573687,0.5162058055452157,0.114048460339218
2014-05-30,259.1499938964844,260.8500061035156,229.8500061035156,242.9499969482422,242.9499969482422,8242800.0,-0.0470680531227311,0.35272822211494637,0.3898741001526489,0.39426110156810434,0.13660817285727345
2014-06-06,244.1999969482422,273.6000061035156,244.0,272.70001220703125,272.70001220703125,6802400.0,0.12245324401105862,0.49424664223030823,0.5273033186562386,0.5551753790418821,0.2748949041064619
2014-06-13,276.3500061035156,290.8500061035156,253.6000061035156,254.6499938964844,254.6499938964844,10158700.0,-0.06619001651104972,0.22811664528890918,0.4472861512546247,0.4762318486752719,0.2553610364030996
2014-06-20,254.4499969482422,263.6000061035156,246.3000030517578,255.4499969482422,255.4499969482422,7295100.0,0.003141578915894172,0.0019611688801137728,0.38982585803498515,0.4124964795523798,0.3360355702170459
2014-06-27,256.1000061035156,267.75,253.1499938964844,261.8500061035156,261.8500061035156,6048200.0,0.02505386271963883,0.0777938233903328,0.32986294677681505,0.3983978964139687,0.3620286403303803
2014-07-04,263.3999938964844,272.54998779296875,263.29998779296875,267.70001220703125,267.70001220703125,4851000.0,0.022341057732123915,-0.018335166029270433,0.33117853844934,0.44273784858067766,0.39572475467996515
2014-07-11,267.70001220703125,270.6000061035156,238.8000030517578,241.6499938964844,241.6499938964844,8011700.0,-0.09731048607648374,-0.05105046264122248,0.25728406729141984,0.40168214879160846,0.2504527497877589
2014-07-18,242.1999969482422,259.5,240.0,252.4499969482422,252.4499969482422,5254800.0,0.044692751187836555,-0.01174398134993071,0.3304347665256506,0.48762522974728406,0.35361928658574904
2014-07-25,252.8000030517578,256.1499938964844,243.3500061035156,246.5500030517578,246.5500030517578,4491000.0,-0.02337094065282952,-0.05843040937608135,0.37277279884753667,0.47325959999817635,0.3539263854368315
2014-08-01,245.4499969482422,245.8500061035156,236.6999969482422,239.6999969482422,239.6999969482422,4651800.0,-0.02778343548459672,-0.10459474778482525,0.31342464081228605,0.5509543333232299,0.5590243703950712
2014-08-08,241.5500030517578,250.3500061035156,234.5,234.9499969482422,234.9499969482422,5864700.0,-0.019816437465477565,-0.02772603814387964,0.13310822296743896,0.5286272063320898,0.4813996715415898
2014-08-15,242.0,243.1999969482422,225.8999938964844,231.8500061035156,231.8500061035156,4959000.0,-0.013194257863342274,-0.08160028161517485,-0.09060596635118279,0.4991918218807392,0.43827549933488896
2014-08-22,230.25,241.8500061035156,229.6000061035156,233.5500030517578,233.5500030517578,4263600.0,0.0073323135798548655,-0.052727640799383524,-0.038691064064869884,0.5126296132390951,0.5024124003651116
2014-08-29,233.75,234.6999969482422,219.8500061035156,220.3000030517578,220.3000030517578,3153300.0,-0.056733032870325495,-0.08093447702743761,-0.19215257355944615,0.4300551683711509,0.4730859147860673
2014-09-05,221.6000061035156,234.6999969482422,220.6499938964844,226.8999938964844,226.8999938964844,5384800.0,0.029959104645023382,-0.03426262249976164,-0.1089731029456864,0.29805486232914946,0.4619845255032673
2014-09-12,228.5500030517578,231.1000061035156,224.8500061035156,226.8000030517578,226.8000030517578,3362900.0,-0.0004406824478462301,-0.021781336721220845,-0.11215499799864659,0.2702324232725628,0.33568903990317045
2014-09-19,225.6499938964844,232.75,217.1000061035156,228.5,228.5,6053300.0,0.007495577272343512,-0.021622791632499583,-0.1273630144210559,0.2986644158181828,0.38694992412746587
2014-09-26,226.3999938964844,229.6999969482422,200.6000061035156,208.6999969482422,208.6999969482422,6543600.0,-0.08665209213023117,-0.05265549678994008,-0.22039601258277197,0.1354733051308632,0.36005214140626873
2014-10-03,209.8500061035156,211.1999969482422,200.0500030517578,201.5500030517578,201.5500030517578,2703600.0,-0.034259674178421684,-0.11172318874672016,-0.16594244509645728,0.02361609598483816,0.26165886104386726
2014-10-10,200.3500061035156,208.8000030517578,198.6499938964844,205.25,205.25,3388200.0,0.01835771219160942,-0.09501764886149455,-0.18696770655108874,0.020636468277122733,0.17790530846484942
2014-10-17,204.4499969482422,204.4499969482422,179.8000030517578,184.1999969482422,184.1999969482422,5206700.0,-0.1025578711413292,-0.19387309869478253,-0.2528899019742725,-0.041623309713965995,0.05679858705191543
2014-10-24,187.6999969482422,193.75,185.1499938964844,192.5,192.5,2515800.0,0.04505973501231919,-0.07762336935855252,-0.19691279745169943,0.01449275362318847,0.13235294117647056
2014-10-31,191.75,202.25,184.5500030517578,200.6999969482422,200.6999969482422,5066200.0,0.04259738674411517,-0.004217346021559432,-0.14577569885027508,0.11748324124535503,0.13453930962645888
2014-11-07,201.25,213.5,200.1499938964844,213.1000061035156,213.1000061035156,4674000.0,0.06178380340718781,0.03824607114989331,-0.08087125083632118,0.16767126632063345,0.23428910302356454
2014-11-14,213.1499938964844,217.75,210.75,217.1000061035156,217.1000061035156,5167900.0,0.018770529729862817,0.17861025895954752,-0.07043458245897205,0.04702194218953859,0.29883346713111547
2014-11-21,216.6499938964844,220.0500030517578,208.6000061035156,210.6499938964844,210.6499938964844,3816100.0,-0.029709866539366914,0.09428568257913983,-0.04380394471899396,-0.17375957474810722,0.25275052954306765
2014-11-28,211.5,221.3500061035156,204.6000061035156,218.8000030517578,218.8000030517578,4985500.0,0.03868981434330543,0.09018438654078986,-0.03569850622570725,-0.09940314550252605,0.25566716242041787
2014-12-05,218.8500061035156,226.25,214.5,223.3000030517578,223.3000030517578,3778000.0,0.020566727318260147,0.047864836490372875,-0.015432098557782048,-0.1811514739418839,0.27345306689031723
2014-12-12,222.8999938964844,225.6499938964844,205.0,206.1499938964844,206.1499938964844,3594700.0,-0.07680254778723972,-0.05043764117542271,-0.0978118429037882,-0.19045749523840683,0.19507242838541683
2014-12-19,204.9499969482422,207.25,187.1000061035156,195.0,195.0,4889900.0,-0.05408680197236981,-0.07429382553970054,-0.06564445207749481,-0.23664121225450718,0.07824160032588101
2014-12-26,196.6999969482422,200.6499938964844,194.4499969482422,200.0500030517578,200.0500030517578,2885700.0,0.025897451547475914,-0.08569469715941747,-0.007442321891777848,-0.2360129906864573,0.06835782671165713
2015-01-02,201.3500061035156,206.5,200.3500061035156,205.1000061035156,205.1000061035156,3403500.0,0.02524370394761366,-0.08150468741383632,-0.0007307863409715676,-0.23384386719826766,0.10536245071526329
2015-01-09,204.3000030517578,206.3999938964844,194.75,199.9499969482422,199.9499969482422,3984300.0,-0.025109746474966776,-0.03007517405678639,0.08550488741009876,-0.17256361680731203,0.1598028075818836
2015-01-16,200.0500030517578,217.1499938964844,194.75,212.3500061035156,212.3500061035156,5124200.0,0.06201555061030173,0.08897439027443887,0.10311691482345764,-0.15884330096842103,0.2513259276503199
2015-01-23,214.1000061035156,221.1499938964844,211.6999969482422,219.6000061035156,219.6000061035156,4028600.0,0.034141746134284556,0.09772558237202178,0.09417045063606788,-0.10930844297164599,0.3122198870293458
2015-01-30,220.0,240.8000030517578,218.3500061035156,236.8000030517578,236.8000030517578,5382000.0,0.07832420979138965,0.15455873234953965,0.11121537432865991,-0.012098431094726192,0.532190219190452
2015-02-06,237.6999969482422,242.6000061035156,227.3999938964844,229.8000030517578,229.8000030517578,6857400.0,-0.02956081042984615,0.14928735463418086,0.058498372138168886,-0.02191953165940619,0.4951204138874641
2015-02-13,226.25,233.3999938964844,218.8500061035156,226.4499969482422,226.4499969482422,4968200.0,-0.014577920187238247,0.06639976660915736,0.07500595067437832,-0.023290959728775817,0.4642742055316047
2015-02-20,229.5500030517578,234.4499969482422,225.4499969482422,231.9499969482422,231.9499969482422,4425700.0,0.02428792260596535,0.05623857241108188,0.060100519712395606,-0.006850807461394215,0.5022668789983908
2015-02-27,232.6000061035156,241.8500061035156,226.9499969482422,241.1000061035156,241.1000061035156,6024600.0,0.03944819692028356,0.018158796437253155,0.07971340263543114,0.09441671703867827,0.5650762825529492
2015-03-06,241.3000030517578,242.25,231.0500030517578,234.1499938964844,234.1499938964844,4217900.0,-0.028826263090375948,0.018929463824884474,0.1358234335629418,0.03195240279868661,0.3395308341450842
2015-03-13,233.3000030517578,233.3000030517578,219.8000030517578,225.9499969482422,225.9499969482422,5084600.0,-0.035020274020879816,-0.002207992964178618,0.1587179330679087,-0.0037478222754769863,0.2654718179015889
2015-03-20,227.9499969482422,233.5,217.0500030517578,218.0500030517578,218.0500030517578,3548500.0,-0.034963460956779824,-0.059926682816840215,0.0899775042509896,-0.045733028219878236,0.23927255944141823
2015-03-27,219.1000061035156,219.75,206.6000061035156,211.6499938964844,211.6499938964844,4839900.0,-0.029351107845452584,-0.12214853364369849,0.031935580682835196,0.014135107768946442,0.15152334266764989
2015-04-03,213.3000030517578,220.3000030517578,212.0,219.3999938964844,219.3999938964844,2070300.0,0.03661705751709321,-0.06299380903046636,0.09727430480169952,0.08856358508782924,0.11427120719886275
2015-04-10,220.8500061035156,237.3000030517578,219.1000061035156,232.3999938964844,232.3999938964844,5708300.0,0.05925250848518049,0.028546125405435108,0.09441953009973036,0.1322776803726402,0.1556438928045445
2015-04-17,233.5,236.0,221.4499969482422,222.1499938964844,222.1499938964844,2313100.0,-0.04410499255247635,0.018802984578511595,0.01161196594760927,0.20602604547765369,0.15582724986362773
2015-04-24,222.8500061035156,223.25,204.25,205.0,205.0,3343900.0,-0.07720006467556251,-0.031419768902695266,-0.13429055169736304,0.06493506493506485,0.08036890645586303
2015-05-01,205.8000030517578,206.5,194.8999938964844,204.8000030517578,204.8000030517578,2738400.0,-0.0009755948694740724,-0.06654508318544006,-0.10879025094864447,0.0204285309708947,0.14031178224859153
2015-05-08,207.6999969482422,213.8000030517578,197.3500061035156,207.3500061035156,207.3500061035156,4062200.0,0.01245118659062383,-0.10778824634619644,-0.08434529080206665,-0.02698263648667787,0.13616441700556492
2015-05-15,208.3500061035156,212.6000061035156,197.8999938964844,200.1499938964844,200.1499938964844,3582700.0,-0.034723954642358335,-0.09903218818115911,-0.13709852757124075,-0.07807467402349699,-0.034723954642358335
2015-05-22,200.75,204.6000061035156,198.6999969482422,202.25,202.25,2605000.0,0.010492161716485926,-0.013414634146341475,-0.16113647913735618,-0.03987654469438173,-0.20670718799396925
2015-05-29,202.75,203.9499969482422,197.6000061035156,199.5,199.5,2625100.0,-0.013597033374536438,-0.025878920765535218,-0.14798204057098052,-0.08820842222379832,-0.1788433730974639
2015-06-05,201.3999938964844,204.8000030517578,173.10000610351562,182.25,182.25,12131800.0,-0.0864661654135338,-0.1210513883032388,-0.19340560981840793,-0.18383341912558326,-0.33168319823309167
2015-06-12,182.8500061035156,183.1999969482422,171.0,174.5500030517578,174.5500030517578,5707900.0,-0.04224964031957301,-0.1279040301043759,-0.1994955257564227,-0.15328640203886745,-0.3145493530908442
2015-06-19,175.4499969482422,177.4499969482422,172.3000030517578,173.8000030517578,173.8000030517578,4081000.0,-0.004296763030004702,-0.14066747564025806,-0.17883294087520074,-0.10871793306790867,-0.3196320018474216
2015-06-26,175.89999389648438,186.8000030517578,175.89999389648438,183.8500061035156,183.8500061035156,6965100.0,0.057825102849767385,-0.07844608469415737,-0.16203276564238067,-0.08097973857091556,-0.2978804589722436
2015-07-03,178.1999969482422,184.9499969482422,176.64999389648438,181.3000030517578,181.3000030517578,4092000.0,-0.013870018858318733,-0.0052126032825360324,-0.21987948445251482,-0.11604096705753253,-0.32274936576564006
2015-07-10,178.10000610351562,186.3500061035156,178.10000610351562,179.60000610351562,179.60000610351562,3653100.0,-0.00937670667196222,0.02893155521893842,-0.1915371999190595,-0.10177539962650883,-0.2567762853722608
2015-07-17,181.3000030517578,182.6499938964844,179.0,180.10000610351562,180.10000610351562,2375300.0,0.0027839642706459777,0.03624857848754859,-0.12146338486089936,-0.15187190521802418,-0.286591371437251
2015-07-24,181.5,181.5500030517578,171.0500030517578,171.5500030517578,171.5500030517578,3046900.0,-0.04747364109939867,-0.06690238043741126,-0.1623535132057441,-0.2188069294911943,-0.3041979276887512
2015-07-31,171.1999969482422,178.1999969482422,160.85000610351562,176.5500030517578,176.5500030517578,4413200.0,0.029146021049567983,-0.026199668615802252,-0.1485411244038327,-0.2544341183426043,-0.26345429578841506
2015-08-07,176.3000030517578,184.5,174.39999389648438,182.75,182.75,5120900.0,0.035117512552093055,0.017538940921131285,-0.08693477105716785,-0.2047432655654089,-0.22217492073320377
2015-08-14,183.1999969482422,186.3000030517578,167.39999389648438,183.3000030517578,183.3000030517578,4789000.0,0.003009592622477797,0.017767889171546924,-0.09369590580095022,-0.19054976585558014,-0.2094026386614859
2015-08-21,182.0,182.1499938964844,164.8000030517578,166.5,166.5,4854100.0,-0.09165304294628984,-0.029437499049383198,-0.16541353383458646,-0.2821728726422309,-0.2870905680823247
2015-08-28,157.9499969482422,168.8000030517578,146.4499969482422,163.64999389648438,163.64999389648438,7114600.0,-0.017117153774868665,-0.0730671703896354,-0.1020576466585219,-0.32123604415745344,-0.25714937980261376
2015-09-04,162.8000030517578,166.0500030517578,154.60000610351562,158.5500030517578,158.5500030517578,4237000.0,-0.03116401487892828,-0.1324213239301898,-0.09166427797343357,-0.3228699244730652,-0.30123399155272346
2015-09-11,158.85000610351562,167.0500030517578,154.10000610351562,165.10000610351562,165.10000610351562,3064200.0,0.0413119074467605,-0.09929076183977537,-0.05005751896132771,-0.2693073320052548,-0.2720458382628932
2015-09-18,165.75,174.14999389648438,165.1999969482422,171.10000610351562,171.10000610351562,2357900.0,0.03634160980126233,0.027627664285379216,-0.06935001129573615,-0.2153175707000463,-0.25120347438286383
2015-09-25,168.6999969482422,173.8000030517578,165.25,169.8000030517578,169.8000030517578,2483900.0,-0.007597913532342626,0.03758025899569284,-0.06343077664878449,-0.19773206733563597,-0.18639192364785517
2015-10-02,170.1999969482422,180.75,167.10000610351562,176.14999389648438,176.14999389648438,3233600.0,0.03739688298351207,0.1110059319202985,-0.01920942143533544,-0.19712853784492768,-0.12602336279176707
2015-10-09,177.25,185.3500061035156,177.0500030517578,182.1999969482422,182.1999969482422,4644400.0,0.034345746587497006,0.10357353248070189,0.011660137554462713,-0.21600687722307899,-0.11230208551404541
2015-10-16,182.1499938964844,186.6000061035156,179.9499969482422,182.6499938964844,182.6499938964844,3795000.0,0.0024697966837510243,0.06750430964906595,0.06470411336208293,-0.17780779241617206,-0.008414783265133896
2015-10-23,183.3999938964844,188.8500061035156,182.5,183.0,183.0,3392500.0,0.001916266713449577,0.07773849653123155,0.03653354198102887,-0.10731707317073169,-0.04935064935064937
2015-10-30,184.25,184.5,175.1999969482422,176.0500030517578,176.0500030517578,3447100.0,-0.03797812540023049,-0.0005676460300380048,-0.036662090004061176,-0.14038085728316219,-0.12282010100299745
2015-11-06,176.25,180.8000030517578,171.85000610351562,172.5,172.5,3077700.0,-0.02016474291519399,-0.05323818392267965,-0.05891981926867862,-0.1680733304927774,-0.1905209053996635
2015-11-13,166.75,169.60000610351562,163.8000030517578,166.5500030517578,166.5500030517578,1888400.0,-0.03449273593183877,-0.08814668153699012,0.00030031862917612173,-0.16787405380638765,-0.23284201580194797
2015-11-20,165.25,168.6999969482422,163.4499969482422,163.85000610351562,163.85000610351562,2717800.0,-0.016211329323141066,-0.104644775390625,0.001222195016748806,-0.1898639994881799,-0.22216942392111716
2015-11-27,164.3000030517578,172.89999389648438,164.3000030517578,171.1999969482422,171.1999969482422,3298100.0,0.04485804437555552,-0.02754902595536879,0.07978551657520216,-0.14185465188851032,-0.21755029908411705
2015-12-04,171.75,176.5,171.64999389648438,172.14999389648438,172.14999389648438,3398000.0,0.005549047693788278,-0.0020290208899456097,0.04270131757928897,-0.05541841483410492,-0.22906407727821476
2015-12-11,172.85000610351562,174.0500030517578,161.60000610351562,162.10000610351562,162.10000610351562,2935700.0,-0.058379251520693676,-0.026718684279214866,-0.05260081635856284,-0.07132624881450444,-0.21367930680166758
2015-12-18,161.1999969482422,169.14999389648438,160.39999389648438,167.75,167.75,2257500.0,0.03485498879547433,0.02380222002567689,-0.012073044846371062,-0.03481014353006728,-0.1397435897435897
2015-12-25,168.10000610351562,172.75,167.85000610351562,170.89999389648438,170.89999389648438,1854500.0,0.018777906983513448,-0.0017523543055232293,-0.02980414522798791,-0.07043792100686574,-0.1457136151491666
2016-01-01,171.14999389648438,176.14999389648438,169.3000030517578,175.85000610351562,175.85000610351562,2216700.0,0.028964379074404967,0.021492955783989798,-0.03485176153175462,-0.03006065557917459,-0.14261335509291628
2016-01-08,175.6999969482422,178.0500030517578,164.1999969482422,169.35000610351562,169.35000610351562,4295200.0,-0.036963319729279465,0.044725476415899745,-0.07281679845281819,-0.05707126754824399,-0.15303821611283885
2016-01-15,166.85000610351562,171.10000610351562,154.3000030517578,155.10000610351562,155.10000610351562,4097700.0,-0.08414525826051433,-0.07540979968097983,-0.15245898304089822,-0.1388117665339268,-0.2696020643017639
2016-01-22,155.35000610351562,156.10000610351562,144.64999389648438,150.3000030517578,150.3000030517578,3317100.0,-0.030947794086830904,-0.12053827724068944,-0.1462652630141087,-0.12387058946066432,-0.3155737756177064
2016-01-29,152.0,154.5,150.14999389648438,153.5500030517578,153.5500030517578,2481300.0,0.021623419387961196,-0.12681263734862036,-0.10985505477241853,-0.13027470746209657,-0.35156249546924156
2016-02-05,154.14999389648438,154.89999389648438,144.8000030517578,147.35000610351562,147.35000610351562,2712700.0,-0.040377706447536355,-0.12990846889342567,-0.11528067605183723,-0.19370721694382698,-0.3587902343485696
2016-02-12,147.75,151.75,124.75,129.1999969482422,129.1999969482422,5654500.0,-0.12317616833027334,-0.16698909178628563,-0.21147395706157357,-0.2951446001244178,-0.4294546315327513
2016-02-19,131.5,139.6999969482422,130.1999969482422,134.85000610351562,134.85000610351562,3316700.0,0.043730722048986204,-0.10279438878601865,-0.21232471666290986,-0.19009005343233853,-0.4186246696368513
2016-02-26,135.5,136.0,127.5500030517578,130.10000610351562,130.10000610351562,3524700.0,-0.035224321727903574,-0.15271896113435957,-0.24426366124795718,-0.20501062660711467,-0.4603898680630578
2016-03-04,130.8000030517578,148.85000610351562,127.9000015258789,147.64999389648438,147.64999389648438,4111800.0,0.134896133509824,0.002035885853699959,-0.08914257657586766,-0.0687480854334338,-0.3694213207549384
2016-03-11,147.64999389648438,155.0500030517578,147.35000610351562,149.25,149.25,4971600.0,0.010836479306848945,0.15518578579990128,-0.11028315946348732,-0.0960024561935986,-0.339455622855404
2016-03-18,151.35000610351562,152.10000610351562,146.1999969482422,149.35000610351562,149.35000610351562,3416000.0,0.0006700576449958362,0.1075268768536004,-0.1260970659017212,-0.12711863953319347,-0.3150653335782577
2016-03-25,150.14999389648438,158.10000610351562,149.75,156.4499969482422,156.4499969482422,1810800.0,0.04753927388396284,0.202536430503784,-0.11032134479343414,-0.07862194265948463,-0.2608079307351169
2016-04-01,155.9499969482422,161.6999969482422,148.6999969482422,161.35000610351562,161.35000610351562,4403800.0,0.031319969644323375,0.09278708278603909,-0.047239443233973,-0.08401923534363587,-0.2645851841744238
2016-04-08,163.25,164.1999969482422,155.10000610351562,159.10000610351562,159.10000610351562,3117500.0,-0.013944839881546045,0.06599669081082493,0.025789812008971458,-0.1267837059914365,-0.3154044308005364
2016-04-15,159.9499969482422,166.35000610351562,159.9499969482422,164.5500030517578,164.5500030517578,1744600.0,0.034255164922471826,0.10177433094784716,0.09481037731644504,-0.0990965860912354,-0.2592842332985458
2016-04-22,164.60000610351562,173.6999969482422,163.8000030517578,168.39999389648438,168.39999389648438,2144500.0,0.023397087653140858,0.07638221272829782,0.09671110745416933,-0.07978145411757176,-0.17853661513910057
2016-04-29,168.60000610351562,175.6999969482422,166.89999389648438,174.8000030517578,174.8000030517578,4071900.0,0.038004806337508024,0.08335913504467563,0.18629111510832352,-0.007100255486121809,-0.14648437281721272
2016-05-06,173.85000610351562,176.9499969482422,168.60000610351562,171.5500030517578,171.5500030517578,3470500.0,-0.018592677020936255,0.07825264909255769,0.3277864326922635,-0.00550722868546194,-0.1726549409112884
2016-05-13,173.10000610351562,177.60000610351562,170.75,171.9499969482422,171.9499969482422,3333400.0,0.002331646105326435,0.04497109546790323,0.275120423919353,0.03242265864628213,-0.14089431830223775
2016-05-20,172.5500030517578,183.9499969482422,170.25,175.85000610351562,175.85000610351562,4465500.0,0.022681065568424197,0.044239979079873315,0.3516525584449124,0.07323771469632256,-0.13053149021747523
2016-05-27,176.75,185.1999969482422,170.9499969482422,183.3500061035156,183.3500061035156,3667800.0,0.04264998430301459,0.048913060082877324,0.24178810486142033,0.07096968091037192,-0.08095235035831783
2016-06-03,184.3999938964844,186.4499969482422,179.6999969482422,182.0500030517578,182.0500030517578,2828800.0,-0.007090280929818116,0.06120664420409305,0.219765514584642,0.057508042441328344,-0.0010973769450874915
2016-06-10,182.8000030517578,189.5,182.6499938964844,186.25,186.25,2181800.0,0.023070567854086343,0.08316372960484664,0.24707058847328534,0.14898206654639123,0.06702948578449974
2016-06-17,184.3000030517578,192.5,181.75,191.9499969482422,191.9499969482422,6188800.0,0.030604010460360653,0.09155524757416944,0.22690956019477793,0.1442622768896702,0.10443034279509922
2016-06-24,191.5,197.1999969482422,178.39999389648438,184.9499969482422,184.9499969482422,5927400.0,-0.03646783074389681,0.00872642918715405,0.14626581934918415,0.08221184057073772,0.005983088431921191
2016-07-01,184.5,202.5,184.3999938964844,201.3999938964844,201.3999938964844,6081900.0,0.08894294252324708,0.10628942884019232,0.2658704347594245,0.14529421044164503,0.11086591564473625
2016-07-08,201.8500061035156,208.8000030517578,201.6999969482422,203.1499938964844,203.1499938964844,4282500.0,0.008689176032941948,0.09073822226300354,0.23457909528318455,0.199586575581866,0.13112464917955147
2016-07-15,206.1499938964844,211.1499938964844,201.8999938964844,204.6999969482422,204.6999969482422,6950500.0,0.007629845426171178,0.06642354885495494,0.21555822070914954,0.3197936098830514,0.1365907274349969
2016-07-22,205.1000061035156,208.3000030517578,198.8999938964844,205.8999938964844,205.8999938964844,6451300.0,0.005862222599571476,0.11327384316802669,0.17791756465540765,0.3699267446160994,0.20023311124257437
2016-07-29,206.75,209.9499969482422,204.25,207.3999938964844,207.3999938964844,6014500.0,0.00728509006539424,0.02979146068437255,0.20897691755744474,0.35070003109394365,0.1747379796741353
2016-08-05,208.9499969482422,212.3000030517578,200.8000030517578,211.8000030517578,211.8000030517578,3300400.0,0.021215088161813167,0.04257942119201363,0.23175345629991884,0.4373939211306519,0.15896034501645873
2016-08-12,212.8000030517578,216.0500030517578,207.0,209.0500030517578,209.0500030517578,2670000.0,-0.012983946932842994,0.021250640783426533,0.18879724649368912,0.6180341175666104,0.14048008494974806
2016-08-19,208.9499969482422,213.0500030517578,205.1499938964844,210.1499938964844,210.1499938964844,3061100.0,0.005261855195736409,0.02064108851861679,0.14616845869008643,0.5583981044477362,0.26216212550441087
2016-08-26,211.8500061035156,212.6499938964844,205.8000030517578,206.1499938964844,206.1499938964844,2110300.0,-0.019034023869495376,-0.006027001141687083,0.13238116144318246,0.5845502246361056,0.2597005901930134
2016-09-02,206.1000061035156,210.6000061035156,200.25,202.8000030517578,202.8000030517578,2598200.0,-0.016250259247685195,-0.04249291723475879,0.08885907678796134,0.3735185332546538,0.27909176378605816
2016-09-09,205.8000030517578,216.0,204.6000061035156,214.6499938964844,214.6499938964844,3768600.0,0.05843190663908571,0.02678780561098626,0.11825994951363872,0.43819091387929254,0.30012105367156416
2016-09-16,208.75,210.3000030517578,202.6499938964844,205.5500030517578,205.5500030517578,3055400.0,-0.0423945544070925,-0.02188908388449662,0.11138148928588776,0.3762972524372683,0.2013442181141707
2016-09-23,206.6499938964844,213.5,203.0500030517578,210.5500030517578,210.5500030517578,3107300.0,0.024324981395115852,0.02134372682777186,0.04543202300182947,0.34579742511221223,0.23998821712375795
2016-09-30,209.6000061035156,212.4499969482422,194.3999938964844,202.6999969482422,202.6999969482422,3510400.0,-0.03728333407616202,-0.00049312673575308,-0.002215097030578872,0.2562751117480473,0.15072383747773554
2016-10-07,204.8999938964844,215.75,204.4499969482422,211.25,211.25,2603200.0,0.042180578098089505,-0.015839711125843592,0.03199806130634175,0.32778121870437826,0.1594401950512112
2016-10-14,212.1000061035156,212.3999938964844,200.3000030517578,205.3999938964844,205.3999938964844,1148100.0,-0.02769233658468917,-0.0007297939822245025,-0.002428363355131413,0.24825275045347506,0.12455516430454083
2016-10-21,206.0,210.75,201.8000030517578,209.6499938964844,209.6499938964844,2497500.0,0.020691334597321642,-0.004274562537299853,0.010848602055036682,0.24495250293985427,0.1456283819480022
2016-10-28,210.25,212.75,205.6000061035156,210.4499969482422,210.4499969482422,2096700.0,0.003815898283082264,0.03823384369353944,-0.006373966402567599,0.2039473299432868,0.19539899630885516
2016-11-04,211.25,211.8500061035156,194.5,195.3999938964844,195.3999938964844,1661600.0,-0.07151343915419095,-0.07502961469119807,-0.06529542672091648,0.13902646703848132,0.13275358780570667
2016-11-11,198.25,200.4499969482422,164.5,168.35000610351562,168.35000610351562,3959400.0,-0.13843392342836436,-0.1803796927649418,-0.19890549134899616,-0.020936265825059475,0.010807583421048816
2016-11-18,167.1999969482422,168.0,156.39999389648438,162.3000030517578,162.3000030517578,2366400.0,-0.03593705276160053,-0.2258525744012464,-0.21270915422265457,-0.07705432232843645,-0.009459890106922386
2016-11-25,162.85000610351562,164.0,151.5,163.4499969482422,163.4499969482422,3081400.0,0.007085606129764832,-0.22333096071062963,-0.1940335577483836,-0.10853563399413402,-0.045268692395730614
2016-12-02,163.10000610351562,170.14999389648438,162.0500030517578,162.6999969482422,162.6999969482422,1984700.0,-0.004588559278086102,-0.16734901724493123,-0.24202188877440756,-0.10628951265666453,-0.05489397202026369
2016-12-09,162.5,170.0500030517578,161.3000030517578,169.64999389648438,169.64999389648438,1951000.0,0.042716638467136026,0.007721934932211516,-0.17465341095730247,-0.0891275495490772,0.04657611047927657
2016-12-16,169.64999389648438,170.4499969482422,165.35000610351562,167.6999969482422,167.6999969482422,1735100.0,-0.011494235298540767,0.0332716808068223,-0.20351463064563413,-0.12633498507707097,-0.000298080785441468
2016-12-23,167.60000610351562,168.64999389648438,164.1999969482422,164.64999389648438,164.64999389648438,1911800.0,-0.01818725764615936,0.007341676174042355,-0.18771585409285219,-0.10975941274245449,-0.03657109551323734
2016-12-30,164.0,166.4499969482422,154.9499969482422,165.35000610351562,165.35000610351562,2558900.0,0.004251516750564566,0.016287702550581207,-0.2172780776164941,-0.17899696566772372,-0.05970997802422073
2017-01-06,168.89999389648438,180.8000030517578,168.10000610351562,177.75,177.75,3111500.0,0.07499240059732126,0.04774539578503023,-0.13461535890025,-0.12503073915634488,0.04960137935483666
2017-01-13,177.8000030517578,180.6999969482422,177.64999389648438,178.8000030517578,178.8000030517578,1616700.0,0.0059071901646008396,0.06618966192910225,-0.14714997253927375,-0.12652659639771813,0.1528046164770911
2017-01-20,179.60000610351562,183.1999969482422,176.89999389648438,177.35000610351562,177.35000610351562,1937400.0,-0.0081096024803895,0.07713339008694864,-0.1572819735077836,-0.13865948829178787,0.17997340321039634
2017-01-27,176.60000610351562,183.5,176.4499969482422,181.3999938964844,181.3999938964844,1849100.0,0.02283612998921969,0.0970667505323275,-0.07164790397801479,-0.1253616237470908,0.18137408200076077
2017-02-03,181.3999938964844,191.3999938964844,178.75,190.3999938964844,190.3999938964844,4623400.0,0.049614114128007314,0.07116733556390664,0.13097705371873047,-0.1010387575397903,0.2921614252443634
2017-02-10,192.3999938964844,197.8500061035156,191.0500030517578,196.0500030517578,196.0500030517578,6332000.0,0.0296744187835698,0.0964765084204533,0.2079482400825159,-0.062186078977388926,0.5174149201435034
2017-02-17,196.8000030517578,197.5,184.3500061035156,189.25,189.25,3374400.0,-0.034685044355559635,0.06709892014065444,0.15784645783705709,-0.09945274567449813,0.40341113410647544
2017-02-24,190.1000061035156,196.3000030517578,189.5,194.5,194.5,1870600.0,0.02774108322324964,0.07221613309971264,0.19545177411327153,-0.05651222042885096,0.4950037730608847
2017-03-03,194.75,206.6499938964844,193.5500030517578,198.1999969482422,198.1999969482422,4029800.0,0.019023120556515005,0.04096640389599204,0.16828767508932674,-0.022682475514271272,0.3423637327557074
2017-03-10,198.25,202.5,197.5,198.25,198.25,2289800.0,0.00025228583515501946,0.011221611395034747,0.182170564148469,-0.07640342121040711,0.32830820770519265
2017-03-17,203.1499938964844,208.8500061035156,201.1999969482422,208.0,208.0,1788400.0,0.049180327868852514,0.0990752972258917,0.2632858044973254,0.011919226036816388,0.3927016504829175
2017-03-24,208.5,215.25,206.5,213.1999969482422,213.1999969482422,1887200.0,0.024999985328087337,0.09614394317862307,0.28938608453857917,0.012586054894679677,0.362735705381793
2017-03-31,213.3500061035156,217.5,210.8999938964844,214.9499969482422,214.9499969482422,2256200.0,0.008208255276968224,0.08451059665946459,0.2092826832531205,0.06043414003172343,0.3321970177697977
2017-04-07,214.9499969482422,230.6000061035156,213.8000030517578,224.6000061035156,224.6000061035156,3898500.0,0.04489420466285021,0.13291301943765754,0.25615213797563485,0.0631952951645709,0.41169074473437517
2017-04-14,225.5,229.6999969482422,221.3999938964844,228.0,228.0,2963400.0,0.015137995565847717,0.09615384615384626,0.28559341501753877,0.11002924427984806,0.3855970572561127
2017-04-21,228.3500061035156,257.04998779296875,227.9499969482422,252.5,252.5,8665100.0,0.10745614035087714,0.1843339756768314,0.3919515352579819,0.20438830122109608,0.4994062301166826
2017-04-28,253.3999938964844,264.04998779296875,249.3999938964844,251.0500030517578,251.0500030517578,4949900.0,-0.005742562171256238,0.16794606474085305,0.3185399742620121,0.19291996527565036,0.4362128070296576
2017-05-05,252.3999938964844,262.45001220703125,251.8500061035156,254.9499969482422,254.9499969482422,2401100.0,0.015534729532268976,0.1351290739980595,0.3004335270575569,0.30475949289591653,0.48615559552815646
2017-05-12,256.04998779296875,271.8999938964844,252.5,269.5,269.5,4334900.0,0.0570700263813364,0.1820175438596492,0.42404227212681644,0.6008315427935829,0.5673161080725162
2017-05-19,271.29998779296875,276.3999938964844,259.45001220703125,264.5,264.5,4309000.0,-0.01855287569573283,0.04752475247524757,0.35989717223650386,0.629698059313347,0.504122779752989
2017-05-26,266.3999938964844,268.75,246.3000030517578,256.1499938964844,256.1499938964844,3225100.0,-0.03156902118531424,0.020314641636053343,0.2923814220006029,0.5671459081005454,0.3970547334035397
2017-06-02,253.6999969482422,256.3999938964844,240.6999969482422,254.0,254.0,3330600.0,-0.008393495794316697,-0.0037262089021913303,0.28121059268600246,0.5611555302044782,0.39522106971778737
2017-06-09,254.3000030517578,260.5,250.0,259.6499938964844,259.6499938964844,2883500.0,0.022244070458599996,-0.036549187768147084,0.2483172783484826,0.5305039978658381,0.39409392696099
2017-06-16,258.5,275.6499938964844,257.8999938964844,270.95001220703125,270.95001220703125,3379300.0,0.04352019478595448,0.02438567942166814,0.27087249571025485,0.6156828690381877,0.41156559788896896
2017-06-23,271.5,275.25,258.75,263.45001220703125,263.45001220703125,4367500.0,-0.027680382587579655,0.02849899857306637,0.22563394253253888,0.6000608683451427,0.42443912708339804
2017-06-30,263.79998779296875,265.6499938964844,257.3999938964844,263.45001220703125,263.45001220703125,3385600.0,0.0,0.03720477246862708,0.17297419878791165,0.5932869820524902,0.3080934468272096
2017-07-07,264.6000061035156,280.20001220703125,263.8500061035156,279.45001220703125,279.45001220703125,5404200.0,0.0607325840145585,0.07625657144610076,0.2256579482764529,0.5721519674094586,0.37558464485815213
2017-07-14,282.0,285.54998779296875,274.1499938964844,276.29998779296875,276.29998779296875,3972200.0,-0.011272228579216503,0.01974524947372802,0.09425737739789608,0.5453019187756238,0.34978012658608115
2017-07-21,276.70001220703125,283.6000061035156,274.54998779296875,279.8999938964844,279.8999938964844,7346600.0,0.013029338626728837,0.062440618437041406,0.11491730927714316,0.5782350395472351,0.3593977765594458
2017-07-28,280.54998779296875,289.1499938964844,278.45001220703125,281.20001220703125,281.20001220703125,6535100.0,0.00464458141798918,0.06737521039115091,0.10296142605609893,0.5501654998262986,0.3558342356913533
2017-08-04,280.95001220703125,285.45001220703125,278.45001220703125,280.6000061035156,280.6000061035156,4196300.0,-0.0021337342726496233,0.004115204316514465,0.04118740669208032,0.47373957509720643,0.3248347594921661
2017-08-11,280.95001220703125,286.79998779296875,249.6000061035156,254.8999938964844,254.8999938964844,8605700.0,-0.09158949268714656,-0.07745202621043668,-0.03629491910591909,0.30017847451494295,0.2193254732140557
2017-08-18,259.3999938964844,276.8500061035156,258.45001220703125,271.29998779296875,271.29998779296875,3461100.0,0.06433893404934499,-0.03072528149713416,0.05914500978909576,0.4335534361583553,0.2909826108612954
2017-08-25,272.3999938964844,276.79998779296875,263.95001220703125,273.6499938964844,273.6499938964844,3039100.0,0.008662020675463289,-0.026849281588893548,0.07736218069482037,0.4069408426554466,0.3274314916249488
2017-09-01,276.45001220703125,289.45001220703125,270.95001220703125,287.6499938964844,287.6499938964844,3426800.0,0.05116024232507699,0.025124688665786987,0.10783747605695249,0.45131179780795394,0.4183924534906023
2017-09-08,286.79998779296875,292.25,277.6000061035156,285.1499938964844,285.1499938964844,3646900.0,-0.00869111786214627,0.11867399264153988,0.05240812345342505,0.43833540426978246,0.3284416585355172
2017-09-15,287.95001220703125,294.8500061035156,283.5,286.75,286.75,2479400.0,0.005611103411408358,0.056948075570210754,0.08844177913591644,0.37860576923076916,0.39503768300988984
2017-09-22,289.20001220703125,293.8500061035156,271.25,272.95001220703125,272.95001220703125,3862600.0,-0.048125502329446346,-0.002557945203967016,0.03605997175864406,0.28025335888393266,0.2963666979379438
2017-09-29,274.45001220703125,275.79998779296875,261.25,273.5,273.5,3283800.0,0.002014976253423173,-0.049191705881198367,-0.021291865976456492,0.2723889457223676,0.3492846774429701
2017-10-06,276.6000061035156,280.6499938964844,273.29998779296875,278.45001220703125,278.45001220703125,1473900.0,0.01809876492516005,-0.023496341689859368,0.007781485736704008,0.2397595932330332,0.31810656666050297
2017-10-13,279.04998779296875,286.6000061035156,275.45001220703125,282.54998779296875,282.54998779296875,2300700.0,0.01472427870783899,-0.014646947539777688,0.009467645424331206,0.23925433242530159,0.3756085500925852
2017-10-20,283.95001220703125,290.1000061035156,282.54998779296875,287.25,287.25,1247500.0,0.016634267952880144,0.05239050065373241,0.02151489164415299,0.13762376237623752,0.37014075059706864
2017-10-27,289.1499938964844,296.75,286.20001220703125,290.1499938964844,290.1499938964844,2265600.0,0.010095714174010118,0.06087749139482401,0.03403416815837734,0.15574582899592904,0.37871227419330156
2017-11-03,291.79998779296875,316.8999938964844,290.54998779296875,314.6499938964844,314.6499938964844,3688600.0,0.08443908500904795,0.13000531550538397,0.23440565488700882,0.23416355231556252,0.6102866106698763
2017-11-10,316.8500061035156,319.3500061035156,303.3999938964844,306.29998779296875,306.29998779296875,2438600.0,-0.026537442445534132,0.08405592293779263,0.12900848350464655,0.13654911982548712,0.819423680950923
2017-11-17,304.6000061035156,316.25,295.1499938964844,313.04998779296875,313.04998779296875,3228400.0,0.02203721929157365,0.08981718987978682,0.14397951681076404,0.1835538290849481,0.9288353783526206
2017-11-24,313.3999938964844,323.04998779296875,312.3999938964844,317.79998779296875,317.79998779296875,2970300.0,0.015173295592464164,0.09529551776020018,0.10481486019893449,0.24067927138580547,0.9443254434174311
2017-12-01,318.45001220703125,330.3999938964844,316.6000061035156,319.1499938964844,319.1499938964844,3373300.0,0.0042479740571768065,0.014301605235309323,0.11923549264511912,0.2564960389625368,0.9615857399063859
2017-12-08,321.70001220703125,324.3999938964844,314.3500061035156,323.3999938964844,323.3999938964844,3243300.0,0.01331662253259669,0.05582764213191438,0.12781166136524624,0.24552282495109723,0.9062776630208069
2017-12-15,326.29998779296875,327.1499938964844,308.6000061035156,317.25,317.25,6566500.0,-0.019016679074066123,0.013416426675630033,0.16230073570895254,0.17088018345461897,0.8917710541039183
2017-12-22,314.5,336.29998779296875,305.29998779296875,333.25,333.25,5488300.0,0.05043341213553987,0.048615521713286425,0.21846435100548445,0.26494585142822724,1.023990357445835
2017-12-29,334.04998779296875,348.6499938964844,332.79998779296875,346.8999938964844,346.8999938964844,5695900.0,0.04096022174488945,0.08694971183048383,0.24582502671452455,0.31675831399800525,1.097973880202407
2018-01-05,349.3500061035156,355.6000061035156,341.79998779296875,347.29998779296875,347.29998779296875,10367200.0,0.0011530524748402105,0.07390227070979605,0.229162989904087,0.24279825593877824,0.9538677231671941
2018-01-12,351.95001220703125,375.1499938964844,349.29998779296875,366.7999877929688,366.7999877929688,5052600.0,0.056147424950744096,0.15618593472961018,0.27693642399641005,0.3275425407105397,1.0514540354162634
2018-01-19,368.8999938964844,371.4500122070313,340.79998779296875,347.29998779296875,347.29998779296875,5023700.0,-0.05316248813783042,0.04216050350478251,0.1969670690976253,0.24080026926120968,0.9582744620276853
2018-01-26,348.6499938964844,360.1499938964844,347.29998779296875,349.75,349.75,2124100.0,0.0070544552062918875,0.008215641838166476,0.11155254023320604,0.24377661741529155,0.9280596018078382
2018-02-02,352.0,353.6000061035156,313.20001220703125,320.79998779296875,320.79998779296875,3593400.0,-0.08277344448043245,-0.07630291083049823,0.04733921181152878,0.14326436498587602,0.6848739394780625
2018-02-09,311.79998779296875,331.95001220703125,299.75,328.0,328.0,3261400.0,0.022443929180190114,-0.10577968670726479,0.04775599038489098,0.286779159881823,0.6730425651327685
2018-02-16,331.8999938964844,339.6499938964844,324.8999938964844,327.20001220703125,327.20001220703125,2412500.0,-0.002438987173685181,-0.05787496772939549,0.02957842912248987,0.20604506792945476,0.7289300512921071
2018-02-23,328.6499938964844,328.8500061035156,315.6499938964844,322.54998779296875,322.54998779296875,2335200.0,-0.01421156552744951,-0.07776987049901718,0.010653278901791685,0.17869539553135216,0.6583546930229756
2018-03-02,324.6000061035156,334.70001220703125,322.54998779296875,324.75,324.75,1388900.0,0.006820686065080128,0.01231300610142294,0.004174415983284607,0.12897621029280004,0.6384964934424544
2018-03-09,322.79998779296875,327.70001220703125,307.3999938964844,315.70001220703125,315.70001220703125,2313500.0,-0.02786755286518472,-0.037499962783441365,-0.004885698322990573,0.10713666128163135,0.5924338572864123
2018-03-16,319.3500061035156,324.79998779296875,313.6000061035156,314.79998779296875,314.79998779296875,2710100.0,-0.0028508849517315804,-0.0378973837146942,-0.05536387759049133,0.09782035847591541,0.5134614797738881
2018-03-23,315.20001220703125,316.8500061035156,290.8500061035156,292.95001220703125,292.95001220703125,1698400.0,-0.06940907380310113,-0.09176864581044875,-0.15552027281254988,0.0732734900368135,0.37406199062071144
2018-03-30,294.79998779296875,300.3500061035156,291.54998779296875,294.04998779296875,294.04998779296875,1452000.0,0.0037548234855855345,-0.09453429470987296,-0.15332566044241613,0.075137066884712,0.36799251904047736
2018-04-06,296.45001220703125,305.45001220703125,293.04998779296875,303.3999938964844,303.3999938964844,3326700.0,0.03179733545882235,-0.03896109545437931,-0.17284622684412132,0.08960309066498606,0.3508458844682789
2018-04-13,304.25,308.1499938964844,298.75,300.8999938964844,300.8999938964844,1712700.0,-0.008239947430101036,-0.04415500138337314,-0.1336020602573248,0.06494428206084768,0.31973681533545784
2018-04-20,298.45001220703125,314.70001220703125,297.95001220703125,310.20001220703125,310.20001220703125,1747400.0,0.03090733964503256,0.058883766107540536,-0.1130807370778234,0.07989560385389471,0.22851489982982676
2018-04-27,311.45001220703125,325.6499938964844,310.45001220703125,317.25,317.25,2318400.0,0.022727232480775905,0.07889819136250287,-0.011066047157270331,0.09339998853552967,0.26369247617413505
2018-05-04,319.8999938964844,323.8500061035156,308.04998779296875,310.1000061035156,310.1000061035156,1389000.0,-0.022537411809249397,0.022083099346789092,-0.05457315212342795,-0.014460473164558896,0.21631696338662643
2018-05-11,311.25,318.75,307.6000061035156,309.1499938964844,309.1499938964844,1282700.0,-0.003063567198751116,0.02741774731586788,-0.055165090578071174,0.00930462362748119,0.1471242816196081
2018-05-18,310.1000061035156,312.6499938964844,299.6000061035156,302.75,302.75,2415000.0,-0.0207019052978773,-0.02401680178548482,-0.06138579613178452,-0.03290205460662887,0.14461247637051033
2018-05-25,302.45001220703125,302.79998779296875,289.1000061035156,295.5,295.5,1493900.0,-0.023947151114781184,-0.0685579196217494,-0.09006928406466508,-0.07016988247178946,0.1536209527274781
2018-06-01,296.8999938964844,301.25,290.29998779296875,291.25,291.25,1155600.0,-0.014382402707275754,-0.06078686143986478,-0.07744697897254849,-0.08741969114852521,0.14665354330708658
2018-06-08,292.20001220703125,293.0,274.75,292.25,292.25,2495500.0,0.0034334763948498104,-0.0546660010678931,-0.07163274671979647,-0.09632032926523504,0.12555365634444193
2018-06-15,293.8999938964844,294.8500061035156,286.8500061035156,287.79998779296875,287.79998779296875,1738600.0,-0.015226731247326764,-0.04938071744684147,-0.01757987437946551,-0.09282903768961781,0.062188502774683574
2018-06-22,288.04998779296875,288.25,279.0,282.25,282.25,950100.0,-0.019284183559316825,-0.04483925549915402,-0.040129189875283244,-0.15303825956489125,0.0713607398818219
2018-06-29,282.20001220703125,284.45001220703125,263.1499938964844,271.54998779296875,271.54998779296875,1162100.0,-0.037909697810562415,-0.06763952689109443,-0.10497695037654609,-0.2172095918975433,0.030745777986801448
2018-07-06,272.04998779296875,272.6499938964844,263.5,267.29998779296875,267.29998779296875,878700.0,-0.0156508937251002,-0.08537215468616344,-0.11166502753428009,-0.23034841005433415,-0.04347834633501868
2018-07-13,268.5,276.79998779296875,266.1499938964844,266.8500061035156,266.8500061035156,917900.0,-0.001683433258521716,-0.07279354613636624,-0.13974856349967935,-0.2724917803047133,-0.034201889637917704
2018-07-20,267.70001220703125,268.25,251.3500061035156,257.1000061035156,257.1000061035156,1009900.0,-0.03653737971517157,-0.08910538138701285,-0.189598089508225,-0.2597177796136947,-0.08145762161538628
2018-07-27,257.0,269.6000061035156,256.8500061035156,267.8500061035156,267.8500061035156,1085700.0,0.04181252331698415,-0.013625416519164046,-0.13624636945636293,-0.23416724487915475,-0.04747512632996187
2018-08-03,267.8500061035156,275.0,266.8500061035156,270.3999938964844,270.3999938964844,1966100.0,0.009520208082367088,0.011597479405486055,-0.1253436867702965,-0.15710721887249723,-0.036350719833086464
2018-08-10,271.6499938964844,275.0,265.70001220703125,272.29998779296875,272.29998779296875,1327300.0,0.007026604805367542,0.0204233897875159,-0.10057807500258054,-0.16981711038729042,0.06826204124410662
2018-08-17,269.8500061035156,277.0,268.1499938964844,276.04998779296875,276.04998779296875,2459000.0,0.013771576085604309,0.07370665592992376,-0.06582068428775378,-0.15632647465091787,0.017508294189916285
2018-08-24,277.6499938964844,279.3999938964844,271.6499938964844,273.45001220703125,273.45001220703125,1625700.0,-0.009418495565692298,0.02090724650329623,-0.061115837915772575,-0.1522243913940332,-0.000730793692357179
2018-08-31,274.70001220703125,278.6000061035156,270.1000061035156,275.8500061035156,275.8500061035156,2128500.0,0.008776718922460125,0.020155371043083736,-0.05611631786649918,-0.15057734841103732,-0.04102203387223147
2018-09-07,272.5,276.8999938964844,261.1499938964844,268.1499938964844,268.1499938964844,1902400.0,-0.027913764860101997,-0.015240521786727523,-0.0682765626474583,-0.1506177271838821,-0.05961774632255956
2018-09-14,267.75,268.1499938964844,252.6000061035156,266.1499938964844,266.1499938964844,1344900.0,-0.007458512196618083,-0.03586304776042648,-0.05704165138535211,-0.15454255331318345,-0.07183960280214685
2018-09-21,266.20001220703125,271.29998779296875,238.75,248.6999969482422,248.6999969482422,1198500.0,-0.06556452131661195,-0.0905101998680864,-0.08414653607772404,-0.1510497129712255,-0.08884416257287264
2018-09-28,248.8999938964844,249.0500030517578,218.0,219.6000061035156,219.6000061035156,2439000.0,-0.117008408531596,-0.2039151667768737,-0.17845111809880854,-0.2531881815341921,-0.19707493197983328
2018-10-05,217.5,219.0,206.5,208.8000030517578,208.8000030517578,1531400.0,-0.049180340398837896,-0.22133131529228312,-0.21753794912501978,-0.3117995805794337,-0.2501346960024111
2018-10-12,209.1499938964844,210.6499938964844,198.25,209.5500030517578,209.5500030517578,1385000.0,0.003591953970489614,-0.21266200316630635,-0.18494749872784078,-0.30358920803485556,-0.2583613091312529
2018-10-19,211.1000061035156,215.6000061035156,201.5500030517578,204.3000030517578,204.3000030517578,1226200.0,-0.02505368610614278,-0.17852832505552707,-0.2372596662446882,-0.3413926659828578,-0.2887728353289545
2018-10-26,204.5,211.3999938964844,200.6999969482422,205.3999938964844,205.3999938964844,1344600.0,0.005384193971098128,-0.06466307746975908,-0.24038462081061862,-0.3525610909488277,-0.2920903042659925
2018-11-02,206.0500030517578,225.3000030517578,204.5,221.3000030517578,221.3000030517578,1323500.0,0.07740997871346855,0.05986589950815979,-0.18729337872753238,-0.28635924316014094,-0.29667882617355923
2018-11-09,222.6499938964844,228.6999969482422,220.3000030517578,226.0500030517578,226.0500030517578,392200.0,0.021464075619054945,0.07874015633359166,-0.18112656023266982,-0.2688015283369267,-0.26199800176111243
2018-11-16,226.5,227.8000030517578,216.75,222.3500061035156,222.3500061035156,631900.0,-0.0163680464423398,0.08835047862033041,-0.1868714712831222,-0.265565628064358,-0.28973002787476976
2018-11-23,223.5,230.25,222.3999938964844,226.5500030517578,226.5500030517578,513800.0,0.01888912450169622,0.10296986262780705,-0.1787203261226591,-0.2333333230058957,-0.2871302336256094
2018-11-30,228.1000061035156,233.1999969482422,223.1999969482422,232.0,232.0,539900.0,0.024056485874321965,0.04835064076225826,-0.13481258519229944,-0.20343347639484977,-0.2730690758676665
2018-12-07,234.0,239.0,226.3999938964844,230.4499969482422,230.4499969482422,638700.0,-0.00668104763688715,0.019464692931133953,-0.13413487795204404,-0.21146279915058275,-0.2874149619742854
2018-12-14,226.9499969482422,238.8500061035156,220.0,237.1999969482422,237.1999969482422,595500.0,0.029290518938544396,0.0667865546979709,-0.04624045090918638,-0.17581651490939632,-0.2523246747100325
2018-12-21,238.6000061035156,245.3000030517578,235.0500030517578,238.5,238.5,843100.0,0.005480620018901039,0.05274772362511104,0.0860655435846176,-0.15500442869796283,-0.2843210802700675
2018-12-28,237.8000030517578,237.9499969482422,228.9499969482422,233.1999969482422,233.1999969482422,508400.0,-0.022222235017852476,0.005172400638974839,0.11685820660853175,-0.1412262661339717,-0.32776015839934114
2019-01-04,234.4499969482422,238.4499969482422,231.9499969482422,235.8999938964844,235.8999938964844,546700.0,0.011578031661987787,0.02364936871518486,0.12574559990924117,-0.11747098889059626,-0.3207601434264712
2019-01-11,237.75,242.9499969482422,236.1000061035156,236.6499938964844,236.6499938964844,673800.0,0.0031793133505935156,-0.002318731276703123,0.15834552306164662,-0.11317223727293502,-0.3548255131620788
2019-01-18,236.6999969482422,242.8999938964844,232.9499969482422,238.3000030517578,238.3000030517578,495800.0,0.006972360861311255,-0.0008385616278497876,0.16017531710275534,-0.07312330846148796,-0.3138496647635577
2019-01-25,238.1499938964844,242.1499938964844,225.3999938964844,230.0500030517578,230.0500030517578,763600.0,-0.03462022616176019,-0.013507692700285512,0.039539086666680046,-0.14112377147809096,-0.3422444516032658
2019-02-01,231.3999938964844,241.3999938964844,224.6499938964844,231.3999938964844,231.3999938964844,800800.0,0.005868249627551059,-0.01907588010356054,0.023667289416057224,-0.14423077248637106,-0.27867829581770265
2019-02-08,231.75,231.75,220.6499938964844,226.6499938964844,226.6499938964844,661200.0,-0.020527226124841147,-0.04225649802625475,0.019338824712993086,-0.1676459638007487,-0.3089939210473036
2019-02-15,226.6499938964844,226.9499969482422,220.6000061035156,222.5500030517578,222.5500030517578,754100.0,-0.018089525502476445,-0.06609315903608759,-0.01765614630817791,-0.1938054233182387,-0.3198349793735875
2019-02-22,223.3500061035156,233.6999969482422,223.3000030517578,233.1499938964844,233.1499938964844,1137000.0,0.04762970433328362,0.013475291474041473,0.0049568702434672485,-0.14737618033103383,-0.27716632236819816
2019-03-01,238.8000030517578,239.6499938964844,223.1499938964844,230.3500061035156,230.3500061035156,528600.0,-0.01200938394281903,-0.004537544600967114,-0.0004338938860956043,-0.16494471268173794,-0.2906851236227387
2019-03-08,230.6999969482422,239.3000030517578,230.5,236.5,236.5,497300.0,0.02669847507501566,0.04345910597294922,-0.0029510832936263665,-0.11803093274990872,-0.25087110910560595
2019-03-15,237.3500061035156,254.0,237.3000030517578,251.6000061035156,251.6000061035156,1122000.0,0.06384780593452688,0.1305324765374265,0.05492665032920585,-0.05466837545233161,-0.20076233843762803
2019-03-22,252.1999969482422,271.6000061035156,252.1499938964844,266.95001220703125,266.95001220703125,880400.0,0.06100956172950256,0.144971131011711,0.1447256247875499,0.07338164649269019,-0.08875234311861191
2019-03-29,264.3500061035156,269.1000061035156,260.45001220703125,266.6499938964844,266.6499938964844,820900.0,-0.0011238744964514602,0.15758622457624827,0.13035184737433014,0.21425312607136382,-0.09318141484085296
2019-04-05,269.6499938964844,279.54998779296875,266.5,276.0,276.0,1345200.0,0.035064715235453514,0.16701902748414366,0.16627934552463208,0.32183906114016914,-0.09030980371684794
2019-04-12,277.5,281.45001220703125,268.04998779296875,275.70001220703125,275.70001220703125,3396400.0,-0.0010869122933649944,0.09578698536915065,0.15694506368575367,0.31567648862756026,-0.08374869458496037
2019-04-19,277.1499938964844,282.8999938964844,268.45001220703125,270.3999938964844,270.3999938964844,806900.0,-0.01922385954254846,0.012923699313328818,0.1753966107779117,0.32354375847943895,-0.12830437377282844
2019-04-26,269.3999938964844,269.6499938964844,262.1499938964844,264.3999938964844,264.3999938964844,2093700.0,-0.02218934961328789,-0.008438027569854234,0.1426102025515279,0.2872444097039957,-0.16658788369902477
2019-05-03,263.70001220703125,263.70001220703125,255.8999938964844,262.6499938964844,262.6499938964844,752000.0,-0.006618759608160718,-0.04836958733157837,0.15883521274852486,0.18685038533440768,-0.1530151927542749
2019-05-10,259.8500061035156,261.75,248.6999969482422,251.1999969482422,251.1999969482422,715400.0,-0.0435941260777446,-0.0888647594269647,0.12873508651366472,0.11125854260982204,-0.18744945202116403
2019-05-17,250.1999969482422,255.6499938964844,242.1499938964844,252.5500030517578,252.5500030517578,767500.0,0.005374228184380936,-0.06601328124127093,0.08320827648782503,0.13582188495278258,-0.16581336729394613
2019-05-24,260.1499938964844,280.95001220703125,259.04998779296875,280.1000061035156,280.1000061035156,1494000.0,0.10908732020926437,0.05937977522487392,0.21597568344601292,0.23637167217130317,-0.05211503856678301
2019-05-31,280.3500061035156,288.1000061035156,279.20001220703125,283.95001220703125,283.95001220703125,940100.0,0.013745112529889747,0.08109658787558027,0.2006343010868128,0.22392246640961755,-0.025064335769849788
2019-06-07,284.29998779296875,291.8999938964844,277.45001220703125,279.3500061035156,279.3500061035156,1188500.0,-0.01620005601606278,0.11206213971839141,0.11029411497145536,0.212193576927042,-0.04414026996230758
2019-06-14,281.1499938964844,282.95001220703125,269.3500061035156,270.70001220703125,270.70001220703125,944800.0,-0.030964717048472368,0.07186699242111572,0.014047573809780278,0.1412310948136264,-0.05941617898274032
2019-06-21,270.8999938964844,276.3500061035156,263.75,274.1499938964844,274.1499938964844,1146700.0,0.012744667653781239,-0.021242456541869292,0.028126758566180854,0.14947586539406443,-0.02869798442343885
2019-06-28,274.70001220703125,286.70001220703125,270.3500061035156,284.79998779296875,284.79998779296875,948700.0,0.038847324944700556,0.0029933986596126783,0.03188401374264038,0.22126926037730166,0.04879396279001824
2019-07-05,285.3500061035156,295.5,281.0,282.1000061035156,282.1000061035156,855400.0,-0.009480273192342348,0.009844281152372458,0.023213614846264274,0.19584575414319128,0.05536857084336977
2019-07-12,280.3999938964844,282.54998779296875,269.04998779296875,280.54998779296875,280.54998779296875,642700.0,-0.005494570283625211,0.036387052610859394,0.03753696052363842,0.18550600054393884,0.05133963416189191
2019-07-19,281.1499938964844,287.1499938964844,275.95001220703125,277.54998779296875,277.54998779296875,454700.0,-0.010693281520346543,0.012401947737296526,0.0497352276854921,0.1647082846771344,0.07954096150903789
2019-07-26,275.6000061035156,278.20001220703125,270.0,274.3999938964844,274.3999938964844,617900.0,-0.011349284939742188,-0.03651683406687678,0.04473634217798961,0.1927841349984616,0.02445393930824613
2019-08-02,272.6000061035156,273.8999938964844,256.95001220703125,262.6000061035156,262.6000061035156,1039300.0,-0.043002871922148134,-0.06912442246755768,0.04538220260258341,0.13483151698348084,-0.028846109352926863
2019-08-09,258.3500061035156,267.70001220703125,253.8000030517578,265.6499938964844,265.6499938964844,971400.0,0.011614576245540853,-0.05310994312885087,0.05187087977204197,0.1720714804775687,-0.02442157251046373
2019-08-16,265.3999938964844,267.0,261.29998779296875,265.1000061035156,265.1000061035156,338900.0,-0.0020703474707515213,-0.04485671856249496,-0.05355230158208746,0.19119300143016438,-0.03966666246573203
2019-08-23,266.3999938964844,269.3500061035156,235.9499969482422,244.5500030517578,244.5500030517578,1698300.0,-0.07751792749387376,-0.10878276788878971,-0.13875684966178636,0.04889560134552218,-0.10568662594680378
2019-08-30,249.5500030517578,267.95001220703125,242.5500030517578,267.20001220703125,267.20001220703125,1129100.0,0.0926191325807495,0.01751715916450647,-0.0434938021514919,0.15997397493862375,-0.03135759907592095
2019-09-06,263.79998779296875,266.95001220703125,251.5500030517578,254.3000030517578,254.3000030517578,837900.0,-0.0482784751719183,-0.04272535706945768,-0.06058370305033722,0.07526428351694636,-0.05165016281922108
2019-09-13,255.25,271.20001220703125,253.75,268.1000061035156,268.1000061035156,791000.0,0.05426662558454276,0.011316484084985534,-0.022068166797965194,0.0655802845776221,0.0073267415057303165
2019-09-20,265.8500061035156,269.1000061035156,251.9499969482422,265.29998779296875,265.29998779296875,1124300.0,-0.010443932289452285,0.08484966052860488,-0.06846910405830231,-0.006181023931861929,0.06674704884769755
2019-09-27,269.6499938964844,276.3500061035156,259.75,261.70001220703125,261.70001220703125,847900.0,-0.013569452512552704,-0.02058383139495701,-0.0723147587915991,-0.01856359198483515,0.19171222647266428
2019-10-04,261.5,261.6499938964844,241.0,248.1499938964844,248.1499938964844,721300.0,-0.05177691126673467,-0.024184070316435213,-0.11548741866420553,-0.10090581921563624,0.18845780780459287
2019-10-11,248.1000061035156,251.4499969482422,243.1000061035156,247.3000030517578,247.3000030517578,629200.0,-0.003425310762172229,-0.07758300103777971,-0.10898932110123216,-0.10301054732615333,0.18014793342988367
2019-10-18,249.6000061035156,263.5,248.3000030517578,262.79998779296875,262.79998779296875,805600.0,0.06267684815987207,-0.009423294817302863,-0.042274075661574706,-0.028106532082338376,0.286343533369358
2019-10-25,262.25,267.70001220703125,260.25,264.8999938964844,264.8999938964844,634700.0,0.007990891176030024,0.012227671150896402,0.008758521475670245,0.00189107417376011,0.2896786843625041
2019-11-01,264.75,273.3500061035156,264.3500061035156,271.1499938964844,271.1499938964844,460100.0,0.023593809528143384,0.09268587775824977,0.020703934223101017,0.03236246029897116,0.22525978381061118
2019-11-08,272.70001220703125,284.95001220703125,266.6000061035156,281.04998779296875,281.04998779296875,1285200.0,0.03651113449873011,0.13647385493217068,0.060165904648168844,0.11882958283186973,0.24330893164649847
2019-11-15,279.54998779296875,286.1499938964844,276.04998779296875,276.95001220703125,276.95001220703125,829800.0,-0.014588065340738199,0.053843322189229825,0.13248827949683628,0.09661456685974734,0.24555882439731747
2019-11-22,277.5,279.29998779296875,272.25,275.8500061035156,275.8500061035156,679400.0,-0.003971857934757295,0.04133640037496655,0.03237273016957132,-0.01517315211492476,0.217612016718864
2019-11-29,278.25,284.0,274.45001220703125,282.04998779296875,282.04998779296875,1510500.0,0.022475916448327027,0.040199130156151286,0.10912302166021992,-0.0066914045866537375,0.2157327060041756
2019-12-06,281.70001220703125,287.70001220703125,277.95001220703125,283.3999938964844,283.3999938964844,628500.0,0.004786407239650625,0.008361523592190112,0.0570682112818055,0.014497897635513235,0.22976783531975697
2019-12-13,283.5,288.54998779296875,277.04998779296875,287.6499938964844,287.6499938964844,685200.0,0.014996471741465012,0.03863506487753621,0.08424427867277862,0.06261537098302683,0.21268970319274727
2019-12-20,287.1499938964844,292.70001220703125,287.04998779296875,291.95001220703125,291.95001220703125,456200.0,0.014948786378540024,0.05836507430590343,0.11559036526169209,0.0649280273822217,0.2241090658575733
2019-12-27,291.70001220703125,296.8999938964844,288.45001220703125,296.1000061035156,296.1000061035156,327200.0,0.01421474130147149,0.04981392986572275,0.19322995521423847,0.039677032285413194,0.26972560025047443
2020-01-03,296.8999938964844,302.3999938964844,293.95001220703125,299.6499938964844,299.6499938964844,554400.0,0.011989151367081341,0.05733945077618996,0.2116861714464684,0.06221193694880256,0.27024163480044083
2020-01-10,299.1000061035156,311.75,291.3500061035156,310.6499938964844,310.6499938964844,821700.0,0.03670949515787414,0.07995828433174568,0.1820776572532088,0.10728927967634716,0.31269808539428534
2020-01-17,312.0,325.04998779296875,311.8500061035156,324.1499938964844,324.1499938964844,715000.0,0.043457267874592365,0.11029279103649792,0.22366931432679937,0.16789770546945837,0.36026013321569406
2020-01-24,324.95001220703125,330.25,318.8500061035156,328.6499938964844,328.6499938964844,368800.0,0.013882462084626956,0.10992903452217218,0.21205975030171498,0.19770408603021128,0.42860243223966843
2020-01-31,328.79998779296875,332.3999938964844,323.54998779296875,331.04998779296875,331.04998779296875,614600.0,0.007302583115946559,0.10478890217275172,0.177904295220364,0.2606625289356257,0.43063957011624754
2020-02-07,303.5,329.95001220703125,298.70001220703125,320.29998779296875,320.29998779296875,1061600.0,-0.032472437385265285,0.031063879240570635,0.15652635376499524,0.20572179616830621,0.41319213067906
2020-02-14,320.5,321.0,309.04998779296875,310.29998779296875,310.29998779296875,532700.0,-0.0312207317549561,-0.04272715213420164,0.12488664465182353,0.17050162447677786,0.39429334323937604
2020-02-21,311.95001220703125,312.5,300.3500061035156,306.25,306.25,457400.0,-0.013051846446319848,-0.06815759717780412,0.08580043699485862,0.252300127492469,0.3135320952912872
2020-02-28,304.1499938964844,305.79998779296875,275.79998779296875,280.54998779296875,280.54998779296875,635500.0,-0.08391840720663268,-0.15254493841450179,-0.010056479057499956,0.04996248119776925,0.21792915285139647
2020-03-06,284.8999938964844,289.1000061035156,265.1000061035156,269.75,269.75,730300.0,-0.03849576996217363,-0.15782076091005837,-0.06222838267441777,0.06075500103355336,0.14059196617336145
2020-03-13,263.04998779296875,264.04998779296875,203.3999938964844,235.8500061035156,235.8500061035156,566700.0,-0.1256718958164389,-0.23992905129962805,-0.1921562040002016,-0.12029093347930786,-0.06259936255136656
2020-03-20,223.75,225.0,181.9499969482422,196.3999938964844,196.3999938964844,889600.0,-0.16726737835960204,-0.3586938974808672,-0.33671060503854366,-0.2597059821587764,-0.2642817571996673
2020-03-27,178.5500030517578,199.4499969482422,165.35000610351562,185.0500030517578,185.0500030517578,835800.0,-0.057790179213084825,-0.34040274067552245,-0.38244616445517343,-0.292892646465127,-0.30601909886562506
2020-04-03,181.25,182.1999969482422,168.8000030517578,172.0500030517578,172.0500030517578,458000.0,-0.07025128227835775,-0.3621871990666995,-0.4461612540411355,-0.3066693238625331,-0.37663042372551514
2020-04-10,178.0500030517578,188.5500030517578,177.10000610351562,185.75,185.75,391200.0,0.0796279959618531,-0.21242317068894412,-0.42696281506234335,-0.24888799956414043,-0.3262604578322802
2020-04-17,186.6000061035156,192.5,173.89999389648438,187.8000030517578,187.8000030517578,850300.0,0.01103635559492755,-0.04378814211806614,-0.42857140867341803,-0.2853880830477633,-0.30547334581800256
2020-04-24,189.8999938964844,192.1499938964844,177.0,177.6999969482422,177.6999969482422,900300.0,-0.05378064930452664,-0.03971902719428677,-0.463223067510361,-0.32918081901624185,-0.32791225018782044
2020-05-01,180.3999938964844,191.75,178.4499969482422,187.3000030517578,187.3000030517578,597700.0,0.05402367061554747,0.08863702254868522,-0.41523568470186045,-0.30923840211015297,-0.28688365732238896
2020-05-08,181.4499969482422,182.1999969482422,168.60000610351562,169.5500030517578,169.5500030517578,550600.0,-0.0947677507249961,-0.08721398087882737,-0.4535932654793364,-0.3967265240493294,-0.3250397885685792
2020-05-15,173.14999389648438,180.6999969482422,167.3000030517578,172.5,172.5,627100.0,0.017398979033587336,-0.08146966348845652,-0.43673469387755104,-0.3771439162420064,-0.31696694549376936
2020-05-22,172.1999969482422,172.60000610351562,160.85000610351562,163.5500030517578,163.5500030517578,601800.0,-0.05188404027966487,-0.07962855452724504,-0.41703792490467273,-0.40710531291275753,-0.416101394188063
2020-05-29,164.6999969482422,182.1499938964844,163.89999389648438,180.10000610351562,180.10000610351562,586300.0,0.10119231270524853,-0.03844098681756325,-0.332344741043501,-0.3614606846368197,-0.36573340954039957
2020-06-05,182.8999938964844,205.1999969482422,182.8000030517578,202.0,202.0,1048300.0,0.12159907359412836,0.19138894936107032,-0.14352344807088402,-0.28722651958213097,-0.27689280262572424
2020-06-12,207.1999969482422,208.8000030517578,193.0500030517578,204.6499938964844,204.6499938964844,801400.0,0.0131187816657643,0.18637677621150384,0.042006111285055825,-0.2885451130232559,-0.24399710133751984
2020-06-19,204.1999969482422,213.6999969482422,194.0,212.9499969482422,212.9499969482422,774600.0,0.040557064741258086,0.3020482603161494,0.15077002667587558,-0.27059432079340895,-0.22323544888113533
2020-06-26,217.1000061035156,223.6499938964844,210.4499969482422,211.1999969482422,211.1999969482422,1010500.0,-0.00821789164160136,0.17268178673381773,0.22755009126449632,-0.2867274819494352,-0.258426945222445
2020-07-03,210.8999938964844,212.25,199.1000061035156,203.1000061035156,203.1000061035156,553300.0,-0.03835222993261511,0.005445574769879169,0.09340514725984161,-0.32220920994352653,-0.28004253204805407
2020-07-10,205.8999938964844,210.4499969482422,202.6000061035156,206.1000061035156,206.1000061035156,1021900.0,0.014771048300564527,0.007085327389575458,0.09744410412343973,-0.33655235746699297,-0.2653715377966559
2020-07-17,207.75,208.4499969482422,192.3999938964844,196.3999938964844,196.3999938964844,932600.0,-0.04706458961558335,-0.07771778957001008,0.10523352430720001,-0.3941076736246871,-0.29237974226471986
2020-07-24,197.1499938964844,203.8000030517578,196.75,198.3999938964844,198.3999938964844,796900.0,0.010183299705468052,-0.060606075931405545,0.05926316424917122,-0.3963182790778481,-0.276967936189789
2020-07-31,198.9499969482422,201.6499938964844,194.25,201.0,201.0,675900.0,0.013104869876519043,-0.010339763862169837,0.18549098426522348,-0.3928409381917848,-0.2345773216746736
2020-08-07,200.4499969482422,206.75,197.6999969482422,203.9499969482422,203.9499969482422,830800.0,0.014676601732548145,-0.010431873321699703,0.18231882288836054,-0.3632531853854809,-0.23226048697853452
2020-08-14,204.6000061035156,211.8500061035156,204.6000061035156,207.1000061035156,207.1000061035156,900500.0,0.01544500712139163,0.05448071557818279,0.26627943894305983,-0.33258132693936127,-0.21878535897638696
2020-08-21,210.1000061035156,225.5,207.5500030517578,224.0500030517578,224.0500030517578,1555400.0,0.0818445024080301,0.12928432431634218,0.24403106862184765,-0.2684081533003827,-0.08382743710561835
2020-08-28,225.75,236.5,216.1999969482422,233.1000061035156,233.1000061035156,2238500.0,0.04039278254179335,0.15970152290306272,0.15396042625502782,-0.16913200411353702,-0.12761977749123143
2020-09-04,237.6000061035156,237.6000061035156,217.1999969482422,220.0500030517578,220.0500030517578,1037700.0,-0.05598456761070403,0.07894094799913831,0.07525047453977929,-0.184244659678377,-0.13468344313401004
2020-09-11,221.1000061035156,222.0,208.8500061035156,214.9499969482422,214.9499969482422,797700.0,-0.02317657819943797,0.03790434868844428,0.009391876161830126,-0.08861568206235404,-0.19824695242547585
2020-09-18,216.9499969482422,230.0500030517578,216.8500061035156,226.75,226.75,960100.0,0.05489650253216394,0.012050867714643365,0.07362690945288497,0.15453160410744227,-0.14530716007062872
2020-09-25,227.1999969482422,228.0,203.3000030517578,209.3999938964844,209.3999938964844,943800.0,-0.0765160136869486,-0.10167315137909705,0.031019141327636612,0.13158600617756266,-0.1998472138746873
2020-10-02,211.3500061035156,218.75,210.8500061035156,215.6999969482422,215.6999969482422,507400.0,0.030085975336141324,-0.01976826195495418,0.046579284621199424,0.2537052782460756,-0.13076767175653736
2020-10-09,216.9499969482422,222.6499938964844,215.1000061035156,215.4499969482422,215.4499969482422,723400.0,-0.0011590171698517837,0.0023261223870609804,0.09699594523306532,0.15989231196900233,-0.12879096526678846
2020-10-16,216.75,218.3000030517578,208.1000061035156,215.1000061035156,215.1000061035156,747400.0,-0.0016244643754191879,-0.051378142873139576,0.08417345121363495,0.1453674260283897,-0.18150678807120313
2020-10-23,218.6000061035156,239.3000030517578,215.9499969482422,235.1000061035156,235.1000061035156,1225100.0,0.09298000665967021,0.12273167600824197,0.16965177165928158,0.3230163767081664,-0.11249523774852854
2020-10-30,235.6999969482422,235.8999938964844,221.3000030517578,228.1999969482422,228.1999969482422,825400.0,-0.029349251280900823,0.057950858492591406,0.11890169337023382,0.21836622119638838,-0.15839940223136795
2020-11-06,229.9499969482422,237.6999969482422,223.1999969482422,226.9499969482422,226.9499969482422,1126100.0,-0.005477651256426186,0.053376654271954704,0.09584736967513607,0.3385431605032889,-0.19249241485318447
2020-11-13,228.8500061035156,242.6499938964844,227.3999938964844,241.8000030517578,241.8000030517578,1441600.0,0.06543294251245269,0.12412829470303688,0.0792233865575962,0.4017391481261323,-0.12691824374789118
2020-11-20,244.8999938964844,261.6499938964844,243.25,251.3000030517578,251.3000030517578,1296300.0,0.03928866782506413,0.06890683338012882,0.07807806294161956,0.5365331602728873,-0.08899765274083471
2020-11-27,253.1000061035156,262.75,251.3999938964844,261.20001220703125,261.20001220703125,1231600.0,0.039395181197966034,0.14461006003551247,0.18700299288609679,0.4503054045256498,-0.0739229799266713
2020-12-04,264.04998779296875,284.79998779296875,262.75,283.3999938964844,283.3999938964844,1223800.0,0.08499226895846035,0.24873319104347047,0.31844614059112675,0.40297026681427917,0.0
2020-12-11,283.8500061035156,293.25,281.3999938964844,292.5,292.5,1113000.0,0.032110113971419274,0.20967740408750024,0.28996692392502754,0.4292695271124791,0.01686078987111328
2020-12-18,293.3500061035156,308.25,285.1499938964844,303.79998779296875,303.79998779296875,1931400.0,0.0386324368990385,0.20891358576863217,0.4508118273544477,0.4266259316585377,0.04058905665513146
2020-12-25,301.8999938964844,306.25,281.0,299.25,299.25,1137100.0,-0.01497691894599229,0.14567375962758278,0.3873435523126403,0.41690342956461235,0.010638277040031952
2021-01-01,302.79998779296875,315.95001220703125,302.0,313.8500061035156,313.8500061035156,1253100.0,0.04878865865836457,0.10744535237412012,0.45671854513375654,0.5452978664291777,0.04738866175961509
2021-01-08,317.70001220703125,332.70001220703125,311.3999938964844,327.5,327.5,1934900.0,0.0434920937741905,0.11965811965811968,0.5225476090521011,0.5890344022382521,0.054241128068814426
2021-01-15,329.8500061035156,346.5,325.75,331.25,331.25,2163400.0,0.011450381679389388,0.09035554084925668,0.4089748677171412,0.6866090137181489,0.021903459007261317
2021-01-22,330.20001220703125,341.8500061035156,316.8999938964844,329.75,329.75,1467600.0,-0.00452830188679243,0.10192147034252308,0.4450044014452388,0.6620464220984186,0.003347044344878647
2021-01-29,326.70001220703125,329.20001220703125,301.04998779296875,305.6499938964844,305.6499938964844,993900.0,-0.07308568947237493,-0.026127169181340282,0.34677240804806164,0.5206467358034048,-0.07672555454787988
2021-02-05,308.1000061035156,346.8500061035156,304.70001220703125,341.29998779296875,341.29998779296875,2105400.0,0.11663665829667269,0.042137367306774864,0.4114970367469877,0.6734493400339832,0.06556353668540793
2021-02-12,346.95001220703125,354.5,344.1000061035156,350.6000061035156,350.6000061035156,1412200.0,0.027248809385215234,0.05841511276533029,0.3951452520727028,0.6929019592991894,0.12987437929722034
2021-02-19,357.8999938964844,362.7000122070313,343.20001220703125,348.04998779296875,348.04998779296875,775700.0,-0.007273297963930947,0.055496551305439734,0.33250371947570523,0.5534478154528999,0.13648975605867353
2021-02-26,347.95001220703125,357.1499938964844,335.45001220703125,349.79998779296875,349.79998779296875,1417000.0,0.005028013392837538,0.14444624497992575,0.2342977957887249,0.5006434089822749,0.24683658176133272
2021-03-05,353.29998779296875,365.6000061035156,351.04998779296875,357.70001220703125,357.70001220703125,1877200.0,0.022584404487567378,0.04805164078707991,0.222906024639423,0.6255396830096698,0.32604267731985637
2021-03-12,360.1499938964844,362.1499938964844,347.45001220703125,349.3500061035156,349.3500061035156,967700.0,-0.023343600275536946,-0.0035653165380462593,0.14993423351151658,0.6252617402345702,0.48123806259383506
2021-03-19,351.6000061035156,351.6000061035156,317.0,329.04998779296875,329.04998779296875,828000.0,-0.05810796609670532,-0.05458985969366503,0.09958224826388884,0.4511576087892779,0.6754073218882051
2021-03-26,328.8500061035156,342.79998779296875,319.79998779296875,328.6000061035156,328.6000061035156,1280900.0,-0.001367517721156175,-0.06060601037527902,0.046996972162349104,0.5692455381157127,0.7757362911883194
2021-04-02,331.95001220703125,336.5,323.1000061035156,335.79998779296875,335.79998779296875,811800.0,0.021911082032010087,-0.061224555959442095,0.025343474177003777,0.5567918059523427,0.9517581042526924
2021-04-09,334.1499938964844,336.95001220703125,319.6000061035156,332.04998779296875,332.04998779296875,1022500.0,-0.011167361930674025,-0.04952058969027384,0.0024150574882075837,0.5411928173419167,0.7876177000967362
2021-04-16,322.75,324.25,305.70001220703125,313.04998779296875,313.04998779296875,971800.0,-0.05722030025143798,-0.04862483085720959,-0.0506444646157127,0.4553694974899969,0.6669328152603489
2021-04-23,304.25,306.75,298.3500061035156,301.79998779296875,301.79998779296875,823300.0,-0.03593675271899399,-0.08155817958842138,-0.012596126878443581,0.28370897472492973,0.6983679964883318
2021-04-30,304.20001220703125,316.3500061035156,304.20001220703125,309.6000061035156,309.6000061035156,819600.0,0.025844992133987832,-0.07802258082750801,-0.09288011375107996,0.356704689937992,0.6529631663591691
2021-05-07,305.8999938964844,312.3999938964844,302.54998779296875,307.6499938964844,307.6499938964844,661000.0,-0.006298488916628986,-0.07348289352053106,-0.12250431106481541,0.3555849219361147,0.8145089257389713
2021-05-14,310.20001220703125,315.79998779296875,299.8999938964844,300.45001220703125,300.45001220703125,677000.0,-0.023403158889304998,-0.040249085057528666,-0.1367618941399058,0.24255586606721113,0.7417392012001811
2021-05-21,303.6499938964844,326.1000061035156,300.95001220703125,320.6499938964844,320.6499938964844,829300.0,0.06723242093108617,0.06245860459227881,-0.08333331879284389,0.27596494231018065,0.9605624452052743
2021-05-28,323.8500061035156,336.79998779296875,321.54998779296875,331.6000061035156,331.6000061035156,1334200.0,0.03414942278329258,0.07105943012366822,-0.07296618734362625,0.2695252320305568,0.8411993051955964
2021-06-04,338.5,356.79998779296875,330.75,353.79998779296875,353.79998779296875,1382500.0,0.06694807382640078,0.15000810925422137,0.012737889256353885,0.24841212213363328,0.7514850880840036
2021-06-11,356.95001220703125,364.7999877929688,348.20001220703125,357.8500061035156,357.8500061035156,1784600.0,0.011447197428725797,0.19104673511190184,0.08752475118968017,0.2234188242855235,0.7485952444470754
2021-06-18,359.95001220703125,360.0,331.6000061035156,343.8500061035156,343.8500061035156,1408500.0,-0.03912253670871868,0.07235307234878952,0.046409007050340456,0.13183021698420827,0.6146983377843809
2021-06-25,339.45001220703125,357.3500061035156,337.1499938964844,346.54998779296875,346.54998779296875,1472200.0,0.007852207769454944,0.0450843830346197,0.03201310420126546,0.15806178042763164,0.6408617083356121
2021-07-02,346.5,348.8500061035156,342.29998779296875,344.6000061035156,344.6000061035156,1051300.0,-0.005626841027673191,-0.026003340889985127,0.03779556925739658,0.09797673857574463,0.6967011115099653
2021-07-09,355.5,367.4500122070313,351.29998779296875,366.1499938964844,366.1499938964844,1397000.0,0.06253623740939607,0.023194041222309725,0.16962149233058765,0.11801524853888368,0.7765646921552356
2021-07-16,369.2000122070313,402.1000061035156,367.8999938964844,397.5499877929688,397.5499877929688,275756100.0,0.0857571880920518,0.1561726937218284,0.3172631009703135,0.2001509065448115,1.0241853368004867
2021-07-23,393.4500122070313,404.7000122070313,386.7000122070313,401.0499877929688,401.0499877929688,2674300.0,0.008803924305042843,0.15726446954186213,0.29538107198511043,0.2162243754146136,1.0214213716267424
2021-07-30,401.1499938964844,406.8999938964844,385.75,398.6499938964844,398.6499938964844,1649200.0,-0.0059842761988148085,0.15684848182136268,0.295790677085529,0.3042695954755905,0.9833333029675839
2021-08-06,400.6499938964844,423.1499938964844,400.1000061035156,403.4500122070313,403.4500122070313,1568600.0,0.012040683266116625,0.10187086967722903,0.3428190907478672,0.18209793916477524,0.9781810161508246
2021-08-13,405.4500122070313,407.7999877929688,376.4500122070313,394.5499877929688,394.5499877929688,169906000.0,-0.022059794633233154,-0.007546220832893913,0.2304693444664203,0.12535647725139176,0.9051181852489147
2021-08-20,394.5499877929688,396.8500061035156,371.6499938964844,373.3999938964844,373.3999938964844,851300.0,-0.05360535939892719,-0.06894400882205731,0.12605544940768199,0.0728343829697089,0.6665922285670542
2021-08-27,375.7000122070313,379.75,365.5499877929688,377.25,377.25,869500.0,0.010310675325246432,-0.05368115947354368,0.06628042118744615,0.07847345101474867,0.6184040760276512
2021-09-03,377.3999938964844,423.3999938964844,377.3999938964844,417.8500061035156,417.8500061035156,1646200.0,0.10762095719951126,0.03569213895349921,0.16766801446593727,0.1681576512266667,0.8988866180803161
2021-09-10,420.25,433.6000061035156,415.8999938964844,417.6000061035156,417.6000061035156,1056200.0,-0.0005983008169158088,0.05842103414952282,0.21448305566642234,0.19536281324631455,0.9427774460683966
2021-09-17,417.1000061035156,429.3999938964844,411.75,413.5499877929688,413.5499877929688,1141300.0,-0.00969831956741607,0.10752542729718151,0.19333430200559198,0.2567998879646385,0.8238147201453971
2021-09-24,408.3999938964844,510.0499877929688,403.3500061035156,501.2999877929688,501.2999877929688,3969700.0,0.21218716621974454,0.3288270054154243,0.45473006069065924,0.5255629290373451,1.3939828195065918
2021-10-01,504.25,520.0499877929688,490.1000061035156,506.0499877929688,506.0499877929688,2159400.0,0.009475364284193155,0.2110804843870291,0.38208383511822785,0.5069982316526007,1.3460824986214392
2021-10-08,508.0,538.9000244140625,500.3500061035156,520.9000244140625,520.9000244140625,1605100.0,0.029344999465090504,0.24736594061481076,0.3102755386961058,0.5687397788396868,1.4177304794262722
2021-10-15,523.8499755859375,550.7000122070312,520.9000244140625,539.25,539.25,1357800.0,0.03522744236109143,0.30395361121364384,0.34459547790429856,0.7225683469971111,1.5069734295613602
2021-10-22,543.0999755859375,550.75,493.3999938964844,510.6000061035156,510.6000061035156,1583200.0,-0.05312933499579853,0.01855180238781018,0.28082281179239343,0.6918489952152722,1.1718417390372
2021-10-29,513.0999755859375,521.0499877929688,483.7999877929688,498.7000122070313,498.7000122070313,1073400.0,-0.023305902378057963,-0.014524208602381128,0.23608872752028143,0.6107881213680906,1.1853637987564958
2021-11-05,503.3500061035156,553.6500244140625,502.8500061035156,548.0499877929688,548.0499877929688,1678300.0,0.09895723757361807,0.052121255723583504,0.389050829423788,0.7814074391867931,1.414849064386443
2021-11-12,552.9500122070312,560.9000244140625,532.5999755859375,544.6500244140625,544.6500244140625,1462800.0,-0.006203746838127189,0.010013953479949045,0.4586235493218911,0.8127808363634221,1.2524814621175957
2021-11-19,548.2000122070312,553.7999877929688,523.1500244140625,526.9000244140625,526.9000244140625,790900.0,-0.032589735067203085,0.03192326305464688,0.39668661209824396,0.6432248072462523,1.096697246380622
2021-11-26,526.3499755859375,527.8499755859375,489.5499877929688,492.7999877929688,492.7999877929688,1394100.0,-0.06471822934344051,-0.011830808641755453,0.17937054109049244,0.48612780073089423,0.8866767410499496
2021-12-03,488.3500061035156,506.7000122070313,470.6499938964844,496.2999877929688,496.2999877929688,1498500.0,0.007102272903201534,-0.09442569318977712,0.18845780780459287,0.402769940408777,0.7512349981709914
2021-12-10,498.0499877929688,520.6500244140625,488.5,519.4000244140625,519.4000244140625,1125800.0,0.046544503705951756,-0.04636004565897911,0.25595463606707747,0.4514461801177534,0.7757265791933761
2021-12-17,522.2999877929688,525.4000244140625,474.3500061035156,475.9500122070313,475.9500122070313,1135600.0,-0.083654235973607,-0.09669768427832204,-0.05056847437308687,0.3841791588153909,0.5666557976670428
2021-12-24,465.5,486.3999938964844,442.0,477.2999877929688,477.2999877929688,1072800.0,0.002836381030179025,-0.03145292285703494,-0.05681256929851364,0.37729044757061425,0.594987427879595
2021-12-31,475.8500061035156,486.8999938964844,466.5,484.1499938964844,484.1499938964844,721000.0,0.01435157401782039,-0.02448114889245734,-0.07055102475550201,0.40496223250515206,0.542615849868104
2022-01-07,486.1000061035156,495.25,480.9500122070313,485.7999877929688,485.7999877929688,952400.0,0.0034080221362911,-0.06469009441999551,-0.09911916960042877,0.3267786314105774,0.4833587413525766
2022-01-14,491.3999938964844,515.0,490.5,509.6000061035156,509.6000061035156,1370700.0,0.04899139338943237,0.07070068921827666,-0.0019584801959389164,0.2818513941670622,0.5384151127653303
2022-01-21,510.9500122070313,527.2000122070312,485.1499938964844,491.2000122070313,491.2000122070313,1222500.0,-0.03610673798294006,0.029122197296371333,-0.01503910129620456,0.22478500725101624,0.4896133804610503
2022-01-28,491.1000061035156,491.3999938964844,446.9500122070313,465.6499938964844,465.6499938964844,1023900.0,-0.05201550829721502,-0.03821129863311634,-0.15035123753640478,0.16806722946394315,0.5234745728612309
2022-02-04,470.1499938964844,499.3999938964844,470.1000061035156,473.4500122070313,473.4500122070313,1060500.0,0.01675081802380718,-0.02542193473911869,-0.13072617096387462,0.17350352678655856,0.3871961006169864
2022-02-11,474.8500061035156,477.7999877929688,458.1000061035156,461.8500061035156,461.8500061035156,788800.0,-0.024501015533701542,-0.09370094079296476,-0.12345799069355812,0.17057412341338352,0.3173131718861213
2022-02-18,452.0,461.7999877929688,431.7000122070313,449.0,449.0,999900.0,-0.027822899066142992,-0.08591207483367247,-0.08887984756073031,0.20246386539704608,0.2900445790766111
2022-02-25,445.5,449.6499938964844,408.8500061035156,433.75,433.75,2848500.0,-0.03396436525612467,-0.06850637670914661,-0.12603262005128535,0.14976805831676598,0.2399943257194097
2022-03-04,427.3500061035156,439.4500122070313,414.5499877929688,416.4500122070313,416.4500122070313,922600.0,-0.039884698081772196,-0.1203928578104565,-0.1982094866537012,-0.003350469967774772,0.16424377409860536
2022-03-11,406.1499938964844,436.2000122070313,389.2999877929688,430.2000122070313,430.2000122070313,1290100.0,0.033017167960039284,-0.06852872897741291,-0.09612353992355693,0.030172427967810833,0.2314298116243887
2022-03-18,429.75,451.8500061035156,418.0,450.75,450.75,1083200.0,0.04776845004615926,0.0038975501113585054,-0.0556253686821484,0.08995287947065367,0.36985265680545254
2022-03-25,455.0499877929688,456.3999938964844,433.5,449.1499938964844,449.1499938964844,949700.0,-0.003549653030539335,0.03550430869506482,-0.07229164606265248,-0.10402951359739865,0.36685935956736726
2022-04-01,451.9500122070313,475.5,444.0,474.5499877929688,474.5499877929688,1329200.0,0.056551250677158826,0.1395124838105517,-0.02315767863871243,-0.06224681505750185,0.4131923914349389
2022-04-08,476.2000122070313,481.7999877929688,468.0499877929688,474.5,474.5,1570000.0,-0.00010533725477746003,0.10297532900033857,-0.06887756217252816,-0.08907664088949863,0.4290017089109126
2022-04-15,475.0,482.5,461.1000061035156,464.1000061035156,464.1000061035156,637800.0,-0.021917795356131475,0.02961731803331258,-0.05517102082663128,-0.13936021121276654,0.48251085833116747
2022-04-22,460.3999938964844,462.2999877929688,441.7999877929688,448.1000061035156,448.1000061035156,1037100.0,-0.03447532813958043,-0.0023377219352934686,-0.03768922586278434,-0.12240501224617917,0.48475819823726085
2022-04-29,444.0499877929688,455.1499938964844,429.9500122070313,443.75,443.75,890900.0,-0.009707668030048522,-0.06490356882361958,-0.06273104116859551,-0.11018650664122953,0.4333010053353519
2022-05-06,438.6000061035156,450.4500122070313,406.6000061035156,408.1499938964844,408.1499938964844,806900.0,-0.08022536586707751,-0.13983141433828372,-0.11627154162036613,-0.25526867441393497,0.3266699235944579
2022-05-13,405.4500122070313,409.7000122070313,378.5,384.4500122070313,384.4500122070313,1203100.0,-0.05806684317987243,-0.17162247974355493,-0.14376389263467415,-0.29413385665294933,0.2795806176972897
2022-05-20,387.1499938964844,406.8500061035156,379.7000122070313,401.0499877929688,401.0499877929688,1034200.0,0.04317850190884687,-0.10499892361009655,-0.07538907713436582,-0.2388499350726826,0.2507406687256635
2022-05-27,404.8500061035156,410.5,369.6499938964844,387.8500061035156,387.8500061035156,1036300.0,-0.032913557140580973,-0.12597181723151407,-0.06867572401294031,-0.21296668889842574,0.16963208372933636
2022-06-03,392.1499938964844,415.9500122070313,391.0,406.8500061035156,406.8500061035156,1561300.0,0.04898801005801445,-0.003185073655295634,-0.054277093075205785,-0.180233697137964,0.14994352781490172
2022-06-10,405.75,407.7000122070313,394.6000061035156,400.4500122070313,400.4500122070313,815300.0,-0.015730598010255337,0.041617894373700226,-0.11159176437707974,-0.22901425994582736,0.11904430732688809
2022-06-17,391.25,395.5,368.7999877929688,377.6499938964844,377.6499938964844,1066900.0,-0.0569359910488888,-0.05834682610329378,-0.1591895824816122,-0.20653433299585222,0.09829863950269435
2022-06-24,379.5,385.7000122070313,365.75,383.2000122070313,383.2000122070313,801700.0,0.014696195949279511,-0.011989155145825214,-0.19249810965286673,-0.19715059290291415,0.10575681923254754
2022-07-01,388.8500061035156,392.2999877929688,380.2000122070313,391.3999938964844,391.3999938964844,674700.0,0.021398698925465753,-0.03797471297837529,-0.17513173046051767,-0.19157286206602908,0.13580959652946234
2022-07-08,391.0,413.4500122070313,390.2000122070313,411.0,411.0,871600.0,0.05007666430546576,0.026345330181971383,-0.11441500841452668,-0.15397280706570537,0.12249080117749589
2022-07-15,408.8999938964844,423.8500061035156,408.7000122070313,420.0,420.0,651300.0,0.021897810218978186,0.1121408891512492,-0.06270922945942614,-0.1758241856953885,0.05647091660514003
2022-07-22,424.3999938964844,441.1000061035156,420.9500122070313,439.5,439.5,920200.0,0.046428571428571486,0.14692063152271384,-0.009577464788732448,-0.10525246523251464,0.09587336585802353
2022-07-29,438.6499938964844,454.7999877929688,430.6499938964844,450.9500122070313,450.9500122070313,784600.0,0.026052359970492267,0.15214619120892592,0.10486345449119838,-0.031568735922116065,0.13119282355771822
2022-08-05,451.5499877929688,453.6000061035156,429.4500122070313,437.8999938964844,437.8999938964844,892600.0,-0.028938946573430102,0.06545010680409824,0.13902973076424185,-0.07508716315124209,0.08538847601217814
2022-08-12,437.2000122070313,447.2000122070313,434.3500061035156,443.25,443.25,508200.0,0.012217415341595927,0.05535714285714288,0.10522382119810914,-0.04027282853244518,0.12343179245663904
2022-08-19,444.6499938964844,461.4500122070313,444.3500061035156,450.3999938964844,450.3999938964844,959100.0,0.016130837893929773,0.024800896237734626,0.16127365427003348,0.0031180264955108505,0.20621317958924834
2022-08-26,447.6499938964844,460.2999877929688,434.2999877929688,453.75,453.75,1016000.0,0.007437846689415162,0.006209086854804591,0.11527588347768525,0.04610951008645525,0.20278330019880708
2022-09-02,438.7999877929688,473.75,438.25,467.3500061035156,467.3500061035156,849700.0,0.029972465241907775,0.06725282625601725,0.16706203485367177,0.12222353801056007,0.11846356174932593
2022-09-09,468.7999877929688,477.25,467.6499938964844,470.0499877929688,470.0499877929688,1000300.0,0.0057772154791737584,0.060462465409969024,0.24467097945144345,0.0926312748842042,0.12559861332102518
2022-09-16,473.7000122070313,483.5499877929688,452.0,454.3500061035156,454.3500061035156,984400.0,-0.03340066396591024,0.008770009459500683,0.18567325581932437,0.007986702392713596,0.0986580087410669
2022-09-23,455.25,461.6000061035156,434.9500122070313,436.75,436.75,773700.0,-0.03873666967554912,-0.03746556473829199,0.1158661390156015,-0.02760769022595644,-0.12876518923760116
2022-09-30,430.9500122070313,431.7000122070313,410.9500122070313,424.0,424.0,862100.0,-0.029192902117916475,-0.09275704619101643,0.031630170316301776,-0.10652194519710356,-0.162138108432356
2022-10-07,425.8500061035156,439.7000122070313,415.9500122070313,438.5499877929688,438.5499877929688,755200.0,0.0343160089456811,-0.06701414917145798,0.04416663760230666,-0.07576398779142501,-0.15809182714807057
2022-10-14,433.6499938964844,437.1000061035156,418.8999938964844,420.0499877929688,420.0499877929688,633800.0,-0.042184472728188704,-0.07549250104495908,-0.04425486281463298,-0.0949149272381643,-0.22104777414377597
2022-10-21,417.9500122070313,430.6499938964844,412.0,426.7999877929688,426.7999877929688,653300.0,0.016069516000859707,-0.022781939798583117,-0.05355366173706899,-0.04753407279719224,-0.1641206762805204
2022-10-28,430.4500122070313,439.2999877929688,424.25,436.1499938964844,436.1499938964844,442100.0,0.021907231422066076,0.028655645982274436,-0.0039963462534636784,-0.017126774317781646,-0.12542614152690212
2022-11-04,437.75,446.5,435.0499877929688,443.0499877929688,443.0499877929688,749700.0,0.01582023155575718,0.010261087960910853,-0.00045124017378728176,0.08550776532741011,-0.1915883629937507
2022-11-11,444.2000122070313,454.7000122070313,437.4500122070313,448.25,448.25,613600.0,0.011736852161840172,0.06713489590893684,-0.004773521149244342,0.16595132206319607,-0.17699443696485684
2022-11-18,450.3500061035156,454.5499877929688,443.0,448.7999877929688,448.7999877929688,856300.0,0.0012269666323900807,0.05154639322687071,-0.010909117811638946,0.1190624646637557,-0.14822553236345848
2022-11-25,448.5499877929688,448.6499938964844,436.0,444.8999938964844,444.8999938964844,794400.0,-0.008689826208915785,0.020061905588554696,-0.04803682874470461,0.14709291451639772,-0.09719966534700442
2022-12-02,445.1499938964844,464.0,442.0499877929688,463.3500061035156,463.3500061035156,886100.0,0.04147002126352928,0.04581879893885188,-0.014253764202636576,0.13887181799777237,-0.06639126032620057
2022-12-09,465.25,467.5499877929688,442.3999938964844,447.5499877929688,447.5499877929688,1133000.0,-0.03409953189256454,-0.0015616557881342752,-0.014966475666773893,0.11761761555793626,-0.13833275557148472
2022-12-16,445.7000122070313,454.8500061035156,438.5,439.7999877929688,439.7999877929688,629400.0,-0.0173165014219262,-0.02005347648126876,0.006983372164782509,0.16457035588757352,-0.07595340579240861
2022-12-23,441.2000122070313,444.25,406.8500061035156,409.8500061035156,409.8500061035156,680600.0,-0.06809909622724186,-0.0787817223506726,-0.03337262711434996,0.06954591087561379,-0.1413156995904009
2022-12-30,421.3500061035156,434.8999938964844,420.75,431.7999877929688,431.7999877929688,459400.0,0.05355613361613387,-0.06809111448138905,-0.015391631941366168,0.10321919909679211,-0.10812766036037269
2023-01-06,431.8999938964844,440.25,424.0499877929688,425.8500061035156,425.8500061035156,101700600.0,-0.013779485543445547,-0.04848616306854048,0.013807924006905337,0.036131401711716915,-0.12340465869876016
2023-01-13,429.4500122070313,430.5499877929688,422.7000122070313,426.3999938964844,426.3999938964844,442300.0,0.0012915058942961632,-0.030468381692616897,-0.0009371928489333436,0.015238080705915147,-0.16326532812115147
2023-01-20,427.25,431.8500061035156,422.9500122070313,427.4500122070313,427.4500122070313,448400.0,0.0024625195252743204,0.04294255420620985,-0.019947224145824283,-0.027417492134172217,-0.1297841987290721
2023-01-27,428.3999938964844,428.6499938964844,401.7999877929688,407.5499877929688,407.5499877929688,407500.0,-0.04655520843551675,-0.056160260966998776,-0.08012639877689975,-0.09624131996727281,-0.12477183907454625
2023-02-03,407.8500061035156,419.7000122070313,401.2000122070313,405.8999938964844,405.8999938964844,654800.0,-0.004048568141100328,-0.04684750950122518,-0.09447854122368238,-0.07307604577762228,-0.14267613595711237
2023-02-10,405.8500061035156,415.3500061035156,403.4500122070313,414.7999877929688,414.7999877929688,522500.0,0.021926568194909013,-0.0272045175177269,-0.07575757781812642,-0.06418502471975451,-0.10187294075731024
2023-02-17,414.7999877929688,415.9500122070313,398.7000122070313,403.6499938964844,403.6499938964844,1056300.0,-0.026880410377566166,-0.05567906803338596,-0.09271746587076313,-0.10379662662860645,-0.10100224076506825
2023-02-24,404.0499877929688,405.2999877929688,379.7999877929688,380.4500122070313,380.4500122070313,916300.0,-0.057475491243046295,-0.06649485068738126,-0.17891441200923153,-0.16154267282196955,-0.1228818162373918
2023-03-03,381.0,416.4500122070313,379.0,412.0,412.0,1091500.0,0.08292807670038926,0.015028347364477446,-0.07943244053760046,-0.11843373356296882,-0.010685585488274807
2023-03-10,412.0,416.7999877929688,396.4500122070313,398.1499938964844,398.1499938964844,487000.0,-0.03361651966872725,-0.040139812889277704,-0.09470212608575768,-0.1529624417906642,-0.07450027289893024
2023-03-17,398.3999938964844,400.3999938964844,378.6000061035156,399.0,399.0,722100.0,0.0021348891537007475,-0.011519866138476553,-0.02647311441243516,-0.12182239542196704,-0.11480865224625625
2023-03-24,399.3999938964844,400.3999938964844,379.6000061035156,380.9500122070313,380.9500122070313,509900.0,-0.045238064644031795,0.001314233102791773,-0.11776279996172223,-0.12776184955459347,-0.15184233021535143
2023-03-31,382.1499938964844,389.3999938964844,370.6499938964844,387.3500061035156,387.3500061035156,854700.0,0.01680008844049108,-0.059830082273020335,-0.09040741915744255,-0.08643866485019902,-0.1837529953272189
2023-04-07,389.0,405.4500122070313,387.3500061035156,404.0,404.0,615900.0,0.04298436461631239,0.014692970471416267,-0.05253281945853483,-0.07878232528712148,-0.14857744994731292
2023-04-14,407.7000122070313,427.3999938964844,407.25,425.2000122070313,425.2000122070313,1034300.0,0.05247527774017646,0.06566419099506593,-0.00526377339044326,0.012260503663199307,-0.08381812838806091
2023-04-21,426.3999938964844,437.8999938964844,421.9500122070313,423.5,423.5,911700.0,-0.003998147126589413,0.11169441246754563,0.039136333418647196,-0.007731930382738339,-0.05489847303825468
2023-04-28,425.0499877929688,445.7999877929688,423.2000122070313,445.1000061035156,445.1000061035156,1785000.0,0.05100355632471221,0.14908996796186158,0.09657554273585012,0.02052049141872847,0.0030422672755281432
2023-05-05,446.1000061035156,450.2000122070313,442.2000122070313,445.0499877929688,445.0499877929688,514900.0,-0.0001123754434080304,0.10160888067566543,0.0729267138144134,0.004514163311374553,0.09040792465586334
2023-05-12,446.0499877929688,458.6499938964844,445.75,452.8999938964844,452.8999938964844,1289500.0,0.01763848178593208,0.06514576880107392,0.12201164559568922,0.010373661788029898,0.17804650673958577
2023-05-19,455.1499938964844,479.5499877929688,449.25,458.7000122070313,458.7000122070313,1171300.0,0.012806399621795084,0.08311691194104198,0.20567748058690638,0.02205887852793209,0.14374772763694166
2023-05-26,458.7999877929688,473.8999938964844,457.7999877929688,472.5499877929688,472.5499877929688,1143900.0,0.030193972568909322,0.06167149250289872,0.1469659897887592,0.06214878461634199,0.21838334499560919
2023-06-02,474.8500061035156,492.5,471.0,490.8500061035156,490.8500061035156,1240400.0,0.0387261004830759,0.10290982938269932,0.23282685828982452,0.059350382297947535,0.2064642957842988
2023-06-09,492.8999938964844,507.3999938964844,488.5,498.4500122070313,498.4500122070313,792500.0,0.015483357459534997,0.10057411994789711,0.24924815089481522,0.11373036711512152,0.24472467726966718
2023-06-16,500.7000122070313,527.1500244140625,500.5499877929688,517.0999755859375,517.0999755859375,1046600.0,0.037415915181400194,0.12731624553030918,0.35739587614165513,0.17576168699067085,0.36925720625769953
2023-06-23,518.2000122070312,522.0,504.5,506.8999938964844,506.8999938964844,654700.0,-0.019725357128271614,0.07269073535256299,0.30863556450034024,0.23679391569523833,0.3228078751276806
2023-06-30,507.25,522.5499877929688,502.9500122070313,520.0,520.0,591600.0,0.025843373961828897,0.059386764865063224,0.28712871287128716,0.204261266096468,0.32856414948623414
2023-07-07,519.6500244140625,542.3499755859375,518.4000244140625,531.4000244140625,531.4000244140625,872800.0,0.02192312387319717,0.06610494813940426,0.24976483809535277,0.24785726616824277,0.2929440983310523
2023-07-14,532.8499755859375,541.4500122070312,522.0499877929688,539.7999877929688,539.7999877929688,823500.0,0.01580723182722532,0.04389869131459423,0.2746162639739522,0.2659474566597064,0.28523806617373504
2023-07-21,540.9000244140625,542.9000244140625,531.2999877929688,536.0999755859375,536.0999755859375,1065800.0,-0.00685441328400016,0.057605014876792815,0.20444836718617854,0.2541816827140073,0.21979516629337326
2023-07-28,537.1500244140625,564.25,533.5499877929688,562.9500122070312,562.9500122070312,1137700.0,0.05008401015453812,0.08259617732121405,0.2649141167236879,0.381302978944031,0.24836455697573134
2023-08-04,563.9000244140625,568.7999877929688,535.0,539.1500244140625,539.1500244140625,1299400.0,-0.04227726667890375,0.014584116755631316,0.19043946054300798,0.32828290840418317,0.23121724578400604
2023-08-11,539.4500122070312,546.2999877929688,529.5499877929688,531.1500244140625,531.1500244140625,712000.0,-0.014838170523490679,-0.016024386021705084,0.15794639258551268,0.28049672142026494,0.1983080077023407
2023-08-18,530.5999755859375,537.0,520.7999877929688,530.2000122070312,530.2000122070312,393800.0,-0.0017885948665431473,-0.011005341629530596,0.12199772701998213,0.3135142331824252,0.17717588674942863
2023-08-25,529.7999877929688,547.3499755859375,529.5,532.9500122070312,532.9500122070312,1293000.0,0.005186721872284972,-0.05329069961715738,0.08576959474385171,0.4008410963514788,0.17454548144800275
2023-09-01,535.5499877929688,565.25,535.4000244140625,563.6500244140625,563.6500244140625,1958700.0,0.05760392439039008,0.04544189722819003,0.13080551832738307,0.3680825835292778,0.20605545533943337
2023-09-08,565.6500244140625,593.0999755859375,563.6500244140625,591.4000244140625,591.4000244140625,270436600.0,0.04923267772204443,0.11343311160808978,0.14368604203458712,0.48536991957815157,0.2581641097170748
2023-09-15,595.0999755859375,599.9000244140625,565.2999877929688,586.9500122070312,586.9500122070312,1289700.0,-0.007524538422939986,0.10703507863715478,0.15792073244114913,0.47105266217301067,0.29184550307523294
2023-09-22,587.5499877929688,587.7999877929688,559.9500122070312,561.5,561.5,639600.0,-0.043359760929784996,0.053569729128513766,0.07980769230769225,0.4739466649363091,0.2856325128792214
2023-09-29,562.4000244140625,579.4000244140625,557.4000244140625,575.6500244140625,575.6500244140625,1725500.0,0.025200399668855678,0.021289806582505788,0.08327060212086246,0.48612370038333097,0.35766515191995873
2023-10-06,576.0999755859375,588.7000122070312,561.4500122070312,587.5,587.5,472300.0,0.020585381887196608,-0.006594562484041999,0.0883660861165596,0.4542079207920793,0.339642039341129
2023-10-13,586.5999755859375,619.9000244140625,580.9000244140625,612.7999877929688,612.7999877929688,822400.0,0.04306380900930851,0.04404118757700881,0.14307035198649465,0.4412040691442747,0.4588739569134357
2023-10-20,613.5999755859375,615.7999877929688,593.5999755859375,599.3499755859375,599.3499755859375,437800.0,-0.02194845377767085,0.06740868314503556,0.06465931715002737,0.41523016667281576,0.40428770554855054
2023-10-27,598.75,600.4000244140625,559.2000122070312,583.0,583.0,830600.0,-0.027279513225896834,0.012768132153592404,0.08133167689938015,0.30981800046170616,0.3366961095002765
2023-11-03,584.4500122070312,644.4000244140625,582.3499755859375,643.75,643.75,978300.0,0.1042024013722127,0.0957446808510638,0.21199279000344973,0.44646672881039096,0.4529963158487109
2023-11-10,651.0,666.7000122070312,640.5499877929688,662.0999755859375,662.0999755859375,805600.0,0.028504816444174796,0.08045037332739713,0.248773972731261,0.46191208767661895,0.47707746923800887
2023-11-17,665.9000244140625,694.0499877929688,660.25,692.7000122070312,692.7000122070312,693100.0,0.04621664061233899,0.1557521321825912,0.2997466860699556,0.5101373310938251,0.5434492670409192
2023-11-24,695.5,706.6500244140625,684.5999755859375,702.9500122070312,702.9500122070312,570800.0,0.014797170231515056,0.20574616159010506,0.247139149754809,0.4875675174390315,0.5800180306826164
2023-12-01,703.6500244140625,732.0499877929688,698.4000244140625,723.0499877929688,723.0499877929688,980800.0,0.02859374811422244,0.1231844470570389,0.22260730122448047,0.47305689885330127,0.5604833889468739
2023-12-08,734.75,747.4500122070312,726.9000244140625,738.7000122070312,738.7000122070312,1117900.0,0.021644457061444022,0.11569255315755766,0.2585399043257437,0.4819941701600603,0.6505419111948338
2023-12-15,739.9500122070312,777.4500122070312,727.9500122070312,767.0499877929688,767.0499877929688,1026600.0,0.03837819834500289,0.10733358492235179,0.36607299695987305,0.4833688338967863,0.7440882425718698
2023-12-22,769.25,769.25,722.4500122070312,763.0499877929688,763.0499877929688,754300.0,-0.0052147839953810005,0.08549679855220904,0.32554495862248123,0.5053264884212911,0.8617786420143314
2023-12-29,766.5999755859375,784.5,760.4000244140625,783.0499877929688,783.0499877929688,658900.0,0.026210602607894096,0.0829818145535739,0.33285104305186164,0.5058653611403245,0.813455326377662
2024-01-05,788.4500122070312,863.0,773.75,844.3499755859375,844.3499755859375,1061000.0,0.0782836201373851,0.14302147236095664,0.3778557317321565,0.5889159518141591,0.9827403158019279
2024-01-12,846.3499755859375,885.25,841.2999877929688,881.0499877929688,881.0499877929688,1050000.0,0.043465403290339655,0.1486213438683599,0.47000921612057334,0.6321785989570654,1.0662523461641
2024-01-19,886.5499877929688,894.4000244140625,830.0999755859375,868.5,868.5,764400.0,-0.014244353858294145,0.13819541824780424,0.48970840480274447,0.6200336496019452,1.031816528711082
2024-01-26,867.3499755859375,867.5999755859375,794.5,823.5499877929688,823.5499877929688,783600.0,-0.051755915034002564,0.0517208360019894,0.2793009519114078,0.46291850063962503,1.020733682885849
2024-02-02,825.0499877929688,868.3499755859375,819.4500122070312,856.2000122070312,856.2000122070312,1030000.0,0.039645467668042,0.014034508158622838,0.2931581993328445,0.5880552229178369,1.109386610203758
2024-02-09,854.2000122070312,892.7999877929688,853.9000244140625,875.9500122070312,875.9500122070312,736900.0,0.023067040082247026,-0.0057885201255298835,0.26454453121220833,0.649157435647931,1.1117406894530273
2024-02-16,876.4500122070312,885.3499755859375,833.8499755859375,882.7000122070312,882.7000122070312,609600.0,0.00770591918024266,0.016350042840565626,0.25570808290570235,0.6648434399928995,1.1867955544510642
2024-02-23,879.9000244140625,925.25,879.9000244140625,918.75,918.75,583000.0,0.04084058830228443,0.11559712660813437,0.2706590353516003,0.7238952602614817,1.4149033263798119
2024-03-01,919.7000122070312,932.0999755859376,894.4500122070312,917.0999755859376,917.0999755859376,944200.0,-0.0017959449404760797,0.07112819727942332,0.24150529366568807,0.627073424753775,1.2259708145289747
2024-03-08,929.8499755859376,936.2999877929688,901.75,916.5,916.5,477900.0,-0.0006542095757382516,0.0462925820285105,0.19483738294168207,0.5497124825248945,1.30189630553726
2024-03-15,921.9000244140624,935.1500244140624,808.4500122070312,830.1500244140625,830.1500244140625,1395500.0,-0.09421710374897707,-0.059533235602406975,0.08793661974253175,0.414345356757994,1.0805765022908833
2024-03-22,829.7999877929688,876.7999877929688,819.75,874.5,874.5,624200.0,0.05342404900516695,-0.04816326530612247,0.1167869403392543,0.5574354407836153,1.2955767737966202
2024-03-29,871.9000244140625,905.4000244140624,868.6500244140625,900.6500244140625,900.6500244140625,334300.0,0.029902829518653418,-0.017936922483685835,0.06667856985375709,0.5645791474269597,1.3251581521167508
2024-04-05,904.4000244140624,959.0999755859376,903.1500244140624,937.75,937.75,599200.0,0.04119244387971199,0.02318603382433171,0.06435504567574513,0.5961702127659574,1.3211633663366338
2024-04-12,948.2000122070312,970.8499755859376,947.0499877929688,952.4000244140624,952.4000244140624,410500.0,0.015622526701212891,0.14726253858305505,0.09660336720099294,0.5541776164914445,1.2398871050604194
2024-04-19,930.0,952.0499877929688,909.7000122070312,926.25,926.25,339000.0,-0.0274569757913965,0.05917667238421953,0.12470404192738438,0.5454242725120293,1.1871310507674142
2024-04-26,935.7999877929688,972.2000122070312,931.1500244140624,969.0499877929688,969.0499877929688,431400.0,0.04620781408147767,0.07594510800508258,0.13180328658842644,0.6621783667117818,1.1771511446971306
2024-05-03,969.5999755859376,983.0999755859376,952.0499877929688,962.6500244140624,962.6500244140624,368200.0,-0.0066043686698582516,0.026552945256264948,0.09897826473976856,0.49537867870145624,1.1630155057141
2024-05-10,973.4000244140624,994.3499755859376,922.0999755859376,935.3499755859376,935.3499755859376,617600.0,-0.028359266748828604,-0.017902192766757197,0.05964649671553146,0.41270202397784783,1.0652461651384408
2024-05-17,934.7999877929688,999.0,914.3499755859376,997.0999755859376,997.0999755859376,637600.0,0.06601806982602154,0.07649120171221324,0.08527888499149672,0.4394398123497196,1.1737517964920023
2024-05-24,1006.6500244140624,1033.050048828125,992.5499877929688,1023.6500244140624,1023.6500244140624,442500.0,0.026627268557019912,0.05634388040749716,0.11618149783511833,0.4562202242519904,1.166225903835043
2024-05-31,1029.0,1040.75,992.2999877929688,1019.4000244140624,1019.4000244140624,870600.0,-0.004151809601560585,0.058951850164385755,0.1122749857218357,0.409861063030607,1.0768055653218847
2024-06-07,1059.5999755859375,1085.5999755859375,930.9000244140624,1069.5,1069.5,806200.0,0.04914653167164129,0.1434222782012966,0.28832134981249413,0.44781370289223354,1.1456514671641393
2024-06-14,1077.050048828125,1134.9000244140625,1075.6500244140625,1129.0999755859375,1129.0999755859375,581900.0,0.055726952394518525,0.1323839165901406,0.29113776510684675,0.4720031204676691,1.183523552300557
2024-06-21,1130.3499755859375,1157.3499755859375,1111.0,1131.9000244140625,1131.9000244140625,450000.0,0.0024798945077222356,0.10574903279268955,0.2567590004235494,0.48338908658913504,1.232984884677689
2024-06-28,1129.0999755859375,1141.3499755859375,1088.3499755859375,1104.75,1104.75,583000.0,-0.023986238915505775,0.0837256950577332,0.17808584377499326,0.41082947094315747,1.1245192307692307
2024-07-05,1112.5,1123.550048828125,1097.0999755859375,1119.1500244140625,1119.1500244140625,142500.0,0.013034645317096638,0.04642358523989021,0.17508399383188644,0.32545751971796677,1.1060405965319076
2024-07-12,1122.4000244140625,1140.5,1090.25,1093.199951171875,1093.199951171875,367800.0,-0.023187305254962376,-0.03179525745311651,0.18024286226383257,0.24079219830686593,1.0251944718293577
2024-07-19,1099.4000244140625,1132.699951171875,1079.3499755859375,1096.199951171875,1096.199951171875,481500.0,0.002744237224657775,-0.03153995270975274,0.13121094368773778,0.26217610958189397,1.0447677692463406
2024-07-26,1085.9000244140625,1105.699951171875,1043.8499755859375,1077.6500244140625,1077.6500244140625,680800.0,-0.01692202844743973,-0.024530414651221966,0.11946189901153059,0.3085423354835526,0.9142907914490719
2024-08-02,1088.25,1110.5,1034.449951171875,1037.1500244140625,1037.1500244140625,604600.0,-0.03758177430749887,-0.07326989073062973,0.10883631954376605,0.211340819466465,0.9236761150872923
2024-08-09,1010.7999877929688,1034.199951171875,981.9500122070312,1022.25,1022.25,514000.0,-0.014366315444557132,-0.06490116569783866,0.025223172229327462,0.16701864918564624,0.9245974828443129
2024-08-16,1019.25,1051.949951171875,1015.8499755859376,1048.6500244140625,1048.6500244140625,371400.0,0.025825409062423477,-0.043377056080854626,0.024422409420944646,0.18800273015982327,0.9778385520002366
2024-08-23,1054.449951171875,1062.199951171875,1016.7999877929688,1018.0999755859376,1018.0999755859376,300600.0,-0.029132740301221927,-0.05525917271750935,-0.0012753078251808159,0.10813602784863963,0.9103104461332552
2024-08-30,1023.0999755859376,1058.4000244140625,1011.75,1053.4000244140625,1053.4000244140625,683600.0,0.03467247782597083,0.015667935802422095,-0.015053740613312327,0.14862070925369109,0.8688902311485134
2024-09-06,1057.1500244140625,1064.75,1028.8499755859375,1032.0999755859375,1032.0999755859375,376700.0,-0.02022028510961238,0.009635583845377882,-0.08590913302399339,0.12613199736599845,0.7451808132887792
2024-09-13,1030.949951171875,1056.300048828125,1022.25,1053.6500244140625,1053.6500244140625,353000.0,0.02087980751660301,0.004768034981731617,-0.06913154723228032,0.269228444771475,0.7951273575277056
2024-09-20,1063.9000244140625,1114.300048828125,1042.949951171875,1101.5999755859375,1101.5999755859375,530700.0,0.045508423158382216,0.08201552107094767,-0.002851345928094551,0.2596912242263436,0.9618877570542075
2024-09-27,1112.449951171875,1140.4000244140625,1101.6500244140625,1117.800048828125,1117.800048828125,626700.0,0.014705949165958021,0.06113539293857917,-0.001206250776471407,0.24110366793731464,0.9418049186498365
2024-10-04,1105.9000244140625,1108.550048828125,1011.7999877929688,1031.800048828125,1031.800048828125,464400.0,-0.07693683686108299,-0.0002905985514070064,-0.0561652992006918,0.10029330720141294,0.7562554022606383
2024-10-11,1038.0,1066.5999755859375,1012.75,1040.5999755859375,1040.5999755859375,468400.0,0.008528713259712495,-0.01238556306718841,-0.05072065139804027,0.09260809419459815,0.6981070435946202
2024-10-18,1044.449951171875,1086.550048828125,1023.3499755859376,1047.300048828125,1047.300048828125,430300.0,0.006438663654988908,-0.049291873603147573,-0.0281631094496001,0.13068831182523621,0.7473931617403702
2024-10-25,1051.5999755859375,1059.3499755859375,957.0,974.3499755859376,974.3499755859376,460600.0,-0.0696553708021066,-0.12833249863656482,-0.060550592826340344,0.005469261503258105,0.671269254864387
2024-11-01,975.9000244140624,1014.7000122070312,961.2000122070312,1009.0999755859376,1009.0999755859376,480000.0,0.03566480306945419,-0.022000457615764968,-0.012863804758192598,0.048252168486826674,0.5675339426577672
2024-11-08,1003.9500122070312,1025.5,965.7999877929688,967.6500244140624,967.6500244140624,419200.0,-0.04107615912665852,-0.07010374099883931,-0.07724216670405282,0.03453258103512624,0.4614862710993499
2024-11-15,965.7999877929688,987.7999877929688,929.75,946.9500122070312,946.9500122070312,332100.0,-0.021392044318466863,-0.09581784774418778,-0.06988504575688459,-0.05029582249205866,0.36704200305977586
2024-11-22,961.0499877929688,1008.9500122070312,946.5999755859376,1006.25,1006.25,423000.0,0.06262208884158493,0.03273980111189401,-0.044759847466577574,-0.016998020806986425,0.4314673625806005
2024-11-29,1034.4000244140625,1044.199951171875,1016.3499755859376,1020.1500244140624,1020.1500244140624,720100.0,0.013813688858695494,0.010950400451361197,-0.011578288397004366,0.0007357268805552319,0.41089833571252665
2024-12-06,1022.3499755859376,1083.5,1016.1500244140624,1073.9000244140625,1073.9000244140625,466500.0,0.05268832888659891,0.10980209509562844,0.019218905263406638,0.004114094823807868,0.45377014575314045
2024-12-13,1071.4000244140625,1098.5,1061.050048828125,1085.050048828125,1085.050048828125,605700.0,0.010382739696971344,0.14583667019468916,-0.015023535879264749,-0.03901330945911419,0.41457540720408215
2024-12-20,1088.699951171875,1137.5,1056.25,1060.0999755859375,1060.0999755859375,607400.0,-0.022994398524873616,0.053515503687888266,-0.05161931537100839,-0.0634332072439815,0.3892929592360659
2024-12-27,1064.550048828125,1086.9000244140625,1060.0,1071.3499755859375,1071.3499755859375,249000.0,0.010612206640021826,0.0501886486757499,0.038330999114345454,-0.030233106507411178,0.3681757132843384
2025-01-03,1068.6500244140625,1078.9000244140625,1032.1500244140625,1045.0999755859375,1045.0999755859375,317400.0,-0.02450179735678204,-0.02681818434992478,0.004324428315949369,-0.06616632910042097,0.2377568612596801
2025-01-10,1051.4000244140625,1056.1500244140625,961.4500122070312,963.2999877929688,963.2999877929688,414700.0,-0.07827001215563845,-0.11220686194765728,-0.08020629916817823,-0.11882543832869519,0.0933545214682272
2025-01-17,949.25,952.6500244140624,897.5,939.25,939.25,583300.0,-0.024966249452644584,-0.11399865896529371,-0.03602399185655014,-0.1431763894936231,0.08146229130685079
2025-01-24,943.75,950.0499877929688,851.0499877929688,853.5499877929688,853.5499877929688,588500.0,-0.09124302603889412,-0.20329490153192065,-0.1541472515670691,-0.20795251848385654,0.036427661277000256
2025-01-31,849.0499877929688,927.2000122070312,839.75,921.3499755859376,921.3499755859376,886600.0,0.07943294331042039,-0.11840972432385632,-0.047847928135134055,-0.11165216805885536,0.07609199071484363
2025-02-07,943.4000244140624,968.25,909.4500122070312,917.7000122070312,917.7000122070312,485900.0,-0.00396153847682601,-0.04733725336217676,-0.030888642085581508,-0.10227438277619838,0.04766253715187152
2025-02-14,915.9000244140624,918.4000244140624,818.75,831.4500122070312,831.4500122070312,574600.0,-0.09398496115584898,-0.11477241181045383,-0.17371427358307456,-0.20712345124713338,-0.05806049540189617
2025-02-21,823.6500244140625,866.4500122070312,806.0499877929688,844.5,844.5,395100.0,0.01569545685413898,-0.0106027624888958,-0.17218058149334403,-0.17051368210280848,-0.08081632653061221
2025-02-28,837.5499877929688,844.2000122070312,787.2000122070312,797.9000244140625,797.9000244140625,480100.0,-0.05518055131549737,-0.13398812008798988,-0.2570071642847668,-0.2425479343823994,-0.12997487116463824
2025-03-07,798.25,840.25,783.0,816.3499755859375,816.3499755859375,406900.0,0.02312313649247444,-0.11043917976785356,-0.24763841403665088,-0.2090398266674851,-0.10927444016809873
2025-03-14,816.6500244140625,834.7999877929688,790.5,800.1500244140625,800.1500244140625,344100.0,-0.01984437025339214,-0.03764506264169143,-0.24521267536884495,-0.24059222144560954,-0.036138046278050284
2025-03-21,801.8499755859375,882.1500244140625,792.0,862.75,862.75,769500.0,0.07823529797649953,0.02161042036708105,-0.1947075935404311,-0.21682097029722058,-0.013436249285305846
2025-03-28,873.8499755859375,888.2999877929688,845.2999877929688,851.2999877929688,851.2999877929688,503600.0,-0.013271529651731395,0.06692563196513301,-0.18543679295783577,-0.23841478743407518,-0.054793799237611185
2025-04-04,852.2000122070312,858.5499877929688,814.5499877929688,823.0499877929688,823.0499877929688,367300.0,-0.03318454176563457,0.008207279239792031,-0.14559327496860963,-0.2023163899558309,-0.1223140626041389
2025-04-11,771.7999877929688,804.4000244140625,765.7999877929688,790.1500244140625,790.1500244140625,464100.0,-0.0399732262521848,-0.012497656308044003,-0.1587436524737157,-0.2406784134612847,-0.17035908845111558
2025-04-18,808.0,848.2999877929688,803.5999755859375,845.0999755859375,845.0999755859375,392500.0,0.06954369356961454,-0.02045786660569404,-0.009899844564324245,-0.19306794978997566,-0.08761136239035083
2025-04-25,852.75,904.6500244140624,839.6500244140625,859.3499755859375,859.3499755859375,776600.0,0.01686191032027895,0.009456111721367177,-0.06729256161381114,-0.1180274058413594,-0.11320366708519891
2025-05-02,860.25,901.0999755859376,857.7999877929688,881.5499877929688,881.5499877929688,580800.0,0.025833493730996526,0.07107709236090187,-0.03939198423581047,-0.1263997531254587,-0.08424664682313487
2025-05-09,887.25,890.9000244140625,808.4000244140625,823.75,823.75,520000.0,-0.06556631908948884,0.04252353926186814,-0.009260944246776814,-0.14871081567036348,-0.11931360292817383
2025-05-16,857.5,917.2999877929688,852.7000122070312,912.5499877929688,912.5499877929688,630600.0,0.10779968169100917,0.07981305662713556,0.0805802105304545,-0.03632718091833298,-0.08479589796728637
2025-05-23,914.8499755859376,947.2999877929688,908.5,936.8499755859376,936.8499755859376,745600.0,0.02662866486003601,0.09018444429134664,0.17414456312858606,-0.06896896836180111,-0.08479465320953727
2025-05-30,939.5999755859376,962.0,935.5499877929688,949.3499755859376,949.3499755859376,731400.0,0.013342584539410396,0.07690997530691557,0.1629203209132688,-0.06940160479708835,-0.06871693854273608
2025-06-06,951.5,1042.5999755859375,943.0,1039.5999755859375,1039.5999755859375,956800.0,0.09506504694888496,0.2620333542773141,0.29925631927240204,-0.03193970392806322,-0.02795701207485979
2025-06-13,1049.6500244140625,1049.699951171875,981.9000244140624,1007.0499877929688,1007.0499877929688,551000.0,-0.031310108269888115,0.10355597092116708,0.16725585371540852,-0.07188614121477421,-0.10809493440085483
2025-06-20,1007.0,1038.699951171875,989.5,1013.6500244140624,1013.6500244140624,573700.0,0.006553832184197805,0.08197689152960841,0.19070837419132713,-0.04381657602265421,-0.10447035731906906
2025-06-27,1006.8499755859376,1029.5999755859375,991.5,993.9500122070312,993.9500122070312,559600.0,-0.01943472769945298,0.04697955208095572,0.20764233879929406,-0.07224526545265941,-0.10029417315498412
2025-07-04,999.4500122070312,1001.25,960.2999877929688,971.9500122070312,971.9500122070312,1005100.0,-0.022133909884612613,-0.06507307134244356,0.23008287309461628,-0.06999326867067868,-0.1315284001214213
2025-07-11,972.1500244140624,983.0499877929688,961.5,962.9000244140624,962.9000244140624,426900.0,-0.00931116588230585,-0.04384088567009925,0.13939184975889973,-0.00041520127060601375,-0.11919130312632675
2025-07-18,964.9500122070312,1007.6500244140624,961.6500244140624,999.9000244140624,999.9000244140624,719800.0,0.03842558839118837,-0.01356483960817556,0.16355391030562672,0.0645728234379157,-0.08784886977495732
2025-07-25,1000.9000244140624,1009.2999877929688,947.9000244140624,950.5999755859376,950.5999755859376,885600.0,-0.04930497812220214,-0.04361390018481548,0.07832793233409374,0.11370158652794538,-0.11789546323000755
2025-08-01,945.0999755859376,946.0499877929688,893.4500122070312,896.1500244140625,896.1500244140625,573100.0,-0.05727956298159265,-0.0779875372611476,0.08789077318854321,-0.02735111720803929,-0.13594947373178523
2025-08-08,897.4000244140625,915.75,871.4000244140625,874.1500244140625,874.1500244140625,440900.0,-0.024549460916864274,-0.09216948566805305,-0.04207984646603058,-0.047455581577505734,-0.14487647403857906
2025-08-15,875.25,893.2000122070312,871.5,879.3499755859375,879.3499755859375,294200.0,0.005948579793680686,-0.12056210209492368,-0.0613758888812882,0.057610154159188465,-0.1614457110442753
2025-08-22,890.25,930.5,887.5999755859375,909.6500244140624,909.6500244140624,425300.0,0.03445732605830232,-0.04307800570543274,-0.04181803570108322,0.07714626928841017,-0.10652190725125987
2025-08-29,913.5499877929688,923.6500244140624,867.9500122070312,870.75,870.75,293200.0,-0.042763726015529135,-0.028343495756382953,-0.162418218113915,0.09130213479995164,-0.17339094378287945
2025-09-05,867.2000122070312,904.3499755859376,864.9500122070312,872.5,872.5,349200.0,0.0020097616996841428,-0.001887575779876527,-0.13360805265272468,0.06878180448742066,-0.15463615866799185
2025-09-12,878.9000244140625,891.7000122070312,868.9000244140625,884.3499755859375,884.3499755859375,318200.0,0.013581633909383939,0.005686018239402735,-0.12755886717692966,0.10523020509001846,-0.1606795851613757
2025-09-19,887.7999877929688,928.3499755859376,885.7999877929688,923.5,923.5,1161000.0,0.04426983150886965,0.015225608986114025,-0.07087882825274028,0.0704143726456099,-0.1616739102515019
2025-09-26,924.75,933.8499755859376,866.1500244140625,867.1500244140625,867.1500244140625,1109800.0,-0.0610178403745939,-0.004134338887094469,-0.10782446265420254,0.018618626627947776,-0.22423511671594398
2025-10-03,872.9000244140625,881.0999755859375,862.7000122070312,876.0999755859375,876.0999755859375,679400.0,0.010321110442131909,0.004126046516833792,-0.09014440401634005,0.064455365506078,-0.15090140131222618
2025-10-10,880.0,900.5,871.5999755859375,896.6500244140625,896.6500244140625,717200.0,0.02345628284532375,0.013908575979747706,-0.10326032351134706,0.13478453041746774,-0.13833360998381738
2025-10-17,895.2999877929688,939.9000244140624,884.5499877929688,933.75,933.75,722100.0,0.04137620540431186,0.011099079588521965,-0.017725621732265995,0.1048988604603831,-0.10842169725398343
2025-10-24,938.6500244140624,948.25,929.0999755859376,940.9000244140624,940.9000244140624,308100.0,0.007657321996318522,0.08504872043316047,0.04993583527407619,0.09489736561931128,-0.03433053010727449
2025-10-31,945.9500122070312,964.0,940.4000244140624,947.5499877929688,947.5499877929688,513500.0,0.007067662032475219,0.08155463325888723,0.08396723826451402,0.07486813103501522,-0.06099493537023393
2025-11-07,948.1500244140624,974.5,930.5999755859376,946.4000244140624,946.4000244140624,277300.0,-0.0012136176388802822,0.055484301171474515,0.07624956011791251,0.14889229063922604,-0.02196041901912571
2025-11-14,947.9500122070312,952.8499755859376,932.75,941.1500244140624,941.1500244140624,379500.0,-0.005547337135003105,0.007925059613453689,0.034628702418042945,0.03134078900188664,-0.0061249144286412704
2025-11-21,945.7999877929688,949.5,903.2999877929688,905.5999755859376,905.5999755859376,347000.0,-0.03777298826534847,-0.03751732161991128,0.04002294066716927,-0.0333564613485261,-0.10002486898291918
2025-11-28,905.7999877929688,916.25,884.5999755859375,903.1500244140624,903.1500244140624,482800.0,-0.0027053348475303274,-0.046857647565721194,0.03512896780981367,-0.048664825786044474,-0.11468901357641059
2025-12-05,906.7999877929688,908.5999755859376,881.75,893.1500244140625,893.1500244140625,339100.0,-0.011072357559296475,-0.05626584808360313,0.009950866818642101,-0.14087144537429708,-0.16831175704518697
2025-12-12,893.7000122070312,898.3499755859375,851.5999755859375,886.5499877929688,886.5499877929688,675200.0,-0.007389617019182837,-0.058014169053532516,-0.04001084158855572,-0.11965642367374973,-0.182940926319058
2025-12-19,884.7000122070312,887.0,856.0499877929688,884.9000244140625,884.9000244140625,366500.0,-0.0018611058616263554,-0.02285772054982882,0.020469353053404804,-0.1270162254220074,-0.16526738534734764
2025-12-26,888.9500122070312,892.4500122070312,880.0499877929688,883.1500244140625,883.1500244140625,231100.0,-0.0019776245357873146,-0.022144715118593172,0.008047082552889995,-0.1114744065920793,-0.17566617394931627
2026-01-02,883.9000244140625,899.7999877929688,865.7000122070312,898.7999877929688,898.7999877929688,299100.0,0.017720617048376797,0.006325883921475262,0.0023977731783493272,-0.0752610972738803,-0.13998659574261818
2026-01-09,902.6500244140624,920.3499755859376,868.9500122070312,874.0,874.0,634200.0,-0.027592332142622578,-0.014155984395433197,-0.06398929049531454,-0.0923252904351719,-0.09270215812788007
2026-01-16,874.25,878.3499755859375,843.5999755859375,853.0,853.0,570200.0,-0.024027459954233388,-0.036049297699121574,-0.09342121599880004,-0.14691471229850728,-0.0918285866382752
2026-01-23,849.0999755859375,849.9500122070312,754.5499877929688,756.3499755859375,756.3499755859375,915100.0,-0.11330600751941677,-0.1435770201243579,-0.20178356252462615,-0.2043446296958581,-0.11387735176279734
2026-01-30,759.8499755859375,784.5,742.2000122070312,783.0,783.0,833600.0,0.03523504366271313,-0.12883843943669737,-0.17265429015096134,-0.1262623682770576,-0.15016006865138642
2026-02-06,764.1500244140625,826.0999755859375,760.5499877929688,824.8499755859375,824.8499755859375,941100.0,0.05344824468191245,-0.05623572587421344,-0.12357227414463545,-0.05639769770774816,-0.10117689374090033
2026-02-13,832.25,855.5,811.2000122070312,823.5999755859375,823.5999755859375,571600.0,-0.0015154270921958757,-0.03446661713254684,-0.09054770562128689,-0.06339910336934063,-0.009441381328814114
2026-02-20,819.2999877929688,842.4500122070312,812.0,820.7000122070312,820.7000122070312,464800.0,-0.003521082400279485,0.08507971005253534,-0.0912916015924623,-0.09778487310471629,-0.028182341969175573
2026-02-27,824.4500122070312,828.6500244140625,778.2000122070312,780.5999755859375,780.5999755859375,458600.0,-0.04886077254130472,-0.0030651652797732964,-0.12601471841414524,-0.1035314664531295,-0.021681975559318056
2026-03-06,751.75,770.6500244140625,734.0,742.0,742.0,681200.0,-0.049449111956432534,-0.10044247807255435,-0.1630477579192351,-0.14957020057306591,-0.09107610437860625
2026-03-13,726.0999755859375,754.2999877929688,704.7999877929688,709.7999877929688,709.7999877929688,530400.0,-0.04339624286661892,-0.13817386008542254,-0.19787550207949922,-0.19737659593117352,-0.11291637051096226
2026-03-20,710.4000244140625,735.5999755859375,685.0,696.4000244140625,696.4000244140625,670800.0,-0.018878506071226764,-0.1514560569564274,-0.21145897620724374,-0.24591226376387387,-0.19281364889705888
2026-03-27,686.3499755859375,700.6500244140625,661.3499755859375,670.1500244140625,670.1500244140625,1091300.0,-0.03769385278538184,-0.14149366465066637,-0.25439471126425284,-0.2271809888180697,-0.2127921601978936
2026-04-03,661.7999877929688,675.1500244140625,638.6500244140625,672.0999755859375,672.0999755859375,657700.0,0.0029097233467683115,-0.09420488465507071,-0.23100689292226828,-0.23285013775233177,-0.18340321298322093
2026-04-10,672.0499877929688,767.0999755859375,663.4000244140625,759.25,759.25,1068200.0,0.12966824517153874,0.06966753037118201,-0.1099062133645955,-0.15323707207151405,-0.03910652845575302
2026-04-17,739.4000244140625,791.9000244140625,729.0999755859375,786.9000244140625,786.9000244140625,581800.0,0.03641754944229514,0.1299540448410308,0.0403914190708583,-0.1572690501589692,-0.06886753384594868
2026-04-24,785.5999755859375,807.6500244140625,773.3499755859375,778.0,778.0,593100.0,-0.011310235275046043,0.1609340769333476,-0.0063856960408684715,-0.1731321290118012,-0.09466454633977273
2026-05-01,784.5999755859375,817.2999877929688,783.2999877929688,793.5499877929688,793.5499877929688,565600.0,0.019987130839291378,0.18070230117349873,-0.03794627958949093,-0.16252440713834682,-0.09982417471335359
2026-05-08,800.4500122070312,829.2999877929688,798.4000244140625,823.5999755859375,823.5999755859375,688300.0,0.037867794411470035,0.08475465997489295,0.0,-0.12975490877037243,-0.00018212371965098395
2026-05-15,819.0499877929688,819.0499877929688,747.2999877929688,756.2999877929688,756.2999877929688,573200.0,-0.08171441207861763,-0.03888681620499246,-0.07846962770340116,-0.19640868280928625,-0.17122349689346406
2026-05-22,746.4000244140625,780.3499755859375,734.9000244140625,774.4000244140625,774.4000244140625,484800.0,0.023932350804226843,-0.004627217976783449,-0.007942545946431956,-0.14487627507607503,-0.17340017655470763
2026-05-29,783.0999755859375,800.0999755859375,778.6500244140625,782.5499877929688,782.5499877929688,584300.0,0.010524229238077387,-0.013861760656809219,0.054649579235807044,-0.13353267271330194,-0.1756991542450087
2026-06-05,786.6500244140625,788.75,753.7000122070312,768.9000244140625,768.9000244140625,801300.0,-0.017442928364746813,-0.06641567847662888,0.08326294398068068,-0.13911436668381927,-0.2603885701510368
2026-06-12,760.75,770.9500122070312,738.4500122070312,769.5999755859375,769.5999755859375,402200.0,0.0009103279355575644,0.01758559831764739,0.10511193079503989,-0.13191586917526632,-0.23578771171768953
2026-06-19,786.2999877929688,824.5999755859375,785.4000244140625,811.9000244140625,811.9000244140625,785400.0,0.05496368265334173,0.04842458525020543,0.21151980129216197,-0.08249519492141166,-0.19903319206904857
2026-06-26,815.6500244140625,839.0499877929688,801.2999877929688,826.25,826.25,483000.0,0.017674559865044515,0.055843093589814874,0.2293557952887506,-0.06442849214867374,-0.16872077081085723
2026-07-03,826.4500122070312,892.2999877929688,816.4500122070312,890.7999877929688,890.7999877929688,791700.0,0.07812403968891823,0.15853811875191415,0.1732630724965014,-0.008900756685193412,-0.08349197324437818
2026-07-10,898.4500122070312,939.5999755859376,871.0,938.5999755859376,938.5999755859376,1251700.0,0.053659618823522104,0.21959460156080612,0.1927817339754605,0.0739130155445511,-0.025236315517710883
2026-07-17,931.2000122070312,938.8499755859376,901.6500244140624,918.7000122070312,918.7000122070312,702600.0,-0.021201751434612448,0.131543274518368,0.1808483447391147,0.07702228863661342,-0.08120813103751456
2026-09-18,836.1500244140625,851.6500244140625,835.5499877929688,844.2000122070312,844.2000122070312,0.0,-0.08109284751289547,0.02172467438067316,0.06382713778993421,0.11614998275505606,-0.11192927215606419
