Date,Open,High,Low,Close,Adj Close,Volume,Return_1W,Return_4W,Return_12W,Return_26W,Return_52W
2011-02-04,4061.5,4223.25,4028.699951171875,4116.5498046875,4116.5498046875,0,,,,,
2011-02-11,4132.60009765625,4148.10009765625,3851.75,4048.35009765625,4048.35009765625,0,-0.01656720075476581,,,,
2011-02-18,4066.050048828125,4394.7001953125,4066.050048828125,4279.39990234375,4279.39990234375,0,0.05707258490842082,,,,
2011-02-25,4281.60009765625,4315.89990234375,3955.14990234375,4070.5,4070.5,0,-0.04881523276881394,,,,
2011-03-04,4081.050048828125,4297.2001953125,4069.75,4244.64990234375,4244.64990234375,0,0.04278341784639483,0.031118316001031543,,,
2011-03-11,4230.60009765625,4256.10009765625,4116.14990234375,4124.64990234375,4124.64990234375,0,-0.028270882819744436,0.018847135955873284,,,
2011-03-18,4131.25,4262.0498046875,4070.199951171875,4155.39990234375,4155.39990234375,486700,0.007455178191615008,-0.028976025337591693,,,
2011-03-25,4173.60009765625,4330.0498046875,4122.0,4323.25,4323.25,459400,0.040393247726068005,0.0620931089546739,,,
2011-04-01,4320.7998046875,4567.75,4320.7998046875,4399.35009765625,4399.35009765625,766900,0.017602520709246505,0.03644592578226069,,,
2011-04-08,4407.10009765625,4550.85009765625,4407.10009765625,4456.39990234375,4456.39990234375,632400,0.012967780108678495,0.08043106878270789,,,
2011-04-15,4458.0,4557.89990234375,4428.14990234375,4504.0,4504.0,315200,0.01068128953849401,0.08389086630618414,,,
2011-04-22,4503.7998046875,4556.4501953125,4401.64990234375,4528.10009765625,4528.10009765625,504400,0.005350820971636416,0.04738335688573403,,,
2011-04-29,4536.9501953125,4639.89990234375,4360.7998046875,4385.75,4385.75,510500,-0.031437047456157274,-0.0030913878992024912,0.06539461638626665,,
2011-05-06,4389.75,4402.5,4015.199951171875,4166.2998046875,4166.2998046875,1073200,-0.05003709634897113,-0.06509741136644354,0.029135253667793126,,
2011-05-13,4174.5,4190.5,4095.60009765625,4145.60009765625,4145.60009765625,488000,-0.004968367136700236,-0.07957369057365671,-0.03126602040959536,,
2011-05-20,4140.2001953125,4140.2001953125,3807.199951171875,3825.050048828125,3825.050048828125,560600,-0.0773229547657891,-0.15526380461245204,-0.06029970548381647,,
2011-05-27,3820.35009765625,3820.35009765625,3703.25,3796.0,3796.0,563600,-0.007594684633479454,-0.1344695890098615,-0.10569774013541633,,
2011-06-03,3801.25,3933.60009765625,3780.25,3861.64990234375,3861.64990234375,464600,0.017294494821851858,-0.07312241476261228,-0.06376298745999154,,
2011-06-10,3854.39990234375,3901.14990234375,3806.300048828125,3826.050048828125,3826.050048828125,279800,-0.009218819524270838,-0.07708173516514183,-0.07925828109344268,,
2011-06-17,3822.800048828125,3838.89990234375,3693.300048828125,3740.550048828125,3740.550048828125,364400,-0.022346806473738545,-0.022091214211925947,-0.13478284882250047,,
2011-06-24,3745.85009765625,3816.35009765625,3639.35009765625,3807.0,3807.0,328300,0.017764753927752786,0.002897787144362507,-0.13464490993154288,,
2011-07-01,3798.60009765625,3947.5,3782.949951171875,3931.550048828125,3931.550048828125,503600,0.03271606220859602,0.018101109176663188,-0.11777440647541326,,
2011-07-08,3953.800048828125,4074.85009765625,3946.64990234375,4018.199951171875,4018.199951171875,438700,0.02203962845890195,0.05022148165641571,-0.10785969112524973,,
2011-07-15,4009.699951171875,4040.39990234375,3888.64990234375,4002.64990234375,4002.64990234375,335900,-0.0038699041902058307,0.0700698694294275,-0.11604208917211734,,
2011-07-22,3998.35009765625,4079.550048828125,3972.550048828125,4066.199951171875,4066.199951171875,368100,0.01587699408607124,0.06808509355709869,-0.07286098132089724,,
2011-07-29,4062.25,4109.0,3818.75,3842.300048828125,3842.300048828125,657300,-0.055063672478580905,-0.022700970073267324,-0.0777667885289588,,
2011-08-05,3862.300048828125,3899.89990234375,3591.75,3668.60009765625,3668.60009765625,419000,-0.045207284429765515,-0.08700409580505497,-0.11506174950875647,-0.10881678305487064,
2011-08-12,3620.199951171875,3741.10009765625,3556.89990234375,3609.050048828125,3609.050048828125,490400,-0.016232363092987367,-0.09833481896209628,-0.0564698493464616,-0.10851335438663101,
2011-08-19,3598.10009765625,3640.75,3295.39990234375,3324.25,3324.25,432300,-0.07891274572947549,-0.18246765040613555,-0.12427555321390937,-0.22319715944766738,
2011-08-26,3333.64990234375,3380.949951171875,3084.60009765625,3106.35009765625,3106.35009765625,568300,-0.06554859061254414,-0.1915389068577127,-0.19558992238760076,-0.2368627692774229,
2011-09-02,3137.5,3283.14990234375,3137.5,3246.14990234375,3246.14990234375,274500,0.04500452308739433,-0.11515296954344789,-0.15156627307109893,-0.23523730412929056,
2011-09-09,3229.449951171875,3384.300048828125,3183.35009765625,3269.60009765625,3269.60009765625,529500,0.0072240025932162055,-0.09405520748655061,-0.125903929909832,-0.20730239533824069,
2011-09-16,3246.0,3280.199951171875,3101.25,3251.5,3251.5,594100,-0.005535875065952212,-0.021884635632097416,-0.14591541896506433,-0.21752416700831312,
2011-09-23,3236.39990234375,3337.85009765625,3134.60009765625,3225.75,3225.75,502800,-0.00791942180532057,0.038437361723598906,-0.1795220816376234,-0.253859943329671,
2011-09-30,3227.050048828125,3331.10009765625,3171.5,3200.300048828125,3200.300048828125,435600,-0.007889622931682605,-0.014124379617380223,-0.20354883089011444,-0.27255163199376153,
2011-10-07,3171.5,3171.5,2954.949951171875,3020.39990234375,3020.39990234375,467400,-0.05621352490065745,-0.07621733174376111,-0.24539992853855241,-0.3222331997729302,
2011-10-14,3025.800048828125,3272.25,2993.35009765625,3225.39990234375,3225.39990234375,516700,0.06787180725337905,-0.008027094466015683,-0.20677784145509304,-0.28388101635351914,
2011-10-21,3242.449951171875,3280.5,3148.5,3231.550048828125,3231.550048828125,389000,0.001906785722882276,0.0017980466025342423,-0.15895427016072694,-0.2863342286755588,
2011-10-28,3253.89990234375,3292.199951171875,3060.64990234375,3200.75,3200.75,526300,-0.009531044966886504,0.00014059655813825067,-0.12752823562185045,-0.27019323946873397,
2011-11-04,3209.0,3353.199951171875,3156.949951171875,3329.5,3329.5,733700,0.04022494727798165,0.10233747439085694,-0.07745806931075838,-0.20084963730790983,
2011-11-11,3341.14990234375,3359.75,3114.699951171875,3136.199951171875,3136.199951171875,422500,-0.058056779945374726,-0.027655470289763895,-0.056569165624764994,-0.24348710022827524,
2011-11-18,3158.550048828125,3172.39990234375,2924.0,2959.050048828125,2959.050048828125,501700,-0.05648552550916153,-0.08432485831337133,-0.047419010799607975,-0.2264022663612768,
2011-11-25,2955.89990234375,2955.89990234375,2822.5,2929.050048828125,2929.050048828125,522500,-0.010138388842689916,-0.08488633950538937,-0.09768490767683768,-0.22838512939195865,
2011-12-02,2958.85009765625,3142.39990234375,2939.5,3127.75,3127.75,606300,0.06783767701455701,-0.06059468388646949,-0.043384540439037944,-0.1900482749351059,
2011-12-09,3128.35009765625,3207.89990234375,3016.60009765625,3083.300048828125,3083.300048828125,411300,-0.014211478274118727,-0.01686751583679591,-0.05172995576560813,-0.19412971354817898,
2011-12-16,3096.199951171875,3120.550048828125,2795.85009765625,2813.199951171875,2813.199951171875,573300,-0.08760097732262784,-0.04928950009277844,-0.1278927532599008,-0.24791810978355422,
2011-12-23,2801.14990234375,2801.14990234375,2593.85009765625,2690.199951171875,2690.199951171875,664200,-0.043722452059891004,-0.08154524288576459,-0.15939133514778925,-0.2933543600809364,
2011-12-30,2687.0,2728.89990234375,2566.949951171875,2612.050048828125,2612.050048828125,452600,-0.02904984899345764,-0.1648788909509632,-0.13519728073052728,-0.3356182634361484,
2012-01-06,2621.14990234375,2776.550048828125,2589.800048828125,2733.35009765625,2733.35009765625,430900,0.04643863883180388,-0.11349850667465244,-0.15255466595939005,-0.3197575703371628,
2012-01-13,2727.949951171875,2955.35009765625,2686.5,2918.89990234375,2918.89990234375,581400,0.06788365853558331,0.03757285404752131,-0.09674928184935683,-0.27075812934961174,
2012-01-20,2903.5,3134.949951171875,2863.85009765625,3122.89990234375,3122.89990234375,491400,0.06988934421361859,0.16084304476453015,-0.02432245494220109,-0.231985652490175,
2012-01-27,3121.949951171875,3357.75,3118.800048828125,3278.60009765625,3278.60009765625,879700,0.049857568343976144,0.25518272482074655,-0.015287551387220266,-0.1467089878479948,
2012-02-03,3256.949951171875,3375.050048828125,3183.0,3365.39990234375,3365.39990234375,894300,0.02647465445680619,0.23123631518313736,0.07308205941596047,-0.08264738244601932,-0.18247074321520862
2012-02-10,3387.949951171875,3585.39990234375,3387.949951171875,3537.800048828125,3537.800048828125,847500,0.05122723940305307,0.21203198711522275,0.1955864180902256,-0.019742037111160404,-0.12611311682843407
2012-02-17,3540.300048828125,3902.199951171875,3469.64990234375,3842.39990234375,3842.39990234375,868200,0.08609866281632339,0.23039483252729687,0.3118245978354124,0.1558697156783484,-0.10211712155264174
2012-02-24,3845.10009765625,3921.39990234375,3511.550048828125,3528.25,3528.25,740500,-0.08175877324797132,0.07614527386923942,0.1280473183598434,0.13581852948966522,-0.1332145928018671
2012-03-02,3534.050048828125,3636.5,3344.800048828125,3569.89990234375,3569.89990234375,866000,0.01180469137497342,0.060765438264136495,0.1578178723477035,0.09973353349032021,-0.1589648181885216
2012-03-09,3562.5,3594.550048828125,3386.25,3559.449951171875,3559.449951171875,503000,-0.0029272392665727898,0.006119594676053275,0.26526731585116803,0.0886499403163703,-0.13702979999604603
2012-03-16,3628.75,3765.449951171875,3511.949951171875,3528.25,3528.25,733400,-0.008765385551102622,-0.08175877324797132,0.31151961342615553,0.08511456250961102,-0.15092407880888237
2012-03-23,3530.85009765625,3573.949951171875,3382.300048828125,3452.35009765625,3452.35009765625,557600,-0.021512053381633978,-0.021512053381633978,0.32170135836605374,0.07024725960048062,-0.20144564907043316
2012-03-30,3446.5,3446.5,3278.14990234375,3385.10009765625,3385.10009765625,734300,-0.01947948443747205,-0.05176610261990067,0.238443659507376,0.05774460082134936,-0.23054541636509918
2012-04-06,3390.5,3471.949951171875,3390.5,3455.449951171875,3455.449951171875,214700,0.020782207759331373,-0.02921799756329213,0.1838192698548171,0.14403723443724714,-0.2246095442748408
2012-04-13,3442.050048828125,3561.050048828125,3353.199951171875,3459.949951171875,3459.949951171875,499100,0.0013022906028414827,-0.019358052526925573,0.10792854698133847,0.07271968001787577,-0.23180507300802067
2012-04-20,3456.800048828125,3620.64990234375,3449.300048828125,3476.550048828125,3476.550048828125,551000,0.004797785485488815,0.0070097036764329435,0.06037636347091624,0.07581501022670079,-0.23222765092415
2012-04-27,3479.89990234375,3502.64990234375,3239.5,3264.75,3264.75,673000,-0.06092247942741935,-0.03555289184493449,-0.0299072637024963,0.019995313598375475,-0.2556005244256968
2012-05-04,3279.550048828125,3351.449951171875,3100.85009765625,3112.39990234375,3112.39990234375,503300,-0.046665165068152215,-0.09927796775403552,-0.12024425931739313,-0.06520501506419885,-0.2529582487458075
2012-05-11,3069.0,3173.800048828125,2867.300048828125,2914.10009765625,2914.10009765625,901700,-0.06371282962005398,-0.15776235529960403,-0.24159375085379964,-0.07081814201056758,-0.29706193819713556
2012-05-18,2921.25,2961.85009765625,2821.949951171875,2940.550048828125,2940.550048828125,660600,0.009076541740329347,-0.15417583307355942,-0.1665698153962658,-0.006252006452992065,-0.23123880438400612
2012-05-25,2958.14990234375,3054.39990234375,2912.449951171875,3014.0,3014.0,601000,0.02497830336237472,-0.07680526839727386,-0.15571862448546092,0.029002560473783134,-0.20600632244467865
2012-06-01,3023.050048828125,3173.14990234375,3005.25,3014.64990234375,3014.64990234375,759000,0.0002156278512772669,-0.031406632523793165,-0.15305737018405352,-0.03616021026496685,-0.2193362996179251
2012-06-08,2981.85009765625,3261.85009765625,2941.85009765625,3248.60009765625,3248.60009765625,733100,0.07760443265090733,0.11478672275843627,-0.07926022882271666,0.05361140538072218,-0.15092587493693166
2012-06-15,3270.39990234375,3326.85009765625,3190.64990234375,3250.10009765625,3250.10009765625,672400,0.0004617373499071764,0.10526943724405835,-0.05858328219299214,0.15530362365546702,-0.13111706694728698
2012-06-22,3284.64990234375,3310.300048828125,3074.25,3222.449951171875,3222.449951171875,701400,-0.008507475355701954,0.06916056774116619,-0.04804884399045972,0.197847747253191,-0.15354611211666014
2012-06-29,3227.5,3284.550048828125,3158.14990234375,3259.699951171875,3259.699951171875,583600,0.011559527863715502,0.08128640365092155,-0.056649641223602054,0.24794697277500966,-0.1708868230881374
2012-07-06,3273.949951171875,3364.199951171875,3260.449951171875,3337.25,3337.25,591600,0.023790548206820583,0.02728864731848879,-0.03546292660398653,0.220937633588018,-0.16946641766129178
2012-07-13,3312.0,3374.75,3269.39990234375,3277.949951171875,3277.949951171875,482300,-0.017769135913738854,0.008568921780504057,-0.05712562594149739,0.12300868849247748,-0.18105504324710664
2012-07-20,3284.699951171875,3322.60009765625,3167.89990234375,3176.550048828125,3176.550048828125,415600,-0.030933938545187112,-0.01424379060629255,-0.02701583618098624,0.017179592097751994,-0.21879147927473508
2012-07-27,3155.0,3157.199951171875,2857.550048828125,2868.39990234375,2868.39990234375,709300,-0.097007804614335,-0.12004173840830079,-0.07839609550696203,-0.12511443393347577,-0.2534680098139155
2012-08-03,2878.10009765625,2999.10009765625,2865.550048828125,2950.300048828125,2950.300048828125,740200,0.028552555178047223,-0.11594874557551127,0.012422343076337716,-0.12334339619684986,-0.19579676980519722
2012-08-10,2981.14990234375,3031.949951171875,2794.35009765625,2811.10009765625,2811.10009765625,613300,-0.04718162521373581,-0.14242128783837138,-0.0440223594301562,-0.2054101252592243,-0.22109694805450897
2012-08-17,2815.699951171875,2877.550048828125,2788.39990234375,2839.800048828125,2839.800048828125,436400,0.010209508795436806,-0.10601123697837911,-0.05779693137752984,-0.2609306368408111,-0.14573210533861025
2012-08-24,2844.050048828125,2869.550048828125,2805.10009765625,2810.25,2810.25,345200,-0.010405679385884659,-0.02027259249877822,-0.06780220223410971,-0.20350031885495645,-0.09532090342284938
2012-08-31,2808.25,2814.89990234375,2676.64990234375,2719.25,2719.25,488400,-0.032381460724134836,-0.07831408500972614,-0.1629471408432689,-0.23828396470872248,-0.16231533299288592
2012-09-07,2731.39990234375,2780.75,2695.0,2776.300048828125,2776.300048828125,427600,0.02098006760250981,-0.012379512510827917,-0.14578014048545684,-0.22001992248434743,-0.1508747351646269
2012-09-14,2785.64990234375,2901.0,2740.0,2896.10009765625,2896.10009765625,512900,0.04315097313732075,0.019825356665994054,-0.1012738315445193,-0.17916811516863884,-0.10930336839727817
2012-09-21,2927.75,3333.85009765625,2927.75,3320.699951171875,3320.699951171875,1283100,0.14661090404273125,0.18163862687372112,0.018713378812080572,-0.03813348668599703,0.029434999975780807
2012-09-28,3323.5,3398.800048828125,3258.89990234375,3369.5,3369.5,874800,0.01469571161071137,0.23912843614967372,0.009663645216870131,-0.004608459781455521,0.05287002736941249
2012-10-05,3372.10009765625,3478.75,3178.14990234375,3419.199951171875,3419.199951171875,600900,0.01474994841129984,0.23156715449942733,0.0430909568797726,-0.01049067430066708,0.13203551242293
2012-10-12,3419.39990234375,3419.39990234375,3249.85009765625,3345.0,3345.0,660000,-0.021700968715340663,0.15500151486719504,0.0530292136382422,-0.03322300981057302,0.03708070356464699
2012-10-19,3342.89990234375,3412.800048828125,3278.199951171875,3382.60009765625,3382.60009765625,562100,0.011240686892750373,0.01864069244272737,0.1792637752122186,-0.027023902964821045,0.04674228978223649
2012-10-26,3353.35009765625,3389.199951171875,3304.199951171875,3312.10009765625,3312.10009765625,369700,-0.020841955290206604,-0.017035139440198854,0.12263161130741063,0.014503437523929907,0.03478875190385056
2012-11-02,3237.35009765625,3270.10009765625,3065.800048828125,3236.64990234375,3236.64990234375,915100,-0.02278016759393564,-0.0533896968399169,0.1513819465348465,0.03992096256860678,-0.02788709946125545
2012-11-09,3229.75,3395.25,3194.800048828125,3266.050048828125,3266.050048828125,1152500,0.009083511461367877,-0.023602377031950672,0.15009859591202446,0.1207748324962965,0.041403641246703815
2012-11-16,3275.050048828125,3306.699951171875,3180.0,3189.199951171875,3189.199951171875,363700,-0.023529981631427943,-0.0571749958318688,0.13484563692620766,0.08455897645504873,0.07777830673560127
2012-11-23,3204.89990234375,3208.35009765625,3095.0,3169.300048828125,3169.300048828125,552100,-0.006239778831188647,-0.04311465372957024,0.16550521240346594,0.05152622721570177,0.0820231802102942
2012-11-30,3174.800048828125,3330.89990234375,3153.75,3324.699951171875,3324.699951171875,549800,0.04903287790665645,0.027204069480720072,0.19752904682447037,0.10284777963340797,0.06296857203161221
2012-12-07,3333.199951171875,3545.85009765625,3323.949951171875,3510.10009765625,3510.10009765625,836300,0.055764474751782034,0.07472330343366651,0.21200924667517418,0.08049621133381812,0.13842313173196996
2012-12-14,3517.5,3596.949951171875,3446.800048828125,3551.89990234375,3551.89990234375,863500,0.011908436661225208,0.11372756701523223,0.06962386080388994,0.09285861838690357,0.26258352196549706
2012-12-21,3555.800048828125,3670.10009765625,3496.0,3570.25,3570.25,787900,0.005166276685934168,0.12651056857810916,0.05957857248849985,0.10793031826658606,0.3271318358491411
2012-12-28,3576.25,3661.64990234375,3554.550048828125,3645.89990234375,3645.89990234375,433200,0.021188965014704797,0.09661020720340785,0.06630204562742148,0.1184771472702677,0.3958001700539595
2013-01-04,3640.449951171875,3833.64990234375,3640.449951171875,3828.85009765625,3828.85009765625,912300,0.05017970877228173,0.09080937612372786,0.1446487586416294,0.14730694363810026,0.4007902247646038
2013-01-11,3834.199951171875,3860.14990234375,3760.75,3771.5,3771.5,884800,-0.014978412889905424,0.061826094116938624,0.11497070038317947,0.15056668228008774,0.2920963808905024
2013-01-18,3772.64990234375,3858.89990234375,3732.800048828125,3819.449951171875,3819.449951171875,872800,0.012713761413728042,0.06979902000472649,0.15318071270691425,0.20238935085594667,0.22304590944633262
2013-01-25,3824.39990234375,3849.10009765625,3635.699951171875,3764.64990234375,3764.64990234375,923400,-0.014347628461870876,0.032570833862899606,0.1631316379376282,0.3124564323362584,0.1482491887421582
2013-02-01,3775.800048828125,3790.199951171875,3608.699951171875,3656.89990234375,3656.89990234375,1220400,-0.028621519343118296,-0.044909095662365006,0.11967050341309493,0.23950101407356517,0.08661674940829234
2013-02-08,3663.300048828125,3675.60009765625,3427.64990234375,3438.35009765625,3438.35009765625,830200,-0.05976368249714159,-0.08833352839553232,0.07812308738836671,0.22313328526542642,-0.028110676069671325
2013-02-15,3445.050048828125,3486.949951171875,3327.449951171875,3374.89990234375,3374.89990234375,683200,-0.0184536750215607,-0.11639111770314703,0.06487232207365379,0.18842870776639353,-0.12166875179099368
2013-02-22,3376.050048828125,3468.5,3324.050048828125,3338.800048828125,3338.800048828125,525400,-0.010696570138437278,-0.11311804937040881,0.004241013584182163,0.18807936974579653,-0.05369516082246861
2013-03-01,3353.10009765625,3362.64990234375,3101.699951171875,3158.800048828125,3158.800048828125,752800,-0.05391158421217157,-0.13620822741043226,-0.10008262985511263,0.16164385357290612,-0.11515724943596461
2013-03-08,3155.60009765625,3314.800048828125,3128.14990234375,3305.550048828125,3305.550048828125,629200,0.04645751479408844,-0.03862318991851588,-0.06935720608372697,0.1906314125605395,-0.07133121853845947
2013-03-15,3306.800048828125,3356.699951171875,3203.550048828125,3320.800048828125,3320.800048828125,675500,0.0046134530637060855,-0.016030061655474492,-0.06986904311235209,0.14664546695591607,-0.058796840125239114
2013-03-22,3295.35009765625,3334.64990234375,3031.699951171875,3058.14990234375,3058.14990234375,807900,-0.079092430324753,-0.08405718892417036,-0.16120848507721441,-0.07906467090935787,-0.1141831460199001
2013-03-29,3097.550048828125,3115.75,2963.10009765625,3048.0,3048.0,421800,-0.003318968221921126,-0.03507662628700747,-0.2039385397026201,-0.09541474996290256,-0.09958349470659633
2013-04-05,3066.35009765625,3175.699951171875,3018.699951171875,3039.14990234375,3039.14990234375,630200,-0.0029035753465387337,-0.0805917752111539,-0.19418006036225643,-0.11115174726703803,-0.12047636478917656
2013-04-12,3041.25,3061.199951171875,2908.25,3038.300048828125,3038.300048828125,714800,-0.00027963527398555676,-0.085069861432847,-0.20451895229156736,-0.0916890735939836,-0.12186589641302137
2013-04-19,3017.050048828125,3317.89990234375,3016.39990234375,3309.10009765625,3309.10009765625,730300,0.08912880376399057,0.08205948149244513,-0.12100721620990296,-0.02172884700468347,-0.04816555171651249
2013-04-26,3321.60009765625,3387.14990234375,3282.89990234375,3301.199951171875,3301.199951171875,769200,-0.0023874002753710988,0.08307085012200632,-0.09726816721012865,-0.0032910075670986583,0.011164699034190928
2013-05-03,3317.949951171875,3360.5,3219.800048828125,3229.25,3229.25,856900,-0.02179509034172067,0.06255041829613184,-0.060814079927108966,-0.0022862844505955326,0.03754340744203777
2013-05-10,3220.25,3352.050048828125,3178.800048828125,3313.10009765625,3313.10009765625,991600,0.025965811769373737,0.09044532943154038,-0.018311596336407554,0.01440579541792597,0.13692048544279833
2013-05-17,3321.949951171875,3489.449951171875,3255.14990234375,3466.64990234375,3466.64990234375,915500,0.046346261857926896,0.04761107250853147,0.03829215635734129,0.08699672501560318,0.1789120554929129
2013-05-24,3482.050048828125,3531.550048828125,3128.10009765625,3175.300048828125,3175.300048828125,779400,-0.08404363339910603,-0.038137617898321374,0.0052235025151785575,0.0018931624988358653,0.0535169372356088
2013-05-31,3174.550048828125,3205.300048828125,3023.85009765625,3035.10009765625,3035.10009765625,710500,-0.044153292292366864,-0.06012228918285978,-0.08181692825003639,-0.08710556073294617,0.006783605385355385
2013-06-07,3042.85009765625,3093.60009765625,2999.300048828125,3010.050048828125,3010.050048828125,616700,-0.008253450634945758,-0.09147023630300466,-0.0935768475761316,-0.14246033871285224,-0.07343164491075105
2013-06-14,3034.050048828125,3046.25,2922.14990234375,2987.0,2987.0,628800,-0.007657696202459818,-0.13836121784881306,-0.023265668661049288,-0.1590416165644184,-0.08095138295770643
2013-06-21,2995.050048828125,3017.35009765625,2753.35009765625,2789.10009765625,2789.10009765625,716800,-0.06625373362696685,-0.12162628577869539,-0.08494091284243765,-0.21879417473391216,-0.13447838138123236
2013-06-28,2780.89990234375,2781.300048828125,2663.14990234375,2743.800048828125,2743.800048828125,914500,-0.016241815367684986,-0.09597708130057103,-0.09718173272330377,-0.24742858489771324,-0.1582660705192458
2013-07-05,2751.800048828125,2853.0,2602.050048828125,2663.85009765625,2663.85009765625,826500,-0.029138402853379097,-0.11501468266504666,-0.12324324298263456,-0.30426889804673474,-0.20178287582403176
2013-07-12,2641.949951171875,2718.800048828125,2595.89990234375,2679.699951171875,2679.699951171875,684700,0.005949979516328696,-0.10287915929967362,-0.19020281282218177,-0.2894869544818043,-0.18250736250140864
2013-07-19,2672.300048828125,2743.14990234375,2521.949951171875,2562.0,2562.0,1025900,-0.04392280976099694,-0.08142414746860027,-0.22391856358457485,-0.32922278528248994,-0.19346462022685318
2013-07-26,2558.10009765625,2656.949951171875,2408.800048828125,2436.0,2436.0,1202800,-0.049180327868852514,-0.11218020385982064,-0.24564527367035693,-0.3529278782381797,-0.1507460316082283
2013-08-02,2435.75,2435.75,2204.800048828125,2222.699951171875,2222.699951171875,1460600,-0.08756159639906613,-0.16560622043729656,-0.32911777922307417,-0.39219010349522543,-0.24661901691838317
2013-08-09,2229.10009765625,2286.25,2173.25,2233.800048828125,2233.800048828125,915700,0.004993970351417687,-0.16639919038277062,-0.35563148522211996,-0.35032792316559214,-0.20536445831631822
2013-08-16,2236.199951171875,2255.85009765625,2097.199951171875,2105.300048828125,2105.300048828125,999400,-0.057525291964879544,-0.1782591534628708,-0.3369760285787461,-0.37618889159762403,-0.25864497055104274
2013-08-23,2093.75,2196.35009765625,1966.699951171875,2074.5,2074.5,1472500,-0.014629766833126334,-0.14839901477832518,-0.3164970072644523,-0.3786689919547227,-0.26180944755804647
2013-08-30,2093.14990234375,2105.300048828125,1908.800048828125,1990.199951171875,1990.199951171875,1359800,-0.0406363214404073,-0.10460251275815202,-0.33881499679824223,-0.36995063935426553,-0.26810703275834324
2013-09-06,1994.5999755859373,2149.64990234375,1914.800048828125,2118.64990234375,2118.64990234375,1462200,0.06454122918465588,-0.051548994523831215,-0.2907097749100268,-0.3590628273515786,-0.2368800687670516
2013-09-13,2161.199951171875,2275.449951171875,2092.300048828125,2249.10009765625,2249.10009765625,1543500,0.061572322623095976,0.068303826292204,-0.19361083542816382,-0.32272342068594784,-0.22340388045413306
2013-09-20,2302.050048828125,2479.699951171875,2199.35009765625,2342.0,2342.0,1790900,0.041305365839679364,0.12894673415280788,-0.14643926003271757,-0.23417750117314273,-0.2947270050178703
2013-09-27,2296.5,2300.64990234375,2140.85009765625,2180.25,2180.25,1245900,-0.06906490179333902,0.0954929421620272,-0.18154178348163752,-0.2846948818897638,-0.35294554088143637
2013-10-04,2150.85009765625,2245.949951171875,2117.60009765625,2211.10009765625,2211.10009765625,800600,0.014149798259947222,0.04363637201702231,-0.1748702698265524,-0.2724609944540477,-0.3533282261254035
2013-10-11,2200.800048828125,2287.550048828125,2152.10009765625,2264.199951171875,2264.199951171875,1017100,0.024015128746052827,0.00671373120803298,-0.11623733365656719,-0.2547806619543126,-0.3231091326840434
2013-10-18,2260.10009765625,2313.39990234375,2175.85009765625,2243.800048828125,2243.800048828125,1026900,-0.009009761851285103,-0.04192995353197049,-0.07889981575200122,-0.32193043951213485,-0.3366641092505086
2013-10-25,2252.300048828125,2386.64990234375,2247.64990234375,2330.25,2330.25,1246900,0.03852836673973048,0.0687994496044031,0.048387119805091805,-0.29412030944299594,-0.29644336484608036
2013-11-01,2333.35009765625,2632.89990234375,2232.550048828125,2598.050048828125,2598.050048828125,2680500,0.11492331244635778,0.17500336216439916,0.16306293850745024,-0.19546332776089648,-0.19730272744457067
2013-11-08,2606.35009765625,2685.60009765625,2406.39990234375,2426.699951171875,2426.699951171875,1917000,-0.06595334748594972,0.07176927988002801,0.1526622784826568,-0.2675440283592492,-0.25699241747915436
2013-11-15,2409.800048828125,2451.449951171875,2308.199951171875,2403.39990234375,2403.39990234375,1451400,-0.009601536777084085,0.0711292673333257,0.15854418045010843,-0.30670821396794423,-0.24639409910293708
2013-11-22,2438.300048828125,2541.60009765625,2384.199951171875,2391.75,2391.75,1408800,-0.0048472592232317036,0.026392018023817077,0.20176367132944772,-0.24676409686615342,-0.24533809890156366
2013-11-29,2401.800048828125,2514.550048828125,2401.800048828125,2505.449951171875,2505.449951171875,1444800,0.047538392880474456,-0.035642153120960085,0.1825691202686337,-0.17450829608334129,-0.2464132138333971
2013-12-06,2515.699951171875,2612.75,2480.10009765625,2601.949951171875,2601.949951171875,1273600,0.038516035794234904,0.07221741604905474,0.15688490427052315,-0.13557917344767467,-0.2587248571887626
2013-12-13,2686.0,2693.699951171875,2458.050048828125,2461.75,2461.75,1278800,-0.053882647169570363,0.024278147635500957,0.051131511528607954,-0.17584532976230327,-0.30692022081602177
2013-12-20,2446.10009765625,2517.050048828125,2412.60009765625,2494.60009765625,2494.60009765625,1196700,0.013344205405199538,0.043002026823978357,0.14418075801226915,-0.10558961302517456,-0.3012813955167706
2013-12-27,2494.25,2580.5,2494.25,2563.300048828125,2563.300048828125,1076500,0.027539464636604727,0.02308970395884047,0.15928720348083947,-0.06578467701284996,-0.29693625236932053
2014-01-03,2579.550048828125,2644.300048828125,2482.14990234375,2515.449951171875,2515.449951171875,1238500,-0.01866738062058937,-0.033244298169932796,0.11096634812219719,-0.055708895412299175,-0.34302730924053293
2014-01-10,2515.39990234375,2515.39990234375,2371.199951171875,2379.300048828125,2379.300048828125,1394200,-0.054125466610982165,-0.03349241440921091,0.06038862512315557,-0.11210206658114108,-0.36913693521725444
2014-01-17,2385.64990234375,2458.5,2374.0,2392.60009765625,2392.60009765625,993700,0.005589899783625674,-0.04088831716788277,0.026756827660658677,-0.06612018046204138,-0.37357469576943725
2014-01-24,2385.199951171875,2459.10009765625,2344.35009765625,2347.449951171875,2347.449951171875,914800,-0.018870745064586192,-0.08420789355305136,-0.09645699387865359,-0.03635059475702995,-0.37644933471491515
2014-01-31,2311.0,2312.25,2124.39990234375,2176.5,2176.5,1742300,-0.07282368302955078,-0.1347472451256556,-0.1031029613080312,-0.02078550959949277,-0.4048237419336921
2014-02-07,2173.89990234375,2192.25,2086.300048828125,2174.300048828125,2174.300048828125,1272000,-0.0010107747171490544,-0.08615979312948296,-0.0953232349274089,-0.026636224684127074,-0.3676327345751569
2014-02-14,2181.550048828125,2188.949951171875,2070.89990234375,2099.39990234375,2099.39990234375,896200,-0.03444793487667153,-0.12254458887622466,-0.12223271565015159,-0.0028025204709700713,-0.3779371349989402
2014-02-21,2097.0,2152.050048828125,2077.25,2110.10009765625,2110.10009765625,808500,0.005096787563224403,-0.10110965449854947,-0.15779594931868735,0.017160808703904573,-0.3680064493838535
2014-02-28,2104.64990234375,2165.550048828125,2094.75,2162.5,2162.5,655500,0.024832898876196552,-0.006432345508844528,-0.1688925457516791,0.08657424030518679,-0.3154045946015924
2014-03-07,2154.75,2386.14990234375,2136.10009765625,2372.35009765625,2372.35009765625,1585100,0.09704050758670513,0.09108680696340299,-0.03631558945617952,0.1197461624177949,-0.28231306057601835
2014-03-14,2363.89990234375,2463.5,2338.449951171875,2386.14990234375,2386.14990234375,1478400,0.0058169343138407825,0.1365866501564923,-0.043473980224081665,0.060935395819117666,-0.2814533042464279
2014-03-21,2394.89990234375,2470.550048828125,2393.199951171875,2433.14990234375,2433.14990234375,873800,0.01969700225196891,0.15309690997423342,-0.05077444856441071,0.038919685031490125,-0.2043719307287727
2014-03-28,2448.39990234375,2750.300048828125,2448.39990234375,2733.25,2733.25,1602800,0.12333810480282215,0.26393063583815035,0.08658492637734971,0.2536406375415663,-0.103264435695538
2014-04-04,2766.550048828125,2817.10009765625,2672.800048828125,2759.10009765625,2759.10009765625,1692300,0.009457641143784778,0.1630239990219351,0.15962679823218928,0.24784043046304238,-0.09214741414088512
2014-04-11,2765.10009765625,2933.89990234375,2732.699951171875,2872.300048828125,2872.300048828125,1238100,0.04102785225807293,0.20373830915101498,0.20049315873629725,0.2685717298693153,-0.054635815203316174
2014-04-18,2879.35009765625,2880.449951171875,2780.60009765625,2871.39990234375,2871.39990234375,800800,-0.00031338873692610125,0.18011631736205502,0.223199626007069,0.2797040020760331,-0.13227166975774218
2014-04-25,2880.14990234375,3005.800048828125,2880.14990234375,2976.300048828125,2976.300048828125,1273400,0.036532754075373264,0.08892346065238277,0.367470732289513,0.2772449517554447,-0.09841872868937118
2014-05-02,2972.300048828125,3041.800048828125,2933.89990234375,2942.25,2942.25,1883100,-0.011440395212012233,0.06638030367195769,0.3531941010560038,0.13248395708432548,-0.08887512580320511
2014-05-09,2946.75,3078.800048828125,2921.60009765625,3068.5,3068.5,1960100,0.04290933809159658,0.06830760987241669,0.46160814648717285,0.26447441453080933,-0.07382816408996662
2014-05-16,3089.0,3635.550048828125,3089.0,3469.75,3469.75,3737700,0.1307642170441583,0.2083827115714021,0.6443532720812406,0.44368400640125083,0.000894263263836903
2014-05-23,3525.199951171875,3987.75,3525.199951171875,3967.800048828125,3967.800048828125,3150600,0.14354061498036597,0.3331317352866989,0.8348208318280348,0.6589526701486883,0.2495827127557535
2014-05-30,4059.35009765625,4059.35009765625,3632.64990234375,3646.0,3646.0,2820700,-0.08110288947729805,0.23918769649078087,0.5368726578771175,0.455227632184253,0.20127833767838377
2014-06-06,3661.300048828125,4005.0,3644.300048828125,3983.699951171875,3983.699951171875,3269900,0.09262203817111225,0.29825646119337623,0.6695095087106482,0.5310440346393606,0.3234663499109631
2014-06-13,4012.10009765625,4023.25,3713.85009765625,3737.75,3737.75,2302500,-0.06173907527837896,0.07723899416384472,0.5361774448831056,0.5183304559764395,0.25133913625711424
2014-06-20,3726.949951171875,3865.39990234375,3632.85009765625,3672.35009765625,3672.35009765625,1922400,-0.017497131253762288,-0.07446190522103935,0.3435836815718467,0.47211976023994007,0.31667920442949216
2014-06-27,3674.60009765625,3854.300048828125,3651.050048828125,3747.5,3747.5,1759000,0.0204637086185524,0.027838727372462957,0.3582327089848454,0.46198257270476817,0.3658065213609696
2014-07-04,3760.10009765625,3925.85009765625,3760.10009765625,3864.39990234375,3864.39990234375,1911500,0.03119410336057382,-0.02994704678825799,0.34540258212939623,0.5362658678791994,0.450682193320032
2014-07-11,3870.449951171875,3881.699951171875,3391.64990234375,3406.199951171875,3406.199951171875,2288000,-0.11856949662326033,-0.08870310984633134,0.18625063279816922,0.4315974787835306,0.2711124428995455
2014-07-18,3395.39990234375,3688.10009765625,3341.300048828125,3618.0,3618.0,1961900,0.06218074448484945,-0.014799813800687733,0.2156032458570618,0.5121624393245368,0.41217798594847777
2014-07-25,3623.14990234375,3663.199951171875,3531.75,3552.0,3552.0,1613300,-0.018242122719734688,-0.0521681120747165,0.20723935763446333,0.5131313015754817,0.458128078817734
2014-08-01,3560.85009765625,3599.14990234375,3468.050048828125,3521.699951171875,3521.699951171875,1385000,-0.008530419152062207,-0.08868128553776955,0.1476942972696349,0.618056490315587,0.5844243616036109
2014-08-08,3538.75,3601.75,3412.5,3435.800048828125,3435.800048828125,1693700,-0.024391601651119088,0.008690064611757808,-0.009784552538907754,0.580186713733418,0.5380965053835423
2014-08-15,3455.39990234375,3504.10009765625,3350.10009765625,3394.550048828125,3394.550048828125,1174200,-0.012005937311185932,-0.06176062774236457,-0.14447552622247362,0.6169144549537617,0.6123830190939463
2014-08-22,3376.5,3657.25,3376.5,3622.75,3622.75,1501700,0.06722539007803241,0.019918355855855774,-0.0063768513439386165,0.7168616806491288,0.7463244155218125
2014-08-29,3630.75,3681.89990234375,3478.39990234375,3485.199951171875,3485.199951171875,1154400,-0.03796840765388865,-0.010364312833594513,-0.12513492635241208,0.6116531566112717,0.7511808042803487
2014-09-05,3505.35009765625,3607.14990234375,3505.35009765625,3539.449951171875,3539.449951171875,1182300,0.015565821404811775,0.030167617693323656,-0.05305332053457967,0.49195936749329494,0.6706157762338976
2014-09-12,3569.39990234375,3721.800048828125,3547.5,3714.050048828125,3714.050048828125,1341500,0.049329726388260386,0.0941214580442844,0.01135511322803584,0.5565032377806904,0.6513493786685951
2014-09-19,3690.5,3766.89990234375,3590.39990234375,3655.050048828125,3655.050048828125,1636900,-0.015885623301876595,0.008915892299530714,-0.0246697668237158,0.5021886014122561,0.5606533086371157
2014-09-26,3633.300048828125,3715.64990234375,3256.25,3406.39990234375,3406.39990234375,2004400,-0.06802920429614823,-0.022609907589844047,-0.11851775478056092,0.24628186310939348,0.5623895894249513
2014-10-03,3419.60009765625,3428.10009765625,3335.800048828125,3351.550048828125,3351.550048828125,823800,-0.016102000671702088,-0.05308731722044502,-0.016044243769350097,0.21472579109222556,0.5157839540510825
2014-10-10,3327.14990234375,3440.60009765625,3251.449951171875,3380.050048828125,3380.050048828125,1093300,0.008503528094400803,-0.089928782759776,-0.06576836682473053,0.17677470715747745,0.49282312592521826
2014-10-17,3356.60009765625,3522.25,3353.949951171875,3491.449951171875,3491.449951171875,1287400,0.032958062967846535,-0.0447600157236433,-0.01704674798089101,0.21593998395069103,0.5560432637459667
2014-10-24,3563.300048828125,3619.800048828125,3534.300048828125,3571.0,3571.0,916300,0.022784244351383265,0.04832083794477504,0.01399893503468963,0.19981182724034485,0.5324535993992061
2014-10-31,3594.050048828125,3737.300048828125,3571.10009765625,3732.14990234375,3732.14990234375,1616100,0.04512738794280313,0.11355935252964588,0.08625352153909627,0.2684679759856403,0.4365196328789629
2014-11-07,3738.949951171875,3848.949951171875,3720.89990234375,3779.35009765625,3779.35009765625,913600,0.012646918410983199,0.11813435986445331,0.11335818983165868,0.23166045222625065,0.55740312922954
2014-11-14,3796.050048828125,3869.10009765625,3745.25,3843.199951171875,3843.199951171875,1292500,0.016894400324336534,0.10074610975933895,0.060851549560934304,0.10763021865318101,0.599068031676318
2014-11-21,3838.25,4087.050048828125,3838.25,4062.64990234375,4062.64990234375,1800100,0.057100841475854036,0.13767849407553912,0.16568631908126563,0.02390489751207059,0.6986097637059685
2014-11-28,4090.449951171875,4286.39990234375,3984.75,4274.7998046875,4274.7998046875,2561800,0.05221958757050671,0.14539874242537043,0.2077582290073514,0.17246291955224913,0.7062004382438558
2014-12-05,4293.64990234375,4349.75,4168.7998046875,4305.10009765625,4305.10009765625,2611300,0.00708811976072532,0.13911121923476788,0.15913895641083675,0.08067880373114678,0.6545668358137728
2014-12-12,4316.7001953125,4323.9501953125,4109.4501953125,4192.0,4192.0,2139100,-0.026271188843628335,0.090757715773224,0.14690631974903612,0.12153033241923628,0.7028536610135065
2014-12-19,4157.85009765625,4256.39990234375,3898.75,4138.89990234375,4138.89990234375,2634000,-0.012667008028685589,0.01876853822821678,0.21503640823146108,0.127043934342006,0.6591436464034328
2014-12-26,4163.89990234375,4251.2998046875,4123.7001953125,4227.14990234375,4227.14990234375,1648100,0.021322090913584724,-0.011146697979049214,0.26125220890607914,0.12799196860406936,0.6491046002500933
2015-01-02,4257.64990234375,4350.25,4190.9501953125,4311.64990234375,4311.64990234375,1919200,0.019989828123471387,0.0015214058997294888,0.27561717727777846,0.11573595158429217,0.714067059984667
2015-01-09,4325.4501953125,4332.64990234375,4046.5,4138.7001953125,4138.7001953125,1959300,-0.040112186969827324,-0.012714648064766187,0.18538150430120903,0.2150491030007251,0.7394612324540284
2015-01-16,4144.35009765625,4368.5,4110.0498046875,4261.0,4261.0,2122500,0.029550293308516773,0.029500616235514254,0.1932231867824139,0.17772249861802103,0.7809077263576152
2015-01-23,4278.25,4453.89990234375,4247.64990234375,4382.39990234375,4382.39990234375,2124500,0.02849094164368693,0.03672687356412929,0.17422933617742675,0.2337837562904701,0.8668768210184858
2015-01-30,4409.0498046875,4453.7001953125,4029.25,4046.449951171875,4046.449951171875,2667400,-0.07665889892709377,-0.06150776551401271,0.07067348793150074,0.14900474409393816,0.8591545835845968
2015-02-06,4046.449951171875,4088.39990234375,3707.35009765625,3766.699951171875,3766.699951171875,3461900,-0.06913467443702914,-0.08988335143530168,-0.01990528751351417,0.09630941778949342,0.7323735761317764
2015-02-13,3751.10009765625,3914.64990234375,3590.85009765625,3901.550048828125,3901.550048828125,3476100,0.035800594526860685,-0.08435812043461044,-0.03965388536745096,0.1493570554881134,0.8584120369218231
2015-02-20,3938.800048828125,3961.10009765625,3774.0,3875.050048828125,3875.050048828125,1968000,-0.006792172256757212,-0.11576986692708924,-0.0935130939748412,0.06964324030863978,0.8364294912512713
2015-02-27,3890.25,3894.0,3670.949951171875,3836.550048828125,3836.550048828125,2492500,-0.009935355547638136,-0.05187260558677165,-0.10883604055645757,0.10081203448258713,0.7741271902095375
2015-03-06,3906.85009765625,4064.800048828125,3739.14990234375,3791.10009765625,3791.10009765625,2509400,-0.01184656803467421,0.00647785775365084,-0.09563451868887163,0.07109865938379945,0.5980356783771696
2015-03-13,3762.89990234375,3778.449951171875,3639.85009765625,3648.25,3648.25,2009600,-0.03768038141344865,-0.06492292695417468,-0.11854596968288789,-0.017716521846248834,0.5289274141647917
2015-03-20,3657.85009765625,3759.14990234375,3575.300048828125,3589.60009765625,3589.60009765625,1985500,-0.01607617415027751,-0.07366355210255915,-0.15082261557225818,-0.017906718183752224,0.4752893334679218
2015-03-27,3605.199951171875,3606.60009765625,3281.800048828125,3381.75,3381.75,2449400,-0.057903413194121844,-0.11854401559730565,-0.2156714769068495,-0.007236350120486401,0.2372633311991219
2015-04-03,3409.050048828125,3518.449951171875,3368.5,3507.800048828125,3507.800048828125,1177300,0.03727361538497087,-0.07472766255981156,-0.15243919992052912,0.04662021981579323,0.2713565744888584
2015-04-10,3530.85009765625,3676.85009765625,3465.25,3662.300048828125,3662.300048828125,2229100,0.044044699768909235,0.003851174899780707,-0.14050691179814012,0.08350468067709738,0.2750409033075474
2015-04-17,3681.0,3797.35009765625,3650.85009765625,3737.199951171875,3737.199951171875,1947000,0.020451601819931886,0.041118745682004354,-0.14722525683400456,0.07038623020144286,0.30152541557218293
2015-04-24,3731.89990234375,3773.14990234375,3523.949951171875,3536.300048828125,3536.300048828125,2172900,-0.05375679786165943,0.04570120465088334,-0.12607344919612995,-0.009717152386411354,0.18815307288003158
2015-05-01,3545.85009765625,3546.050048828125,3441.800048828125,3484.60009765625,3484.60009765625,1810600,-0.014619786346751762,-0.006613818019537754,-0.0748931046200958,-0.0663290090604457,0.18433175211360364
2015-05-08,3527.550048828125,3586.5,3262.35009765625,3295.14990234375,3295.14990234375,2327100,-0.054367844229794016,-0.10025124691841047,-0.15542544345074194,-0.12811731721090747,0.07386341937225027
2015-05-15,3316.550048828125,3611.949951171875,3293.199951171875,3586.5,3586.5,3463300,0.0884178584558537,-0.0403242944292076,-0.07446356697131873,-0.06679328539583318,0.033647957345630086
2015-05-22,3610.39990234375,3740.14990234375,3512.699951171875,3524.14990234375,3524.14990234375,2709200,-0.017384664061410815,-0.003435835850072011,-0.08142736117304084,-0.13254895522484933,-0.11181262690276073
2015-05-29,3502.85009765625,3558.35009765625,3454.800048828125,3531.10009765625,3531.10009765625,2433000,0.0019721622249604387,0.013344429402752933,-0.06858167637428991,-0.17397299078561568,-0.03151396114749039
2015-06-05,3536.75,3571.39990234375,3247.800048828125,3280.14990234375,3280.14990234375,2337400,-0.07106855891144714,-0.0045521449538095116,-0.1008977174415816,-0.23807813339125272,-0.1766071886566566
2015-06-12,3288.60009765625,3288.60009765625,3141.85009765625,3166.85009765625,3166.85009765625,2047500,-0.03454104478778375,-0.11700819806043494,-0.11777077905586897,-0.24454911792551293,-0.15273892110059528
2015-06-19,3174.199951171875,3230.25,3102.300048828125,3214.199951171875,3214.199951171875,1710900,0.014951719233780025,-0.08795027446640158,-0.04954536817568567,-0.22341684336174494,-0.12475666379868666
2015-06-26,3221.64990234375,3377.949951171875,3213.5,3262.89990234375,3262.89990234375,2437200,0.015151500190309974,-0.07595372203991513,-0.06981587977518577,-0.22810877832020338,-0.12931290130920614
2015-07-03,3177.800048828125,3346.35009765625,3133.60009765625,3328.75,3328.75,2047500,0.020181464227250645,0.014816425804663469,-0.09107665794200981,-0.22796375508351452,-0.13861140562054142
2015-07-10,3254.800048828125,3407.14990234375,3244.64990234375,3373.39990234375,3373.39990234375,1878400,0.013413414147577907,0.0652224760623703,-0.09734562067358699,-0.18491319903662762,-0.009629513621723929
2015-07-17,3392.449951171875,3415.300048828125,3337.949951171875,3380.949951171875,3380.949951171875,1454700,0.002238112600548625,0.05187916201019305,-0.04393012343727187,-0.2065360358667273,-0.06551963759760226
2015-07-24,3388.60009765625,3388.60009765625,3243.800048828125,3274.25,3274.25,1638500,-0.031559163168000004,0.0034785307536089327,-0.060365635011527474,-0.2528637109888353,-0.07819538288288286
2015-07-31,3265.949951171875,3453.5,3136.699951171875,3411.800048828125,3411.800048828125,3776600,0.04200963543655045,0.02494931996338723,0.03540055837866585,-0.15684115953539768,-0.03120649228142791
2015-08-07,3415.89990234375,3690.35009765625,3415.89990234375,3579.35009765625,3579.35009765625,3322100,0.049108988343462556,0.0610512246619237,-0.0019935598337516014,-0.04973845964485113,0.04178067605450053
2015-08-14,3580.89990234375,3637.60009765625,3300.5,3483.699951171875,3483.699951171875,2950200,-0.026722769182876638,0.03039086691135018,-0.011477931499160543,-0.10709848455788895,0.026262656629418846
2015-08-21,3547.949951171875,3782.800048828125,3358.300048828125,3493.39990234375,3493.39990234375,4250900,0.0027843819237680645,0.06693132850080175,-0.010676614729082101,-0.09848908831507652,-0.03570494725174245
2015-08-28,3314.0,3359.300048828125,3062.199951171875,3203.39990234375,3203.39990234375,4160900,-0.08301368526558806,-0.06108216879707107,-0.023398320895383518,-0.1650311186941953,-0.08085620704010732
2015-09-04,3199.550048828125,3255.89990234375,2874.85009765625,2923.35009765625,2923.35009765625,3227800,-0.08742268003523479,-0.18327349437808482,-0.0768902829282041,-0.22889134489919272,-0.1740665532822807
2015-09-11,2942.89990234375,3047.35009765625,2858.39990234375,2994.550048828125,2994.550048828125,2715300,0.024355601892827927,-0.14041103114497733,-0.06833734854101625,-0.1791817861089221,-0.19372382992712234
2015-09-18,3011.300048828125,3196.800048828125,2995.5,3147.449951171875,3147.449951171875,1992800,0.051059391177511015,-0.09902958746285373,-0.03538262117356006,-0.12317532161119205,-0.1388763740236596
2015-09-25,3110.949951171875,3245.25,3042.949951171875,3123.10009765625,3123.10009765625,2903700,-0.007736375126968675,-0.025067055982847863,-0.06177991809049943,-0.0764840400218082,-0.08316692485006749
2015-10-02,3146.64990234375,3200.39990234375,3048.10009765625,3074.449951171875,3074.449951171875,3150800,-0.015577517518854056,0.05168722474833487,-0.08861977821371625,-0.12353899641486754,-0.08267819176775792
2015-10-09,3112.800048828125,3247.10009765625,3104.050048828125,3182.10009765625,3182.10009765625,2504800,0.03501444102004081,0.06263046059341049,-0.058814787674304814,-0.13111977303048417,-0.058564207130750945
2015-10-16,3156.39990234375,3279.5,3127.550048828125,3260.10009765625,3260.10009765625,2014800,0.024512113889016307,0.03579092542597295,-0.004321570540963604,-0.12766238353557202,-0.06626182724972884
2015-10-23,3275.39990234375,3292.0,3179.85009765625,3226.35009765625,3226.35009765625,1553600,-0.010352442866482403,0.03306009950737243,-0.054355457095316195,-0.08764809176036625,-0.09651355428276398
2015-10-30,3244.10009765625,3247.949951171875,3010.85009765625,3029.699951171875,3029.699951171875,2097200,-0.06095127327540473,-0.014555449173255464,-0.1535614375481975,-0.1305458686034997,-0.18821589956254003
2015-11-06,3036.550048828125,3120.89990234375,2952.0,3103.800048828125,3103.800048828125,2933900,0.02445789974270829,-0.02460640659475055,-0.10905069542971291,-0.058070151339556064,-0.17874767655080825
2015-11-13,3017.800048828125,3175.75,3016.949951171875,3107.14990234375,3107.14990234375,1649300,0.0010792749091197429,-0.046915797285629,-0.11056564115114953,-0.1336540074323853,-0.19152010256549035
2015-11-20,3099.35009765625,3226.699951171875,3079.5,3122.199951171875,3122.199951171875,1839100,0.004843682893050261,-0.03228110506669246,-0.025348053208238408,-0.11405586093388265,-0.23148683095467515
2015-11-27,3134.14990234375,3224.5,3084.35009765625,3217.050048828125,3217.050048828125,1613800,0.03037925153405041,0.061837838952924606,0.1004669100041573,-0.08893830255238988,-0.24743843084757033
2015-12-04,3218.5,3264.300048828125,3064.5,3085.14990234375,3085.14990234375,2105600,-0.04100034021305399,-0.006008810551896393,0.030254913772798764,-0.05944850260064871,-0.28337324745983394
2015-12-11,3107.85009765625,3111.300048828125,2855.10009765625,2885.64990234375,2885.64990234375,1827700,-0.06466460506455207,-0.07128719468375844,-0.08317846284756658,-0.08879491818088048,-0.3116293171889909
2015-12-18,2859.25,2967.050048828125,2850.14990234375,2903.699951171875,2903.699951171875,2378800,0.006255106973810154,-0.06998270559769526,-0.07025075714000495,-0.09660257753622137,-0.2984367779642155
2015-12-25,2912.5,2966.050048828125,2899.199951171875,2909.449951171875,2909.449951171875,1238700,0.0019802321509423404,-0.09561557731074144,-0.05366813661647274,-0.10832387193918847,-0.31172302416842945
2016-01-01,2919.10009765625,2933.449951171875,2855.75,2908.449951171875,2908.449951171875,1890100,-0.00034370757936463825,-0.057274348658922,-0.08599671226116667,-0.12626362713574912,-0.32544385164693357
2016-01-08,2896.64990234375,2896.64990234375,2639.550048828125,2645.800048828125,2645.800048828125,2244900,-0.0903058009431873,-0.08311814032631504,-0.18842981209986698,-0.215687399827725,-0.3607171517703158
2016-01-15,2613.800048828125,2626.5,2288.0,2312.89990234375,2312.89990234375,3331200,-0.12582211064355475,-0.2034645654726447,-0.28312184594476175,-0.3159023541469246,-0.4571931700671791
2016-01-22,2322.0,2359.0,2163.10009765625,2339.10009765625,2339.10009765625,3896800,0.011327855254760655,-0.19603356754286083,-0.22794331605296558,-0.28560736118004126,-0.4662513349351627
2016-01-29,2378.300048828125,2387.0,2250.5,2292.60009765625,2292.60009765625,2703900,-0.01987943998061148,-0.21174504077936296,-0.26135702635810987,-0.3280379668076664,-0.43342927125731534
2016-02-05,2312.75,2312.75,2097.0,2201.39990234375,2201.39990234375,3340500,-0.039780245759273525,-0.16796437307543644,-0.29150508616168946,-0.3849721758748267,-0.4155627124855372
2016-02-12,2215.949951171875,2309.14990234375,1894.0,1968.0,1968.0,5829600,-0.10602339997165333,-0.14912011626367827,-0.36967521914753154,-0.43508338043349903,-0.4955850942906368
2016-02-19,2022.800048828125,2191.14990234375,1959.1500244140625,2126.25,2126.25,5250400,0.08041158536585358,-0.09099657508010162,-0.33906841120655573,-0.39135224725532225,-0.45129740952816577
2016-02-26,2139.35009765625,2149.699951171875,1978.5999755859373,2020.6500244140625,2020.6500244140625,3352700,-0.04966489151601994,-0.11862080679495957,-0.3450399207899104,-0.3692170549997005,-0.4733158700663189
2016-03-04,2043.949951171875,2410.60009765625,1975.550048828125,2388.75,2388.75,6553100,0.1821690897178878,0.08510498136062661,-0.1721968773620679,-0.18287241684971545,-0.369905848311211
2016-03-11,2364.25,2372.949951171875,2262.449951171875,2294.39990234375,2294.39990234375,3174800,-0.039497686093668216,0.16585360891450707,-0.2098357471756762,-0.2338081297917759,-0.3710957575978209
2016-03-18,2326.699951171875,2416.85009765625,2298.64990234375,2408.800048828125,2408.800048828125,2892100,0.049860595952568865,0.13288656029541457,-0.17207716604373868,-0.2346820168081567,-0.32895030552264093
2016-03-25,2432.25,2479.300048828125,2432.25,2454.64990234375,2454.64990234375,1650600,0.019034312764121264,0.21478230900253825,-0.15602814435410162,-0.2140341885980992,-0.2741480291731352
2016-04-01,2452.14990234375,2513.35009765625,2346.10009765625,2500.5,2500.5,3554700,0.018678874576969706,0.046781789638932425,-0.054917244745112614,-0.18668378418490927,-0.28716005325464333
2016-04-08,2522.550048828125,2522.550048828125,2303.199951171875,2331.85009765625,2331.85009765625,3083800,-0.06744647164317141,0.016322435890205655,0.008193262187134343,-0.26719775428379666,-0.3632826184183343
2016-04-15,2339.85009765625,2469.050048828125,2319.5,2447.550048828125,2447.550048828125,1622800,0.049617233667020644,0.016086847897089473,0.04636396333809767,-0.24924082834520422,-0.34508453365984715
2016-04-22,2439.5,2582.550048828125,2364.60009765625,2563.39990234375,2563.39990234375,3158900,0.04733298653937368,0.044303670310036125,0.11811907578837744,-0.20547993095792472,-0.275118098874777
2016-04-29,2572.35009765625,2587.39990234375,2404.0,2444.050048828125,2444.050048828125,3298300,-0.046559201865655764,-0.022575465375674897,0.1102253825967896,-0.19330293817287847,-0.29861390680899114
2016-05-06,2430.39990234375,2445.60009765625,2292.0,2352.5,2352.5,2766000,-0.037458336367547584,0.008855587400109943,0.19537601626016254,-0.242058134225427,-0.28607193307754186
2016-05-13,2375.5,2432.199951171875,2347.449951171875,2353.64990234375,2353.64990234375,2696500,0.0004888001461211822,-0.038364954591769806,0.10694880768665493,-0.24250519726506548,-0.34374741325979363
2016-05-20,2338.550048828125,2338.550048828125,2167.050048828125,2174.949951171875,2174.949951171875,4582500,-0.07592461011041907,-0.15153700786861624,0.07636152965309062,-0.30339184383257156,-0.38284408681781223
2016-05-27,2186.300048828125,2457.949951171875,2113.14990234375,2399.85009765625,2399.85009765625,4201500,0.10340474564170887,-0.018084716060977613,0.004646822671376283,-0.2540215224408947,-0.32036758197561765
2016-06-03,2447.35009765625,2524.85009765625,2382.89990234375,2398.10009765625,2398.10009765625,4106700,-0.0007292122127582346,0.019383675943145606,0.04519708844415882,-0.22269576080097653,-0.26890533388649496
2016-06-10,2408.699951171875,2592.699951171875,2406.699951171875,2519.35009765625,2519.35009765625,4495700,0.050560858622416216,0.07040137751476827,0.045894240529390284,-0.12693840801338652,-0.20446184064070716
2016-06-17,2472.449951171875,2669.699951171875,2456.550048828125,2633.699951171875,2633.699951171875,5240400,0.045388631624483144,0.21092439380171624,0.07294321225082423,-0.09298481404424497,-0.18060481887206603
2016-06-24,2572.25,2690.800048828125,2506.5,2619.0,2619.0,4956500,-0.005581482873678989,0.09131816297933648,0.047390521895620985,-0.09982984964387753,-0.19733976573453416
2016-07-01,2617.39990234375,2756.449951171875,2614.64990234375,2742.5,2742.5,3897100,0.0471554028255059,0.14361364760392803,0.17610476023158417,-0.057057867234404425,-0.17611716109650766
2016-07-08,2773.050048828125,2853.85009765625,2741.14990234375,2769.800048828125,2769.800048828125,3636400,0.009954438952825884,0.0994105390135609,0.1316622718927818,0.04686673131437957,-0.1789292319289686
2016-07-15,2837.60009765625,2995.449951171875,2822.39990234375,2955.39990234375,2955.39990234375,5270300,0.06700839419587368,0.12214753280028479,0.15292190642653503,0.27778979944135496,-0.12586700630709557
2016-07-22,2969.64990234375,2984.35009765625,2778.949951171875,2797.25,2797.25,4424200,-0.05351218365349841,0.06806032836960663,0.14451420556679162,0.19586588141431438,-0.1456822173016722
2016-07-29,2791.0,2954.5,2786.300048828125,2862.89990234375,2862.89990234375,5310800,0.023469444041022358,0.04390151407247034,0.21696063861583426,0.24875677414064645,-0.1608828590857514
2016-08-05,2884.0,2923.949951171875,2799.199951171875,2914.89990234375,2914.89990234375,3893900,0.018163401367064846,0.05238640008581674,0.2384594239955189,0.32411194315052105,-0.18563431270597985
2016-08-12,2926.800048828125,3004.199951171875,2772.699951171875,2960.699951171875,2960.699951171875,5254000,0.015712391630086087,0.001793344049284773,0.36127268104566435,0.504420706896278,-0.15012773985430894
2016-08-19,2980.89990234375,3144.60009765625,2943.699951171875,3135.64990234375,3135.64990234375,3100200,0.05909074004700421,0.12097592361917964,0.3066024021275744,0.4747324643592006,-0.10240739966815215
2016-08-26,3146.35009765625,3157.0,3010.35009765625,3018.89990234375,3018.89990234375,3643800,-0.037233110722193485,0.05449020410119432,0.2588715147020886,0.49402413375327314,-0.057595057009589
2016-09-02,3012.550048828125,3153.10009765625,2995.64990234375,3129.050048828125,3129.050048828125,3115900,0.036486849530472654,0.07346741008574109,0.2420068380885525,0.30991106178048144,0.07036446005450792
2016-09-09,3160.14990234375,3356.14990234375,3154.050048828125,3287.949951171875,3287.949951171875,4047500,0.05078215428457611,0.11053129509813076,0.24841478229472913,0.4330326408283076,0.09797795914567131
2016-09-16,3204.199951171875,3259.39990234375,3119.550048828125,3154.449951171875,3154.449951171875,3116100,-0.04060280782328163,0.005995582865954807,0.20444824405188045,0.3095524274447381,0.0022240226559897547
2016-09-23,3180.300048828125,3225.0,3117.64990234375,3176.0,3176.0,2644500,0.006831634409073084,0.05203885611917247,0.15806745670009126,0.29387086808896457,0.016938266686824743
2016-09-30,3163.949951171875,3229.199951171875,3032.89990234375,3129.64990234375,3129.64990234375,4260900,-0.014593859463554737,0.00019170467274864933,0.12991907255827861,0.251609639009698,0.017954415277059432
2016-10-07,3155.89990234375,3301.199951171875,3153.14990234375,3211.199951171875,3211.199951171875,3832200,0.026057243261315977,-0.023342812737354834,0.0865534470056879,0.37710393751273386,0.0091448579939577
2016-10-14,3223.25,3234.60009765625,3034.25,3103.050048828125,3103.050048828125,1686200,-0.033678968606200455,-0.01629441048023439,0.10932167265282877,0.26781883390447936,-0.04817338244952396
2016-10-21,3120.699951171875,3215.25,3075.10009765625,3195.550048828125,3195.550048828125,2955700,0.029809380623729398,0.0061555569358076045,0.11619342548862654,0.24660613660256137,-0.009546406278258313
2016-10-28,3204.949951171875,3268.0,3126.39990234375,3177.300048828125,3177.300048828125,2779800,-0.005711066865215497,0.015225391967545798,0.0900202941011421,0.3000143144988292,0.04871772783940509
2016-11-04,3172.10009765625,3207.35009765625,2937.64990234375,2961.199951171875,2961.199951171875,2074300,-0.06801375203325655,-0.07785251737711518,0.00016887898410722357,0.25874599412194477,-0.04594371267894348
2016-11-11,3033.35009765625,3503.89990234375,2847.0,3320.25,3320.25,5889500,0.12125153814285095,0.06999563260473396,0.05887139936070995,0.41068134079487173,0.06858378396726428
2016-11-18,3361.199951171875,3474.85009765625,3297.449951171875,3382.60009765625,3382.60009765625,4273300,0.018778735835027538,0.058534538958862514,0.12047441355380428,0.5552542235896907,0.08340277706641985
2016-11-25,3407.449951171875,3408.949951171875,3081.550048828125,3208.64990234375,3208.64990234375,4084700,-0.051424995651430216,0.009866821840508244,0.025438983804505266,0.3370209687169181,-0.0026111332919532826
2016-12-02,3115.39990234375,3210.0,3066.60009765625,3114.0,3114.0,2931400,-0.029498357634659134,0.051600719758101876,-0.052905291672665666,0.2985279484552896,0.009351279052707495
2016-12-09,3114.0,3236.699951171875,3069.199951171875,3230.550048828125,3230.550048828125,2408100,0.037427761344934085,-0.0270160232427904,0.024124680636628648,0.2822950060944305,0.11952251941728753
2016-12-16,3247.85009765625,3250.800048828125,3114.550048828125,3169.050048828125,3169.050048828125,1885400,-0.019037005794820927,-0.06313192297726544,-0.0021882717795576045,0.20326920590101527,0.09138344254514319
2016-12-23,3156.39990234375,3166.64990234375,2981.949951171875,2991.300048828125,2991.300048828125,1837600,-0.056089363456323316,-0.06773872504970468,-0.04420617571697616,0.14215351234369034,0.028132498936193073
2016-12-30,2976.89990234375,3005.300048828125,2890.39990234375,2982.0,2982.0,2325700,-0.003109032419455371,-0.042389210019267876,-0.07137517272576943,0.08732907930720146,0.025288401059983867
2017-01-06,3007.199951171875,3018.449951171875,2890.89990234375,2969.85009765625,2969.85009765625,2503300,-0.004074413931505649,-0.0806983167669677,-0.042925492362644424,0.07222544779460316,0.12247714976483315
2017-01-13,2978.89990234375,3087.10009765625,2969.10009765625,3048.300048828125,3048.300048828125,2343000,0.026415458219182897,-0.03810290091336732,-0.04607970388509475,0.031434035851020115,0.31795588980706246
2017-01-20,3048.10009765625,3170.39990234375,3032.449951171875,3040.10009765625,3040.10009765625,2241600,-0.002690007886535728,0.016313993257628168,-0.04318130143940235,0.08681744486772724,0.2996879016431975
2017-01-27,3035.199951171875,3256.800048828125,3027.0,3234.14990234375,3234.14990234375,2368800,0.06383007087072623,0.08455731131581157,0.09217545443490116,0.12967620687543824,0.4106908159212139
2017-02-03,3227.5,3455.050048828125,3164.64990234375,3445.10009765625,3445.10009765625,4230900,0.0652258558453418,0.16002491182132683,0.037602619578721574,0.18189310544975767,0.5649587764532822
2017-02-10,3475.25,3512.14990234375,3350.10009765625,3414.14990234375,3414.14990234375,4885500,-0.008983830494085132,0.12001766481494203,0.00932708679023575,0.15315633419468755,0.7348322674510925
2017-02-17,3415.60009765625,3415.60009765625,3243.0,3275.449951171875,3275.449951171875,3470000,-0.04062503262573802,0.07741516593386732,0.02081874023692376,0.04458407449238222,0.5404820464065256
2017-02-24,3279.35009765625,3348.60009765625,3261.25,3297.550048828125,3297.550048828125,2389100,0.006747194426934611,0.0196033419596382,0.058943496733501854,0.09230188330127898,0.6319253749962621
2017-03-03,3300.550048828125,3346.35009765625,3213.300048828125,3223.949951171875,3223.949951171875,2325900,-0.022319630200125617,-0.06419266210431052,-0.002043025972819801,0.030328662329735412,0.3496389120552068
2017-03-10,3244.699951171875,3314.449951171875,3221.25,3273.5,3273.5,1882100,0.015369360436291446,-0.04119617075020532,0.03295938832221945,-0.00439482090252763,0.42673471902439086
2017-03-17,3352.25,3398.10009765625,3291.199951171875,3327.0,3327.0,2163300,0.016343363372536945,0.015738310643300002,0.1122254356607888,0.054700518790612884,0.3811856246094718
2017-03-24,3332.39990234375,3395.75,3232.199951171875,3359.85009765625,3359.85009765625,3103000,0.009873789496919194,0.018892828889819357,0.1267102943179912,0.05788731034516692,0.3687695725766009
2017-03-31,3353.14990234375,3555.60009765625,3346.449951171875,3526.60009765625,3526.60009765625,4357900,0.049630190381505734,0.09387557222293874,0.18746737434302707,0.1268353354844034,0.4103579674690061
2017-04-07,3545.5,3595.800048828125,3468.949951171875,3483.949951171875,3483.949951171875,2157500,-0.012093842597214244,0.06428897240625475,0.14291568919248254,0.08493709645843261,0.49407114748654046
2017-04-14,3489.25,3592.85009765625,3463.0,3545.75,3545.75,2309700,0.017738500751808273,0.06574992485722864,0.1663267281013472,0.14266606861177178,0.44869356264959226
2017-04-21,3547.699951171875,3619.449951171875,3443.85009765625,3473.10009765625,3473.10009765625,2683200,-0.020489290656067083,0.03370686093376629,0.07388346320599903,0.08685517190691727,0.3548803268973948
2017-04-28,3489.800048828125,3674.10009765625,3466.85009765625,3659.300048828125,3659.300048828125,4242900,0.05361203130814696,0.03762829566643133,0.062175247481952134,0.15170112755884513,0.4972279518509406
2017-05-05,3666.75,3921.449951171875,3623.25,3750.5,3750.5,5379000,0.024922785766387623,0.07650800171181205,0.09851649964910791,0.26654736655515765,0.5942614240170032
2017-05-12,3754.199951171875,3810.0,3691.14990234375,3726.14990234375,3726.14990234375,4025400,-0.0064924937091721535,0.05087778392265396,0.13759940096493484,0.12224980117272799,0.5831368542251221
2017-05-19,3733.10009765625,3847.35009765625,3714.64990234375,3769.10009765625,3769.10009765625,5174300,0.01152669550022245,0.08522645235585058,0.14300011882934216,0.11426121588177085,0.7329594621823081
2017-05-26,3787.0,3790.949951171875,3448.60009765625,3538.89990234375,3538.89990234375,4916400,-0.061075638573686586,-0.03290250727674893,0.09769070734407448,0.10292490924571407,0.47463373058172365
2017-06-02,3543.14990234375,3567.39990234375,3420.35009765625,3527.300048828125,3527.300048828125,3083300,-0.0032778133984356916,-0.05951205203889487,0.07753170882178861,0.1327232012935533,0.47087273474342584
2017-06-09,3540.550048828125,3580.35009765625,3485.64990234375,3518.800048828125,3518.800048828125,2235200,-0.00240977514879237,-0.05564721198822453,0.05764954879114059,0.08922629138792071,0.3967094339534878
2017-06-16,3496.89990234375,3498.10009765625,3431.300048828125,3463.39990234375,3463.39990234375,3117600,-0.015744045048204702,-0.08110694526329887,0.030819769239030625,0.09288267745233991,0.3150320714410526
2017-06-23,3474.5,3533.949951171875,3428.75,3444.25,3444.25,2582900,-0.0055292206743988714,-0.02674557205787742,-0.023351130090133898,0.15142243966777036,0.31510118365788475
2017-06-30,3445.800048828125,3447.449951171875,3253.699951171875,3302.39990234375,3302.39990234375,2852500,-0.04118461135406837,-0.063759856936212,-0.05211040668568101,0.10744463525947356,0.20415675564038294
2017-07-07,3310.050048828125,3411.5,3278.699951171875,3380.699951171875,3380.699951171875,2395100,0.023710044556552567,-0.03924636118560976,-0.0465486988163647,0.13834026634538232,0.22055740182480532
2017-07-14,3441.699951171875,3569.60009765625,3183.050048828125,3519.89990234375,3519.89990234375,2115000,0.04117489075705261,0.016313449671741642,0.013474936906967327,0.15470913163450706,0.19100629987580664
2017-07-21,3530.949951171875,3584.5,3480.050048828125,3511.35009765625,3511.35009765625,2359800,-0.00242899085903181,0.01948177329062939,-0.04043121613360334,0.15501134333152633,0.2552864769528107
2017-07-28,3513.949951171875,3624.300048828125,3512.85009765625,3592.449951171875,3592.449951171875,3267100,0.023096487464966176,0.0878300803673937,-0.04214106087938274,0.11078646928779312,0.2548290452735946
2017-08-04,3584.5,3748.25,3519.89990234375,3601.949951171875,3601.949951171875,3703800,0.002644434892377756,0.06544502712324607,-0.03333197923512232,0.04552838787538627,0.2357027931819191
2017-08-11,3611.25,3666.0,3266.0,3293.35009765625,3293.35009765625,3785600,-0.08567577498272116,-0.06436257023577585,-0.1262237636765967,-0.035382103347182614,0.11235523760275301
2017-08-18,3306.949951171875,3391.75,3235.800048828125,3305.75,3305.75,2794900,0.0037651333675623455,-0.05855300438241218,-0.06588202796844833,0.009250652362214895,0.05424715862861729
2017-08-25,3313.89990234375,3337.35009765625,3202.14990234375,3323.050048828125,3323.050048828125,2372700,0.005233320374536721,-0.07499057913273655,-0.05790547931068635,0.007733013789756438,0.10074866882742461
2017-09-01,3342.35009765625,3346.89990234375,3256.60009765625,3296.300048828125,3296.300048828125,2361500,-0.00804983361879652,-0.08485678770864336,-0.0632317826851514,0.02244144566510764,0.053450727022611
2017-09-08,3305.0,3311.0,3211.550048828125,3220.10009765625,3220.10009765625,2146400,-0.023116812803180675,-0.022241789614814822,-0.0702488339630819,-0.016312785197418633,-0.020635914330582317
2017-09-15,3237.35009765625,3309.800048828125,3206.699951171875,3278.25,3278.25,2738200,0.018058414515149446,-0.0083188383876579,-0.04819626914422592,-0.014652840396753852,0.03924616042240059
2017-09-22,3296.89990234375,3312.14990234375,3147.89990234375,3152.800048828125,3152.800048828125,2796000,-0.038267353365934564,-0.051233053218695535,-0.04530034457954424,-0.06162478765721069,-0.007304770520111803
2017-09-29,3147.949951171875,3150.449951171875,3012.5,3042.10009765625,3042.10009765625,2629600,-0.03511163075914736,-0.07711675132918994,-0.10015673038308348,-0.13738444580716558,-0.027974312597052853
2017-10-06,3072.35009765625,3110.300048828125,3011.550048828125,3101.89990234375,3101.89990234375,1736000,0.019657408621620354,-0.03670699410820555,-0.11875337697008703,-0.10966002789437812,-0.03403713580284462
2017-10-13,3100.10009765625,3126.14990234375,2995.300048828125,3045.449951171875,3045.449951171875,2176700,-0.01819850831718406,-0.07101351294993519,-0.13268404845058124,-0.14109851197296064,-0.018562413351342122
2017-10-20,3068.85009765625,3077.64990234375,2928.300048828125,2942.699951171875,2942.699951171875,1416000,-0.03373885686759104,-0.06663920781603094,-0.18086542856026377,-0.1527166311279956,-0.07912568847074553
2017-10-27,2954.39990234375,4335.2001953125,2936.5,3820.699951171875,3820.699951171875,15127000,0.29836545164937833,0.25594156290764003,0.06073099375765367,0.04410676910614031,0.20249894327136442
2017-11-03,3824.85009765625,3997.550048828125,3763.89990234375,3975.39990234375,3975.39990234375,7094800,0.04048995030987079,0.2816016078855401,0.20709908891037387,0.05996531191674448,0.34249627444796893
2017-11-10,3966.25,4067.25,3745.39990234375,4001.449951171875,4001.449951171875,5910200,0.006552812161807031,0.3139109213179272,0.21045147127637454,0.07388324572099503,0.20516525899311056
2017-11-17,4038.199951171875,4191.0,3875.0,4068.85009765625,4068.85009765625,5263500,0.016843930901756288,0.382692821276565,0.2244323852694099,0.07952826728756679,0.2028764796865854
2017-11-24,4063.35009765625,4091.64990234375,3949.199951171875,4007.300048828125,4007.300048828125,3591900,-0.015127136009158715,0.048839244128295434,0.21569638366287958,0.1323575572663589,0.2489053560816974
2017-12-01,3976.300048828125,4041.35009765625,3745.949951171875,3766.699951171875,3766.699951171875,3359500,-0.06004044986015211,-0.05249785085742775,0.16974623053285454,0.0678705806225035,0.20960178264992768
2017-12-08,3787.60009765625,3854.25,3722.64990234375,3767.10009765625,3767.10009765625,2877100,0.00010623264118780895,-0.05856623383406123,0.14911922448143056,0.07056384147511219,0.16608628274394244
2017-12-15,3798.0,3830.25,3690.39990234375,3734.949951171875,3734.949951171875,2709400,-0.008534455058515023,-0.08206253326381063,0.1846453607358105,0.07840562929055972,0.17857083151874265
2017-12-22,3688.10009765625,3870.25,3586.800048828125,3819.60009765625,3819.60009765625,3987000,0.022664332210881488,-0.04683950512434554,0.2555800187505386,0.10897876102380777,0.276903030557774
2017-12-29,3807.85009765625,3835.050048828125,3686.5,3700.550048828125,3700.550048828125,2277300,-0.031168197136966058,-0.017561765790017336,0.19299466950305,0.12056388028651632,0.2409624576888414
2018-01-05,3717.39990234375,3760.14990234375,3606.10009765625,3694.699951171875,3694.699951171875,3485200,-0.0015808724592449863,-0.01921906628640413,0.2131868887716153,0.0928801740867764,0.2440695084535287
2018-01-12,3706.0,3735.60009765625,3610.800048828125,3639.10009765625,3639.10009765625,2652600,-0.015048543657243396,-0.025662955265451703,0.23665346723747582,0.033864654853716036,0.19381295783374397
2018-01-19,3656.699951171875,3809.85009765625,3497.550048828125,3710.699951171875,3710.699951171875,4284500,0.019675153635300813,-0.028510876453060496,-0.028790536133637246,0.05677299271544767,0.22058479391274677
2018-01-26,3702.050048828125,4009.75,3647.5,3757.699951171875,3757.699951171875,5601900,0.012666073953286672,0.015443623674769036,-0.054761774040273825,0.04599924904899355,0.16188181272881463
2018-02-02,3764.85009765625,3795.5,3473.35009765625,3492.85009765625,3492.85009765625,4566600,-0.07048190567557933,-0.05463227222324318,-0.12710388977042564,-0.030289108675740972,0.01386026491145631
2018-02-09,3429.85009765625,3549.75,3329.800048828125,3480.64990234375,3480.64990234375,4353700,-0.003492905498774901,-0.043541037910594826,-0.1445617757339639,0.05687212082942361,0.0194777622254807
2018-02-16,3426.0,3512.64990234375,3159.699951171875,3189.050048828125,3189.050048828125,9082300,-0.08377741562553354,-0.1405799200172485,-0.20418985102931964,-0.035302110314414326,-0.02637802550237056
2018-02-23,3165.800048828125,3208.89990234375,2982.10009765625,3190.25,3190.25,10762900,0.00037627229221937064,-0.15100991525278917,-0.15303845770686697,-0.039963300846147964,-0.03253932381291891
2018-03-02,3228.25,3228.25,2975.050048828125,3021.449951171875,3021.449951171875,11793100,-0.05291122916013635,-0.13496145935397885,-0.19793743918519469,-0.08338139537811873,-0.06281114876687
2018-03-09,2996.800048828125,3057.14990234375,2797.39990234375,2858.14990234375,2858.14990234375,10318600,-0.05404691504646264,-0.1788459102367147,-0.23475550149019286,-0.1124033987564379,-0.126882571454483
2018-03-16,2866.25,3005.35009765625,2769.699951171875,2932.0,2932.0,15930200,0.025838427017313315,-0.08060395568974621,-0.23238037358960473,-0.10562037672538704,-0.11872557859933874
2018-03-23,2940.35009765625,2956.800048828125,2690.75,2715.89990234375,2715.89990234375,9226300,-0.07370398965083558,-0.14868743755387503,-0.2660821049552322,-0.1385752790275323,-0.19166039454013262
2018-03-30,2711.449951171875,2958.300048828125,2706.550048828125,2878.5,2878.5,5833800,0.05986969457745128,-0.04731170579755317,-0.22091102442919486,-0.05377867013064219,-0.1837747631456632
2018-04-06,2895.35009765625,3036.949951171875,2829.85009765625,3019.35009765625,3019.35009765625,7290700,0.04893176920488096,0.056400189220415564,-0.17030309234943763,-0.02661265910777022,-0.13335434206204666
2018-04-13,3034.199951171875,3086.050048828125,2925.800048828125,2941.199951171875,2941.199951171875,6535600,-0.02588310197781918,0.0031377732509805245,-0.20737327461817123,-0.03423139492405225,-0.17049990801047032
2018-04-20,2922.60009765625,2956.5,2779.0,2799.10009765625,2799.10009765625,4860500,-0.04831356448887725,0.030634485181394444,-0.25510281980249017,-0.04879867329268106,-0.19406293543190278
2018-04-27,2802.800048828125,2856.14990234375,2706.14990234375,2814.89990234375,2814.89990234375,5123700,0.005644601527730053,-0.022094874989143642,-0.19409656193588554,-0.26325020590000237,-0.23075455284263735
2018-05-04,2838.300048828125,2888.949951171875,2762.39990234375,2784.39990234375,2784.39990234375,2989100,-0.01083519878437067,-0.07781482362541481,-0.2000344819314258,-0.2995925011966293,-0.25759234706205836
2018-05-11,2797.699951171875,2916.35009765625,2788.64990234375,2841.85009765625,2841.85009765625,4557400,0.02063288224659887,-0.03377868052664712,-0.10887253127289742,-0.2897949162592979,-0.23732265954498366
2018-05-18,2831.5,2903.85009765625,2645.75,2656.75,2656.75,6413000,-0.06513365986788222,-0.05085566528165353,-0.1672282736462659,-0.3470513938249167,-0.2951235225479806
2018-05-25,2704.60009765625,2965.75,2670.85009765625,2950.0,2950.0,7813800,0.11037922273454415,0.04799463652109348,-0.02364757064539924,-0.2638434946086248,-0.16640761778928304
2018-06-01,2961.39990234375,3055.39990234375,2891.60009765625,2938.35009765625,2938.35009765625,5724300,-0.003949119438559356,0.05529026027580075,0.028060178105680844,-0.21991394702355127,-0.16696905367252268
2018-06-08,2953.64990234375,3027.300048828125,2860.449951171875,3019.35009765625,3019.35009765625,5790400,0.027566490482059613,0.06245931132904903,0.029791984193809684,-0.19849485827711943,-0.14193757651509864
2018-06-15,3025.75,3168.85009765625,3019.85009765625,3032.75,3032.75,5500600,0.004438008813271388,0.14152630093158924,0.11666486580849922,-0.18800786097590227,-0.12434310633673018
2018-06-22,3033.949951171875,3053.64990234375,2880.64990234375,2948.300048828125,2948.300048828125,4720600,-0.027845998243137382,-0.0005762546345339237,0.02424875762658507,-0.2281128983536168,-0.14399359836593595
2018-06-29,2939.25,2947.800048828125,2747.800048828125,2791.5,2791.5,6624000,-0.053183205993721394,-0.04997705949790798,-0.0754632918630791,-0.24565268320475742,-0.15470564360820105
2018-07-06,2795.949951171875,2827.35009765625,2736.64990234375,2772.25,2772.25,5651000,-0.0068959340856170614,-0.08183883606212472,-0.05744252481187462,-0.24966843407116046,-0.1799775076048863
2018-07-13,2789.300048828125,2864.75,2747.949951171875,2765.14990234375,2765.14990234375,5901900,-0.002561131808549,-0.08823678102588406,-0.01212896792827356,-0.24015558018735583,-0.2144237111678785
2018-07-20,2761.60009765625,2840.89990234375,2686.699951171875,2802.35009765625,2802.35009765625,6586400,0.013453229165250269,-0.04950308610206966,-0.0044583484752159785,-0.24479205149119088,-0.20191663613185196
2018-07-27,2806.35009765625,3183.300048828125,2787.550048828125,3093.699951171875,3093.699951171875,7734100,0.10396625809148397,0.10825719189391902,0.11108319913665188,-0.17670383708867576,-0.13883283184983697
2018-08-03,3138.85009765625,3270.10009765625,3135.35009765625,3239.0,3239.0,9630100,0.046966432143196846,0.16836504644242045,0.13975047546360386,-0.0726770661662769,-0.10076485128667356
2018-08-10,3254.949951171875,3447.949951171875,3215.550048828125,3250.85009765625,3250.85009765625,9892700,0.003658566735489366,0.17565058404277423,0.22361912022442842,-0.06602209677358262,-0.012904792609278237
2018-08-17,3175.64990234375,3230.300048828125,3104.64990234375,3222.050048828125,3222.050048828125,5656500,-0.008859236188370812,0.14976713706217204,0.09222035553495767,0.010347909093532781,-0.0253195042492248
2018-08-24,3243.39990234375,3303.449951171875,3193.10009765625,3214.60009765625,3214.60009765625,4206700,-0.002312177358816836,0.039079467431409665,0.09401534562554281,0.007632661282422903,-0.032635665902811195
2018-08-31,3248.949951171875,3324.949951171875,3214.300048828125,3315.5,3315.5,6465700,0.03138801072560016,0.023618400740969436,0.09808398919146022,0.09732084051700984,0.005824697657211386
2018-09-07,3342.85009765625,3356.0,3093.35009765625,3135.949951171875,3135.949951171875,5992100,-0.05415474252092445,-0.035344646179537476,0.03402850586823014,0.09719575890694965,-0.0261327734953406
2018-09-14,3121.75,3148.35009765625,2990.550048828125,3096.199951171875,3096.199951171875,4635700,-0.012675584948396823,-0.03905901390390332,0.05016446762348248,0.05600271185943906,-0.05553269239018532
2018-09-21,3073.050048828125,3074.199951171875,2659.300048828125,2834.14990234375,2834.14990234375,8795000,-0.08463602253108438,-0.11835070732122621,0.01527848910755858,0.043539896259782385,-0.10106893604077916
2018-09-28,2857.300048828125,2859.800048828125,2674.300048828125,2700.449951171875,2700.449951171875,8169500,-0.047174622295493074,-0.18550747966464332,-0.025899557697943942,-0.061855149844754265,-0.11230733227601397
2018-10-05,2700.300048828125,2862.10009765625,2634.300048828125,2656.0,2656.0,5907100,-0.0164602018091784,-0.1530477075989437,-0.039473412364094296,-0.12034049908233502,-0.14375057751116815
2018-10-12,2667.25,2835.39990234375,2640.85009765625,2704.10009765625,2704.10009765625,6458800,0.018109976527202587,-0.12663906068702702,-0.03505985925247934,-0.08061330662716637,-0.11208519561593033
2018-10-19,2710.85009765625,2828.35009765625,2654.10009765625,2685.949951171875,2685.949951171875,4092600,-0.006712083809362834,-0.05229079486914878,-0.13180011198097819,-0.04042375854265379,-0.08724980604894972
2018-10-26,2731.64990234375,2732.550048828125,2564.5,2572.85009765625,2572.85009765625,4758300,-0.04210795270637102,-0.047251330638530153,-0.20566529865506333,-0.08598877867236554,-0.32660242088177793
2018-11-02,2591.449951171875,3010.699951171875,2576.050048828125,2923.14990234375,2923.14990234375,9658100,0.13615243461195314,0.10058354756918297,-0.10080446205402105,0.04983120416115816,-0.2646903521277525
2018-11-09,2930.050048828125,3049.800048828125,2902.050048828125,2928.449951171875,2928.449951171875,3682400,0.0018131293314365138,0.08296654909708323,-0.09112214062690727,0.03047305471426731,-0.2681527978841166
2018-11-16,2934.25,3013.64990234375,2818.300048828125,3002.300048828125,3002.300048828125,6035900,0.02521815256794735,0.11777959508077473,-0.06604244458989217,0.1300649473334432,-0.2621256677513094
2018-11-23,3031.449951171875,3031.449951171875,2911.25,2919.85009765625,2919.85009765625,3947400,-0.027462262209287602,0.13486988624642438,-0.11933340441675466,-0.01022030587923728,-0.271367239268715
2018-11-30,2934.75,2999.050048828125,2883.35009765625,2915.199951171875,2915.199951171875,4502100,-0.0015925976775683637,-0.0027196522373008625,-0.07039334282663146,-0.007878620897775468,-0.22605994930259465
2018-12-07,2934.60009765625,2957.10009765625,2786.5,2824.699951171875,2824.699951171875,4260500,-0.031044182737317905,-0.03542829883723386,-0.08768813522435481,-0.06446756427334177,-0.2501659425165531
2018-12-14,2772.85009765625,3021.85009765625,2747.25,2979.64990234375,2979.64990234375,5166300,0.054855366534626526,-0.007544264769011377,0.051338145480475994,-0.017508893794823233,-0.20222494510030653
2018-12-21,2981.800048828125,3120.14990234375,2959.050048828125,3034.449951171875,3034.449951171875,5545600,0.018391438801256488,0.03924854005608491,0.12368309209176753,0.02922019499948525,-0.20555820672592195
2018-12-28,3049.949951171875,3099.050048828125,2982.199951171875,3079.89990234375,3079.89990234375,3915500,0.014977986753191619,0.05649696553598926,0.15960086684629138,0.10331359568108534,-0.167718349514262
2019-01-04,3103.14990234375,3164.300048828125,3044.699951171875,3125.10009765625,3125.10009765625,5463400,0.014675865042920178,0.10634763043053441,0.1556895029015004,0.12727932100505002,-0.1541667418310818
2019-01-11,3159.14990234375,3214.5,3093.14990234375,3160.0,3160.0,4396100,0.011167611037459002,0.06052727789073109,0.17649251007871447,0.14279518709693595,-0.13165345409564655
2019-01-18,3144.0,3207.699951171875,3076.050048828125,3083.949951171875,3083.949951171875,3620800,-0.024066471148140867,0.016312676365244805,0.1986512366115747,0.10048703541757376,-0.1689034436217529
2019-01-25,3093.300048828125,3100.89990234375,2928.25,2950.64990234375,2950.64990234375,3762900,-0.043223804192241255,-0.04196564956596249,0.009407659859643536,-0.04623914765035264,-0.21477234992550132
2019-02-01,2955.550048828125,3100.949951171875,2872.449951171875,2931.449951171875,2931.449951171875,6189700,-0.006507024488613178,-0.061966062024575774,0.001024432737462222,-0.09495216079905067,-0.16072838249230392
2019-02-08,2914.550048828125,3002.199951171875,2861.39990234375,2895.800048828125,2895.800048828125,5518600,-0.012161184034371275,-0.0836075794847706,-0.03547280360654481,-0.10921760098507882,-0.16802892273704606
2019-02-15,2895.35009765625,2895.449951171875,2678.449951171875,2694.39990234375,2694.39990234375,3298500,-0.06954905141529977,-0.12631529531797336,-0.0772129348330135,-0.16376224406454643,-0.1551089317855464
2019-02-22,2705.64990234375,2788.199951171875,2650.64990234375,2777.39990234375,2777.39990234375,4513300,0.030804632945466537,-0.05871587810617063,-0.04726950162465904,-0.13600453618826824,-0.12940995146344325
2019-03-01,2782.0,2842.64990234375,2690.5,2832.0,2832.0,5190700,0.01965870943185921,-0.03392517451376542,0.0025843625710038065,-0.14583019152465693,-0.0627016678195833
2019-03-08,2826.10009765625,2973.800048828125,2821.25,2937.300048828125,2937.300048828125,5379700,0.03718222063140009,0.014331099972456407,-0.01421303002151808,-0.06334600533708024,0.02769279050740825
2019-03-15,2972.800048828125,3129.60009765625,2960.60009765625,3098.949951171875,3098.949951171875,6288400,0.055033500036280714,0.15014476821952938,0.021255911627440227,0.0008881855317384169,0.056940638189588944
2019-03-22,3105.800048828125,3219.199951171875,3072.0,3124.199951171875,3124.199951171875,6876800,0.008147921198421226,0.12486500360840092,0.014383600192465096,0.10234111067599594,0.15033692827772227
2019-03-29,3081.5,3492.699951171875,3065.449951171875,3346.25,3346.25,5862600,0.0710742117337384,0.18158545197740117,0.07076570203610655,0.23914535003615844,0.16249782873024143
2019-04-05,3372.85009765625,3472.85009765625,3265.699951171875,3294.89990234375,3294.89990234375,8002200,-0.015345565231602576,0.12174440730299052,0.04268984251384489,0.24054966202701422,0.09126129656226145
2019-04-12,3310.85009765625,3352.199951171875,3220.10009765625,3302.25,3302.25,5427800,0.0022307499086759996,0.06560288227670363,0.07078585978516694,0.22120109490850215,0.1227560365912117
2019-04-19,3308.949951171875,3333.39990234375,3199.800048828125,3212.64990234375,3212.64990234375,2302300,-0.02713304494094937,0.028311232492881144,0.08879399748234751,0.19609447709257455,0.14774384275638264
2019-04-26,3195.699951171875,3196.10009765625,3107.10009765625,3162.0,3162.0,4504600,-0.01576577090046416,-0.05506163615988047,0.0786471038797576,0.2289872631446499,0.12330814938294843
2019-05-03,3158.800048828125,3158.89990234375,3016.39990234375,3089.60009765625,3089.60009765625,2976500,-0.022896869811432685,-0.062308358606422254,0.06692452709452512,0.05694206622077158,0.10961076210913512
2019-05-10,3048.699951171875,3083.5,2918.25,3022.5,3022.5,4617600,-0.021718052671979016,-0.08471496706790826,0.12177112141774082,0.03211598299314944,0.06356770981436943
2019-05-17,3019.199951171875,3038.75,2836.0,2949.199951171875,2949.199951171875,6828600,-0.02425146363213404,-0.08200394041681236,0.06185643222754811,-0.017686472635197292,0.11007808456643464
2019-05-24,3082.60009765625,3399.25,3052.449951171875,3326.89990234375,3326.89990234375,9450200,0.12806861434464434,0.05215050675007915,0.17475279037561786,0.1394077747396132,0.12776267876059322
2019-05-31,3325.0,3423.5,3185.60009765625,3247.60009765625,3247.60009765625,7348500,-0.023835945479343867,0.05113930444262271,0.1056412500152728,0.11402310374996882,0.10524613804415983
2019-06-07,3250.949951171875,3336.5,3065.64990234375,3107.89990234375,3107.89990234375,5878300,-0.043016440174798554,0.02825472368693127,0.0028880592823032902,0.10025841897097232,0.029327438628675706
2019-06-14,3132.199951171875,3147.60009765625,2992.25,3056.25,3056.25,5286000,-0.01661890793355325,0.03629799627034047,-0.021749552600302424,0.025707750966312393,0.007748742890116178
2019-06-21,3058.5,3111.800048828125,2955.64990234375,3085.550048828125,3085.550048828125,5057500,0.009586928041922294,-0.07254496997207449,-0.07790809149701161,0.016839986975733634,0.04655224967843874
2019-06-28,3090.949951171875,3274.5,3078.75,3205.64990234375,3205.64990234375,6058800,0.03892332051500458,-0.012917290938245451,-0.0270873175650993,0.04082924899744511,0.148361061201415
2019-07-05,3225.14990234375,3348.39990234375,3182.300048828125,3303.35009765625,3303.35009765625,5933600,0.03047750012909023,0.06288818863345824,0.0003331357880991259,0.05703817299602121,0.19157727393137347
2019-07-12,3263.800048828125,3271.449951171875,3072.39990234375,3178.60009765625,3178.60009765625,5590000,-0.03776469230085877,0.04003275178936616,-0.010598666435038373,0.0058861068532436445,0.1495218016795612
2019-07-19,3167.35009765625,3187.550048828125,3009.25,3018.10009765625,3018.10009765625,4295900,-0.05049392659313923,-0.021859943966065942,-0.045509140526170166,-0.021352439098631493,0.07698895301498654
2019-07-26,3016.699951171875,3040.89990234375,2810.85009765625,2863.199951171875,2863.199951171875,5444900,-0.0513237273358379,-0.1068269965854659,-0.07327813934758765,-0.029637521924377408,-0.07450625582247816
2019-08-02,2870.14990234375,2881.60009765625,2636.0,2655.64990234375,2655.64990234375,6013300,-0.07248884198366135,-0.1960737361056728,-0.12137306787634405,-0.09408315114432408,-0.18010191344743753
2019-08-09,2608.25,2681.89990234375,2519.64990234375,2596.199951171875,2596.199951171875,6369200,-0.02238621556230258,-0.18322535977829024,-0.11969347817862741,-0.10346021569323904,-0.20137814012290356
2019-08-16,2599.89990234375,2616.949951171875,2519.199951171875,2603.60009765625,2603.60009765625,2644000,0.0028503761742366684,-0.1373380559252777,-0.2174095482037035,-0.03369945367371674,-0.191942999580906
2019-08-23,2611.10009765625,2618.050048828125,2318.449951171875,2402.550048828125,2402.550048828125,5015200,-0.07722001893036856,-0.16088638942425637,-0.2602075450847493,-0.1349643071562372,-0.2526130853477504
2019-08-30,2557.949951171875,2575.699951171875,2396.60009765625,2474.39990234375,2474.39990234375,6739800,0.029905663588848386,-0.06825071325856524,-0.20383539364387537,-0.12627122092381704,-0.2536872561171015
2019-09-06,2433.35009765625,2433.35009765625,2340.35009765625,2381.300048828125,2381.300048828125,5115100,-0.03762522518184752,-0.0827747886855742,-0.22084251981083847,-0.18928948039265636,-0.24064475329453028
2019-09-13,2378.39990234375,2529.800048828125,2365.0,2511.800048828125,2511.800048828125,4127300,0.05480199778445427,-0.03525888976220393,-0.1859473970347385,-0.18946737172109474,-0.18874746836765555
2019-09-20,2487.300048828125,2568.949951171875,2311.550048828125,2522.85009765625,2522.85009765625,5973600,0.004399254961906962,0.050071818019692405,-0.21299886933638135,-0.1924812313277391,-0.10983886365010731
2019-09-27,2578.89990234375,2604.050048828125,2364.199951171875,2376.35009765625,2376.35009765625,7589300,-0.05806924483388842,-0.03962569049353226,-0.2806242065162009,-0.2898468142977213,-0.12001698212365686
2019-10-04,2380.75,2382.449951171875,2116.85009765625,2173.699951171875,2173.699951171875,6129100,-0.08527790020681092,-0.08717931104835497,-0.31614550922128926,-0.3402834636567671,-0.18158887380576993
2019-10-11,2179.39990234375,2227.300048828125,2113.050048828125,2166.75,2166.75,5224300,-0.0031972909453893417,-0.13737162278864812,-0.28208146519639243,-0.34385646150352034,-0.19871679237096007
2019-10-18,2163.199951171875,2266.89990234375,2138.050048828125,2248.64990234375,2248.64990234375,5306800,0.037798501139379326,-0.10868667764574458,-0.21463748928068982,-0.300063819371269,-0.1628102000327042
2019-10-25,2248.199951171875,2322.60009765625,2172.949951171875,2300.39990234375,2300.39990234375,5523300,0.02301380928443386,-0.031960861064793566,-0.13377139798678783,-0.2724857993852783,-0.10589431368764535
2019-11-01,2300.39990234375,2571.85009765625,2289.800048828125,2542.449951171875,2542.449951171875,7240200,0.105220856852547,0.1696416286899216,-0.02070333603378205,-0.17709416403095002,-0.13023620542574088
2019-11-08,2558.75,2604.050048828125,2432.14990234375,2437.050048828125,2437.050048828125,7267100,-0.04145603821824251,0.12474907064872509,-0.06396913603515864,-0.1936972543165839,-0.16780204904888574
2019-11-15,2431.14990234375,2498.35009765625,2329.25,2457.35009765625,2457.35009765625,5704100,0.008329762795756368,0.09281133318929435,0.022809118525898953,-0.16677399350972688,-0.18151082247245176
2019-11-22,2471.85009765625,2628.75,2468.699951171875,2559.64990234375,2559.64990234375,6969500,0.04163013027125051,0.11269779647263256,0.03445279799730483,-0.23062010355631202,-0.12336256426370351
2019-11-29,2562.050048828125,2737.5,2558.5,2669.85009765625,2669.85009765625,6639800,0.04305283906662183,0.05010920526701157,0.121173326717112,-0.17790059817308002,-0.08416227278578181
2019-12-06,2677.10009765625,2684.699951171875,2448.89990234375,2460.85009765625,2460.85009765625,5351600,-0.07828154853468083,0.00976592534058529,-0.02028423846700922,-0.2081951880752474,-0.1288100894980636
2019-12-13,2459.14990234375,2576.949951171875,2384.85009765625,2570.699951171875,2570.699951171875,6204100,0.04463898618621576,0.04612686390259779,0.01896658606869983,-0.1588711816206544,-0.13724765142716966
2019-12-20,2583.949951171875,2596.10009765625,2493.14990234375,2570.89990234375,2570.89990234375,5291200,7.778082844089873e-05,0.0043951323146571575,0.08186916771202224,-0.16679364727201118,-0.15276246314397324
2019-12-27,2560.550048828125,2582.39990234375,2493.449951171875,2568.449951171875,2568.449951171875,4315700,-0.0009529547103881431,-0.037979715255695434,0.18160280115348226,-0.19877403040987052,-0.1660605757942557
2020-01-03,2569.949951171875,2582.699951171875,2511.39990234375,2524.300048828125,2524.300048828125,3641200,-0.017189317753147693,0.025783753034085866,0.1650167526609554,-0.23583635575922346,-0.19224985762174807
2020-01-10,2512.35009765625,2512.35009765625,2356.60009765625,2461.39990234375,2461.39990234375,5730000,-0.024917856541489813,-0.04251762201119569,0.0946123270582282,-0.22563398139996582,-0.2210759802709652
2020-01-17,2472.85009765625,2484.35009765625,2417.449951171875,2451.85009765625,2451.85009765625,4075000,-0.0038798265484639716,-0.046306666618551984,0.06583646398097809,-0.18761803176764402,-0.20496436826915188
2020-01-24,2469.199951171875,2470.0,2397.550048828125,2446.300048828125,2446.300048828125,2621800,-0.002263616700478699,-0.04755782852144663,-0.03781781517446681,-0.145606282988765,-0.17092839550873573
2020-01-31,2417.5,2425.449951171875,2330.699951171875,2366.050048828125,2366.050048828125,4761600,-0.032804643092920194,-0.06269064569937544,-0.02913358305224012,-0.10905046379044092,-0.1928738036676103
2020-02-07,2273.35009765625,2343.25,2215.64990234375,2313.199951171875,2313.199951171875,6003500,-0.02233684688218074,-0.06020961934334956,-0.05866080971606824,-0.10900547158251783,-0.20118795767408637
2020-02-14,2311.699951171875,2321.550048828125,2205.14990234375,2211.199951171875,2211.199951171875,4398700,-0.04409476143570146,-0.0981504320816412,-0.13613187914988523,-0.15071444606167128,-0.17933490524237283
2020-02-21,2207.699951171875,2213.60009765625,2074.550048828125,2168.949951171875,2168.949951171875,3803300,-0.019107272491394878,-0.11337533913270847,-0.18761358434471442,-0.09723006510111687,-0.21907178388622595
2020-02-28,2143.89990234375,2158.14990234375,1939.300048828125,1945.5999755859373,1945.5999755859373,5289600,-0.10297608548563453,-0.17770125929940972,-0.20937891444954104,-0.21370835258154264,-0.31299435890327076
2020-03-06,1989.0,1996.5,1738.550048828125,1794.800048828125,1794.800048828125,8502900,-0.0775081870117712,-0.22410509825626046,-0.3018243735485542,-0.24629403601978916,-0.3889626463104495
2020-03-13,1735.9000244140625,1745.5,1218.300048828125,1573.25,1573.25,8427200,-0.12343996144460834,-0.2885084864594806,-0.3880547435682916,-0.37365635424125565,-0.4923280385973733
2020-03-20,1499.300048828125,1564.6500244140625,1382.550048828125,1463.449951171875,1463.449951171875,8758300,-0.06979186323097097,-0.32527260466237184,-0.43022056921756846,-0.4199219555171221,-0.5315760917853736
2020-03-27,1349.8499755859375,1449.050048828125,1243.699951171875,1339.6500244140625,1339.6500244140625,7829900,-0.08459457507151391,-0.31144631927197,-0.46929841995765187,-0.4362572982258235,-0.599656324418659
2020-04-03,1314.199951171875,1340.0999755859375,1228.800048828125,1232.300048828125,1232.300048828125,4495400,-0.08013285084131605,-0.31340538483229474,-0.4993499237345681,-0.4330864072735645,-0.6259977282006178
2020-04-10,1275.5999755859375,1325.1500244140625,1238.0999755859375,1302.3499755859375,1302.3499755859375,4250900,0.05684486243786768,-0.17219133921122676,-0.46882969035061817,-0.3989385136328891,-0.6056173894811303
2020-04-17,1303.0,1346.550048828125,1256.949951171875,1315.199951171875,1315.199951171875,5407100,0.009866760722405887,-0.10130172192174192,-0.46237177577545807,-0.4151157324219068,-0.5906183396415567
2020-04-24,1335.6500244140625,1395.050048828125,1260.949951171875,1262.5999755859375,1262.5999755859375,7791700,-0.03999390019674931,-0.057515057980777606,-0.46636801862611166,-0.45113891967238207,-0.6006957698969204
2020-05-01,1280.25,1364.5999755859375,1265.699951171875,1326.050048828125,1326.050048828125,5161500,0.050253504252399495,0.07607725090099038,-0.42674646514827064,-0.47843612488146825,-0.5708020433343274
2020-05-08,1287.050048828125,1287.050048828125,1169.4000244140625,1171.9000244140625,1171.9000244140625,6380800,-0.11624751611018758,-0.10016505057573677,-0.4700162580082422,-0.5191317367578971,-0.6122745990358768
2020-05-15,1182.4000244140625,1246.550048828125,1131.3499755859375,1186.0999755859375,1186.0999755859375,6869800,0.012117032917526194,-0.09815996075038347,-0.4531455301930354,-0.5173256034143423,-0.5978231400978301
2020-05-22,1187.1500244140625,1187.3499755859375,1078.449951171875,1090.1500244140625,1090.1500244140625,8116900,-0.08089533188336451,-0.13658320489975118,-0.43968439653904046,-0.5741019022109767,-0.6723225656275176
2020-05-29,1101.5,1150.949951171875,1082.699951171875,1129.8499755859375,1129.8499755859375,6445900,0.036416961228077804,-0.14795827157170738,-0.3704869930644096,-0.5768114559773279,-0.652096951098956
2020-06-05,1149.9000244140625,1397.0,1146.199951171875,1386.75,1386.75,17188400,0.22737534182875452,0.1833347308729345,-0.11854441442873032,-0.43647522402085315,-0.5537983707408933
2020-06-12,1444.8499755859375,1446.8499755859375,1266.300048828125,1352.050048828125,1352.050048828125,14969200,-0.025022499492969197,0.13991238231010628,-0.07612142954020751,-0.47405373069238144,-0.5576114359662576
2020-06-19,1348.8499755859375,1427.4000244140625,1317.1500244140625,1418.4000244140625,1418.4000244140625,11317000,0.04907360910451919,0.3011053457311337,0.05878400967778408,-0.44828656179068505,-0.540308858398598
2020-06-26,1436.550048828125,1573.0999755859375,1434.050048828125,1503.199951171875,1503.199951171875,16594500,0.05978562133263021,0.33044207961532157,0.2198327449563655,-0.4147443089221854,-0.5310779414580367
2020-07-03,1495.050048828125,1501.699951171875,1416.949951171875,1464.449951171875,1464.449951171875,8818000,-0.02577834037966209,0.05603025143095364,0.12446729268222034,-0.4198590013688239,-0.5566773403125171
2020-07-10,1475.800048828125,1557.949951171875,1451.050048828125,1489.75,1489.75,12944600,0.017276144403487237,0.1018453061639435,0.13271749947420286,-0.3947549934565866,-0.5313188340054253
2020-07-17,1503.550048828125,1511.25,1376.5,1431.5999755859375,1431.5999755859375,6649600,-0.03903341125293669,0.009306225990321604,0.13385078668449357,-0.41611439583748644,-0.5256618636679189
2020-07-24,1443.8499755859375,1482.9000244140625,1424.4000244140625,1438.449951171875,1438.449951171875,7551700,0.004784839132966567,-0.04307477521504821,0.08476294122011585,-0.4119895669131226,-0.4976075804335167
2020-07-31,1441.300048828125,1451.5,1382.5,1411.5999755859375,1411.5999755859375,8353700,-0.018665908788876084,-0.036088618490270785,0.2045395905608265,-0.4033938646880757,-0.4684540404440636
2020-08-07,1411.5999755859375,1445.050048828125,1405.449951171875,1427.0,1427.0,6762300,0.010909623604711483,-0.04212116126866927,0.20310262994066508,-0.38310564148288306,-0.4503505019496362
2020-08-14,1436.199951171875,1495.6500244140625,1415.75,1425.1500244140625,1425.1500244140625,8674100,-0.001296408960012263,-0.004505414418741638,0.307297154059192,-0.3554856838438458,-0.4526233019821375
2020-08-21,1437.3499755859375,1502.3499755859375,1406.5999755859375,1483.75,1483.75,8677700,0.04111846092135485,0.031492266235067845,0.3132274479454946,-0.31591321450348087,-0.38242701719212124
2020-08-28,1502.4000244140625,1607.550048828125,1479.75,1601.800048828125,1601.800048828125,11441700,0.07956195371735464,0.1347407739669575,0.15507485042590585,-0.17670637904601816,-0.35265110247098663
2020-09-04,1661.800048828125,1661.800048828125,1459.300048828125,1462.25,1462.25,9184800,-0.0871207669959928,0.024702172389628574,0.08150582241196602,-0.18528529071818123,-0.3859446646718896
2020-09-11,1464.25,1470.449951171875,1382.550048828125,1442.199951171875,1442.199951171875,5314600,-0.013711778989998313,0.011963601351248965,0.01677941789915316,-0.08329893458008897,-0.42583011261396764
2020-09-18,1454.800048828125,1459.949951171875,1379.5999755859375,1386.5999755859375,1386.5999755859375,5379100,-0.03855219627539108,-0.0654760063447768,-0.07756784152037632,-0.05251288267453147,-0.4503835258091231
2020-09-25,1389.25,1390.1500244140625,1232.550048828125,1276.199951171875,1276.199951171875,6640100,-0.07961923147114625,-0.20327137453545385,-0.128546557599568,-0.047363171041585495,-0.4629579402333994
2020-10-02,1291.5999755859375,1328.699951171875,1265.800048828125,1292.25,1292.25,4774200,0.012576437425332099,-0.11625918960506065,-0.13257257929182753,0.04864882641925172,-0.4055067263063018
2020-10-09,1301.0999755859375,1336.3499755859375,1278.6500244140625,1333.4000244140625,1333.4000244140625,6097600,0.031843702390452755,-0.07544025131148147,-0.0685945465538883,0.023841555196524977,-0.38460827302916234
2020-10-16,1341.9000244140625,1370.0999755859375,1260.3499755859375,1270.449951171875,1270.449951171875,5813900,-0.04721019355751832,-0.08376606552656318,-0.11679238465205821,-0.03402524457222389,-0.4350165626726975
2020-10-23,1280.0,1332.050048828125,1277.800048828125,1319.6500244140625,1319.6500244140625,5914700,0.03872649465396494,0.03404644640699872,-0.06513881606841754,0.04518457938481246,-0.42633886261708487
2020-10-30,1320.699951171875,1330.5999755859375,1244.8499755859375,1260.5,1260.5,6102200,-0.04482250848313041,-0.02456954923582899,-0.11667834618079886,-0.04943256017075204,-0.5042183625211556
2020-11-06,1277.3499755859375,1388.75,1264.9000244140625,1374.75,1374.75,10103500,0.09063863546211826,0.031010930575097184,-0.03536471497783822,0.17309494953493187,-0.43589586899905497
2020-11-13,1394.5,1465.4000244140625,1369.449951171875,1412.0,1412.0,9397600,0.027095835606473884,0.11141725708876438,-0.048357203032855955,0.19045614118866094,-0.4253973003900726
2020-11-20,1425.300048828125,1505.1500244140625,1423.5999755859375,1469.25,1469.25,7805400,0.04054532577903691,0.11336337121075823,-0.08275068347332015,0.34775027940736636,-0.425995719705778
2020-11-27,1481.0999755859375,1575.1500244140625,1459.3499755859375,1558.4000244140625,1558.4000244140625,12324500,0.060677232883486365,0.23633480715118016,0.06575484658168063,0.3792981883332607,-0.4162968079061379
2020-12-04,1569.6500244140625,1710.4000244140625,1560.699951171875,1697.949951171875,1697.949951171875,12388800,0.08954692285139143,0.23509725489861788,0.17733324688590346,0.2244095555593113,-0.31001487949671225
2020-12-11,1703.75,1902.4000244140625,1700.25,1828.449951171875,1828.449951171875,21261200,0.07685738905904316,0.29493622604240444,0.31865713498171977,0.3523537481150676,-0.28873459139470525
2020-12-18,1849.5999755859373,1866.3499755859373,1733.0999755859375,1765.550048828125,1765.550048828125,11679000,-0.0344006694322897,0.20166755067423847,0.3834431251990744,0.2447476159325852,-0.3132560131109855
2020-12-25,1742.050048828125,1759.050048828125,1578.75,1703.800048828125,1703.800048828125,11109700,-0.034974936021205494,0.09330083555968316,0.318475564966628,0.13344871219551657,-0.336642690642754
2021-01-01,1717.550048828125,1789.800048828125,1716.050048828125,1752.699951171875,1752.699951171875,10664800,0.02870049356870452,0.03224476667419629,0.3144592163496216,0.19683158155684177,-0.3056689310822839
2021-01-08,1831.6500244140625,1869.449951171875,1794.4000244140625,1829.949951171875,1829.949951171875,13957700,0.04407485716442783,0.0008203669994022444,0.4403951525079064,0.22836043038890752,-0.2565409832715956
2021-01-15,1842.300048828125,2002.449951171875,1778.199951171875,1937.300048828125,1937.300048828125,19464500,0.058662859925488364,0.09727846577557986,0.46804077822701906,0.3532411859920648,-0.20986195253942685
2021-01-22,1944.0999755859373,2003.699951171875,1875.550048828125,1916.050048828125,1916.050048828125,11463700,-0.010968873929907863,0.12457447700273616,0.5200714389751091,0.3320241328293412,-0.21675591277284678
2021-01-29,1876.449951171875,1890.75,1740.199951171875,1814.050048828125,1814.050048828125,12285600,-0.05323451757556341,0.03500319470838731,0.3195490444285325,0.28510206871825394,-0.23330022130064354
2021-02-05,1837.5,2390.300048828125,1815.699951171875,2277.949951171875,2277.949951171875,32814000,0.25572607693124505,0.24481543864798438,0.6132790022463703,0.5963209188310266,-0.015238630790279206
2021-02-12,2307.949951171875,2335.75,2202.699951171875,2226.0,2226.0,20284900,-0.022805571801588376,0.14902180555175737,0.5150587034201124,0.561940821574346,0.006693220493371177
2021-02-19,2323.39990234375,2660.60009765625,2279.699951171875,2464.89990234375,2464.89990234375,33615900,0.10732250779144215,0.28644859973846026,0.5816862575259001,0.66126362415754,0.1364484925122289
2021-02-26,2464.800048828125,2520.14990234375,2366.449951171875,2392.35009765625,2392.35009765625,22831500,-0.029433164656510358,0.318789467358801,0.40896384843682854,0.49353853460454733,0.22962074818888167
2021-03-05,2423.39990234375,2472.39990234375,2316.199951171875,2341.0,2341.0,17587900,-0.021464290576265088,0.02767841707658647,0.2803194304003922,0.600957428620277,0.30432356603093713
2021-03-12,2389.89990234375,2419.89990234375,2294.5,2311.89990234375,2311.89990234375,9173900,-0.012430626935604483,0.0385893541526281,0.30945022140735223,0.6030370133248104,0.4695057380224059
2021-03-19,2326.949951171875,2334.60009765625,2080.85009765625,2187.5,2187.5,9766100,-0.05380851576559875,-0.11254002731712731,0.28389478654174494,0.577599912386862,0.4947555932803396
2021-03-26,2192.25,2248.85009765625,2037.699951171875,2114.550048828125,2114.550048828125,16508300,-0.03334854910714291,-0.11612014859375375,0.20645296270722935,0.6569112441090694,0.5784346734536052
2021-04-02,2135.60009765625,2223.39990234375,2102.5,2214.64990234375,2214.64990234375,8089100,0.04733860689232672,-0.0539727029714866,0.2102243019955372,0.7137936949845232,0.7971677469702334
2021-04-09,2205.0,2246.89990234375,2093.10009765625,2191.25,2191.25,14064300,-0.010565960027806631,-0.05218647322119696,0.13108447053696692,0.6433553021441585,0.6825354482877304
2021-04-16,2127.75,2127.75,1954.1500244140625,2038.699951171875,2038.699951171875,16057700,-0.06961782034369657,-0.06802287946428576,0.06401184688195594,0.6047070168260931,0.5501064681118213
2021-04-23,1959.5,2003.449951171875,1910.6500244140625,1967.199951171875,1967.199951171875,11285200,-0.035071369849643985,-0.06968390165932026,0.08442429823955777,0.49069822663424034,0.5580547989943943
2021-04-30,1984.4000244140625,2137.050048828125,1984.4000244140625,2055.25,2055.25,13097300,0.044759074325755765,-0.07197521476196223,-0.0977633205054872,0.6305037683458945,0.549903792708498
2021-05-07,2030.949951171875,2188.64990234375,2004.699951171875,2116.25,2116.25,15003300,0.029680087580586267,-0.03422703936109528,-0.04930368373764604,0.5393707946899435,0.8058281047123472
2021-05-14,2135.39990234375,2296.64990234375,2116.35009765625,2194.199951171875,2194.199951171875,16424900,0.03683399937241583,0.07627409806461038,-0.10982188401017012,0.5539659710848972,0.8499283334762169
2021-05-21,2217.64990234375,2357.64990234375,2208.699951171875,2348.14990234375,2348.14990234375,18054900,0.07016222522913362,0.193650854324666,-0.018475638392475346,0.59819629221967,1.1539694993868772
2021-05-28,2404.949951171875,2468.75,2354.300048828125,2443.199951171875,2443.199951171875,25368700,0.040478697179108236,0.18876046766664634,0.04365653616910503,0.5677617510885791,1.1624109430146574
2021-06-04,2436.949951171875,2516.300048828125,2392.85009765625,2491.64990234375,2491.64990234375,20918300,0.01983053050923478,0.17738920370643818,0.07774990596166109,0.467446022554485,0.7967549322832161
2021-06-11,2512.39990234375,2527.14990234375,2407.449951171875,2474.300048828125,2474.300048828125,20662700,-0.006963198762115375,0.12765477344334752,0.13110859375000006,0.3532227377852575,0.8300358414784261
2021-06-18,2467.5,2514.199951171875,2303.60009765625,2379.449951171875,2379.449951171875,16049000,-0.038334112995379366,0.013329663833166583,0.12527483210461554,0.34771028028982975,0.6775591583586018
2021-06-25,2336.300048828125,2538.25,2319.60009765625,2507.25,2507.25,23615700,0.05370991256411317,0.026215639369755017,0.13212024950155477,0.47156352162596105,0.6679417785008446
2021-07-02,2530.75,2580.949951171875,2513.60009765625,2521.85009765625,2521.85009765625,18606900,0.005823151921926506,0.012120561273111674,0.1508728340701655,0.43883731837278406,0.7220459433511042
2021-07-09,2544.64990234375,2560.949951171875,2455.64990234375,2468.949951171875,2468.949951171875,6889100,-0.020976721230789752,-0.0021622671263268334,0.21104135493439635,0.3491898778929954,0.6572914590849974
2021-07-16,2487.699951171875,2500.5,2457.14990234375,2462.64990234375,2462.64990234375,1375200100,-0.0025517118421678475,0.03496604378289159,0.25185541046640014,0.27117629704980906,0.7202081198246846
2021-07-23,2441.699951171875,2451.85009765625,2382.050048828125,2428.050048828125,2428.050048828125,6331100,-0.01404984666423581,-0.031588374183617485,0.18138914916828863,0.2672164019479262,0.6879628289118043
2021-07-30,2428.949951171875,2474.64990234375,2351.64990234375,2441.35009765625,2441.35009765625,8716200,0.005477666671057424,-0.0319210091332609,0.15362083764028345,0.3458008500004508,0.7294914564183639
2021-08-06,2462.5,2532.25,2425.64990234375,2443.0,2443.0,11971000,0.0006758155437573965,-0.010510521349190616,0.11338987073408968,0.07245552025548951,0.7119831814996496
2021-08-13,2459.35009765625,2466.14990234375,2310.60009765625,2388.199951171875,2388.199951171875,1748562300,-0.022431456745036882,-0.03023164238693432,0.017056001743393834,0.07286610564774265,0.6757533664947042
2021-08-20,2382.449951171875,2399.25,2237.5,2248.5,2248.5,5192500,-0.05849591911402774,-0.07394824868407601,-0.07969055135192171,-0.08779257207888491,0.5154170176916597
2021-08-27,2271.10009765625,2297.35009765625,2204.699951171875,2272.89990234375,2272.89990234375,6524400,0.010851635465310316,-0.06899878697210038,-0.08779323282706553,-0.049930064763315185,0.4189660588452353
2021-09-03,2287.550048828125,2392.85009765625,2283.5,2361.10009765625,2361.10009765625,7135200,0.03880513841438882,-0.033524315326954546,-0.045750292582942276,0.008586116042823555,0.614703434882031
2021-09-10,2374.85009765625,2380.949951171875,2313.39990234375,2350.0,2350.0,4897900,-0.004701239759918874,-0.015995290156978093,-0.01237678950018295,0.01647999449181392,0.6294550544745772
2021-09-17,2346.550048828125,2579.35009765625,2330.300048828125,2466.60009765625,2466.60009765625,13335700,0.04961706283244682,0.0969980420975094,-0.01621294340163526,0.12758861607142857,0.7788837019227086
2021-09-24,2433.949951171875,2454.75,2322.85009765625,2357.60009765625,2357.60009765625,6343000,-0.04419038177431811,0.037265255379332674,-0.06513075466010065,0.11494173380423045,0.8473594952666905
2021-10-01,2374.75,2537.85009765625,2364.199951171875,2500.800048828125,2500.800048828125,13163600,0.060739712097159115,0.05916731413062437,0.012900260550495313,0.1292078473358449,0.9352292890912168
2021-10-08,2516.449951171875,2582.64990234375,2485.39990234375,2550.0,2550.0,9415700,0.01967368450545659,0.0851063829787233,0.035469961675477,0.16371933827723906,0.9124043447655923
2021-10-15,2572.64990234375,2731.60009765625,2552.14990234375,2716.550048828125,2716.550048828125,12409500,0.06531374463848039,0.10133379602529646,0.11881962653086231,0.33249134933593916,1.13825821813945
2021-10-22,2750.10009765625,2883.75,2666.300048828125,2823.25,2823.25,23087200,0.039277741714312864,0.19751013024077513,0.15642979788535127,0.4351616867000072,1.1393929812971062
2021-10-29,2846.25,2963.75,2693.699951171875,2825.14990234375,2825.14990234375,23818500,0.0006729486739573964,0.1296984353737578,0.15642648479072863,0.37460158245651387,1.2412930601695757
2021-11-05,2840.85009765625,2985.0,2810.64990234375,2952.949951171875,2952.949951171875,8076100,0.04523655496018164,0.158019588694853,0.23647517441865817,0.39536914408594215,1.1479905082174033
2021-11-12,2973.14990234375,3054.75,2874.89990234375,2912.0,2912.0,11356300,-0.013867472137692016,0.07194785579459095,0.2950856126306427,0.3271352040841873,1.0623229461756374
2021-11-19,2927.5,2932.75,2782.949951171875,2812.10009765625,2812.10009765625,6306400,-0.03430628514551859,-0.003949314564331896,0.2372300666459144,0.19758116585717933,0.9139697789050536
2021-11-26,2819.949951171875,2822.85009765625,2619.199951171875,2628.75,2628.75,9692300,-0.06520041651755693,-0.06951840048587021,0.11335813446004805,0.0759455028390641,0.6868262056068528
2021-12-03,2614.050048828125,2676.14990234375,2529.699951171875,2633.64990234375,2633.64990234375,7088300,0.001863966654778837,-0.10812917729994409,0.12070208610372335,0.05699034999516939,0.5510762849788844
2021-12-10,2642.550048828125,2804.35009765625,2588.199951171875,2796.449951171875,2796.449951171875,7054500,0.06181537215073463,-0.039680648636031934,0.1337265225234714,0.1301983979252339,0.5294101702808969
2021-12-17,2825.550048828125,2831.39990234375,2573.699951171875,2579.35009765625,2579.35009765625,5865400,-0.07763409226210094,-0.08276732403444176,0.09405751222204617,0.08401107423416265,0.4609328686934029
2021-12-24,2542.449951171875,2568.10009765625,2429.35009765625,2496.60009765625,2496.60009765625,7386000,-0.03208172480160465,-0.05027100422016162,-0.001679443014183879,-0.004247642773457017,0.4653128454676436
2021-12-31,2473.60009765625,2545.050048828125,2446.0,2530.39990234375,2530.39990234375,5529700,0.013538333479691245,-0.039204147790530275,-0.007686312806372553,0.003390290602699242,0.443715395012076
2022-01-07,2530.85009765625,2716.60009765625,2526.35009765625,2673.550048828125,2673.550048828125,7131300,0.05657214353817519,-0.043948543506830084,-0.015828900343120678,0.08286927710265557,0.460996267748208
2022-01-14,2684.75,2799.75,2684.050048828125,2783.35009765625,2783.35009765625,6828100,0.041069008181183086,0.07908969014534573,-0.014132613953333872,0.13022565449002044,0.436716062305321
2022-01-21,2780.85009765625,2826.5,2687.75,2709.60009765625,2709.60009765625,6644500,-0.026496846394602702,0.0853160264633328,-0.040900415440483284,0.11595726742289036,0.41415935315127483
2022-01-28,2706.85009765625,2963.35009765625,2614.949951171875,2896.949951171875,2896.949951171875,10617700,0.06914299039097282,0.14485854527919195,-0.018964087074275104,0.18661799221382092,0.5969515025471885
2022-02-04,2926.39990234375,3099.89990234375,2880.64990234375,2992.300048828125,2992.300048828125,13786700,0.03291396098081667,0.11922350215202249,0.027575566218449588,0.224846520191619,0.3135934120452286
2022-02-11,3010.64990234375,3133.5,2953.449951171875,2963.64990234375,2963.64990234375,11871100,-0.00957462353937244,0.064777982776699,0.05389203777412099,0.24095551584343067,0.33137911156502686
2022-02-18,2869.14990234375,2920.39990234375,2757.699951171875,2825.5,2825.5,8185900,-0.046614784774172024,0.04277380357492655,0.07484545886828342,0.2566155214587502,0.14629401271563736
2022-02-25,2813.199951171875,2827.75,2533.300048828125,2664.14990234375,2664.14990234375,11789600,-0.05710497174172713,-0.08036039722880017,0.01158088627226328,0.17213692499020916,0.11361205241397498
2022-03-04,2628.64990234375,2686.800048828125,2573.300048828125,2579.0,2579.0,7021400,-0.0319613780999487,-0.13812119175347604,-0.07775928586912517,0.09228744794007193,0.10166595472020501
2022-03-11,2516.35009765625,2698.0,2429.60009765625,2656.949951171875,2656.949951171875,10365100,0.03022487443655497,-0.10348724082737537,0.030085041028798942,0.1306170004986702,0.14924956243923937
2022-03-18,2662.85009765625,2766.85009765625,2645.050048828125,2745.14990234375,2745.14990234375,5893100,0.03319594000367743,-0.028437479262519938,0.09955531321208899,0.11292864414956294,0.25492566964285723
2022-03-25,2753.60009765625,2763.85009765625,2650.75,2703.85009765625,2703.85009765625,5926200,-0.015044644612026148,0.014901637208016849,0.06854655469747839,0.14686545031289056,0.2786881536120238
2022-04-01,2709.75,2841.25,2667.949951171875,2834.5,2834.5,8038200,0.04831995030234837,0.09906940674680098,0.060200837176181965,0.13343727793361437,0.2798862687056165
2022-04-08,2844.949951171875,2989.75,2838.550048828125,2945.14990234375,2945.14990234375,7613500,0.039036832719615555,0.1084702220471867,0.05813131622347667,0.15496074601715693,0.344050155091272
2022-04-15,2943.10009765625,2978.10009765625,2854.550048828125,2900.699951171875,2900.699951171875,2866200,-0.015092593805327792,0.05666359009951316,0.0705269584544681,0.06778815005568894,0.4228184728726312
2022-04-22,2873.60009765625,2890.199951171875,2781.449951171875,2786.75,2786.75,4647200,-0.039283605022932266,0.030659947611596294,-0.03803999138034708,-0.012928362702559149,0.41660739587753315
2022-04-29,2761.199951171875,2835.60009765625,2736.10009765625,2758.550048828125,2758.550048828125,4349800,-0.010119297092266999,-0.026794831953386833,-0.07811716612160724,-0.023573918488492773,0.34219683679753077
2022-05-06,2735.0,2778.14990234375,2589.050048828125,2635.89990234375,2635.89990234375,4000800,-0.044461816647654695,-0.10500314423856627,-0.11058998559202449,-0.10736722737285276,0.24555222792380382
2022-05-13,2617.89990234375,2628.89990234375,2386.5,2404.35009765625,2404.35009765625,8179600,-0.08784468806331147,-0.1711138214468204,-0.14905323034639884,-0.17433032360705703,0.09577529448587319
2022-05-20,2425.199951171875,2546.85009765625,2397.949951171875,2489.64990234375,2489.64990234375,5223500,0.03547728127058103,-0.1066116794316857,-0.06549931737943349,-0.1146652623003167,0.060260207348246775
2022-05-27,2502.050048828125,2543.10009765625,2399.89990234375,2521.5,2521.5,5811200,0.012793002592961455,-0.08593284320827443,-0.022295463357890677,-0.040798858773181124,0.03204815422109375
2022-06-03,2549.39990234375,2648.39990234375,2545.449951171875,2582.699951171875,2582.699951171875,4760100,0.02427124773820144,-0.02018284196777409,-0.027945577208652872,-0.019345757052421253,0.03654207147740918
2022-06-10,2580.050048828125,2621.699951171875,2532.5,2564.800048828125,2564.800048828125,3517700,-0.00693069372445998,0.06673318969990305,-0.06569763398408446,-0.08283713507787804,0.0365760005714999
2022-06-17,2511.949951171875,2517.5,2344.800048828125,2368.199951171875,2368.199951171875,3946000,-0.07665318695938028,-0.04878193960425614,-0.12413785319508763,-0.08186176303722337,-0.0047279834545204125
2022-06-24,2379.35009765625,2468.5,2283.85009765625,2460.39990234375,2460.39990234375,4392900,0.03893250277547344,-0.024231646899167125,-0.13198098347371667,-0.014499797282906401,-0.018685850097218015
2022-07-01,2490.949951171875,2497.64990234375,2408.949951171875,2447.89990234375,2447.89990234375,3315100,-0.005080474921208,-0.05219346086523169,-0.16883690694463072,-0.03260354220041872,-0.029323787080456354
2022-07-08,2452.39990234375,2619.199951171875,2451.85009765625,2609.949951171875,2609.949951171875,4470500,0.0661996222447534,0.017603673379676943,-0.10023442786026104,-0.023788631779729452,0.05710929860407865
2022-07-15,2593.89990234375,2692.60009765625,2565.949951171875,2588.35009765625,2588.35009765625,3863400,-0.008275964642895373,0.09296096234417894,-0.07119400819727284,-0.0700594582636952,0.05104265742071945
2022-07-22,2615.0,2806.89990234375,2602.10009765625,2787.89990234375,2787.89990234375,4999600,0.07709536853928389,0.13310844293564927,0.010639594350696502,0.028897181084111878,0.1482052866617405
2022-07-29,2783.60009765625,2849.35009765625,2745.800048828125,2784.949951171875,2784.949951171875,4791000,-0.00105812664557825,0.13768947353828298,0.05654617183892108,-0.038661351382578646,0.1407417370599524
2022-08-05,2798.75,2935.449951171875,2766.199951171875,2829.39990234375,2829.39990234375,7363200,0.01596077198915946,0.08408205340234254,0.17678365771350713,-0.05443977670226341,0.15816614913784277
2022-08-12,2819.25,2891.449951171875,2793.85009765625,2879.60009765625,2879.60009765625,3425100,0.017742347156694427,0.1125234180120096,0.15662852634235924,-0.028360233987499872,0.20576172704603235
2022-08-19,2896.5,2959.25,2838.25,2848.89990234375,2848.89990234375,3341800,-0.010661270409557,0.02188026906874163,0.12984330848453296,0.008281685487081969,0.2670224159856571
2022-08-26,2838.25,3015.60009765625,2766.050048828125,2975.25,2975.25,7165600,0.04435048685013587,0.06833158662260663,0.15199212306873244,0.11677274517569902,0.3090105714431184
2022-09-02,2890.5,3051.5,2866.5,3004.25,3004.25,4004400,0.009747080077304515,0.06179759089954451,0.17133887352063293,0.16488949205118253,0.27239417040479297
2022-09-09,3006.89990234375,3174.35009765625,3006.89990234375,3134.60009765625,3134.60009765625,6801700,0.0433885654177415,0.08855396282544525,0.3236213842944855,0.17977385922294187,0.3338723819813829
2022-09-16,3153.75,3267.949951171875,3112.0,3152.0,3152.0,7509500,0.005550916162083919,0.10639197867460837,0.28109255613180584,0.14820687835986313,0.27787232433624465
2022-09-23,3154.050048828125,3260.5,3047.199951171875,3053.699951171875,3053.699951171875,8296100,-0.031186563714506677,0.026367515728720203,0.24747745945334598,0.12938951527633935,0.2952578150160561
2022-09-30,3019.800048828125,3022.5,2856.0,2995.0,2995.0,8210800,-0.01922256675851486,-0.003078971457102453,0.14753158337585615,0.0566237431645793,0.19761673925248724
2022-10-07,2986.0,3045.0,2902.550048828125,3019.0,3019.0,3900200,0.00801335559265448,-0.03687873861252178,0.16638008232877888,0.025075157497918887,0.1839215686274509
2022-10-14,2980.25,3017.5,2917.050048828125,2948.75,2948.75,3874000,-0.023269294468367008,-0.06448286802030456,0.05769579371232991,0.016564984188975895,0.08547604387853713
2022-10-21,2946.300048828125,3313.050048828125,2932.64990234375,3272.699951171875,3272.699951171875,10749900,0.10986009365727001,0.07171627975956096,0.17513779728600154,0.17437873909459944,0.15919594480541033
2022-10-28,3315.25,3502.10009765625,3276.10009765625,3438.89990234375,3438.89990234375,9296600,0.050783742369159945,0.1482136568760435,0.2154167035543888,0.2466331375081081,0.21724510953943788
2022-11-04,3465.699951171875,3556.300048828125,3378.0,3532.550048828125,3532.550048828125,13182500,0.02723258866027134,0.17010601153631177,0.22675021844294307,0.3401685115914701,0.19627833428949115
2022-11-11,3669.050048828125,3863.64990234375,3636.949951171875,3760.800048828125,3760.800048828125,18125300,0.06461338037538034,0.27538789277766007,0.3200885175832846,0.564164907803625,0.2914835332514165
2022-11-18,3763.64990234375,3883.949951171875,3706.64990234375,3849.25,3849.25,11769600,0.02351891885329982,0.17616954118316785,0.29375682715738183,0.5461009181958982,0.36881685086820504
2022-11-25,3846.14990234375,4145.4501953125,3824.800048828125,4048.800048828125,4048.800048828125,29829400,0.05184128046453851,0.17735327104714593,0.3476907876601898,0.6057109057418699,0.5401997332679505
2022-12-02,4063.800048828125,4125.4501953125,3979.75,4102.60009765625,4102.60009765625,13313000,0.013287899668865233,0.16137069282775807,0.30881132196855887,0.5884927305607974,0.5577621361158311
2022-12-09,4119.25,4492.64990234375,4098.5498046875,4298.4501953125,4298.4501953125,32236000,0.047738042459496866,0.14296164100824993,0.3637215086651333,0.675939688661692,0.5371096462896465
2022-12-16,4299.85009765625,4617.39990234375,4252.64990234375,4334.0498046875,4334.0498046875,52217200,0.008281963907322165,0.12594656223614997,0.41927821134629917,0.8301029870990615,0.6802875300354434
2022-12-23,4350.0,4409.89990234375,3864.800048828125,3888.60009765625,3888.60009765625,32908700,-0.1027790927897213,-0.03956726665675747,0.29836397250626034,0.5804748219799603,0.5575582574505134
2022-12-30,4236.5,4351.64990234375,4151.25,4318.5498046875,4318.5498046875,24771700,0.11056670684403636,0.05263727925971118,0.430457040307221,0.7641856190903435,0.7066669188089596
2023-01-06,4340.4501953125,4419.7998046875,4240.5,4273.5498046875,4273.5498046875,3184922200,-0.010420164646742225,-0.0057928763841800235,0.44927505033912674,0.6374068026739992,0.5984551351715632
2023-01-13,4310.4501953125,4353.75,4154.14990234375,4279.9501953125,4279.9501953125,12423400,0.0014976754495712452,-0.012482461395918576,0.30777347730272453,0.6535437764728942,0.5376973952778985
2023-01-20,4294.9501953125,4383.10009765625,4182.25,4229.64990234375,4229.64990234375,16962200,-0.011752541658975435,0.08770503423405729,0.2299427207698228,0.5171455398337437,0.560986769229272
2023-01-27,4264.14990234375,4281.0498046875,3775.199951171875,3821.050048828125,3821.050048828125,9592100,-0.09660370549562747,-0.11520065261708268,0.08166904814149945,0.3720354461739146,0.31899070168003174
2023-02-03,3812.85009765625,4059.699951171875,3628.050048828125,3888.60009765625,3888.60009765625,18646200,0.017678399383656895,-0.09007727173531777,0.03398214400362698,0.3743550688734758,0.29953548581437994
2023-02-10,3933.050048828125,3993.10009765625,3844.300048828125,3919.5,3919.5,9280300,0.007946279269594791,-0.0842183153690137,0.0182503085016561,0.36112649919346107,0.3225246331897478
2023-02-17,3927.449951171875,3941.85009765625,3775.39990234375,3810.949951171875,3810.949951171875,6205700,-0.02769487149588601,-0.09899163307579273,-0.058745824636386446,0.33769176938672363,0.3487701118994426
2023-02-24,3816.699951171875,3836.60009765625,3580.0,3617.550048828125,3617.550048828125,8352900,-0.0507484760549739,-0.05325761175580812,-0.11822991207581413,0.21588103481325094,0.35786280105546386
2023-03-03,3611.800048828125,3980.949951171875,3597.25,3970.14990234375,3970.14990234375,11904600,0.09746923988787581,0.020971507133544565,-0.07637643291220741,0.32151115997129076,0.539414463878926
2023-03-10,3998.449951171875,4039.0,3824.300048828125,3857.10009765625,3857.10009765625,5795400,-0.02847494615272883,-0.01592037309446359,-0.11004712186634402,0.2304919216139294,0.4517022031051192
2023-03-17,3844.949951171875,3898.64990234375,3569.39990234375,3681.949951171875,3681.949951171875,8500100,-0.04540980064033184,-0.033849827904544494,-0.05314255549418101,0.16813132968650857,0.341256427573702
2023-03-24,3670.550048828125,3740.60009765625,3551.5,3565.64990234375,3565.64990234375,5620800,-0.031586537125826375,-0.01434676667464152,-0.1743409098875106,0.16764906813304004,0.3187306150716436
2023-03-31,3568.89990234375,3732.85009765625,3528.75,3716.14990234375,3716.14990234375,6972700,0.04220829417410665,-0.06397743315688231,-0.13043018750649837,0.24078460846202,0.3110424774541365
2023-04-07,3729.85009765625,3785.5,3703.199951171875,3738.0,3738.0,4178600,0.005879767563323979,-0.030878145404787616,-0.12662535089918947,0.23815833057303748,0.2692053457195167
2023-04-14,3748.300048828125,3815.449951171875,3702.800048828125,3804.75,3804.75,5151300,0.017857142857142794,0.03335190604343796,-0.10045746389276877,0.2902924968206868,0.3116661716296756
2023-04-21,3792.64990234375,3978.550048828125,3789.0,3883.0,3883.0,9317800,0.02056639726657461,0.08900203507014282,0.01621280809731207,0.18648212727524593,0.39337938458778154
2023-04-28,3893.199951171875,4178.2001953125,3888.550048828125,4167.64990234375,4167.64990234375,10418700,0.07330669645731391,0.12149671349781732,0.07176099307709483,0.21191369934999482,0.510811777409742
2023-05-05,4197.5,4249.64990234375,4110.35009765625,4153.60009765625,4153.60009765625,7258400,-0.0033711576108153007,0.11118247663356073,0.05972703091114928,0.17580785558414092,0.5757806637357565
2023-05-12,4143.7001953125,4166.25,3899.5,3975.89990234375,3975.89990234375,8981800,-0.04278221088562928,0.0449832189614956,0.0432831586048914,0.0571952379075964,0.6536276918321671
2023-05-19,3982.800048828125,4092.60009765625,3912.89990234375,3971.550048828125,3971.550048828125,7925600,-0.0010940550875189192,0.02280454515274921,0.09785628262825985,0.031772435884425576,0.5952243104901287
2023-05-26,3988.64990234375,4027.449951171875,3945.5,4017.199951171875,4017.199951171875,5541300,0.01149422814329637,-0.03609946965249333,0.011850950212320521,-0.00780480568937858,0.5931786441292386
2023-06-02,4048.550048828125,4103.7001953125,3986.300048828125,4093.199951171875,4093.199951171875,6560600,0.018918650035786744,-0.014541637390286355,0.06121175171447857,-0.002291265602451742,0.5848530718075189
2023-06-09,4109.7001953125,4126.35009765625,4026.5,4035.300048828125,4035.300048828125,4911900,-0.014145388213242183,0.014940050791862003,0.09596819683651248,-0.06121977329674366,0.5733390408628078
2023-06-16,4045.10009765625,4082.199951171875,3976.64990234375,4041.550048828125,4041.550048828125,5096200,0.001548831542728779,0.01762536015897731,0.13346799588247826,-0.06748878509495237,0.7065915599011026
2023-06-23,4046.050048828125,4128.4501953125,3980.300048828125,3992.25,3992.25,7283600,-0.012198302194085131,-0.006210781508298235,0.07429735207455312,0.02665481143361137,0.6226020803354066
2023-06-30,3996.550048828125,4114.9501953125,3962.300048828125,4110.2001953125,4110.2001953125,4669800,0.029544791862358366,0.0041532894418603306,0.09957201586744246,-0.048245271861598105,0.6790720042830081
2023-07-07,4131.9501953125,4486.14990234375,4126.35009765625,4459.10009765625,4459.10009765625,17474100,0.08488635243160525,0.10502318134959987,0.1719824160999408,0.04341830596316587,0.7085002322186682
2023-07-14,4478.5498046875,4522.39990234375,4331.60009765625,4390.2998046875,4390.2998046875,10919000,-0.015429187832072255,0.0862910892221902,0.13064635711756378,0.02578291903860408,0.6961769617884825
2023-07-21,4403.89990234375,4611.39990234375,4383.5498046875,4564.25,4564.25,15122000,0.039621484420443,0.1432776003506795,0.09516156753791027,0.07910822535710116,0.6371642310984322
2023-07-28,4585.2998046875,4647.9501953125,4483.85009765625,4605.85009765625,4605.85009765625,11339300,0.009114333714465683,0.12059020942800225,0.1088814496742696,0.20538858135836624,0.653835860036968
2023-08-04,4621.2001953125,4643.9501953125,4403.2998046875,4419.10009765625,4419.10009765625,9872900,-0.04054626095951974,-0.008970419843462252,0.11147166835141853,0.13642441667368788,0.5618506574470659
2023-08-11,4421.60009765625,4613.39990234375,4385.14990234375,4555.75,4555.75,15464300,0.03092256326491105,0.037685397962082146,0.14709620777516164,0.16232937874728925,0.5820773182040082
2023-08-18,4555.64990234375,4642.2001953125,4437.14990234375,4603.85009765625,4603.85009765625,10101100,0.010558107371179348,0.008676145622227072,0.1460345896681694,0.20805839925569125,0.6160097776228386
2023-08-25,4613.5498046875,4679.2001953125,4502.25,4530.89990234375,4530.89990234375,10910200,-0.015845475800708164,-0.01627282558558285,0.10693343994753102,0.25247746159351614,0.5228635920825981
2023-09-01,4552.4501953125,4588.10009765625,4449.60009765625,4538.7001953125,4538.7001953125,9342000,0.0017215769796006253,0.027064355867313816,0.12474912407828631,0.1432062534044647,0.5107598220229674
2023-09-08,4564.0,4748.10009765625,4538.7001953125,4706.39990234375,4706.39990234375,3444617300,0.036948839935373456,0.03306807931597433,0.16450367940102661,0.22019127924721826,0.5014355119374683
2023-09-15,4734.0498046875,5090.10009765625,4697.75,5046.25,5046.25,29241800,0.07221020412800172,0.0960934637226718,0.26401152232450364,0.370537369307234,0.6009676395939085
2023-09-22,5047.5498046875,5292.10009765625,5014.5498046875,5215.0498046875,5215.0498046875,44039800,0.03345054341094866,0.1509964724645212,0.26880676290051064,0.4625804404575944,0.7077806883699214
2023-09-29,5245.2001953125,5321.10009765625,5159.0498046875,5258.2998046875,5258.2998046875,24663900,0.00829330526452976,0.1585475088480599,0.17922892277105817,0.4149859243759588,0.7556927561560935
2023-10-06,5250.39990234375,5396.85009765625,5160.9501953125,5218.25,5218.25,20623500,-0.007616493196488716,0.10875618482852523,0.18858625427550568,0.39600053504547894,0.7284696919509772
2023-10-13,5142.39990234375,5198.85009765625,5031.7001953125,5048.9501953125,5048.9501953125,12354700,-0.032443789524744915,0.0005350894847659937,0.1061949269458291,0.32701233860634726,0.7122340636922424
2023-10-20,5043.10009765625,5145.2001953125,4930.10009765625,4950.2001953125,4950.2001953125,10812100,-0.019558521312347366,-0.05078563375117573,0.07476363545384968,0.27483909227723413,0.5125737981387364
2023-10-27,4956.25,4977.5,4641.0,4920.5498046875,4920.5498046875,17083300,-0.005989735658181394,-0.06423178832422483,0.11347326287023973,0.1806533466067637,0.4308499649361546
2023-11-03,4941.4501953125,5082.4501953125,4872.7001953125,5055.35009765625,5055.35009765625,10915400,0.02739537212697951,-0.031217343428112887,0.10966363335482643,0.21710082309291878,0.4310767088305778
2023-11-10,5071.4501953125,5077.64990234375,4979.14990234375,5025.5,5025.5,7527400,-0.005904654886332961,-0.004644568554918904,0.09158636649755514,0.26399057406790405,0.33628481566467716
2023-11-17,5040.89990234375,5257.5,5009.85009765625,5064.9501953125,5064.9501953125,9432300,0.007850004041886294,0.023180880665929493,0.11786848186438537,0.2753081625666538,0.31582780939468735
2023-11-24,5077.7001953125,5118.25,4972.64990234375,4977.2001953125,4977.2001953125,4905800,-0.017324948245534766,0.011513020469995583,0.09661356360415163,0.23897248227850332,0.22930254279983253
2023-12-01,4990.4501953125,5182.89990234375,4972.75,5134.5498046875,5134.5498046875,6937600,0.031614080848745285,0.015666512803528265,0.09097184923247492,0.2544097200083002,0.25153553416546415
2023-12-08,5269.10009765625,5529.85009765625,5262.0,5479.4501953125,5479.4501953125,15916300,0.06717246959219847,0.09032935932991748,0.08584596389645771,0.35787924788982295,0.274750188169655
2023-12-15,5495.9501953125,5772.9501953125,5494.10009765625,5762.60009765625,5762.60009765625,13884600,0.051674874713885766,0.13774072309524565,0.10499425959011721,0.425839103323032,0.32961095449888433
2023-12-22,5757.0,5811.10009765625,5413.7998046875,5584.9501953125,5584.9501953125,15295800,-0.030828080958802517,0.12210680224845594,0.06212091412775811,0.3989480105986598,0.4362367060265928
2023-12-29,5604.7001953125,5798.85009765625,5571.60009765625,5713.4501953125,5713.4501953125,9201500,0.02300826247436394,0.1127460853717892,0.09489775217984953,0.3900661582928333,0.32300203858038823
2024-01-05,5759.9501953125,5908.89990234375,5684.75,5838.4501953125,5838.4501953125,9832700,0.021878198938804827,0.06551752223372942,0.15636914001112157,0.30933373717742985,0.366182789986095
2024-01-12,5825.5498046875,5884.25,5616.7998046875,5860.7998046875,5860.7998046875,9955400,0.0038280037728066763,0.0170408679011389,0.18395207738007757,0.33494295729643686,0.36936168348556553
2024-01-19,5904.5,6007.4501953125,5710.7001953125,5945.10009765625,5945.10009765625,18390700,0.014383752350886736,0.06448578586180176,0.2082186612546275,0.3025360349797337,0.4055773491706556
2024-01-26,6093.64990234375,6123.25,5719.35009765625,5929.7001953125,5929.7001953125,11637300,-0.0025903520699039895,0.037849284164132246,0.17295539987658115,0.2874279600045839,0.551850962311021
2024-02-02,5990.60009765625,6699.35009765625,5972.85009765625,6609.75,6609.75,29010400,0.11468536052212008,0.13210694257643096,0.31524226445129844,0.49572307798721305,0.6997762264069918
2024-02-09,6622.0498046875,7035.39990234375,6468.39990234375,6944.9501953125,6944.9501953125,42664700,0.05071299146147745,0.18498335154834855,0.371178378365872,0.5244361949871041,0.7718969754592422
2024-02-16,6981.64990234375,7281.75,6527.2001953125,7135.0,7135.0,20416700,0.02736517892032886,0.2001480013453174,0.4335368721394217,0.5497898169256901,0.87223660541802
2024-02-23,7110.5,7253.0498046875,7035.85009765625,7076.0498046875,7076.0498046875,9108000,-0.008262115670988113,0.19332336739068245,0.37812467964134666,0.5617316553444915,0.9560336993761087
2024-03-01,7063.89990234375,7110.39990234375,6759.10009765625,7080.75,7080.75,14740400,0.0006642399986198644,0.07125836831952803,0.29223731352779936,0.5600832166250791,0.7834968890771428
2024-03-08,7153.64990234375,7409.0,7090.4501953125,7341.25,7341.25,11634100,0.03678988807682804,0.05706301608253184,0.27394750209819607,0.5598440745216138,0.903308136716721
2024-03-15,7369.14990234375,7418.75,6574.39990234375,6761.0,6761.0,13462100,-0.07903967308019755,-0.05241765942536791,0.2105748061414352,0.3398067872182313,0.8362552695340517
2024-03-22,6753.39990234375,6909.9501953125,6561.39990234375,6888.5,6888.5,7796400,0.018858157077355386,-0.02650487346248731,0.20566378711965472,0.32088863155407155,0.9319058765337829
2024-03-29,6873.9501953125,7059.4501953125,6807.14990234375,7007.25,7007.25,5576300,0.017238876388183222,-0.010380256328778703,0.2001900788030857,0.33260754621739186,0.8856209206147942
2024-04-05,7049.7001953125,7375.39990234375,7040.35009765625,7306.35009765625,7306.35009765625,11749100,0.04268437656088331,-0.004753945492082412,0.24664727360463523,0.4001533268157429,0.9546147933804843
2024-04-12,7325.64990234375,7337.10009765625,7137.39990234375,7198.7001953125,7198.7001953125,5898100,-0.014733745427594869,0.06473897283131191,0.21086274025065777,0.4257815816832282,0.8920297510513173
2024-04-19,7078.5498046875,7152.2998046875,6768.75,6933.25,6933.25,6115800,-0.03687473962109855,0.006496334470494247,0.16924123844925898,0.40059992049721793,0.7855395312902396
2024-04-26,7007.10009765625,7470.64990234375,7000.9501953125,7380.0498046875,7380.0498046875,9925100,0.06444305407817397,0.053202012870598336,0.11653993035856125,0.49984251712216965,0.7707940872234016
2024-05-03,7432.14990234375,7685.9501953125,7364.7998046875,7528.7001953125,7528.7001953125,10906100,0.020142193421321286,0.030432445021704613,0.08405387851362889,0.4892539685437294,0.8125722309089689
2024-05-10,7565.35009765625,7567.0498046875,7017.0,7074.35009765625,7074.35009765625,12804500,-0.06034907565307701,-0.017273965338523434,-0.008500336698493371,0.4076907964692569,0.7793078979392809
2024-05-17,7065.7998046875,7207.7998046875,6838.2001953125,7109.25,7109.25,9590700,0.004933301555900105,0.02538492049183283,0.004691910914830899,0.40361696084977394,0.790044167288716
2024-05-24,7162.10009765625,7433.85009765625,7126.2001953125,7359.0498046875,7359.0498046875,8822100,0.03513729362274498,-0.002845509252073275,0.039303718488507666,0.47855210076102894,0.8318853664579875
2024-05-31,7387.5498046875,7520.7001953125,7225.60009765625,7386.0,7386.0,17711700,0.003662184117212197,-0.01895416095879976,0.006095692150519305,0.43849028268400025,0.8044561927362974
2024-06-07,7756.35009765625,8053.2998046875,6443.85009765625,7281.89990234375,7281.89990234375,28093200,-0.014094245553242568,0.029338356431675816,0.07704480141158854,0.3289471831632287,0.8045498015589836
2024-06-14,7332.2001953125,7496.7001953125,7312.0,7464.14990234375,7464.14990234375,9734500,0.025027809011950453,0.04992086399321316,0.0835668000789358,0.2952746634942707,0.8468532647537128
2024-06-21,7493.64990234375,7569.25,7346.5,7384.25,7384.25,7746400,-0.010704487904062754,0.0034243816771628577,0.053801419957900665,0.3221693554577567,0.849646189492141
2024-06-28,7332.60009765625,7508.75,7246.4501953125,7365.9501953125,7365.9501953125,10420400,-0.002478221171750672,-0.0027145687364609206,0.008157301095572889,0.28922978997099946,0.7921147013016636
2024-07-05,7370.64990234375,7376.60009765625,7157.7998046875,7356.75,7356.75,2634600,-0.001249016768855582,0.010278924272518308,0.021955325322537522,0.2600518551835027,0.6498284045847693
2024-07-12,7326.7998046875,7396.0498046875,7154.9501953125,7203.0,7203.0,8589800,-0.020899174227750006,-0.03498722637681062,0.03890671762881759,0.22901314497024816,0.6406624423027774
2024-07-19,7233.2998046875,7498.7998046875,7209.35009765625,7302.60009765625,7302.60009765625,12053500,0.013827585402783615,-0.011057304715272331,-0.010494469425132769,0.228339300886653,0.5999562025866791
2024-07-26,7265.39990234375,7380.7001953125,7039.2001953125,7270.64990234375,7270.64990234375,9843300,-0.0043751807418229705,-0.012937949679512672,-0.03427554375580222,0.22614123191106472,0.5785685048767697
2024-08-02,7370.85009765625,7542.5498046875,7154.75,7197.5,7197.5,10501400,-0.01006098537630995,-0.021646786964352516,0.017407945697308636,0.08892166874692697,0.6287252700651258
2024-08-09,7037.14990234375,7057.5,6795.14990234375,6994.4501953125,6994.4501953125,8866100,-0.028211157302882928,-0.028953186823198696,-0.016147948755142916,0.007127480918928786,0.535301584878999
2024-08-16,6961.2001953125,6982.5498046875,6754.89990234375,6843.7998046875,6843.7998046875,4494800,-0.021538560775793636,-0.06282697762896816,-0.07001583270598344,-0.04081292155746319,0.4865383666969465
2024-08-23,6882.0,7082.89990234375,6877.35009765625,7017.7001953125,7017.7001953125,5174000,0.025409917821659578,-0.03479052222686585,-0.04986458227558899,-0.008246071040419523,0.5488535051684489
2024-08-30,7045.4501953125,7053.5,6910.64990234375,6985.7998046875,6985.7998046875,4554200,-0.004545704395623518,-0.02941301775790206,-0.04066247842282855,-0.013409624024644295,0.5391630872429791
2024-09-06,7006.2001953125,7053.35009765625,6632.0498046875,6655.0498046875,6655.0498046875,5871800,-0.04734604615753024,-0.04852424152686907,-0.10839815762571858,-0.0934718467989103,0.41404256815774154
2024-09-13,6655.5498046875,6762.60009765625,6503.2998046875,6715.2998046875,6715.2998046875,6013300,0.009053275597962207,-0.01877611906648513,-0.09059148800656802,-0.006759384013089731,0.3307505186400792
2024-09-20,6745.10009765625,6805.7001953125,6556.25,6628.0,6628.0,5436200,-0.01300013509844522,-0.05553104072083359,-0.10018397840676585,-0.03781665093997244,0.27093704724401335
2024-09-27,6667.2998046875,6873.10009765625,6649.2998046875,6853.75,6853.75,9802800,0.03406004828002418,-0.01890260362154872,-0.068372583002005,-0.021905883192407827,0.3034156009686324
2024-10-04,6834.5,6847.7998046875,6608.7998046875,6714.64990234375,6714.64990234375,7195000,-0.020295472939084402,0.008955620078796578,-0.06779815322174787,-0.08098437487991539,0.28676278490753604
2024-10-11,6750.85009765625,6777.5,6442.2001953125,6606.0,6606.0,6669300,-0.016181022677865253,-0.016276236038070158,-0.09539069486768448,-0.08233433525936285,0.30839080293029664
2024-10-18,6626.4501953125,6693.35009765625,6513.5498046875,6671.25,6671.25,4861700,0.009877384196185224,0.006525347012673599,-0.08244103489985521,-0.037788915732160255,0.34767276812707815
2024-10-25,6694.7998046875,6734.0,6188.85009765625,6283.89990234375,6283.89990234375,7418100,-0.05806259661326585,-0.08314427833758886,-0.12693297640239665,-0.14852879470373237,0.2770727158086017
2024-11-01,6316.9501953125,6817.9501953125,6316.5,6778.5498046875,6778.5498046875,9296100,0.07871702446425943,0.009516490550228962,-0.030867385512258094,-0.09963876514727688,0.3408665421273507
2024-11-08,6792.9501953125,7038.7998046875,6608.2998046875,6845.2001953125,6845.2001953125,8820600,0.009832544208631555,0.036209536075158866,0.00020462179855718077,-0.03239165424109669,0.3620933629116505
2024-11-15,6823.35009765625,6931.7998046875,6481.14990234375,6492.64990234375,6492.64990234375,4410100,-0.051503284478103595,-0.026771609167135058,-0.07481799996521077,-0.08673208814660482,0.28187833087728187
2024-11-22,6524.0498046875,6654.64990234375,6163.75,6508.14990234375,6508.14990234375,5877000,0.002387314922741357,0.0356864373215684,-0.06837440460621913,-0.11562632743723944,0.30759255142541586
2024-11-29,6653.2998046875,6910.0498046875,6650.25,6813.85009765625,6813.85009765625,7343800,0.04697190444282939,0.005207646766029361,0.023861623523373066,-0.07746410808878279,0.32705891594150316
2024-12-06,6801.60009765625,7248.25,6758.5,7155.25,7155.25,11461900,0.050103817584889354,0.04529448311823203,0.06551460219324845,-0.01739242560900711,0.30583356814176255
2024-12-13,7135.5498046875,7182.2998046875,6825.4501953125,7020.7998046875,7020.7998046875,5727800,-0.01879042595471858,0.08134581569739274,0.05926370016407656,-0.059397266059332154,0.2183388896867895
2024-12-20,7011.10009765625,7097.9501953125,6564.0,6575.7001953125,6575.7001953125,5215200,-0.06339727976260268,0.010379338826295825,-0.04056900305489697,-0.10949653718217833,0.17739638946673963
2024-12-27,6613.64990234375,6710.35009765625,6545.0,6570.89990234375,6570.89990234375,3053100,-0.0007300048399669912,-0.03565534783280122,-0.02140841325916698,-0.10793587682342731,0.1500756421635967
2025-01-03,6573.75,6714.7001953125,6454.5,6619.0,6619.0,6412000,0.007320168983108832,-0.07494497047622373,0.0019679079624583817,-0.1002820538960818,0.1336912671301329
2025-01-10,6619.35009765625,6627.9501953125,6073.5,6085.10009765625,6085.10009765625,6754200,-0.08066171662543431,-0.133275372188582,-0.08786208017144459,-0.1551992089884423,0.038271277034467754
2025-01-17,6047.60009765625,6373.9501953125,5866.10009765625,6294.0,6294.0,8665400,0.034329739690594385,-0.04283957402944105,0.0016072976675651773,-0.13811520337529604,0.05868696853082378
2025-01-24,6323.5498046875,6480.5498046875,6127.64990234375,6152.9501953125,6152.9501953125,5421300,-0.02241020093541468,-0.06360615946716419,-0.09229106924056019,-0.1537276202325395,0.03764945826038257
2025-01-31,6120.75,6360.89990234375,6069.10009765625,6317.2998046875,6317.2998046875,9782700,0.02671070042143464,-0.045580932967593246,-0.07711978840100231,-0.1222924897968044,-0.044245273317825906
2025-02-07,6180.7998046875,6387.5498046875,6077.7001953125,6196.75,6196.75,6531400,-0.019082489103659617,0.018348079826452368,-0.04557459693567256,-0.11404759102396611,-0.10773298213391058
2025-02-14,6206.5,6219.0498046875,5808.64990234375,5872.4501953125,5872.4501953125,4997600,-0.05233385317908579,-0.06697645451024781,-0.09767748385794228,-0.1419313301230256,-0.17695161943763138
2025-02-21,5863.35009765625,6085.14990234375,5748.7001953125,5970.60009765625,5970.60009765625,4733300,0.016713620223138825,-0.029636205700993568,-0.12375529075552327,-0.1492084398754544,-0.1562241275208308
2025-02-28,5907.85009765625,5985.7998046875,5606.4501953125,5652.10009765625,5652.10009765625,4006900,-0.05334472160093706,-0.1052981064057883,-0.21007650359438879,-0.19091582128310236,-0.20176533592398405
2025-03-07,5665.75,5976.75,5530.35009765625,5931.39990234375,5931.39990234375,5442700,0.049415226174659654,-0.04282084926070118,-0.1551674926860046,-0.10873696269471123,-0.1920449647752427
2025-03-14,5927.7001953125,5950.75,5729.14990234375,5783.85009765625,5783.85009765625,3404900,-0.024876050699127017,-0.015087415765053569,-0.12042065090204712,-0.13870560274629395,-0.14452742232565452
2025-03-21,5805.2001953125,6141.7001953125,5756.35009765625,6130.9501953125,6130.9501953125,4874200,0.06001194564100176,0.02685661324381705,-0.06695425490720475,-0.07499242677843998,-0.10997311529179066
2025-03-28,6183.75,6371.64990234375,6112.2001953125,6263.39990234375,6263.39990234375,8828700,0.021603455061911303,0.10815445482662045,-0.05372414226563682,-0.08613534162411085,-0.10615435408416285
2025-04-04,6218.5498046875,6477.0498046875,6172.2998046875,6266.9501953125,6266.9501953125,8569300,0.0005668315969129534,0.05657185462004666,0.029884487475611454,-0.06667506326353367,-0.14225979982497294
2025-04-11,5905.60009765625,6270.2998046875,5904.10009765625,6171.2998046875,6171.2998046875,5578000,-0.015262669662915784,0.06698819998607042,-0.019494787942882064,-0.06580384427982133,-0.14272026376289448
2025-04-18,6292.25,6542.85009765625,6214.2998046875,6522.5,6522.5,4602300,0.056908626452686795,0.06386445692983522,0.06006058767857958,-0.02229717069514714,-0.059243500522842774
2025-04-25,6554.64990234375,6838.5498046875,6469.7998046875,6535.5,6535.5,9528000,0.0019931008049061116,0.04344287478026598,0.034540104484291456,0.04003884555233106,-0.11443687062261787
2025-05-02,6535.75,6845.39990234375,6512.4501953125,6554.4501953125,6554.4501953125,6220400,0.00289957850394007,0.04587558398262703,0.05772383835276562,-0.03306011106092788,-0.1294048075664621
2025-05-09,6512.5,6600.25,6062.0,6266.4501953125,6266.4501953125,9851100,-0.04393961223566345,0.015418209070434008,0.06709294875152771,-0.0845482942042104,-0.11420128933276985
2025-05-16,6459.7998046875,6653.85009765625,6413.10009765625,6628.60009765625,6628.60009765625,8187600,0.05779187435569977,0.016266783849175903,0.11020667759314451,0.020939092259298242,-0.06760908708284985
2025-05-23,6648.4501953125,6798.35009765625,6613.2998046875,6702.7001953125,6702.7001953125,8213200,0.011178845693595285,0.02558338234450308,0.1858778293915746,0.029893333111256082,-0.08918945064849604
2025-05-30,6721.9501953125,6993.14990234375,6658.7001953125,6976.0,6976.0,7917600,0.04077458288804725,0.06431505193051534,0.17611358445811143,0.023797104429920557,-0.0555104251286217
2025-06-06,7010.4501953125,7187.0498046875,6985.2998046875,7100.2998046875,7100.2998046875,14276200,0.01781820594717609,0.13306570440769572,0.22760785373132442,-0.007679703058942722,-0.024938560003797905
2025-06-13,7155.14990234375,7249.9501953125,6832.9501953125,6934.85009765625,6934.85009765625,8813500,-0.02330179169646085,0.04620130879645079,0.13112158421355025,-0.012242153233576691,-0.070912268860155
2025-06-20,6924.89990234375,7026.35009765625,6709.10009765625,6844.75,6844.75,6659500,-0.012992364130076983,0.021192922337007092,0.09281701738998183,0.040915765119476255,-0.07306090665944409
2025-06-27,6782.7001953125,7107.5,6782.7001953125,7015.5,7015.5,7377400,0.024946126593374585,0.0056622706422018165,0.11944403280041915,0.0676619799820215,-0.04757705197837436
2025-07-04,7053.5498046875,7271.14990234375,7046.85009765625,7152.9501953125,7152.9501953125,9330000,0.01959235910662116,0.007415234859553532,0.15906703963391533,0.08066931489839857,-0.027702423582084523
2025-07-11,7150.4501953125,7212.4501953125,6982.2998046875,7025.75,7025.75,4592000,-0.017782899620335302,0.013107695345061732,0.07715599846684551,0.15458248627759685,-0.02460780230459536
2025-07-18,7030.85009765625,7304.7998046875,7019.5,7162.5,7162.5,6931100,0.019464114151514167,0.04642244055663092,0.09593757172366302,0.1379885605338418,-0.019184960943050222
2025-07-25,7163.25,7174.2001953125,6960.64990234375,7003.64990234375,7003.64990234375,6614200,-0.02217802410558467,-0.001689130875383027,0.06853354494210673,0.1382588319468827,-0.036722989496981606
2025-08-01,6984.25,7062.2001953125,6761.0,6773.35009765625,6773.35009765625,5871800,-0.0328828265117066,-0.053069025687472404,0.08089107653371719,0.07219069967683911,-0.05893017052361926
2025-08-08,6779.35009765625,6935.2001953125,6770.25,6881.25,6881.25,4488200,0.01593006426481436,-0.020567199231398825,0.0381151221406586,0.11046112881752523,-0.016184287849867585
2025-08-15,6893.5,7068.2001953125,6893.5,7025.25,7025.25,2776700,0.02092643051771126,-0.019162303664921443,0.04812236789481861,0.19630644217428816,0.026513077601746815
2025-08-22,7091.4501953125,7149.5,6995.2001953125,6998.10009765625,6998.10009765625,3386900,-0.003864617251165492,-0.0007924160637502453,0.003168018586044985,0.1720932541443101,-0.002792951695106849
2025-08-29,7011.0,7042.0,6730.2998046875,6756.0498046875,6756.0498046875,3182800,-0.03458800097040848,-0.002554170789833554,-0.04848386821254114,0.19531672970353497,-0.03288814544124741
2025-09-05,6765.0,6971.2001953125,6764.9501953125,6855.7001953125,6855.7001953125,3027700,0.014749801068053126,-0.003712959809264338,-0.011413354467532,0.1558317274482739,0.030150096019367245
2025-09-12,6874.7001953125,7142.25,6865.35009765625,7057.0498046875,7057.0498046875,3948800,0.029369663730725915,0.004526501503505198,0.03101644394426395,0.22013013572865248,0.050891249823492135
2025-09-19,7060.10009765625,7428.7998046875,7056.2001953125,7397.75,7397.75,7638800,0.04827799218395712,0.057108343231271785,0.054486494191433366,0.20662373112344778,0.11613608931804476
2025-09-26,7395.2001953125,7567.5,7241.5,7261.4501953125,7261.4501953125,6414500,-0.018424494567604977,0.07480708479596188,0.015168566400910022,0.15934641066033195,0.05948571151741744
2025-10-03,7275.7001953125,7612.35009765625,7275.25,7583.2998046875,7583.2998046875,6004100,0.04432304852586677,0.10613060499239557,0.07935804785076317,0.21004628541002157,0.12936637277850438
2025-10-10,7606.7998046875,7722.0,7484.5,7695.7998046875,7695.7998046875,6112300,0.014835230427057589,0.0905123270599173,0.07445721531413607,0.2470306172521457,0.16497120870231607
2025-10-17,7686.75,7774.2998046875,7576.0498046875,7638.75,7638.75,7036400,-0.007413109246000804,0.03257747288026769,0.09068130282236342,0.17113836719049447,0.14502529510961204
2025-10-24,7683.0,7963.5498046875,7678.2001953125,7817.39990234375,7817.39990234375,6576200,0.023387321530845995,0.0765618013038405,0.1541408298160709,0.1961441209308774,0.2440363506471579
2025-10-31,7844.2001953125,8272.2998046875,7832.0,8184.35009765625,8184.35009765625,11430100,0.04694018470290673,0.07925972972837236,0.18936967813351502,0.24867072809697977,0.20738953514756386
2025-11-07,8235.400390625,8391.5498046875,8158.10009765625,8352.150390625,8352.150390625,4895900,0.020502580041975804,0.08528685810378245,0.18887589632041557,0.3328359965060712,0.22014698654751386
2025-11-14,8369.599609375,8422.849609375,8200.2001953125,8399.900390625,8399.900390625,5725800,0.005717090541568437,0.09964331737849785,0.20031155219374908,0.26722087120552773,0.2937553259406087
2025-11-21,8437.75,8624.7998046875,8370.099609375,8378.7001953125,8378.7001953125,6665700,-0.002523862703915025,0.07180140455657957,0.24017738730984028,0.25004848063652063,0.28741659627340743
2025-11-28,8394.7001953125,8665.7001953125,8346.400390625,8514.400390625,8514.400390625,5376100,0.01619585283507563,0.04032700080404261,0.24194468078499343,0.2205275789313359,0.24957260118676317
2025-12-05,8551.150390625,8650.7998046875,8215.2998046875,8381.75,8381.75,9576300,-0.015579534029320219,0.0035439507181556085,0.18771302909504683,0.1804783221219064,0.17141259914049134
2025-12-12,8369.9501953125,8383.099609375,8063.2001953125,8247.7998046875,8247.7998046875,5372400,-0.01598117282339606,-0.018107427334169035,0.11490653302524412,0.1893263284054234,0.17476641324835707
2025-12-19,8218.2998046875,8381.7001953125,8191.64990234375,8357.2998046875,8357.2998046875,4668500,0.013276267925146135,-0.0025541420657314573,0.150913327214226,0.22097955435735428,0.27093686701912234
2025-12-26,8379.4501953125,8417.4501953125,8269.5,8287.4501953125,8287.4501953125,2706800,-0.008357915954603223,-0.026654865275350326,0.09285540711310669,0.18130570811952107,0.26123519129495176
2026-01-02,8257.849609375,8744.150390625,8230.7998046875,8699.900390625,8699.900390625,6851400,0.049768045127533744,0.03795751372028522,0.13047384435934828,0.21626743554376393,0.3143828963023114
2026-01-09,8744.150390625,8856.849609375,8557.400390625,8601.0498046875,8601.0498046875,6093900,-0.01136226640525917,0.04282960405988945,0.12597608308787422,0.22421802721239725,0.41346069360474424
2026-01-16,8631.599609375,9071.75,8501.650390625,9014.25,9014.25,8141800,0.0480406699990632,0.07860794881907007,0.1531007895985237,0.25853403141361264,0.4321973307912297
2026-01-23,8995.599609375,9093.650390625,8705.4501953125,8781.0498046875,8781.0498046875,8776700,-0.025870171707296774,0.05955988847500859,0.07290740253183037,0.2537819461462443,0.42712837353651323
2026-01-30,8825.9501953125,9175.5498046875,8771.150390625,9019.349609375,9019.349609375,6727400,0.02713796299848914,0.03671872141136667,0.07988352550486977,0.331593595390252,0.4277222687266722
2026-02-06,8515.0,9099.900390625,8313.7001953125,8876.2001953125,8876.2001953125,6156600,-0.015871367699695993,0.031990326398882774,0.05670303010010591,0.28991101839237055,0.4323960455581555
2026-02-13,9093.849609375,9294.599609375,9027.900390625,9166.5,9166.5,6159400,0.03270541428761442,0.016889924286546343,0.09402410711965059,0.3047934237215757,0.5609327785047666
2026-02-20,9124.0,9691.099609375,9083.599609375,9665.7998046875,9665.7998046875,7428700,0.054470059966999385,0.10075674545516211,0.1352296534386941,0.38120342232953996,0.6188992139134883
2026-02-27,9724.900390625,9918.650390625,9699.5498046875,9820.4501953125,9820.4501953125,10362100,0.01599975105526208,0.08882021660462192,0.17164675578638122,0.4535787152573756,0.7374869562881123
2026-03-06,9538.0498046875,9742.400390625,9162.400390625,9184.349609375,9184.349609375,6698900,-0.06477305757745444,0.03471636593158789,0.11355147152762202,0.3396661679655544,0.5484286611236364
2026-03-13,8919.2998046875,9060.7001953125,8498.849609375,8516.5498046875,8516.5498046875,6706600,-0.07271062547595508,-0.07090494685130644,0.01905519769802666,0.2068144678574546,0.47247070046621764
2026-03-20,8501.5498046875,8731.4501953125,8353.2001953125,8584.599609375,8584.599609375,6688600,0.007990301970645985,-0.1118583270044724,0.035855348395405384,0.16043386291439954,0.40020703739176855
2026-03-27,8443.25,8645.7001953125,8188.60009765625,8249.4501953125,8249.4501953125,7309700,-0.0390407740969646,-0.15997229951330239,-0.05177647732586732,0.13606097589676858,0.3170882146971925
2026-04-03,8098.89990234375,8257.2998046875,7833.4501953125,8134.39990234375,8134.39990234375,4890600,-0.013946419487946504,-0.11431944031828944,-0.054254993627572023,0.07267286166315046,0.29798381171563304
2026-04-10,8176.0498046875,8789.5498046875,8074.14990234375,8778.25,8778.25,7838600,0.07915151767627493,0.030728428919474027,-0.02618076933743796,0.1406546717409647,0.42243129937267887
2026-04-17,8538.900390625,8948.7001953125,8451.5,8862.900390625,8862.900390625,4953200,0.009643196608093874,0.032418609360193695,0.009321275674100571,0.1602553285059729,0.35881953095055574
2026-04-24,8875.650390625,9095.7001953125,8711.25,8811.2001953125,8811.2001953125,9192500,-0.005833326905849812,0.06809544717527927,-0.023078095769360485,0.12712670521957015,0.3482059819925789
2026-05-01,8865.5498046875,8927.5,8415.25,8482.599609375,8482.599609375,5574000,-0.03729351037924589,0.04280582602423122,-0.04434336509730363,0.036441441062517566,0.2941740888414166
2026-05-08,8495.5,8745.150390625,8320.349609375,8371.9501953125,8371.9501953125,7915200,-0.01304428113525602,-0.04628482951470969,-0.0866797365065729,0.002370623583325848,0.3359956489520941
2026-05-15,8318.25,8318.2998046875,7974.7998046875,8027.2001953125,8027.2001953125,7691800,-0.041179174739122026,-0.09429195392926759,-0.1695255066818525,-0.04436959701670573,0.21099479181897984
2026-05-22,7949.89990234375,8079.2998046875,7809.14990234375,8006.14990234375,8006.14990234375,6747600,-0.0026223704973799,-0.0913667009174336,-0.18474716096363408,-0.044463972249200956,0.19446635968334247
2026-05-29,8102.39990234375,8300.650390625,8093.25,8156.14990234375,8156.14990234375,6915000,0.01873559723832896,-0.03848462995594615,-0.11195128133860521,-0.04207583292367967,0.16917286444147783
2026-06-05,8187.35009765625,8361.75,7913.14990234375,8259.0498046875,8259.0498046875,7505700,0.012616234813705551,-0.013485554499382157,-0.030235248534362102,-0.014638971015897617,0.16319733417946836
2026-06-12,8171.14990234375,8539.2998046875,8165.7001953125,8528.75,8528.75,9066200,0.03265511187006398,0.06248128768239525,-0.006505790825003466,0.03406365357617269,0.22983912844524723
2026-06-19,8663.5498046875,8800.150390625,8494.75,8716.5,8716.5,9212000,0.02201377693096873,0.08872555551930139,0.056615870588913486,0.0429804127777047,0.2734577595967713
2026-06-26,8737.400390625,8782.2001953125,8552.7998046875,8636.099609375,8636.099609375,4558700,-0.009223930548385217,0.058845130702334325,0.06167630225392484,0.04206956371933335,0.23100272387926735
2026-07-03,8631.400390625,8654.4501953125,8369.900390625,8407.599609375,8407.599609375,9050600,-0.026458703620318325,0.017986306923974293,-0.04222372233930449,-0.033598175625663806,0.17540306863658883
2026-07-10,8409.650390625,8561.2001953125,8034.2001953125,8451.599609375,8451.599609375,7512400,0.005233360536214926,-0.009045920049831402,-0.04640701837121697,-0.017375808617112187,0.20294624906593595
2026-07-17,8374.5498046875,8497.7998046875,8280.5498046875,8381.75,8381.75,6419800,-0.00826466143728799,-0.038404175988068556,-0.04873912586175999,-0.07016668053359953,0.17022687609075038
