Date,Open,High,Low,Close,Adj Close,Volume,Return_1W,Return_4W,Return_12W,Return_26W,Return_52W
2011-02-04,8688.400390625,8903.349609375,8580.099609375,8677.5,8677.5,0.0,,,,,
2011-02-11,8729.599609375,8806.5498046875,8325.849609375,8520.5498046875,8520.5498046875,0.0,-0.018087029134255306,,,,
2011-02-18,8529.4501953125,8881.400390625,8483.650390625,8645.650390625,8645.650390625,0.0,0.014682219904245786,,,,
2011-02-25,8644.849609375,9008.9501953125,8583.0498046875,8660.849609375,8660.849609375,0.0,0.001758019126760102,,,,
2011-03-04,8701.849609375,8963.0498046875,8652.099609375,8915.2001953125,8915.2001953125,0.0,0.0293678562045665,0.027392704732065676,,,
2011-03-11,8834.0,8982.0,8757.7001953125,8937.599609375,8937.599609375,0.0,0.0025124970355996368,0.04894634903231987,,,
2011-03-18,8945.099609375,9269.349609375,8899.150390625,8921.2001953125,8921.2001953125,1129900.0,-0.0018348790256053071,0.03187149517245058,,,
2011-03-25,8974.5,9230.599609375,8850.599609375,9212.400390625,9212.400390625,763400.0,0.032641369875939574,0.06368321886723094,,,
2011-04-01,9202.0,9577.5,9148.25,9421.0,9421.0,1344100.0,0.022643350324556222,0.05673454253483201,,,
2011-04-08,9429.599609375,9586.849609375,9285.0498046875,9318.2998046875,9318.2998046875,1039400.0,-0.010901198950482915,0.042595351319292485,,,
2011-04-15,9273.5498046875,9347.5,9135.2001953125,9285.400390625,9285.400390625,476300.0,-0.003530624121575343,0.040824125379886,,,
2011-04-22,9293.099609375,9501.0498046875,9158.099609375,9486.9501953125,9486.9501953125,737800.0,0.02170609733652351,0.029802200625897113,,,
2011-04-29,9347.7998046875,9414.400390625,9138.150390625,9213.900390625,9213.900390625,1254300.0,-0.02878162097050052,-0.02198276290998835,0.06181508390953616,,
2011-05-06,9221.7998046875,9249.5498046875,8890.2998046875,8954.099609375,8954.099609375,1005800.0,-0.028196612752004913,-0.03908440412373204,0.05088284378655783,,
2011-05-13,8997.4501953125,9062.25,8857.75,8916.150390625,8916.150390625,724700.0,-0.004238194838738107,-0.03976672889332944,0.031287409018218026,,
2011-05-20,8940.7001953125,8944.900390625,8466.349609375,8598.150390625,8598.150390625,1051100.0,-0.03566561644522792,-0.09368656801072439,-0.007239384307300645,,
2011-05-27,8560.900390625,8777.25,8365.25,8719.2001953125,8719.2001953125,1143500.0,0.014078586578281538,-0.053690638528700596,-0.021984924141474016,,
2011-06-03,8751.5,8910.4501953125,8650.150390625,8710.099609375,8710.099609375,1159200.0,-0.0010437409089875116,-0.027250087741321316,-0.025454261764128017,,
2011-06-10,8707.650390625,8807.0,8629.400390625,8702.599609375,8702.599609375,810100.0,-0.0008610693719194318,-0.023951007093211518,-0.024503495174602152,,
2011-06-17,8686.0498046875,8702.7001953125,8330.650390625,8353.2998046875,8353.2998046875,765700.0,-0.04013740955187828,-0.028477122964082224,-0.09325480325537783,,
2011-06-24,8366.5498046875,8457.4501953125,8051.4501953125,8420.7998046875,8420.7998046875,1044400.0,0.008080638978397836,-0.0342233672746064,-0.10616709429068039,,
2011-07-01,8454.9501953125,8723.2998046875,8440.5498046875,8475.0498046875,8475.0498046875,1892000.0,0.006442380920848034,-0.026985891692272612,-0.0904939761195287,,
2011-07-08,8551.0498046875,8582.5,8355.150390625,8474.2998046875,8474.2998046875,1065100.0,-8.849505516594913e-05,-0.026233518136530187,-0.08735224673310016,,
2011-07-15,8452.25,8606.400390625,8382.2998046875,8519.2001953125,8519.2001953125,824500.0,0.005298418944319483,0.019860461674307883,-0.10200854648506164,,
2011-07-22,8514.400390625,8634.650390625,8420.9501953125,8543.75,8543.75,567300.0,0.0028817029914389725,0.014600774055222088,-0.07273254129237905,,
2011-07-29,8627.25,8644.9501953125,8164.89990234375,8192.150390625,8192.150390625,1099300.0,-0.041152843818580864,-0.03338026567183472,-0.08509501256298668,,
2011-08-05,8253.4501953125,8305.2001953125,7910.35009765625,7985.7998046875,7985.7998046875,1031200.0,-0.02518881808781792,-0.0576448805516403,-0.10434442502402486,-0.07971192109622582,
2011-08-12,7838.5,8039.0,7707.5,7750.9501953125,7750.9501953125,1309900.0,-0.02940840180305393,-0.0901786532053458,-0.09853284216059366,-0.09032276402534634,
2011-08-19,7757.39990234375,7817.60009765625,7454.14990234375,7515.7001953125,7515.7001953125,649600.0,-0.03035111748521757,-0.12032770208485732,-0.13802871513914883,-0.13069580011444515,
2011-08-26,7503.0498046875,7727.14990234375,7301.89990234375,7339.0,7339.0,1067800.0,-0.023510809468252458,-0.10414242292247655,-0.15741491726446333,-0.15262354953538904,
2011-09-02,7419.75,7842.4501953125,7418.9501953125,7770.9501953125,7770.9501953125,748900.0,0.058856819091497536,-0.026903956351233327,-0.10705415115948425,-0.1283482114738862,
2011-09-09,7705.0,8020.85009765625,7563.35009765625,7811.2001953125,7811.2001953125,1512200.0,0.005179546772063892,0.007773240503653023,-0.06489646272133054,-0.1260292990615708,
2011-09-16,7707.89990234375,8015.10009765625,7607.9501953125,7911.7998046875,7911.7998046875,1311700.0,0.012878892725777247,0.052702955025008213,-0.060445564768878746,-0.11314625482290752,
2011-09-23,7898.64990234375,8037.39990234375,7488.64990234375,7539.2001953125,7539.2001953125,1172500.0,-0.0470941654962308,0.027278947446859325,-0.11042408374489876,-0.18162478011867922,
2011-09-30,7551.2998046875,7820.35009765625,7354.10009765625,7735.75,7735.75,1362500.0,0.026070378766398283,-0.004529715726878991,-0.08715172010777528,-0.17888228425857122,
2011-10-07,7622.25,7721.5,7471.0,7707.25,7707.25,925300.0,-0.003684193517112133,-0.013307839091728835,-0.0953082656467279,-0.1728909606317961,
2011-10-14,7708.10009765625,8091.14990234375,7708.10009765625,8077.39990234375,8077.39990234375,1198400.0,0.048026196418145206,0.020930774506976002,-0.05458377148866134,-0.13009675807851073,
2011-10-21,8087.10009765625,8088.85009765625,7772.35009765625,7884.75,7884.75,811000.0,-0.023850484645170367,0.04583374837324872,-0.037523772876140726,-0.16888464283328342,
2011-10-28,7992.0,8481.150390625,7985.5498046875,8392.2998046875,8392.2998046875,844600.0,0.06437107133231867,0.08487215909090917,0.05090285380825521,-0.08916968396722258,
2011-11-04,8395.4501953125,8433.650390625,8100.9501953125,8271.4501953125,8271.4501953125,989800.0,-0.014400058647511593,0.07320382695676142,0.06715305696516793,-0.07623875585969153,
2011-11-11,8310.4501953125,8352.7998046875,8018.5498046875,8197.7998046875,8197.7998046875,643000.0,-0.008904169025491848,0.014905774605614708,0.0907566283445449,-0.08056734739387295,
2011-11-18,8246.150390625,8265.650390625,7462.75,7635.2001953125,7635.2001953125,1080500.0,-0.06862812251810613,-0.03164967877072833,0.040359748645932614,-0.11199503981256875,
2011-11-25,7590.39990234375,7590.39990234375,7195.2001953125,7265.39990234375,7265.39990234375,1209800.0,-0.0484336079616855,-0.13427784142248145,-0.0650564320015462,-0.16673551018478994,
2011-12-02,7356.25,7804.2001953125,7281.2998046875,7778.2001953125,7778.2001953125,1058600.0,0.07058115174132751,-0.059632832012883163,-0.004224702884942477,-0.10699067242118132,
2011-12-09,7748.2001953125,7873.5498046875,7383.2998046875,7400.5498046875,7400.5498046875,811600.0,-0.0485524133015488,-0.09725170399308025,-0.06461867244126929,-0.14961619092355438,
2011-12-16,7446.60009765625,7448.0,7048.25,7090.10009765625,7090.10009765625,1485500.0,-0.04194954634784187,-0.07139303275779263,-0.059568665909081164,-0.15122164133536764,
2011-12-23,7059.5,7423.9501953125,6962.64990234375,7282.25,7282.25,1102100.0,0.02710115508908939,0.0023192250781425283,-0.058623921403871626,-0.13520684864800114,
2011-12-30,7286.75,7427.35009765625,6942.4501953125,6968.10009765625,6968.10009765625,874400.0,-0.04313912627879435,-0.10415007036517954,-0.09590319534772451,-0.17781012994139156,
2012-01-06,6996.14990234375,7224.0498046875,6937.7998046875,7114.60009765625,7114.60009765625,1117900.0,0.021024382248652884,-0.03863898150514844,-0.11919674849924577,-0.16044979979102714,
2012-01-13,7122.7998046875,7397.2001953125,7038.60009765625,7293.0498046875,7293.0498046875,1320900.0,0.025082183760410715,0.028624378250786453,-0.07504362158755828,-0.14392787615199631,
2012-01-20,7274.39990234375,7794.4501953125,7155.2001953125,7752.35009765625,7752.35009765625,1566500.0,0.06297780836126221,0.06455423772271618,-0.07625439056333616,-0.09262910341989761,
2012-01-27,7573.0,7969.5,7573.0,7931.4501953125,7931.4501953125,1277000.0,0.02310268439894081,0.13825147230308543,-0.041105246597831324,-0.03182317009351321,
2012-02-03,7871.10009765625,8114.2001953125,7736.4501953125,8098.75,8098.75,1615300.0,0.021093217579097212,0.13832821083899804,-0.012082486404567105,0.01414388014663226,-0.06669547680783638
2012-02-10,8163.25,8304.849609375,8009.7998046875,8170.0498046875,8170.0498046875,1606300.0,0.00880380363482014,0.12025147551252435,0.07005050236971666,0.05407073956280306,-0.041135843112750314
2012-02-17,8166.7001953125,8250.7998046875,8073.39990234375,8173.0498046875,8173.0498046875,2417600.0,0.00036719482398739345,0.05426737721229058,0.1249277279356571,0.08746352199958496,-0.054663393103423386
2012-02-24,8176.89990234375,8434.7998046875,8130.0498046875,8160.85009765625,8160.85009765625,1689500.0,-0.0014926749894822455,0.028922819496405072,0.04919517275659113,0.1119839348216718,-0.0577310003371404
2012-03-02,8191.35009765625,8220.599609375,7809.60009765625,8092.64990234375,8092.64990234375,1782200.0,-0.008356996452132726,-0.0007532147129186706,0.09352009187450827,0.04139773115844991,-0.09226380506870013
2012-03-09,8104.5498046875,8110.14990234375,7651.2001953125,7838.35009765625,7838.35009765625,1826800.0,-0.031423551958407514,-0.04059947184666368,0.10553447619834677,0.00347576578053177,-0.1229915816060616
2012-03-16,7954.7001953125,8197.400390625,7712.10009765625,7746.5498046875,7746.5498046875,1733800.0,-0.011711685727867516,-0.052183702558057155,0.0637577403532561,-0.02088652444189687,-0.13166954724793656
2012-03-23,7773.60009765625,7777.5,7485.0,7562.25,7562.25,1372100.0,-0.02379121148565766,-0.07335021357985294,0.08526713078412795,0.0030573275798977395,-0.17912273898823106
2012-03-30,7573.25,7575.7001953125,7273.7001953125,7557.2001953125,7557.2001953125,1595900.0,-0.0006677648434658678,-0.06616494145831964,0.06221011604040183,-0.02308112396180073,-0.19783460404282982
2012-04-06,7563.5498046875,7698.89990234375,7503.14990234375,7620.2998046875,7620.2998046875,730000.0,0.008349601405840623,-0.0278183916579523,0.0448714884395367,-0.011281610861526459,-0.18222208295399922
2012-04-13,7562.75,7624.85009765625,7406.5498046875,7528.64990234375,7528.64990234375,1091200.0,-0.01202707304079731,-0.028128638921536053,-0.028855791146497722,-0.06793646552534482,-0.1891949096836958
2012-04-20,7497.7001953125,7690.39990234375,7439.0498046875,7499.7001953125,7499.7001953125,945400.0,-0.0038452720483439506,-0.008271321985850788,-0.05443519020710297,-0.048834751220710904,-0.20947195453623224
2012-04-27,7468.0,7563.89990234375,7360.0,7402.75,7402.75,1010600.0,-0.012927209460065647,-0.02043748892722208,-0.08593918814631885,-0.11791163658557446,-0.19656717718240335
2012-05-04,7388.85009765625,7528.14990234375,7236.39990234375,7246.85009765625,7246.85009765625,794600.0,-0.021059728120461974,-0.04900721974239497,-0.11299805130950014,-0.12387188140682992,-0.19066679914206552
2012-05-11,7167.35009765625,7268.14990234375,6992.7998046875,7006.0498046875,7006.0498046875,1240100.0,-0.03322827017584218,-0.06941484920072571,-0.14278635612017054,-0.14537437219661764,-0.21422929204355945
2012-05-18,6998.75,7019.0,6830.5498046875,6949.10009765625,6949.10009765625,1137600.0,-0.008128647186199989,-0.07341628109352805,-0.14848330572179091,-0.08986013203392751,-0.1917912827817938
2012-05-25,6929.0,7065.64990234375,6837.60009765625,7010.39990234375,7010.39990234375,1104000.0,0.008821257979601427,-0.05300058730286039,-0.1337324625505626,-0.03509786156681338,-0.19598131189686552
2012-06-01,7014.10009765625,7170.5,6866.10009765625,6915.10009765625,6915.10009765625,1375700.0,-0.013594061111355304,-0.045778510046357024,-0.11778626732634223,-0.11096398601007895,-0.20608254695350736
2012-06-08,6848.5,7274.7001953125,6816.35009765625,7255.0,7255.0,1294500.0,0.04915328737742386,0.03553360342170797,-0.0634540301270714,-0.01966743127589099,-0.1663410560466958
2012-06-15,7307.64990234375,7343.39990234375,7167.39990234375,7267.5,7267.5,1132800.0,0.001722949689868969,0.04581886832384785,-0.038976495090746854,0.025020789537568477,-0.1299845366591772
2012-06-22,7309.2998046875,7403.85009765625,7163.2998046875,7319.5498046875,7319.5498046875,1170600.0,0.00716199582903343,0.04409875422946885,-0.03144688303644616,0.005122016504171212,-0.130777363854082
2012-06-29,7335.4501953125,7558.0,7278.4501953125,7543.5,7543.5,1817600.0,0.03059617070561904,0.09087358005948976,-0.01007831800006842,0.0825762968785837,-0.10991673514086786
2012-07-06,7544.60009765625,7617.0498046875,7489.4501953125,7530.0498046875,7530.0498046875,1078400.0,-0.0017830178713461597,0.03791175805478986,0.00018594334467780804,0.05839396471041436,-0.11142513502740303
2012-07-13,7483.9501953125,7558.7998046875,7423.5498046875,7465.4501953125,7465.4501953125,931300.0,-0.008578908646100336,0.02723772897316823,-0.004566849221707137,0.023638998120401267,-0.12369118882542551
2012-07-20,7466.75,7518.25,7401.5,7451.14990234375,7451.14990234375,862300.0,-0.0019155298869623083,0.017979261179693395,0.006538097645300667,-0.03885275968168167,-0.12788296680687639
2012-07-27,7392.39990234375,7432.2001953125,7235.0498046875,7332.0498046875,7332.0498046875,1120300.0,-0.015984123151083995,-0.028030780846092673,0.011756791693373847,-0.07557260978317015,-0.10499081986114278
2012-08-03,7348.4501953125,7599.39990234375,7348.4501953125,7553.0,7553.0,1161800.0,0.030134846488800937,0.0030478145440968607,0.07806827107431569,-0.06738694242938725,-0.05419617511992414
2012-08-10,7593.7001953125,7846.25,7593.7001953125,7755.14990234375,7755.14990234375,1307000.0,0.026764186726300876,0.03880539009062711,0.11599340826294324,-0.050783032204492096,0.0005418312497724731
2012-08-17,7766.9501953125,7997.75,7766.9501953125,7885.2998046875,7885.2998046875,879000.0,0.01678238383302122,0.05826616133533813,0.12480028451033864,-0.03520717564145592,0.049177002776869205
2012-08-24,7881.9501953125,7957.7001953125,7744.39990234375,7781.35009765625,7781.35009765625,798900.0,-0.013182720962550576,0.06127894721630289,0.12526933634606396,-0.04650250837336056,0.060273892581584665
2012-08-31,7799.7998046875,7847.10009765625,7580.2001953125,7620.2001953125,7620.2001953125,1280600.0,-0.020709761200988552,0.008897152828346355,0.05033772506030321,-0.05838009956348433,-0.019399172071767223
2012-09-07,7638.60009765625,7793.2998046875,7573.25,7766.75,7766.75,935200.0,0.019231752569656813,0.0014957928347385518,0.06869625042999661,-0.009134587861501564,-0.005690571768877994
2012-09-14,7803.7001953125,8083.0,7749.60009765625,8048.5,8048.5,1180000.0,0.036276434802201774,0.020696764784451593,0.09958948497702336,0.03897866830079466,0.017278014950720788
2012-09-21,8114.2001953125,8273.25,7961.75,8200.2998046875,8200.2998046875,1659500.0,0.018860632998384697,0.05384023360643275,0.08706831108736002,0.08437301129789421,0.08768829481223195
2012-09-28,8204.5,8225.099609375,7939.5498046875,8071.64990234375,8071.64990234375,3797000.0,-0.01568843888734539,0.059243811902599974,0.07192516805388194,0.06807411392255402,0.04342176289871702
2012-10-05,8077.7001953125,8237.849609375,7788.9501953125,8208.650390625,8208.650390625,1353000.0,0.016973046395566405,0.056896435526442746,0.09955195947581963,0.07720832526504884,0.06505568012261187
2012-10-12,8201.7001953125,8201.7001953125,7888.7998046875,7958.5498046875,7958.5498046875,1249400.0,-0.030467930053780456,-0.01117601979406102,0.06809685873909843,0.05710185862274164,-0.01471390535236028
2012-10-19,7964.0,8079.14990234375,7838.9501953125,7870.9501953125,7870.9501953125,1143000.0,-0.011006981362786106,-0.04016311808340656,0.07349928123517002,0.04950197879003748,-0.0017501892498177352
2012-10-26,7812.85009765625,7949.35009765625,7810.39990234375,7897.10009765625,7897.10009765625,795900.0,0.0033223310648469173,-0.02162504652695807,0.04555806933089501,0.06677925063743206,-0.05900643668076033
2012-11-02,7832.9501953125,7904.75,7699.4501953125,7828.2998046875,7828.2998046875,986500.0,-0.008712095847584478,-0.04633533745960161,0.009432429194133674,0.08023481915533215,-0.05357590025460557
2012-11-09,7797.14990234375,7849.35009765625,7653.4501953125,7660.85009765625,7660.85009765625,943000.0,-0.021390303285393153,-0.03740627555737708,-0.02846432128019072,0.09346212362501993,-0.0654992461177476
2012-11-16,7655.35009765625,7688.25,7554.7001953125,7575.5498046875,7575.5498046875,674400.0,-0.011134572779964325,-0.037530461163497675,-0.026447890197195623,0.0901483211103169,-0.007812550961220577
2012-11-23,7570.64990234375,7591.75,7467.64990234375,7507.0498046875,7507.0498046875,936100.0,-0.009042247990715402,-0.0493915852838831,-0.014848742516581637,0.070844732007044,0.033260371843509384
2012-11-30,7537.35009765625,7778.60009765625,7488.2001953125,7740.2998046875,7740.2998046875,1306200.0,0.031070794262528567,-0.011241265944784917,-0.003405568006244586,0.11933300970016858,-0.004872642728820598
2012-12-07,7746.25,8030.10009765625,7707.0498046875,7954.75,7954.75,1390200.0,0.027705670416361627,0.038363875888090426,-0.011648133192520338,0.09645072363886964,0.07488635438430125
2012-12-14,7976.9501953125,7976.9501953125,7771.2001953125,7851.2001953125,7851.2001953125,1332800.0,-0.013017355000157105,0.03638684950027482,-0.042571566612167766,0.08031650434296522,0.10734687623209216
2012-12-21,7819.25,7925.14990234375,7747.0,7763.0498046875,7763.0498046875,1557300.0,-0.011227632518863717,0.03410127901910953,-0.03823259202144558,0.06059115817696581,0.0660235235933262
2012-12-28,7759.60009765625,7934.2998046875,7704.2998046875,7902.75,7902.75,1208000.0,0.017995529956299716,0.02098758438453774,-0.037265613233372075,0.04762378206402862,0.1341326745088125
2013-01-04,7899.9501953125,8198.099609375,7897.0498046875,8183.5,8183.5,1187100.0,0.03552560817436978,0.02875640340676955,0.028265224297522984,0.08677900043977438,0.1502403350394741
2013-01-11,8231.150390625,8279.5498046875,8047.7001953125,8069.4501953125,8069.4501953125,1344300.0,-0.013936555836439157,0.027798297657765092,0.025219318516106926,0.08090603837652655,0.1064575741860394
2013-01-18,8079.9501953125,8769.900390625,8072.7998046875,8711.349609375,8711.349609375,2051000.0,0.07954685864910305,0.12215557397492094,0.10310740672521135,0.1691282182680094,0.12370436056656953
2013-01-25,8891.2001953125,8962.849609375,8582.150390625,8654.25,8654.25,1895300.0,-0.006554622640050023,0.0950934801176806,0.10550824775744161,0.18033158946454453,0.09113085083919148
2013-02-01,8660.099609375,8678.9501953125,8450.099609375,8505.400390625,8505.400390625,1474800.0,-0.017199596657711536,0.039335295487871846,0.11024237287022887,0.12609564287369257,0.050211500617379334
2013-02-08,8526.0,8548.349609375,8123.75,8166.25,8166.25,1984100.0,-0.03987471195345793,0.011995836437993068,0.07797456429459348,0.053009948593257805,-0.0004650895378042197
2013-02-15,8185.14990234375,8341.5498046875,7978.75,8074.0498046875,8074.0498046875,1725100.0,-0.011290395874789527,-0.07315741340488147,0.0755290047024808,0.023936946555639604,-0.012112981367520925
2013-02-22,8107.7001953125,8298.5,8040.89990234375,8189.5,8189.5,1542000.0,0.014298920381377034,-0.053701938353987955,0.05803395303118175,0.05245232475360351,0.0035106517091862965
2013-03-01,8199.5498046875,8206.400390625,7763.2001953125,7850.7998046875,7850.7998046875,2481800.0,-0.041357860102875676,-0.0769629360022871,-0.013067688527295007,0.030261620884560303,-0.029885155119117046
2013-03-08,7839.85009765625,8177.60009765625,7786.9501953125,8150.7001953125,8150.7001953125,1242400.0,0.038199979376106086,-0.0019041548675953202,0.038147033899201155,0.04943511704541792,0.03984895976382141
2013-03-15,8166.25,8220.150390625,7980.7998046875,8038.39990234375,8038.39990234375,1235100.0,-0.013777993335263972,-0.004415368149333521,0.03546931999457059,-0.0012549043494128886,0.03767484945099686
2013-03-22,7965.75,8004.64990234375,7575.25,7617.14990234375,7617.14990234375,1495400.0,-0.05240470804110864,-0.06988828349181875,-0.036139330948878556,-0.0711132417390894,0.0072597312101225775
2013-03-29,7722.9501953125,7782.64990234375,7449.0,7551.5,7551.5,1140600.0,-0.008618696387155289,-0.03812347940763894,-0.07722856968289848,-0.06444158364607899,-0.0007542734299980092
2013-04-05,7593.64990234375,7755.7998046875,7515.0498046875,7611.4501953125,7611.4501953125,1384600.0,0.007938845966033226,-0.06615996013571013,-0.05675727452485546,-0.07275254358433336,-0.001161320368203378
2013-04-12,7601.9501953125,7716.60009765625,7457.2001953125,7579.2998046875,7579.2998046875,1155400.0,-0.004223950732122006,-0.05711336873429129,-0.12995113908288192,-0.04765315406792148,0.0067276208883058075
2013-04-19,7561.9501953125,7899.4501953125,7561.9501953125,7809.14990234375,7809.14990234375,1236300.0,0.03032603321933469,0.02520627826175814,-0.09765145421685872,-0.007851694069358373,0.04126161032739195
2013-04-26,7823.10009765625,8079.10009765625,7799.5498046875,7903.2998046875,7903.2998046875,1514500.0,0.012056357416764696,0.04658674497616366,-0.0707903870817369,0.0007850612192557005,0.06761673765661413
2013-05-03,7917.9501953125,8068.75,7803.7998046875,7939.0498046875,7939.0498046875,1392800.0,0.00452342703471742,0.043040366943050135,-0.027821851561304123,0.014147388674828676,0.09551732100200594
2013-05-10,7962.5,8100.35009765625,7962.5,8019.4501953125,8019.4501953125,1565400.0,0.010127205723980737,0.05807269826597761,-0.006762357267514174,0.04680943930308201,0.14464647253106455
2013-05-17,8033.75,8243.150390625,7885.14990234375,8217.150390625,8217.150390625,1606300.0,0.024652587209539556,0.05224646643788944,0.0033763221961047307,0.08469360013190053,0.18247690710289666
2013-05-24,8240.75,8293.150390625,7708.5,7754.0498046875,7754.0498046875,1556600.0,-0.05635780823311376,-0.0188845170610229,-0.01232358516418075,0.032902405928593836,0.10607810006603602
2013-05-31,7839.10009765625,8113.2001953125,7819.85009765625,7852.10009765625,7852.10009765625,1531400.0,0.012645042969607445,-0.010952155380094974,-0.03663490135828773,0.014443922818214938,0.13550056930015808
2013-06-07,7836.35009765625,7840.39990234375,7644.75,7666.10009765625,7666.10009765625,1031100.0,-0.02368793032268124,-0.04406163627810655,-0.046315163367145806,-0.036286483213645915,0.056664382860957874
2013-06-14,7710.0,7747.39990234375,7512.10009765625,7721.85009765625,7721.85009765625,1197800.0,0.007272276553895285,-0.06027640598300854,0.013745324255767244,-0.016475200534751044,0.06251807329291359
2013-06-21,7733.39990234375,7810.7998046875,7456.7998046875,7521.75,7521.75,1267600.0,-0.02591349160183576,-0.029958513362535966,-0.003939614646096823,-0.031083119490203148,0.02762467647709821
2013-06-28,7495.14990234375,8056.35009765625,7387.85009765625,7998.5,7998.5,1938500.0,0.06338285638315555,0.01864468110734463,0.05085099353679845,0.012116035557242721,0.06031682905812952
2013-07-05,8014.2998046875,8180.5498046875,7807.25,8005.14990234375,8005.14990234375,1309800.0,0.0008313936792836429,0.04422715596828142,0.056185941792786576,-0.021793865418983316,0.06309388516401282
2013-07-12,7946.2001953125,8017.0,7691.25,7992.89990234375,7992.89990234375,1812000.0,-0.001530264910643786,0.03510166621465105,0.023530089996716796,-0.009486432299094849,0.07065209642178472
2013-07-19,7972.0498046875,8291.7998046875,7920.39990234375,8276.4501953125,8276.4501953125,1782700.0,0.035475271357471305,0.10033571912287709,0.047214505313803556,-0.04992331080300905,0.11076146685884725
2013-07-26,8220.9501953125,8288.099609375,7979.85009765625,8009.0,8009.0,1320000.0,-0.032314602154432714,0.0013127461399011775,0.008810902694072809,-0.07455874281422425,0.09232755005015303
2013-08-02,8014.0498046875,8059.0,7430.60009765625,7502.85009765625,7502.85009765625,1739900.0,-0.06319764044746534,-0.06274708291726516,-0.06441839341532551,-0.11787220435545886,-0.006639732866907222
2013-08-09,7517.7998046875,7614.35009765625,7274.39990234375,7543.14990234375,7543.14990234375,1581400.0,0.00537126614059491,-0.05626868914849292,-0.08202362817287867,-0.07630186409383133,-0.027336673393757338
2013-08-16,7588.14990234375,7762.5498046875,7367.39990234375,7394.25,7394.25,1355300.0,-0.01973975120095184,-0.10659161530533323,-0.04640153387588419,-0.08419564173270677,-0.062274081753440735
2013-08-23,7373.89990234375,7416.14990234375,7010.85009765625,7377.85009765625,7377.85009765625,1924900.0,-0.0022179264081887418,-0.07880508207563364,-0.060397854599632206,-0.09910860276497346,-0.0518547546294742
2013-08-30,7418.75,7445.7001953125,6827.5498046875,7379.89990234375,7379.89990234375,2237200.0,0.0002778322492824614,-0.016387132051446374,-0.03733321919446364,-0.059981137471189716,-0.0315346430290071
2013-09-06,7410.0498046875,7701.7001953125,7223.0498046875,7677.85009765625,7677.85009765625,2051700.0,0.0403732027880046,0.017857287347643247,-0.005698116311964485,-0.05801343275123627,-0.011446216544082177
2013-09-13,7726.2998046875,7869.89990234375,7650.89990234375,7746.10009765625,7746.10009765625,1709600.0,0.008889207151990819,0.04758428476941545,0.02982684849353534,-0.03636293394687595,-0.0375722062923215
2013-09-20,7864.39990234375,8036.64990234375,7631.5,7924.4501953125,7924.4501953125,1858300.0,0.02302450206010298,0.0740866364077919,-0.00925796145371005,0.04034321195046919,-0.03363896637258523
2013-09-27,7839.9501953125,7905.4501953125,7605.5,7630.14990234375,7630.14990234375,1815400.0,-0.03713826015877231,0.033909674021530334,-0.04684484420338053,0.010415136376051182,-0.05469761515199045
2013-10-04,7576.89990234375,7677.64990234375,7432.89990234375,7633.64990234375,7633.64990234375,1190400.0,0.00045870658437840994,-0.0057568453082970095,-0.04494614024812915,0.0029166198899812645,-0.07004811521001686
2013-10-11,7593.5498046875,7811.0,7511.5,7741.2998046875,7741.2998046875,1208800.0,0.014102022455954932,-0.0006197044846092403,-0.06465941049558799,0.0213740060658123,-0.02729768680621214
2013-10-18,7727.5,7983.0498046875,7717.75,7969.0,7969.0,1205000.0,0.02941369034365815,0.005621816478050823,-0.004994381321013819,0.020469590116111602,0.01245717508743649
2013-10-25,7975.85009765625,8072.89990234375,7839.85009765625,7880.2998046875,7880.2998046875,1295900.0,-0.011130655704919112,0.03278440208191857,0.05030751009528478,-0.0029101768335244582,-0.002127400281242031
2013-11-01,7898.5498046875,8148.35009765625,7862.2001953125,8029.35009765625,8029.35009765625,1294800.0,0.01891429217960572,0.05183630378320192,0.06445585751403815,0.011374194039623475,0.025682497858393605
2013-11-08,8008.64990234375,8086.9501953125,7805.0498046875,7843.14990234375,7843.14990234375,1200600.0,-0.023189946016533902,0.013156717893108683,0.060709321749163214,-0.021984087272192365,0.023796289232088208
2013-11-15,7820.0,7842.14990234375,7585.0498046875,7657.7998046875,7657.7998046875,945300.0,-0.023632099343257718,-0.039051348389070095,0.0379446184627934,-0.06807111460143977,0.010857297769873542
2013-11-22,7713.39990234375,7893.25,7593.5498046875,7651.9501953125,7651.9501953125,1152500.0,-0.0007638759858176192,-0.028977274346741133,0.03686368332480372,-0.013167262520454637,0.019301908791723
2013-11-29,7709.89990234375,7809.7998046875,7632.0498046875,7799.0498046875,7799.0498046875,1517300.0,0.019223806431086343,-0.02868230805329741,0.01578563080676032,-0.006756191631406283,0.007590145276339388
2013-12-06,7758.64990234375,7949.35009765625,7747.2998046875,7928.2998046875,7928.2998046875,1737000.0,0.016572531684861946,0.010856595042038508,0.02352147593424192,0.03420248936110459,-0.0033250819086080297
2013-12-13,8082.39990234375,8101.39990234375,7734.5,7745.0498046875,7745.0498046875,2401300.0,-0.02311340445169041,0.01139361203287037,-0.02263884385709425,0.003004423387899191,-0.01352027562465885
2013-12-20,7734.9501953125,7938.64990234375,7584.2001953125,7926.2998046875,7926.2998046875,5344600.0,0.02340204447624128,0.03585355397935852,0.0388131171908932,0.053784000357297135,0.02102910635732691
2013-12-27,7934.85009765625,8017.9501953125,7895.2998046875,7903.25,7903.25,1593200.0,-0.0029080157520496863,0.013360626989440627,0.035317325408580125,-0.011908482840532586,6.326911518139688e-05
2014-01-03,7918.7998046875,7999.0,7644.64990234375,7689.5498046875,7689.5498046875,1366800.0,-0.027039533775661928,-0.03011364427198404,-0.006684923889482275,-0.03942463308074329,-0.060359283352172
2014-01-10,7704.5,7780.89990234375,7539.64990234375,7669.35009765625,7669.35009765625,1642500.0,-0.0026269037257469208,-0.009773947093979274,-0.03760194533112682,-0.04047965177102064,-0.049582076594098856
2014-01-17,7731.0,7902.0,7731.0,7822.5,7822.5,1403500.0,0.019969084784713598,-0.013095619298441608,-0.00733472153599013,-0.05484841744950053,-0.10203351366112501
2014-01-24,7826.7001953125,7837.7998046875,7685.9501953125,7724.7001953125,7724.7001953125,1371400.0,-0.01250237196388626,-0.022591946944295116,-0.03794203747980507,-0.03549754085247847,-0.10740963164774531
2014-01-31,7620.39990234375,7666.39990234375,7435.2998046875,7516.2998046875,7516.2998046875,1555800.0,-0.02697844386911763,-0.02253057778420109,-0.041673320250908086,0.0017926130545313779,-0.11629089055322162
2014-02-07,7485.5498046875,7526.64990234375,7363.89990234375,7491.2001953125,7491.2001953125,1561500.0,-0.0033393571341242545,-0.02322881340339289,-0.02175554514666478,-0.00688700446150603,-0.08266337727690187
2014-02-14,7482.7001953125,7551.35009765625,7398.60009765625,7501.0,7501.0,1239400.0,0.0013081755168726783,-0.04109939277724517,-0.019727022714414733,0.014436893532136397,-0.07097427171613535
2014-02-21,7487.2001953125,7526.39990234375,7423.5498046875,7490.75,7490.75,876400.0,-0.00136648446873755,-0.030285990316422318,-0.03953043157926761,0.01530254760524552,-0.08532266927162835
2014-02-28,7470.35009765625,7495.4501953125,7388.75,7424.14990234375,7424.14990234375,1820000.0,-0.008890978561058693,-0.01226000887914036,-0.06358865264475466,0.005996016285525263,-0.054344769062765974
2014-03-07,7416.35009765625,7964.14990234375,7399.7998046875,7942.14990234375,7942.14990234375,1786900.0,0.06977229808310725,0.06019725748531246,0.02544852552619603,0.03442367346663633,-0.02558679475030723
2014-03-14,7909.0498046875,8127.39990234375,7909.0498046875,8050.4501953125,8050.4501953125,1890800.0,0.01363614314768724,0.07325025934042118,0.015663095477612243,0.03929075196799192,0.0014990910025807214
2014-03-21,8074.10009765625,8226.150390625,7907.5498046875,7926.5498046875,7926.5498046875,1551800.0,-0.01539049216118904,0.05817839397757241,0.0029481295274096375,0.0002649533183061159,0.0406188543366528
2014-03-28,7980.39990234375,8351.2001953125,7936.4501953125,8336.25,8336.25,2164900.0,0.051687077657698755,0.12285582991371258,0.08410117779824722,0.09254078972149116,0.10391975104283913
2014-04-04,8343.150390625,8559.599609375,8245.25,8403.2001953125,8403.2001953125,2064000.0,0.008031212513120334,0.05805106912332292,0.0956860866060234,0.10081026806488413,0.10402091318781781
2014-04-11,8419.400390625,8600.599609375,8341.849609375,8497.650390625,8497.650390625,1610900.0,0.011239788784894955,0.05554971268226572,0.08630877476829668,0.09770330629483115,0.12116562342203907
2014-04-18,8487.0,8532.849609375,8369.2001953125,8521.900390625,8521.900390625,980500.0,0.0028537300177415847,0.07510841420379766,0.103201441500119,0.06938140175994478,0.09127120073176376
2014-04-25,8567.0498046875,8710.7998046875,8383.75,8395.849609375,8395.849609375,1473600.0,-0.014791393406647813,0.007149450817214076,0.11701898906945862,0.06542261303064012,0.06232204482428538
2014-05-02,8388.150390625,8475.849609375,8256.9501953125,8298.7998046875,8298.7998046875,1254700.0,-0.011559259539276612,-0.012423884734203638,0.1078064379964565,0.03355809670198617,0.04531398704509826
2014-05-09,8286.0498046875,8751.349609375,8286.0498046875,8730.2998046875,8730.2998046875,1560800.0,0.05199547044818109,0.02737808727918134,0.16388478931975747,0.11311143015112401,0.0886406913270068
2014-05-16,8715.650390625,9999.25,8715.650390625,9545.849609375,9545.849609375,3492800.0,0.09341601353135798,0.12015503254138626,0.2743516482828823,0.24655251545382328,0.16169829631765298
2014-05-23,9678.2001953125,10257.5498046875,9677.5,10211.4501953125,10211.4501953125,4370000.0,0.0697266993693062,0.21624977463985995,0.3754369631045327,0.33448989272929674,0.3169183139808369
2014-05-30,10307.349609375,10427.25,9617.599609375,9667.5,9667.5,4451700.0,-0.05326865282682347,0.1649274868083217,0.21723967928974686,0.23957408172845573,0.2311992816909738
2014-06-06,9743.7001953125,10620.400390625,9711.900390625,10594.0,10594.0,3864600.0,0.09583656581329203,0.21347493637181114,0.315951250300079,0.3362259577692106,0.3819282118738436
2014-06-13,10686.9501953125,10686.9501953125,9947.9501953125,10073.0,10073.0,3332100.0,-0.049178780441759495,0.055222993467997306,0.2707924946164042,0.30057265660235855,0.3044801275095168
2014-06-20,10078.2998046875,10440.25,9834.400390625,9858.7001953125,9858.7001953125,2592200.0,-0.021274675338776916,-0.034544554715835285,0.18263010290148451,0.24379602566663028,0.31069235155548913
2014-06-27,9877.400390625,10187.7001953125,9726.900390625,9795.7001953125,9795.7001953125,2363400.0,-0.006390294739863855,0.013260945985259953,0.1657106777935351,0.23945214883908528,0.22469215419297361
2014-07-04,9844.25,10083.75,9819.9501953125,10062.5498046875,10062.5498046875,2193700.0,0.027241504339087008,-0.050165206278317886,0.18415671887242735,0.30860064116542096,0.2570095410382489
2014-07-11,10113.349609375,10122.0,9424.25,9443.2001953125,9443.2001953125,2815800.0,-0.061549967095465674,-0.06252355849176017,0.10810966597321747,0.2312907971430771,0.18144857444586293
2014-07-18,9461.900390625,9707.650390625,9430.0498046875,9605.400390625,9605.400390625,1724300.0,0.01717640121544961,-0.02569302237306459,0.14406532245401205,0.22791951302333024,0.16057007097863907
2014-07-25,9696.599609375,9840.5498046875,9532.0,9623.2001953125,9623.2001953125,1572800.0,0.001853103875281814,-0.01760976719995433,0.1595893890435729,0.2457700560537026,0.20154828259614188
2014-08-01,9632.349609375,9638.849609375,9257.75,9270.25,9270.25,1743600.0,-0.03667700849499356,-0.07873747907497741,0.061847841127127046,0.2333528785292276,0.23556380300012303
2014-08-08,9311.75,9493.7998046875,9223.75,9264.599609375,9264.599609375,1574200.0,-0.0006095186888164239,-0.018913141969197578,-0.02946306630724449,0.2367310134325573,0.2282136414253646
2014-08-15,9325.400390625,9532.849609375,9213.0,9520.0498046875,9520.0498046875,1411500.0,0.027572718313051192,-0.008885687474392334,-0.0677083447894975,0.2691707511915078,0.2874936342005612
2014-08-22,9520.2998046875,9826.099609375,9516.5498046875,9671.650390625,9671.650390625,1628200.0,0.01592434798637865,0.0050347279833271585,0.0004293137445048334,0.2911457985682342,0.31090361861613736
2014-08-29,9688.900390625,9729.5498046875,9422.099609375,9629.0,9629.0,1659000.0,-0.004409835850388233,0.03869906421078184,-0.0910892958278271,0.29698351012015456,0.3047602443688928
2014-09-05,9684.400390625,9960.75,9653.0,9875.0,9875.0,1725900.0,0.025547824280818254,0.06588524235924087,-0.01965650749528447,0.24336610633423827,0.28616733517817106
2014-09-12,9949.5,10019.75,9733.25,9757.25,9757.25,1428500.0,-0.011924050632911354,0.024915856553156646,-0.010290423007359162,0.212012963657773,0.25963386439484126
2014-09-19,9687.849609375,9713.400390625,9370.349609375,9515.75,9515.75,1772100.0,-0.024750826308642337,-0.016119316179596277,-0.028578885605999194,0.20049078533168352,0.20080885934885329
2014-09-26,9488.0,9591.099609375,9049.25,9233.7998046875,9233.7998046875,1955600.0,-0.029629844763944035,-0.04104270384385711,-0.08235984080435932,0.10766829266006894,0.2101727912122877
2014-10-03,9245.599609375,9295.75,9129.099609375,9140.849609375,9140.849609375,920300.0,-0.010066299603475715,-0.07434434335443041,-0.0320178096073388,0.08778196364689461,0.1974415549982842
2014-10-10,9119.4501953125,9394.0498046875,9077.5498046875,9307.0498046875,9307.0498046875,1251900.0,0.018182138686763105,-0.04614006972379514,-0.031060713120162453,0.09524978986608668,0.20225931555472232
2014-10-17,9289.2001953125,9415.099609375,9069.5498046875,9159.25,9159.25,1403600.0,-0.01588041407203611,-0.03746420408270501,-0.048211632917965486,0.07478961031698428,0.14936002007780158
2014-10-24,9376.349609375,9398.7001953125,9213.25,9351.150390625,9351.150390625,1211400.0,0.02095153976854003,0.01270880768694238,0.008726883376931616,0.11378250274793977,0.18664906442551632
2014-10-31,9478.0498046875,9772.5498046875,9226.2998046875,9758.900390625,9758.900390625,1873800.0,0.043604260755852,0.06761415050698538,0.05335371220466012,0.17594117466392856,0.21540352231914794
2014-11-07,9788.099609375,9807.400390625,9573.0,9613.400390625,9613.400390625,1090100.0,-0.014909466658741155,0.0329159714803724,0.009805682517704417,0.1011535234406662,0.22570657329298904
2014-11-14,9642.4501953125,9662.0498046875,9326.0,9432.7998046875,9432.7998046875,1710400.0,-0.018786337674401077,0.029865961152659937,-0.024695949118366034,-0.011842822725435909,0.23178981499535745
2014-11-21,9413.4501953125,9616.900390625,9341.2998046875,9486.25,9486.25,1636400.0,0.005666418923248928,0.014447378529003574,-0.014825007788970779,-0.07101833544126757,0.2397166418844665
2014-11-28,9482.7001953125,9592.7001953125,9278.2998046875,9465.2998046875,9465.2998046875,2690000.0,-0.0022084802016075766,-0.030085416818020905,-0.04148862737341774,-0.02091545852728216,0.21364782143057037
2014-12-05,9447.349609375,9452.7998046875,9132.4501953125,9142.9501953125,9142.9501953125,1568000.0,-0.0340559323028905,-0.04893691890449958,-0.06295829303210432,-0.13696902064258065,0.15320439697636745
2014-12-12,9151.099609375,9181.4501953125,8509.0,8521.0,8521.0,1434700.0,-0.0680251102791053,-0.09666269014152018,-0.10453721461787036,-0.1540752506701082,0.10018659852166167
2014-12-19,8471.7998046875,8716.4501953125,8277.900390625,8660.2998046875,8660.2998046875,1928800.0,0.01634782357557807,-0.08706814550665432,-0.06210877559949535,-0.12155764622955079,0.09260310839692476
2014-12-26,8682.2001953125,8782.5,8536.349609375,8601.099609375,8601.099609375,1316000.0,-0.00683581361472696,-0.09130193582294377,-0.05904812168077067,-0.12195152588572977,0.08829906802581222
2015-01-02,8611.75,8720.349609375,8554.5,8668.650390625,8668.650390625,795300.0,0.007853737814682571,-0.05187601316374546,-0.06859310173036459,-0.13852347974597568,0.12732872675337203
2015-01-09,8656.75,8719.75,8270.7998046875,8548.400390625,8548.400390625,1540700.0,-0.013871824861001247,0.003215630867855923,-0.06669209917569674,-0.09475599226750153,0.11461861588994182
2015-01-16,8552.599609375,8623.150390625,8306.0498046875,8589.400390625,8589.400390625,1335800.0,0.004796218956351739,-0.00818671589453801,-0.08146056561807546,-0.10577383124930739,0.09803776166506872
2015-01-23,8599.599609375,8785.900390625,8541.0,8748.4501953125,8748.4501953125,1554200.0,0.018516985756199755,0.017131598589660735,-0.10354139860708078,-0.09090011454049296,0.13252941526730466
2015-01-30,8781.150390625,9002.0,8705.900390625,8920.650390625,8920.650390625,1823000.0,0.01968350867502977,0.02907026914737898,-0.07206087043618514,-0.03771199367600653,0.1868406825738489
2015-02-06,8947.7001953125,9121.650390625,8764.25,8808.7001953125,8808.7001953125,1702600.0,-0.012549555291411552,0.03045011847748369,-0.06616271120954587,-0.04920875518475376,0.17587301976316216
2015-02-13,8711.150390625,8865.900390625,8543.75,8832.099609375,8832.099609375,1467700.0,0.0026563980546132626,0.02825566485582587,-0.06895774311503489,-0.07226329792663122,0.17745628707838956
2015-02-20,8837.099609375,8925.9501953125,8659.7001953125,8669.7998046875,8669.7998046875,1037400.0,-0.018376129331152846,-0.00899020842196041,-0.0840438249622103,-0.10358631107144045,0.1574007682391616
2015-02-27,8659.7001953125,8695.599609375,8420.150390625,8661.0498046875,8661.0498046875,1871200.0,-0.0010092505244779781,-0.029101082832516667,-0.05270731878995316,-0.10052447765214456,0.16660492024188112
2015-03-06,8747.150390625,8928.849609375,8666.349609375,8743.25,8743.25,1236100.0,0.00949078889582311,-0.007430176287226642,0.026082619410867203,-0.11460759493670891,0.1008669072614512
2015-03-13,8712.5,8718.25,8413.400390625,8430.599609375,8430.599609375,1550100.0,-0.03575905877391128,-0.04545917932966026,-0.026523353751353063,-0.13596560410207792,0.04722088887449405
2015-03-20,8436.25,8554.650390625,8314.849609375,8355.25,8355.25,1699000.0,-0.00893763348590415,-0.03628109204060659,-0.028583509148880193,-0.12195570501536923,0.05408408524210384
2015-03-27,8377.099609375,8429.7998046875,8056.5498046875,8116.5,8116.5,1717700.0,-0.02857484814936717,-0.06287341799983426,-0.06369508121150458,-0.12100108604480542,-0.026360773729194764
2015-04-03,8148.85009765625,8339.75,8065.89990234375,8313.150390625,8313.150390625,850000.0,0.024228471708864552,-0.049192189331770275,-0.027519768523944887,-0.09054948436096122,-0.010716132258485556
2015-04-10,8332.599609375,8764.349609375,8289.2998046875,8740.099609375,8740.099609375,1346900.0,0.051358293629751195,0.036711505034093816,0.017544789146688666,-0.06091620945521914,0.02853132426081939
2015-04-17,8765.400390625,9002.400390625,8703.400390625,8900.2998046875,8900.2998046875,1048300.0,0.018329332899211126,0.06523441006403163,0.017357315408432328,-0.028271986823429907,0.04440317261614313
2015-04-24,8955.0,8955.0,8431.25,8509.7998046875,8509.7998046875,1195100.0,-0.04387492652711944,0.04845682309955035,-0.04605612460379305,-0.08997294993576366,0.013572205388869829
2015-05-01,8528.849609375,8531.5,8279.25,8331.75,8331.75,1082900.0,-0.02092291343791941,0.0022373719349495502,-0.05414535456278857,-0.14624090148476243,0.003970477188025345
2015-05-08,8382.2001953125,8708.5498046875,8249.7001953125,8397.099609375,8397.099609375,1569900.0,0.007843443379242032,-0.03924440399192752,-0.04925216191382864,-0.1265213901249903,-0.03816595108607801
2015-05-15,8435.0,8498.4501953125,8144.0498046875,8333.25,8333.25,1312700.0,-0.007603769437689478,-0.06371131502658522,-0.038818636216436886,-0.11656664272055195,-0.12702898736054913
2015-05-22,8364.7001953125,8540.849609375,8352.650390625,8520.650390625,8520.650390625,1223600.0,0.022488271757717504,0.0012750694712611033,-0.016210438368165714,-0.10178939089471606,-0.16557881322906032
2015-05-29,8510.849609375,8564.900390625,8376.25,8488.099609375,8488.099609375,2026200.0,-0.003820222607163304,0.018765518573528928,-0.029182556901037993,-0.10324027928080648,-0.1219964200284458
2015-06-05,8521.2001953125,8664.349609375,8381.099609375,8502.349609375,8502.349609375,1694900.0,0.0016788210148077631,0.012534089732899378,0.008510663929551576,-0.0700649759927523,-0.19743726549225982
2015-06-12,8513.4501953125,8543.349609375,8302.0498046875,8374.099609375,8374.099609375,1425300.0,-0.015084065686805759,0.004902002145021456,0.0022560197929446524,-0.017239806434103944,-0.16865882960637346
2015-06-19,8400.599609375,8927.2998046875,8352.099609375,8879.849609375,8879.849609375,1642700.0,0.060394552679287505,0.04215631463358904,0.09404911099303881,0.025351293793393292,-0.09928799603855609
2015-06-26,8898.900390625,8988.5498046875,8839.75,8910.900390625,8910.900390625,1485900.0,0.0034967688210865155,0.049811006079973685,0.07190414847710458,0.03601874124470372,-0.09032532509630087
2015-07-03,8805.099609375,9048.75,8736.099609375,8969.400390625,8969.400390625,1169200.0,0.006564993147218479,0.05493196618673646,0.02623548832373057,0.03469398192886586,-0.10863542892014022
2015-07-10,8880.2998046875,9034.4501953125,8683.25,8743.849609375,8743.849609375,1526000.0,-0.025146695590237078,0.044154000698302776,-0.01757808149677187,0.022863835316411674,-0.0740586423535371
2015-07-17,8762.099609375,8991.7998046875,8711.9501953125,8950.900390625,8950.900390625,1000600.0,0.023679590855268495,0.008001349614636277,0.05183442572815,0.04208675618318636,-0.06813875251247214
2015-07-24,8981.849609375,9149.349609375,8779.599609375,8936.75,8936.75,1077400.0,-0.0015808901906473327,0.0029008975795752345,0.07261379662135803,0.021523789983783903,-0.07133283953158043
2015-07-31,8925.0498046875,8937.349609375,8654.650390625,8711.849609375,8711.849609375,1400000.0,-0.025165791884633637,-0.028714381121752286,0.037483180460142984,-0.023406452680786116,-0.060235742361317124
2015-08-07,8716.150390625,8759.099609375,8564.9501953125,8662.7001953125,8662.7001953125,1261100.0,-0.005641673842671668,-0.009280742200265313,0.03953441878168773,-0.01657452254734393,-0.06496766610976135
2015-08-14,8680.849609375,8718.599609375,8226.900390625,8409.650390625,8409.650390625,1410900.0,-0.02921142357257478,-0.06046877703687714,-0.013027174559600452,-0.047831120281023876,-0.1166379837126229
2015-08-21,8409.0,8409.0,7919.7998046875,7998.60009765625,7998.60009765625,1179800.0,-0.048878404437238565,-0.10497663046899042,-0.05766891698326726,-0.07741813215437254,-0.17298498450590027
2015-08-28,7783.14990234375,7808.39990234375,7246.25,7727.85009765625,7727.85009765625,3119300.0,-0.03384967327961996,-0.11294955214330693,-0.0910924094281843,-0.10774671986370377,-0.19744001478281759
2015-09-04,7744.2998046875,7770.60009765625,7276.75,7360.89990234375,7360.89990234375,1821400.0,-0.04748412439105032,-0.1502765031246459,-0.12099207727323291,-0.158104834890487,-0.2545924149525316
2015-09-11,7371.7001953125,7625.89990234375,7286.89990234375,7511.39990234375,7511.39990234375,1447200.0,0.02044586966222428,-0.10681187047711416,-0.15410730668079042,-0.10903135596773939,-0.23017244588959496
2015-09-18,7537.7998046875,7824.7998046875,7488.4501953125,7805.0,7805.0,1125500.0,0.0390872675497731,-0.024204247654908806,-0.12410646984546003,-0.06585679662487653,-0.17978088957780525
2015-09-25,7711.0498046875,7799.10009765625,7473.25,7491.10009765625,7491.10009765625,1182500.0,-0.040217796584721355,-0.030635946221550414,-0.16481595520185488,-0.0770529048658597,-0.18873050573898908
2015-10-02,7509.5,7708.0,7360.14990234375,7648.5498046875,7648.5498046875,810300.0,0.021018235636780735,0.03907808911409871,-0.12526516964714707,-0.07994569503842863,-0.1632561379367815
2015-10-09,7669.9501953125,8062.2001953125,7654.14990234375,7936.2998046875,7936.2998046875,1082900.0,0.037621510920102574,0.05656733869423869,-0.11335179050815636,-0.09196689289734294,-0.1472808278418819
2015-10-16,7955.7998046875,8129.2001953125,7892.5498046875,8112.5,8112.5,1002000.0,0.022201806843086924,0.03939782190903274,-0.09223151593140688,-0.08851385031688386,-0.1142833747304638
2015-10-23,8228.0498046875,8365.7998046875,8214.25,8278.650390625,8278.650390625,901600.0,0.0204807877503852,0.10513146035989451,-0.04972528661236597,-0.027162732304839232,-0.11469177108682105
2015-10-30,8309.2998046875,8314.400390625,8039.2998046875,8099.35009765625,8099.35009765625,1400100.0,-0.021658154953831055,0.05893931588083179,-0.06503169738704406,-0.02789328800597113,-0.1700550499073662
2015-11-06,8107.89990234375,8286.0498046875,8040.0,8168.4501953125,8168.4501953125,1182800.0,0.008531560782419456,0.029251716333584366,-0.02868135821453266,-0.027229570292011673,-0.15030583733115055
2015-11-13,8019.39990234375,8197.5,7846.2001953125,7932.60009765625,7932.60009765625,724800.0,-0.028873298118606838,-0.02217564281587059,-0.0082514439019572,-0.04807846906594071,-0.15904076606033202
2015-11-20,7894.25,8171.9501953125,7867.35009765625,8126.35009765625,8126.35009765625,1022800.0,0.02442452633623171,-0.018396753792287113,0.0515667352451441,-0.04627584455320288,-0.14335484541770982
2015-11-27,8143.2001953125,8350.650390625,8103.7001953125,8285.4501953125,8285.4501953125,906600.0,0.0195782972360663,0.022977164267797612,0.12560288894491944,-0.023874532980112106,-0.12464999880835292
2015-12-04,8280.650390625,8364.4501953125,8164.85009765625,8171.7001953125,8171.7001953125,1050900.0,-0.013728885856359896,0.00039787229184118367,0.08790642244499858,-0.038889181138577755,-0.10622938758847777
2015-12-11,8188.0498046875,8208.400390625,7837.35009765625,8002.7998046875,8002.7998046875,1035500.0,-0.020668941173574318,0.008849520480931794,0.025342703995836047,-0.044339071901153604,-0.060814481318213875
2015-12-18,7958.75,8372.75,7939.64990234375,8277.7998046875,8277.7998046875,1265600.0,0.034362973798110374,0.018636867131152757,0.10501791416155104,-0.06779954967389079,-0.04416706218333999
2015-12-25,8265.75,8497.7001953125,8260.099609375,8454.900390625,8454.900390625,766500.0,0.02139464472639374,0.020451537492599536,0.10542529061434869,-0.051173279916780334,-0.016997735800041935
2016-01-01,8462.150390625,8610.5498046875,8462.150390625,8594.7001953125,8594.7001953125,1207700.0,0.01653476661209563,0.051764013594459035,0.08296062482872957,-0.04177538954601068,-0.008530762227125455
2016-01-08,8532.9501953125,8703.75,8427.5,8586.2001953125,8586.2001953125,1277600.0,-0.0009889815591980211,0.07289953577037922,0.05839139541602467,-0.018029749035650244,0.004421857068014123
2016-01-15,8503.5498046875,8780.2998046875,8467.7001953125,8607.5498046875,8607.5498046875,1588400.0,0.0024865026308908966,0.0398354644688641,0.039728627076093925,-0.03835933492200616,0.0021130012849686075
2016-01-22,8598.2001953125,8643.099609375,8020.25,8242.7998046875,8242.7998046875,1649600.0,-0.04237558983409706,-0.02508611292129259,0.017711261434761427,-0.07765129329034604,-0.05779885343531266
2016-01-29,8302.5498046875,8549.0,8195.150390625,8516.849609375,8516.849609375,1695300.0,0.03324717464709681,-0.009057975748817726,0.042651837953597393,-0.022383306501314815,-0.045265845377638336
2016-02-05,8543.349609375,8543.349609375,8008.25,8057.5,8057.5,1569500.0,-0.05393421634090689,-0.06157557281288828,0.015745140408710778,-0.06986276584291606,-0.08527934640257673
2016-02-12,8057.64990234375,8120.4501953125,7378.10009765625,7513.25,7513.25,1367100.0,-0.06754576481538943,-0.12713255566544224,-0.07544593701827795,-0.10659187350098387,-0.14932458505960255
2016-02-19,7637.9501953125,7920.7001953125,7602.60009765625,7798.75,7798.75,1623500.0,0.03799953415632373,-0.05387123492129198,-0.05874155101286482,-0.024985634388048794,-0.10046942539740644
2016-02-26,7820.4501953125,7902.0498046875,7632.7001953125,7713.10009765625,7713.10009765625,1848700.0,-0.010982516729443836,-0.09437169241946175,-0.05612052408864865,-0.0019086809155981488,-0.10944974667137974
2016-03-04,7727.10009765625,8088.0,7569.5498046875,8057.75,8057.75,2406000.0,0.0446837066782626,3.102699348422888e-05,0.006866371351725409,0.09466914465639853,-0.07840333971921198
2016-03-11,8077.10009765625,8259.2001953125,8077.10009765625,8110.14990234375,8110.14990234375,1398700.0,0.006503043944494413,0.07944629851845075,-0.020252954444345717,0.07971217187000978,-0.03801031028385016
2016-03-18,8152.60009765625,8313.599609375,8094.35009765625,8276.75,8276.75,1520400.0,0.02054217242126488,0.061291873697707944,-0.021070666997157983,0.06044202434336965,-0.009395290386284061
2016-03-25,8286.900390625,8437.75,8276.650390625,8309.2998046875,8309.2998046875,870500.0,0.003932679456006172,0.07729702706858621,-0.0332065556842408,0.10922290402810675,0.023754057128996475
2016-04-01,8328.849609375,8503.5498046875,8268.7001953125,8347.75,8347.75,1897700.0,0.0046273688777975774,0.03599019577425455,-0.02777132956236894,0.09141604790021596,0.004162033374738305
2016-04-08,8383.150390625,8444.7001953125,8263.7998046875,8400.4501953125,8400.4501953125,1950300.0,0.006313101771435514,0.03579468893477,-0.02406022783187589,0.05848448295146991,-0.03886104612562746
2016-04-15,8410.5498046875,8694.7001953125,8403.2998046875,8678.0498046875,8678.0498046875,933000.0,0.03304580146548597,0.04848519100945414,0.05280366020202054,0.06971338116332815,-0.024971068938930308
2016-04-22,8674.9501953125,8717.0,8595.75,8659.0,8659.0,1075000.0,-0.0021951711635960214,0.04208539871376704,0.01669048969333997,0.04594343177068083,0.01753275032748891
2016-04-29,8668.400390625,8668.400390625,8337.2998046875,8404.650390625,8404.650390625,1609900.0,-0.029374016557916605,0.006816254754275164,0.04308413163201985,0.03769441859996836,0.008749709319770815
2016-05-06,8398.599609375,8483.099609375,8238.5498046875,8299.9501953125,8299.9501953125,1198800.0,-0.01245741231893338,-0.011963644526584938,0.10470837457990889,0.016098525039114797,-0.011569401172047189
2016-05-13,8340.7998046875,8406.2001953125,8245.7001953125,8303.7001953125,8303.7001953125,1163400.0,0.00045180994003035657,-0.04313752718644148,0.06474758074210607,0.04678164701204279,-0.003546012022620171
2016-05-20,8305.25,8353.599609375,8118.2001953125,8131.75,8131.75,1298300.0,-0.02070765938895136,-0.06089040304885096,0.05427777379305154,0.0006644929493386798,-0.04564210157629456
2016-05-27,8173.25,8498.599609375,8096.85009765625,8454.0,8454.0,1552100.0,0.039628616226519586,0.005871702817055624,0.04917625888120125,0.02034286619486969,-0.004017343215121705
2016-06-03,8479.5498046875,8508.0,8317.849609375,8447.0,8447.0,1849400.0,-0.0008280104092737162,0.01771695024996034,0.04153438613494731,0.0336894156794223,-0.006509919247965179
2016-06-10,8445.7998046875,8630.5,8383.7001953125,8546.900390625,8546.900390625,1165900.0,0.01182673027406178,0.02928817148887286,0.03263967023590175,0.06798877882947951,0.020635147575333912
2016-06-17,8493.75,8618.400390625,8441.099609375,8551.599609375,8551.599609375,1106000.0,0.000549815551279309,0.051630904709933256,0.02916007490195649,0.03307639845704591,-0.036965716137066784
2016-06-24,8522.9501953125,8660.75,8280.0498046875,8428.2998046875,8428.2998046875,1140800.0,-0.014418332279299895,-0.003040004177016775,0.009649283302386902,-0.003146173781892858,-0.05415845366706551
2016-07-01,8353.5,8867.2001953125,8353.5,8849.2998046875,8849.2998046875,1481300.0,0.04995076228373563,0.04762635310613228,0.05343161365630866,0.029622861017753355,-0.013390035086741303
2016-07-08,8889.400390625,9025.349609375,8811.849609375,8825.5,8825.5,1085100.0,-0.0026894562522216114,0.032596566783508196,0.01699116721280558,0.027870280129054237,0.009338036937123873
2016-07-15,8923.7998046875,9148.5498046875,8915.9501953125,9067.4501953125,9067.4501953125,2057500.0,0.027414899474534016,0.06032211627073614,0.04717059652529154,0.0534298843527512,0.013021014602013992
2016-07-22,9125.650390625,9269.7001953125,8931.099609375,9207.150390625,9207.150390625,1795100.0,0.015406778344889016,0.09240897974515971,0.09548285326599082,0.11699308594017954,0.030257128220549934
2016-07-29,9218.7998046875,9389.599609375,9197.25,9311.849609375,9311.849609375,1957900.0,0.011371511739029172,0.052269650130113865,0.12191632362251803,0.0933443745589797,0.06887171231173772
2016-08-05,9351.400390625,9407.650390625,9119.9501953125,9392.7998046875,9392.7998046875,1541100.0,0.008693245564340035,0.0642796220823183,0.13115834914051994,0.1657213533586721,0.08428083541088793
2016-08-12,9437.099609375,9525.599609375,9241.650390625,9434.5,9434.5,1818800.0,0.004439591621200112,0.04047993612109946,0.16020536784824913,0.2557149036701827,0.12186589950487026
2016-08-19,9442.650390625,9541.5,9344.099609375,9522.900390625,9522.900390625,1532800.0,0.009369907321532756,0.034293998316950125,0.12643723570203447,0.22108035141849647,0.19057088419952395
2016-08-26,9530.650390625,9584.5,9300.5,9488.349609375,9488.349609375,1938900.0,-0.0036281783734726236,0.018954343917056304,0.1232804083550374,0.23016031028278605,0.22781232677542307
2016-09-02,9496.400390625,9745.25,9435.9501953125,9503.400390625,9503.400390625,1676500.0,0.0015862380571569634,0.011775039204210858,0.11191191616661111,0.17941117441283239,0.29106502149269353
2016-09-09,9557.75,9720.349609375,9524.150390625,9668.2001953125,9668.2001953125,1444900.0,0.017341140845762215,0.02477080876702531,0.13057213117337563,0.19211115845324755,0.28713692800402923
2016-09-16,9541.650390625,9756.349609375,9500.5498046875,9644.849609375,9644.849609375,1943100.0,-0.0024151947069549484,0.012805890406042186,0.1443410691217819,0.1652943014317214,0.23572704796604738
2016-09-23,9646.0,9933.650390625,9640.2001953125,9886.0498046875,9886.0498046875,1577100.0,0.02500818624253598,0.04191458068951737,0.11715616182998234,0.1897572643979597,0.3197060079040408
2016-09-30,9873.2001953125,10017.7998046875,9598.5,9756.2001953125,9756.2001953125,2161900.0,-0.01313463030637696,0.026600984310508835,0.10545580367259655,0.16872213414542836,0.27556209274250953
2016-10-07,9791.599609375,10344.25,9742.25,10145.5,10145.5,1931100.0,0.03990281020212616,0.04936801007895064,0.11889227748334452,0.20773289098972914,0.27836652466274736
2016-10-14,10192.849609375,10242.650390625,9856.0,10061.75,10061.75,1100300.0,-0.008254891331131997,0.04322518312984003,0.09281912134781445,0.15944828924179322,0.24027734976887527
2016-10-21,10097.349609375,10240.25,9972.5,10106.4501953125,10106.4501953125,1722800.0,0.004442586559246564,0.022294080545750106,0.08533219706829365,0.16716135758315054,0.22078475578064727
2016-10-28,10143.75,10241.599609375,10003.400390625,10092.25,10092.25,1770100.0,-0.0014050626122994458,0.03444474262110364,0.07446663506694118,0.20079355249058772,0.24605676731031112
2016-11-04,10101.150390625,10171.7998046875,9652.599609375,9711.150390625,9711.150390625,1373100.0,-0.037761610084470765,-0.04281204567295849,0.029323269979861122,0.17002514016403292,0.18886081917935726
2016-11-11,9800.25,10042.4501953125,9168.4501953125,9807.4501953125,9807.4501953125,1673300.0,0.009916415750338636,-0.025273914049494417,0.029880581862184563,0.1810939658983446,0.23634748689905472
2016-11-18,9763.75,9845.349609375,9574.900390625,9797.25,9797.25,1833800.0,-0.0010400455887479287,-0.030594342161396226,0.03255575556783752,0.20481446183170915,0.2056150525468574
2016-11-25,9822.0498046875,9846.9501953125,9647.2998046875,9806.4501953125,9806.4501953125,2108100.0,0.0009390589514914893,-0.02831874009140678,0.03188856537986706,0.15997754853471724,0.1835748165936122
2016-12-02,9781.9501953125,10030.150390625,9764.5,9804.5,9804.5,2761900.0,-0.00019886862969353825,0.00961262112314909,0.014097743316649813,0.16070794364863272,0.199811516044619
2016-12-09,9778.400390625,10121.2998046875,9741.9501953125,10111.9501953125,10111.9501953125,1551300.0,0.03135806979575695,0.03104782526915484,0.048430053847959176,0.18311314431652748,0.26355156221571385
2016-12-16,10066.150390625,10244.9501953125,10047.4501953125,10080.650390625,10080.650390625,1944100.0,-0.0030953282089947187,0.028926524343565907,0.01968436228646442,0.17880289666201432,0.2177934509743269
2016-12-23,10117.150390625,10192.650390625,10022.650390625,10062.099609375,10062.099609375,1462900.0,-0.0018402365453772385,0.02606951638674526,0.03135436009292558,0.1938469018127289,0.19009085199065168
2016-12-30,10034.7998046875,10282.9501953125,9914.75,10271.5498046875,10271.5498046875,1650300.0,0.020815754508865414,0.0476362695382222,0.012424208238874357,0.16071893046799368,0.19510274602592226
2017-01-06,10300.349609375,10591.150390625,10250.2998046875,10468.5498046875,10468.5498046875,1483700.0,0.019179189484151316,0.03526516670743751,0.040430323222848896,0.1861707330675315,0.21922964367900932
2017-01-13,10492.400390625,10704.7001953125,10388.349609375,10656.599609375,10656.599609375,1878900.0,0.017963309932699234,0.057134132861668574,0.05443547471471888,0.17525868682289825,0.23805262254441195
2017-01-20,10662.25,10679.650390625,10347.9501953125,10407.099609375,10407.099609375,1968600.0,-0.023412721613422116,0.03428707858134894,0.03119716707126763,0.13032796987565498,0.2625685271959062
2017-01-27,10386.599609375,10804.650390625,10386.0498046875,10735.4501953125,10735.4501953125,1717600.0,0.03155063353498733,0.045163621794765074,0.10547666996037286,0.1528805388463581,0.26049545168619104
2017-02-03,10731.4501953125,10831.5498046875,10650.7998046875,10708.099609375,10708.099609375,2367200.0,-0.0025476887731678,0.022882806993977045,0.09183318764065374,0.14003277319198237,0.3289605472385977
2017-02-10,10760.75,10812.5498046875,10662.900390625,10676.75,10676.75,1926200.0,-0.0029276538805778074,0.0018908837118429833,0.08977008854525503,0.13167099475329902,0.4210561341629788
2017-02-17,10715.4501953125,10866.650390625,10613.5,10846.2001953125,10846.2001953125,1791300.0,0.015870952800477678,0.042192407339115556,0.10602715348485647,0.13895974444826154,0.3907613650024042
2017-02-24,10851.5498046875,11482.849609375,10825.650390625,11311.150390625,11311.150390625,2217100.0,0.04286756531687863,0.053626087852735926,0.15366927335662206,0.19210936108941157,0.4664856215287645
2017-03-03,11341.0,11613.599609375,11128.5498046875,11305.0498046875,11305.0498046875,3075500.0,-0.0005393426598373496,0.05574753850719394,0.11798907098336708,0.18957944946103789,0.4030032955462133
2017-03-10,11375.7001953125,11649.400390625,11246.0498046875,11350.9501953125,11350.9501953125,2588400.0,0.004060167041985752,0.06314657506380694,0.12601367525540597,0.17404997476323048,0.39959807549700055
2017-03-17,11625.25,11625.2998046875,11407.75,11487.150390625,11487.150390625,1776900.0,0.011999012679021925,0.05909444632872485,0.1416255887511051,0.19101394587420462,0.3878817640529193
2017-03-24,11497.849609375,11514.2001953125,11245.650390625,11485.400390625,11485.400390625,1837000.0,-0.0001523441358814992,0.015405152790155086,0.11817599184336824,0.1617785280809696,0.3822344434059024
2017-03-31,11424.5,11724.099609375,11250.650390625,11648.7001953125,11648.7001953125,2543500.0,0.014218033253833529,0.030397954592160215,0.11273293938923268,0.19397920933492907,0.39542992965918966
2017-04-07,11740.4501953125,12149.2001953125,11714.2998046875,12055.0498046875,12055.0498046875,1810400.0,0.034883686811556736,0.06203001486745707,0.13122855756748453,0.1882164313919965,0.435048065806555
2017-04-14,12104.0,12189.5498046875,11870.4501953125,12018.400390625,12018.400390625,2010300.0,-0.003040171103088185,0.046247326964010904,0.15482707399076845,0.1944642224886326,0.3849194993249738
2017-04-21,12040.400390625,12269.0498046875,11968.7998046875,12193.7998046875,12193.7998046875,2117700.0,0.014594239529523545,0.06167825151665873,0.1358442899778689,0.20653637716862638,0.40822263594958996
2017-04-28,12235.2998046875,12497.2998046875,12195.5498046875,12263.5498046875,12263.5498046875,1859300.0,0.005720120152635788,0.052782679532126675,0.1452592198480014,0.21514526539547663,0.45913860002635265
2017-05-05,12321.2001953125,12365.650390625,11907.2001953125,11925.400390625,11925.400390625,1400000.0,-0.027573534535102473,-0.010754780458234747,0.11695041942772844,0.22801109147044052,0.43680384942068895
2017-05-12,11944.849609375,12169.099609375,11888.7001953125,12017.650390625,12017.650390625,1452500.0,0.007735589328516035,-6.24043113578443e-05,0.10800558483318201,0.22535930861712372,0.44726448546505226
2017-05-19,12088.099609375,12179.9501953125,11776.5,11794.7001953125,11794.7001953125,1539700.0,-0.018551895592371692,-0.032729716394193975,0.042749834277535426,0.20387865934956229,0.45045041907492234
2017-05-26,11846.349609375,11876.7001953125,11495.900390625,11858.349609375,11858.349609375,2221000.0,0.005396441877157265,-0.03304102007704324,0.04894271270331618,0.20923977312843656,0.4026909876242015
2017-06-02,11868.599609375,12021.4501953125,11727.75,11757.5498046875,11757.5498046875,2683300.0,-0.008500323232822349,-0.014075048253260669,0.03582075530054829,0.1991993273178132,0.39192018523588246
2017-06-09,11780.5,11857.400390625,11641.7001953125,11688.349609375,11688.349609375,1535500.0,-0.0058855966134127025,-0.027401427945256907,0.01751515492599487,0.1558946972259867,0.36755420973383757
2017-06-16,11654.7998046875,11857.849609375,11604.0498046875,11823.25,11823.25,2014200.0,0.01154144042002292,0.0024205621350890105,0.029415570888653653,0.17286579157587068,0.38257759250542267
2017-06-23,11855.5498046875,11999.650390625,11744.4501953125,11768.75,11768.75,2166800.0,-0.004609561668745932,-0.007555824573106218,0.010305854101714251,0.16961175667898276,0.396337372034947
2017-06-30,11764.9501953125,11824.5498046875,11542.4501953125,11600.400390625,11600.400390625,1646800.0,-0.014304799522039335,-0.013365830183415195,-0.03771443680686526,0.1293719654001062,0.3108834197797472
2017-07-07,11632.5,12085.0498046875,11541.7998046875,12055.75,12055.75,1663700.0,0.03925292179940576,0.03143304255121837,0.0031077022033760837,0.15161605235921027,0.36601325703926113
2017-07-14,12108.599609375,12455.849609375,11797.599609375,12443.7998046875,12443.7998046875,1943800.0,0.03218794390125046,0.052485552169454275,0.020502222769304135,0.16770829915954,0.37235932226244084
2017-07-21,12470.0,12686.650390625,12344.5,12641.400390625,12641.400390625,2168500.0,0.015879441090258073,0.07414979421136492,0.030810865691846656,0.21469005439683508,0.3729981432145235
2017-07-28,12694.150390625,12850.2001953125,12586.0498046875,12671.349609375,12671.349609375,2324800.0,0.002369137739851146,0.09232002195506106,0.06255129340029697,0.18032773464011664,0.3607768747271989
2017-08-04,12712.599609375,13242.099609375,12694.0498046875,13203.650390625,13203.650390625,2759100.0,0.04200821519881148,0.0952160081807436,0.09868817626157611,0.23305263046536573,0.4057204098010996
2017-08-11,13244.099609375,13299.0,12571.25,12659.099609375,12659.099609375,2168100.0,-0.04124244168390345,0.017301773418630262,0.07328710350823786,0.18566975993396873,0.3417880766733796
2017-08-18,12751.5,13012.599609375,12744.150390625,12959.650390625,12959.650390625,1609300.0,0.02374187663610927,0.025175217156796714,0.09287133686624749,0.19485627752158674,0.36089320049838736
2017-08-25,13006.0498046875,13072.150390625,12780.0498046875,12933.900390625,12933.900390625,1510100.0,-0.001986936315707011,0.02072003293601421,0.10005065727797402,0.14346462949913397,0.36313488890055345
2017-09-01,12995.349609375,13247.150390625,12725.7998046875,13218.75,13218.75,3623100.0,0.022023488721273132,0.0011435935463515179,0.13093383084618693,0.169278351566307,0.3909494977229573
2017-09-08,13215.5498046875,13380.5498046875,13045.9501953125,13152.7001953125,13152.7001953125,1842600.0,-0.0049966755319148515,0.03899176095999368,0.1124437185471423,0.15873120478883362,0.3604083417396977
2017-09-15,13216.75,13646.7998046875,13123.349609375,13347.0,13347.0,3554700.0,0.014772617166226132,0.029888893426878838,0.13410515135422196,0.1619069609198185,0.3838473942638183
2017-09-22,13456.5,13665.0,13018.25,13046.7001953125,13046.7001953125,2261700.0,-0.02249942344253386,0.008721252002934943,0.12467671424999649,0.1359377776644093,0.319708119326525
2017-09-29,13024.9501953125,13124.400390625,12601.599609375,12772.650390625,12772.650390625,3562400.0,-0.021005296403297624,-0.033747488179668994,0.05946543272919569,0.09648717680662644,0.3091828924094644
2017-10-06,12962.0,13430.4501953125,12852.349609375,13405.0498046875,13405.0498046875,2187900.0,0.049511995922684626,0.01918614471764024,0.07724730509067679,0.11198626483277274,0.3212803513565128
2017-10-13,13401.400390625,13791.0,13260.5,13678.2001953125,13678.2001953125,2363400.0,0.020376678535687587,0.024814579704240725,0.08201621439475981,0.1381048850712474,0.3594255666571422
2017-10-20,13717.2998046875,14147.650390625,13603.9501953125,13979.9501953125,13979.9501953125,1684700.0,0.02206065094027565,0.07153149731571995,0.10327239215066109,0.1464802128322933,0.38327008248619077
2017-10-27,14030.0,14662.7998046875,13992.650390625,14387.0,14387.0,3095800.0,0.029116684895199807,0.1263911216547442,0.08962291293438174,0.17315134925295883,0.42554930763704824
2017-11-03,14454.75,14648.2001953125,14424.4501953125,14515.099609375,14515.099609375,2583500.0,0.008903844399457794,0.08280833125284892,0.14661390282650877,0.217158261687034,0.4946838454265585
2017-11-10,14491.150390625,14492.2001953125,13797.5,13862.849609375,13862.849609375,2735100.0,-0.044935964447582966,0.013499540248415043,0.0696931777884513,0.15354076369116587,0.41350191265827596
2017-11-17,13889.25,14113.150390625,13625.25,13962.2001953125,13962.2001953125,2583200.0,0.007166678477873223,-0.0012696754818162237,0.07950423102321502,0.1837689779398901,0.42511421014187656
2017-11-24,13928.5498046875,14449.4501953125,13896.349609375,14412.9501953125,14412.9501953125,2399000.0,0.032283593824369516,0.0018037252597831177,0.09034138593380625,0.21542631732816164,0.46974184422023724
2017-12-01,14369.150390625,14470.75,13899.849609375,13941.099609375,13941.099609375,3135800.0,-0.03273795992793749,-0.039545026589363874,0.05994201968835866,0.1857146974463133,0.42190826756846356
2017-12-08,13989.9501953125,14219.7001953125,13801.5498046875,14173.9501953125,14173.9501953125,2461900.0,0.01670245478921295,0.02244131579751918,0.061957757946542236,0.21265624908617098,0.4017029278766604
2017-12-15,14244.5498046875,14355.9501953125,13994.099609375,14203.75,14203.75,2602500.0,0.0021024346972347008,0.017300267959815985,0.08868524510919729,0.20134057894402968,0.4090112690754042
2017-12-22,14120.0,14372.7001953125,13660.5498046875,14359.150390625,14359.150390625,2457700.0,0.010940800184810362,-0.003732740622735098,0.12421071206681389,0.22010837095061064,0.42705309508627565
2017-12-29,14426.099609375,14524.9501953125,14233.2001953125,14249.2998046875,14249.2998046875,2434100.0,-0.0076502148768649025,0.02210730888869361,0.06297999726228398,0.2283455160912582,0.38725898969839223
2018-01-05,14266.25,14312.0,14092.650390625,14249.900390625,14249.900390625,3091400.0,4.214845260697153e-05,0.005358435317320165,0.04179644888575473,0.18200032271944933,0.36121054553748455
2018-01-12,14293.75,14488.150390625,14271.7001953125,14438.9501953125,14438.9501953125,2269900.0,0.01326674569682429,0.016559021055179146,0.03283273499457118,0.1603328904305772,0.35493034594356243
2018-01-19,14454.650390625,14550.5,13901.400390625,14128.099609375,14128.099609375,2492200.0,-0.021528614042758853,-0.016090839288155356,-0.017995439676444014,0.11760557950941508,0.3575443821684978
2018-01-26,14278.599609375,14660.0498046875,14211.400390625,14465.650390625,14465.650390625,2936400.0,0.02389215751466045,0.015183243310406658,-0.0034067433280349224,0.1416029733661892,0.34746565141173535
2018-02-02,14469.349609375,14559.0,13723.650390625,13775.2998046875,13775.2998046875,3493800.0,-0.04772343913308641,-0.03330553708640238,-0.006315426276304215,0.043294800842984316,0.2864373985302817
2018-02-09,13613.150390625,13863.150390625,13332.75,13639.599609375,13639.599609375,3058000.0,-0.009850979451374475,-0.055360713564688635,-0.02310528293712666,0.07745416579816355,0.2775048221017631
2018-02-16,13757.9501953125,14042.7998046875,13678.25,13801.0498046875,13801.0498046875,1855500.0,0.01183687204436179,-0.023148888649573207,-0.04245490217707182,0.06492454570156991,0.27243177851834455
2018-02-23,13816.349609375,13850.599609375,13635.2998046875,13816.7001953125,13816.7001953125,2235800.0,0.0011340000106139225,-0.044861459926687886,-0.008923213917705897,0.0682547242537439,0.22151149247950674
2018-03-02,13887.25,14097.7001953125,13867.650390625,13961.0,13961.0,1848800.0,0.01044386884333326,0.013480664518772167,-0.015024054154142985,0.05615130023640669,0.23493485134503733
2018-03-09,13904.349609375,13944.150390625,13340.099609375,13537.150390625,13537.150390625,2142200.0,-0.03035954511675376,-0.007511160274791595,-0.0469312406494764,0.029229754316875134,0.19260063322410792
2018-03-16,13624.2998046875,13955.4501953125,13301.150390625,13419.25,13419.25,2953500.0,-0.008709395051609281,-0.027664547993865085,-0.065456546178293,0.005413201468494888,0.16819659738692394
2018-03-23,13444.0498046875,13455.25,13142.5,13239.2001953125,13239.2001953125,2805600.0,-0.013417277767945324,-0.041797244771651365,-0.07088766628678234,0.014754688704287311,0.15269818596128748
2018-03-30,13249.4501953125,13396.400390625,13143.349609375,13214.150390625,13214.150390625,2006500.0,-0.0018920935039844489,-0.05349542363548454,-0.0726847186020626,0.03456604436022581,0.13438840120054296
2018-04-06,13316.9501953125,13551.75,13218.099609375,13490.599609375,13490.599609375,1916600.0,0.020920695661684974,-0.0034387430077040815,-0.065680023347222,0.006381908753340548,0.1190828597099034
2018-04-13,13511.25,13712.599609375,13474.7001953125,13633.7998046875,13633.7998046875,3200700.0,0.010614813237284526,0.015988211314902134,-0.03498699884303591,-0.0032460696576305237,0.13441051733661658
2018-04-20,13570.5,13778.150390625,13406.75,13476.4501953125,13476.4501953125,2647800.0,-0.011541141254025278,0.01792026682125414,-0.06838269753523063,-0.03601586507574428,0.10518873617491464
2018-04-27,13523.900390625,14140.0,13501.5498046875,14030.4501953125,14030.4501953125,2682000.0,0.041108748370004555,0.06177467189011532,0.018522311255844803,-0.024782776443143084,0.1440774016304509
2018-05-04,13928.349609375,14006.849609375,13610.2001953125,13643.25,13643.25,1706100.0,-0.027597132659496704,0.011315315482265165,0.0002676318022187818,-0.06006501042623846,0.14404963800841997
2018-05-11,13669.0,14080.150390625,13644.400390625,14048.349609375,14048.349609375,3134100.0,0.029692310070914107,0.0304060357806466,0.017918912560079603,0.01338108723869813,0.16897639328351177
2018-05-18,14080.7998046875,14244.0498046875,13501.7998046875,13523.5498046875,13523.5498046875,3264000.0,-0.037356687388907295,0.0034949566608706295,-0.02121710585603176,-0.031416996210401504,0.14657851244596176
2018-05-25,13522.599609375,13562.7001953125,13023.4501953125,13315.7998046875,13315.7998046875,3742900.0,-0.015362090797195194,-0.0509356706788896,-0.046214468541830866,-0.07612254089255266,0.12290497778546405
2018-06-01,13438.099609375,13553.2998046875,13334.900390625,13498.25,13498.25,5800900.0,0.013701782693388953,-0.010627966210397077,-0.002873602604868797,-0.031765758927451926,0.14804957021049714
2018-06-08,13556.7998046875,13889.0498046875,13469.7998046875,13862.900390625,13862.900390625,2209400.0,0.027014641944326012,-0.013200783288183748,0.03306074412690729,-0.02194517409764629,0.18604429657937627
2018-06-15,13884.150390625,14033.2998046875,13808.9501953125,13939.099609375,13939.099609375,2466000.0,0.0054966288873814495,0.030727864406094207,0.052865687030724695,-0.018632430916131315,0.17895668360010997
2018-06-22,13933.5498046875,14100.4501953125,13791.9501953125,13948.400390625,13948.400390625,2902100.0,0.000667244048083715,0.04750751702611278,0.05556543389432944,-0.02860545288725269,0.18520661842804031
2018-06-29,13942.900390625,13942.900390625,12948.650390625,13333.349609375,13333.349609375,3579400.0,-0.044094717962311125,-0.012216427360954185,-0.011656264699363095,-0.06428036520160696,0.14938701772315577
2018-07-06,13333.25,13496.7001953125,13103.4501953125,13283.7998046875,13283.7998046875,2870400.0,-0.003716230815147936,-0.041773407412573293,-0.025671493275092994,-0.06779700625648566,0.10186423944487077
2018-07-13,13370.2998046875,14400.599609375,13355.7998046875,14288.7001953125,14288.7001953125,2859800.0,0.07564856482332694,0.025080571610405222,0.06027180661288112,-0.010405881173326414,0.14825860425125437
2018-07-20,14289.900390625,14625.349609375,14059.349609375,14542.2998046875,14542.2998046875,2393700.0,0.017748263026625466,0.04257831704212278,0.03648133896273742,0.02931747416599806,0.15037095221445784
2018-07-27,14570.650390625,14736.849609375,14405.7001953125,14693.7998046875,14693.7998046875,2797800.0,0.010417884518593601,0.10203364009565408,0.07700143328660691,0.01577180478593343,0.15960811260516206
2018-08-03,14721.7998046875,15338.2998046875,14705.400390625,15205.9501953125,15205.9501953125,2790200.0,0.034854863781498935,0.14469883759816415,0.08240118007634067,0.10385620719036348,0.15164744183996226
2018-08-10,15226.4501953125,15595.900390625,15156.0,15375.599609375,15375.599609375,1907600.0,0.011156778227170427,0.07606705992887064,0.13694997477996096,0.12727646336530163,0.2145887214591653
2018-08-17,15312.5498046875,15382.900390625,15121.150390625,15250.0498046875,15250.0498046875,1675000.0,-0.008165522508205014,0.048668368105838855,0.14525976872370028,0.1049920129632349,0.1767331174087361
2018-08-24,15301.2998046875,15902.150390625,15296.0,15875.0,15875.0,1993500.0,0.04098020683974446,0.08038766085105387,0.1760783805308095,0.14897188008652074,0.22739463893713174
2018-08-31,15914.099609375,16360.5,15674.5498046875,15763.0,15763.0,3276100.0,-0.00705511811023618,0.03663367284072927,0.1370636415060713,0.12907384857818216,0.19247281323877075
2018-09-07,15831.349609375,15967.849609375,15307.25,15937.400390625,15937.400390625,2596300.0,0.011063908559601598,0.036538463248448005,0.14335938742456555,0.1773083648137843,0.2117207990724932
2018-09-14,15888.900390625,15889.9501953125,15351.4501953125,15791.900390625,15791.900390625,2475500.0,-0.009129468823885989,0.035531069922863256,0.13216569272266177,0.17680946331762204,0.18317977003259167
2018-09-21,15736.75,15761.150390625,15197.4501953125,15575.2998046875,15575.2998046875,2824700.0,-0.013715929088945256,-0.018878752460629866,0.16814605939201743,0.17645322790738716,0.19381142906031457
2018-09-28,15544.7001953125,15867.849609375,15192.650390625,15697.2001953125,15697.2001953125,3101600.0,0.0078265196916667,-0.004174319906585011,0.18167997305811356,0.18790839602136966,0.22896969033412917
2018-10-05,15711.900390625,15715.5,13170.4501953125,13278.0,13278.0,5312400.0,-0.1541166682727868,-0.16686538114392624,-0.07073422925089201,-0.01575909266681208,-0.009477757004906717
2018-10-12,13317.7998046875,14270.099609375,13104.0,14243.0498046875,14243.0498046875,5551300.0,0.07268035884075164,-0.09807879657453944,-0.02057790060850906,0.04468673507957277,0.04129560916710173
2018-10-19,14291.7998046875,14750.650390625,13828.5498046875,14014.0498046875,14014.0498046875,3024700.0,-0.01607801721823887,-0.10023884095830571,-0.04626100865911831,0.03989178170687646,0.0024391796035463376
2018-10-26,14117.7998046875,14155.650390625,13334.7998046875,13523.7001953125,13523.7001953125,4913000.0,-0.03498985776481145,-0.13846418297251828,-0.11063103445640532,-0.03611787169661185,-0.06000554699989569
2018-11-02,13552.900390625,14048.25,13518.0498046875,14005.2998046875,14005.2998046875,3981900.0,0.03561152661029321,0.05477480077477792,-0.08912171489247056,0.02653691786689394,-0.03512203280769988
2018-11-09,14027.900390625,14226.25,13802.599609375,14074.599609375,14074.599609375,2479300.0,0.004948112903967017,-0.011826834675327857,-0.07707844960291177,0.0018685468919767967,0.015274637319645956
2018-11-16,14102.7001953125,14356.9501953125,13798.75,14312.599609375,14312.599609375,3522500.0,0.01690989488905026,0.021303606655346696,-0.09841892224409454,0.05834635255412013,0.025096289206635092
2018-11-23,14352.849609375,14551.4501953125,13947.25,13978.650390625,13978.650390625,2351600.0,-0.023332534121282777,0.033640955414716345,-0.11319860492133482,0.04977925439402897,-0.030132609826733936
2018-11-30,14094.7001953125,14493.5,13862.0498046875,14323.9501953125,14323.9501953125,5035200.0,0.02470194153500538,0.022752129198858606,-0.10123672341579582,0.061170906992573215,0.027462007780221454
2018-12-07,14376.349609375,14410.25,13800.4501953125,14013.650390625,14013.650390625,3491300.0,-0.021663004999071145,-0.004330440683328773,-0.11260519354945231,0.010874347773713211,-0.011309465779025585
2018-12-14,13763.4501953125,14090.7998046875,13322.0498046875,14072.0498046875,14072.0498046875,5143000.0,0.004167323462098693,-0.016806856284160676,-0.09651499610605163,0.009537932796109816,-0.009272212993927664
2018-12-21,14186.5498046875,14526.9501953125,14125.25,14159.75,14159.75,4465900.0,0.006232226045937317,0.01295544307313512,-0.09794423057505586,0.015152247100467031,-0.013886642677354177
2018-12-28,14168.0,14449.650390625,13774.4501953125,14369.7998046875,14369.7998046875,4171900.0,0.014834287659563294,0.003200905389213471,0.08222622418191738,0.07773366975870388,0.008456555876546368
2019-01-04,14411.7001953125,14431.599609375,13849.4501953125,14043.0498046875,14043.0498046875,2814100.0,-0.022738660554854295,0.002097912623977516,-0.014041936435143176,0.057156085695606595,-0.014515932060380377
2019-01-11,14130.400390625,14243.150390625,13848.400390625,13937.5498046875,13937.5498046875,2445000.0,-0.007512613105223331,-0.009557953664660612,-0.005458807487212725,-0.024575390751091386,-0.034725543328473885
2019-01-18,13929.150390625,14667.099609375,13804.150390625,14607.5,14607.5,2720300.0,0.04806800368076036,0.03162132099789905,0.08014077427294342,0.004483485843929769,0.03393240449033108
2019-01-25,14686.4501953125,15160.75,14633.75,14970.0498046875,14970.0498046875,2506000.0,0.02481942869673115,0.041771632740784215,0.06888463749109475,0.018800446696699336,0.03486876845782172
2019-02-01,15006.25,15025.599609375,14426.25,14975.75,14975.75,3940200.0,0.0003807733031533367,0.06641721052653171,0.06402671590208153,-0.015138823444487137,0.08714512296160759
2019-02-08,14934.349609375,15472.650390625,14891.5498046875,15013.650390625,15013.650390625,5480200.0,0.002530784142697362,0.07720873475017709,0.0489813730826929,-0.023540494546261947,0.10073981792732134
2019-02-15,14975.400390625,14977.150390625,14261.2998046875,14618.4501953125,14618.4501953125,4788200.0,-0.02632272532196933,0.0007496282945405053,0.0457697836921791,-0.0414162325673757,0.05922740676925686
2019-02-22,14665.5498046875,14844.5,14377.25,14777.0498046875,14777.0498046875,4430400.0,0.01084927658240109,-0.012892408677195322,0.031632308350477034,-0.06916221702755909,0.06950643755741415
2019-03-01,14806.2001953125,14930.599609375,14474.099609375,14857.849609375,14857.849609375,6635800.0,0.005467925313608291,-0.007872753660083776,0.06024120733843641,-0.057422469747192784,0.06423963966585489
2019-03-08,14834.0,15485.900390625,14793.150390625,15352.5498046875,15352.5498046875,4215500.0,0.033295544666191335,0.022572752478245972,0.09099598265872078,-0.036696736707545585,0.13410498972662177
2019-03-15,15412.849609375,16219.5,15386.849609375,16046.2001953125,16046.2001953125,5427200.0,0.04518144539177538,0.09766767208043836,0.13322623600787442,0.01610317937659156,0.19575983719749623
2019-03-22,16138.0,16632.900390625,16103.849609375,16152.2998046875,16152.2998046875,5531300.0,0.006612132971268503,0.09306661466105037,0.12404487357009253,0.03704583585776944,0.22003592108278713
2019-03-29,16048.4501953125,16624.05078125,15973.4501953125,16384.5,16384.5,4798100.0,0.014375673936235067,0.10275042692999903,0.16673373860220408,0.04378486584459451,0.23992080577683272
2019-04-05,16571.400390625,16660.94921875,16054.849609375,16171.4501953125,16171.4501953125,4336500.0,-0.01300313129405839,0.053339699336130586,0.16027927590785662,0.21791310403016273,0.19871989856362648
2019-04-12,16193.75,16253.849609375,15887.349609375,16169.75,16169.75,3712900.0,-0.00010513561195601984,0.0076996300173042265,0.10694848536710588,0.13527300836078004,0.18600465252838783
2019-04-19,16209.9501953125,16385.599609375,16084.7998046875,16336.25,16336.25,2172700.0,0.010297005210346377,0.011388483221387302,0.09126223447063664,0.16570514788207458,0.21220720317596853
2019-04-26,16135.650390625,16476.25,15849.2001953125,16431.5,16431.5,6046500.0,0.005830591476011948,0.002868564802099627,0.09720715156169146,0.2150151040537991,0.17113134441613842
2019-05-03,16473.0,16664.650390625,16272.400390625,16568.30078125,16568.30078125,2662800.0,0.008325519961658978,0.02454019776485672,0.10354912697286278,0.183002221466525,0.21439545425393502
2019-05-10,16498.599609375,16580.55078125,15450.7001953125,15493.849609375,15493.849609375,3694400.0,-0.06484981085633923,-0.04180029936300811,0.059883188872046356,0.10083768202220456,0.10289464885151789
2019-05-17,15464.150390625,15595.0,15101.599609375,15538.650390625,15538.650390625,3433200.0,0.0028915203373920395,-0.04882391058994562,0.05153942065593564,0.08566234050499921,0.14900677817883512
2019-05-24,15991.4501953125,16647.150390625,15944.150390625,16267.2998046875,16267.2998046875,4498500.0,0.04689270919578181,-0.009993013134071749,0.0948623274813043,0.163724633645421,0.2216539782282545
2019-05-31,16306.400390625,16701.44921875,16200.599609375,16560.349609375,16560.349609375,5593000.0,0.01801465567156124,-0.00047990267559594457,0.07867095824816861,0.15613007470483664,0.22685159997592286
2019-06-07,16696.25,16841.849609375,16156.650390625,16231.150390625,16231.150390625,4099300.0,-0.019878760202238555,0.04758667470244937,0.011526105436882705,0.1582385701218496,0.17083365913828286
2019-06-14,16268.650390625,16303.5,16039.2001953125,16117.400390625,16117.400390625,5049300.0,-0.007008129261478646,0.0372458344483495,-0.0021606467490389303,0.14534844705113104,0.15627270356723355
2019-06-21,16150.349609375,16150.599609375,15742.650390625,15951.400390625,15951.400390625,5686100.0,-0.010299427697816443,-0.019419290100713082,-0.02643349564374864,0.1265312163438621,0.14360069570029377
2019-06-28,15909.150390625,16260.599609375,15718.9501953125,16046.7998046875,16046.7998046875,6592000.0,0.005980629394681136,-0.031010806945571567,-0.007708052717568359,0.11670308722414857,0.2035085162249557
2019-07-05,16078.5,16247.099609375,15772.150390625,15818.400390625,15818.400390625,5573800.0,-0.014233331059304466,-0.025429497605936935,-0.021728821371697182,0.12642201022066413,0.19080388316625396
2019-07-12,15753.2998046875,15753.2998046875,15323.7001953125,15432.5498046875,15432.5498046875,5259200.0,-0.024392516083116766,-0.042491380082352315,-0.05531870504629277,0.10726419068990145,0.08005274053900635
2019-07-19,15448.2001953125,15717.4501953125,15146.2998046875,15223.099609375,15223.099609375,4530400.0,-0.013571975983442619,-0.045657482315975106,-0.07354169677905242,0.042142708155057385,0.046815140234425234
2019-07-26,15215.150390625,15574.099609375,14890.7998046875,14920.75,14920.75,7007100.0,-0.01986123832421094,-0.07017285803980455,-0.09943993672027607,-0.0032932291696226024,0.015445303347613404
2019-08-02,14938.900390625,14955.900390625,14331.9501953125,14433.9501953125,14433.9501953125,6018000.0,-0.03262569272238325,-0.08752150414229076,-0.06840775151329581,-0.036178475514581865,-0.05076959940576309
2019-08-09,14289.7998046875,14289.900390625,13739.849609375,14155.400390625,14155.400390625,5073100.0,-0.019298237898725756,-0.08275686326795961,-0.08901995766856063,-0.057164645350734844,-0.07935945587487891
2019-08-16,14438.7001953125,14698.5,14357.9501953125,14594.7001953125,14594.7001953125,3837900.0,0.03103407834217431,-0.04127933405070183,-0.10281974448476272,-0.0016246592273930771,-0.04297360453036425
2019-08-23,14611.0498046875,14675.25,13757.2001953125,14286.099609375,14286.099609375,4667400.0,-0.02114470196767837,-0.04253475131109363,-0.13733103790952106,-0.03322383031806275,-0.10008821358267717
2019-08-30,14438.5498046875,14702.7998046875,14060.7998046875,14382.25,14382.25,6481500.0,0.006730345808446003,-0.003581846591745208,-0.11391061915690903,-0.03200998945869704,-0.08759436655458985
2019-09-06,14289.7998046875,14615.400390625,13838.900390625,14591.400390625,14591.400390625,4424000.0,0.014542258035078026,0.03080096556567624,-0.09468028112570981,-0.0495780455849818,-0.08445542980722065
2019-09-13,14570.0,14755.7001953125,14353.849609375,14727.150390625,14727.150390625,3776900.0,0.00930342505625581,0.009075225495556172,-0.07674874744662041,-0.08220324990540928,-0.06742380420738336
2019-09-20,14448.900390625,15093.7998046875,14120.25,14859.0498046875,14859.0498046875,7112900.0,0.008956207451134901,0.040105431921846124,-0.07401787362319068,-0.08006599776117895,-0.045986273714258785
2019-09-27,15092.7998046875,15477.7001953125,14875.4501953125,15383.4501953125,15383.4501953125,7437800.0,0.035291650375892214,0.06961359977141957,-0.02749647148710932,-0.06109736669947208,-0.01998764085927196
2019-10-04,15397.150390625,15789.0,15236.400390625,15525.099609375,15525.099609375,4527500.0,0.009207909296294448,0.06398969213057182,0.005997052065847885,-0.03996862236417442,0.1692347951028017
2019-10-11,15468.2998046875,15640.7998046875,15228.5498046875,15510.5,15510.5,3381000.0,-0.0009403874849333027,0.053190847421077825,0.01887922946047116,-0.04077057468420975,0.08898727538643958
2019-10-18,15579.2001953125,16249.650390625,15542.2001953125,16183.7001953125,16183.7001953125,4335800.0,0.043402868721994725,0.08914771859820547,0.08464388152824087,-0.009338116439666422,0.15481965747683324
2019-10-25,16271.0,16376.849609375,15926.400390625,16071.650390625,16071.650390625,2873200.0,-0.006923620886152726,0.04473640090973885,0.11346167702895027,-0.021899985355871343,0.18840629106785833
2019-11-01,16211.599609375,16544.05078125,16152.25,16381.0498046875,16381.0498046875,3412100.0,0.01925125338981859,0.05513331423623358,0.15722970404542758,-0.01130176105774272,0.16963221302873133
2019-11-08,16431.25,16485.69921875,15888.0498046875,15911.0,15911.0,3499700.0,-0.028694730209109842,0.025821217884658854,0.09019025996232988,0.026923611700257588,0.130476208317982
2019-11-15,15921.75,16072.7998046875,15807.2998046875,15856.650390625,15856.650390625,3328300.0,-0.0034158512585632517,-0.020208592642010692,0.1099355894326366,0.020465097804881482,0.10788052648651059
2019-11-22,15906.75,16424.349609375,15853.400390625,16221.400390625,16221.400390625,4083900.0,0.02300296664266832,0.009317649174807485,0.12787640255349486,-0.0028215754681839567,0.1604410967674057
2019-11-29,16243.599609375,16402.0,16142.099609375,16232.150390625,16232.150390625,4012600.0,0.0006627048060667828,-0.009089735751849792,0.11244636951050868,-0.019818375003641364,0.13321745533134832
2019-12-06,16431.5,16431.5,15751.349609375,15811.75,15811.75,2991700.0,-0.025899241967829778,-0.006237822889824662,0.07364626425390708,-0.025839227690678257,0.12831057998834572
2019-12-13,15836.0,16093.900390625,15655.150390625,16068.0498046875,16068.0498046875,3885400.0,0.01620945212816416,0.013331908622232547,0.08136455667700937,-0.0030619445283623925,0.1418414536406145
2019-12-20,16117.25,16184.75,15899.2001953125,16081.150390625,16081.150390625,2846100.0,0.0008153189775201852,-0.008645985958219526,0.04535394768106671,0.008134082075718974,0.13569451371846264
2019-12-27,15903.099609375,16033.2998046875,15664.75,15944.9501953125,15944.9501953125,2803900.0,-0.008469555473587409,-0.017693293149771083,0.02704334249063156,-0.006347035584331806,0.10961533299240389
2020-01-03,15952.900390625,16169.5498046875,15871.400390625,16054.7998046875,16054.7998046875,3099900.0,0.006889304013460773,0.015371467717836484,0.03509234419828511,0.014944584042935638,0.14325591862021936
2020-01-10,15936.0498046875,16037.7001953125,15581.599609375,15940.150390625,15940.150390625,3443700.0,-0.0071411300955011026,-0.007959859199912822,-0.015049080355433286,0.03289155663591781,0.14368383352890213
2020-01-17,15951.75,16152.75,15941.099609375,16077.650390625,16077.650390625,3268100.0,0.008626016482307985,-0.0002176461207675784,0.00037332818062663087,0.056135136941739106,0.10064353179017638
2020-01-24,16196.349609375,16196.349609375,15498.7998046875,15674.650390625,15674.650390625,6520600.0,-0.025065851676622675,-0.01695206327875287,-0.0431229635758974,0.05052697690297059,0.04706735081915836
2020-01-31,15642.400390625,15671.75,14790.5498046875,14838.7998046875,14838.7998046875,6505200.0,-0.05332499067650154,-0.07574058940585271,-0.06738735436569043,0.028048427762102035,-0.009144797109493674
2020-02-07,14374.5498046875,15266.900390625,14271.849609375,15189.9501953125,15189.9501953125,4675600.0,0.023664339114142674,-0.04706355818033692,-0.04204546224382144,0.07308516722513003,0.011742634209571445
2020-02-14,15185.849609375,15380.75,14947.25,15048.650390625,15048.650390625,5670400.0,-0.009302190123776977,-0.06400188926859718,-0.07229647081997803,0.03110376980942009,0.029428577555399515
2020-02-21,15095.9501953125,15148.849609375,14568.599609375,14987.650390625,14987.650390625,4624400.0,-0.004053519645721981,-0.04382872873585075,-0.07666883130400093,0.04910723013506213,0.01425186953560198
2020-02-28,14911.900390625,14911.900390625,13564.7998046875,13651.0,13651.0,6128100.0,-0.08918345142752293,-0.08004689195363901,-0.13665470298986515,-0.05084392219576217,-0.08122639824093403
2020-03-06,13914.650390625,14048.5,13118.0498046875,13342.599609375,13342.599609375,5757700.0,-0.02259178013515495,-0.1216166321932759,-0.16961922750061487,-0.08558471070757245,-0.13091963360371672
2020-03-13,13071.849609375,13116.400390625,9767.7998046875,11721.25,11721.25,12314700.0,-0.12151677010796158,-0.22110955496035056,-0.2711186877007715,-0.2041060429815733,-0.269531112828564
2020-03-20,11296.599609375,11542.150390625,9802.650390625,10910.099609375,10910.099609375,14249000.0,-0.06920340327396823,-0.2720607083149317,-0.3157645852928187,-0.2657606137147981,-0.32454822277327844
2020-03-27,9904.150390625,10937.4501953125,9750.0,10626.2998046875,10626.2998046875,8157500.0,-0.026012576864434145,-0.2215735254056479,-0.33812318222834814,-0.309238196258116,-0.3514419234833227
2020-04-03,10338.099609375,11176.400390625,10210.849609375,10888.400390625,10888.400390625,5970200.0,0.024665273025882506,-0.1839371105032328,-0.31691984555999697,-0.29865825891062747,-0.32668992210846115
2020-04-10,11184.900390625,12037.25,11079.2998046875,11987.0,11987.0,4711900.0,0.10089632728062647,0.022672496534072772,-0.2544308584424929,-0.22716869217626767,-0.2586774687301906
2020-04-17,11972.349609375,12419.349609375,11631.900390625,12281.150390625,12281.150390625,4572800.0,0.02453911659506125,0.12566803515449676,-0.21649605671777217,-0.2411407624702444,-0.24822707839161373
2020-04-24,12361.099609375,12831.400390625,11864.4501953125,12500.7998046875,12500.7998046875,8016800.0,0.017885084627753844,0.1764019493571145,-0.1575599125787409,-0.22218319208962312,-0.23921736879241096
2020-05-01,12640.9501953125,13228.650390625,12433.4501953125,13154.7001953125,13154.7001953125,6099400.0,0.05230868431152724,0.208138911445505,-0.1339866144280093,-0.1969562175710966,-0.20603202651901398
2020-05-08,12825.5498046875,13119.099609375,12689.150390625,12896.7001953125,12896.7001953125,7615100.0,-0.019612761687410774,0.07589056438746145,-0.14299954743138432,-0.1894475397327321,-0.16762454002980764
2020-05-15,13007.5,13188.849609375,12440.7001953125,12615.4501953125,12615.4501953125,8302700.0,-0.02180790401735666,0.02722056110824056,-0.15827699028770692,-0.20440636045231908,-0.18812445880603423
2020-05-22,12672.5,12672.5,12189.25,12463.5498046875,12463.5498046875,7917800.0,-0.012040822029596776,-0.002979809338761852,-0.08698631567742288,-0.23166005988664906,-0.2338279890128988
2020-05-29,12534.0498046875,13117.150390625,12441.7998046875,13060.5,13060.5,7610000.0,0.047895680176765376,-0.007160953416944227,-0.02114277709246304,-0.1953931126991536,-0.21133911372219438
2020-06-05,13205.900390625,14002.5,13161.2998046875,13925.400390625,13925.400390625,9694400.0,0.06622260944259417,0.07976460487826165,0.1880473832249121,-0.11930049547804644,-0.14205709050245663
2020-06-12,14234.2001953125,14328.5,13269.400390625,13855.75,13855.75,8138600.0,-0.0050016795690766,0.09831593684610285,0.26999298779030534,-0.13768315580165247,-0.1403235221444603
2020-06-19,13755.650390625,14604.650390625,13589.599609375,14535.25,14535.25,7845300.0,0.04904101185428433,0.1662207178354067,0.36785619332781994,-0.09613120660361651,-0.08877906365244925
2020-06-26,14684.5,14957.2001953125,14462.400390625,14832.650390625,14832.650390625,11231200.0,0.020460631267092078,0.13568779071436765,0.3622432918058405,-0.06975875064285209,-0.07566302495453514
2020-07-03,14775.4501953125,14833.4501953125,14275.7001953125,14771.0498046875,14771.0498046875,7941800.0,-0.0041530397006076525,0.06072711666027342,0.23225576079815635,-0.07996051122513437,-0.06621090376231897
2020-07-10,14887.7001953125,15057.0,14514.5498046875,14698.5,14698.5,7015100.0,-0.004911621424800616,0.06082312397380152,0.19683413462800026,-0.07789452170760325,-0.04756503714405891
2020-07-17,14827.75,15025.099609375,14070.75,14942.25,14942.25,7786000.0,0.016583324829064106,0.02800089437746167,0.19530351925138545,-0.07061979599252022,-0.01844891096961887
2020-07-24,14985.2998046875,15964.7998046875,14887.5,15895.849609375,15895.849609375,9210700.0,0.06381901048202243,0.07167965203454107,0.20837794654106,0.014111907649455357,0.06535191658428707
2020-07-31,16030.75,16064.0,15238.4501953125,15309.150390625,15309.150390625,7458900.0,-0.03690895631045599,0.03642940705316278,0.1870594926436564,0.03169734696393167,0.06063483547260162
2020-08-07,15280.5,15566.5,15003.599609375,15498.0498046875,15498.0498046875,7091300.0,0.012338987418804015,0.0543966938590672,0.22849756169986568,0.020283121762313394,0.09485068433328991
2020-08-14,15601.2001953125,15705.2998046875,15282.099609375,15394.9501953125,15394.9501953125,7074500.0,-0.00665242470338534,0.03029665514313451,0.23519787191948405,0.02301201740345027,0.05483154770503762
2020-08-21,15444.0,16252.849609375,15315.5498046875,16085.349609375,16085.349609375,12509100.0,0.04484583615429405,0.011921350834134481,0.23160289494085218,0.07324024714618549,0.1259441029530044
2020-08-28,16171.900390625,16243.400390625,15914.849609375,15970.75,15970.75,7731500.0,-0.007124471159035806,0.043215958592982995,0.14687905209188745,0.1699326056699142,0.1104486432929479
2020-09-04,16208.099609375,16301.7001953125,15393.150390625,15434.7001953125,15434.7001953125,9325200.0,-0.03356447284488828,-0.004087585868761345,0.11395631382729188,0.15679857353041715,0.05779430226788396
2020-09-11,15507.0498046875,16046.2998046875,15095.2998046875,15942.2998046875,15942.2998046875,8416500.0,0.03288691085358164,0.03555384086540658,0.09680258713730416,0.36011942452276857,0.0825108308010516
2020-09-18,16010.7001953125,16092.400390625,15649.2998046875,15777.099609375,15777.099609375,6244300.0,-0.01036238167243142,-0.019163400702235434,0.06367366545273256,0.44610041835161685,0.06178388367726506
2020-09-25,15771.099609375,15784.0,14492.2998046875,14826.2998046875,14826.2998046875,7245100.0,-0.060264549773300535,-0.0716591390706448,0.0037404247315222516,0.395245765430718,-0.0362175184078517
2020-10-02,15004.7998046875,15378.9501953125,14959.7001953125,15049.7001953125,15049.7001953125,5223000.0,0.015067845218829978,-0.024943795158193227,0.023893607872401912,0.38217733141687305,-0.030621343889827624
2020-10-09,15134.75,15166.349609375,14714.25,14833.7998046875,14833.7998046875,5944100.0,-0.014345826682464202,-0.06953200062603693,-0.00725795615201863,0.2374905985390423,-0.04362852231149861
2020-10-16,14883.75,14969.900390625,14399.650390625,14562.5498046875,14562.5498046875,5881700.0,-0.01828594180664922,-0.07698181761911393,-0.08387722817289056,0.18576430883901884,-0.10017180070442455
2020-10-23,14656.849609375,14947.599609375,14478.7001953125,14901.7001953125,14901.7001953125,7366200.0,0.023289217559677056,0.005085583835365393,-0.026614814337575066,0.1920597424274182,-0.07279589630663952
2020-10-30,14905.7001953125,15024.0498046875,14534.349609375,14977.7998046875,14977.7998046875,8430900.0,0.005106773614928617,-0.0047775297641740044,-0.03356873971605423,0.13858921771737798,-0.08566300797147042
2020-11-06,14972.5498046875,15232.9501953125,14444.5,15180.75,15180.75,9073600.0,0.013550067296865809,0.02338916527664492,-0.013913666013529613,0.1771034272408436,-0.045895921060901235
2020-11-13,15379.2001953125,15926.150390625,15282.5498046875,15869.25,15869.25,8332200.0,0.04535349044019554,0.08973017863203392,-0.013434560927979566,0.2579218144665585,0.0007945946378717927
2020-11-20,16277.2998046875,16284.75,15770.5,15959.75,15959.75,8063400.0,0.005702853001874786,0.07100195218129013,-0.0006887591377987556,0.2805139988286154,-0.016129950825714
2020-11-27,16182.0498046875,16597.150390625,16066.5,16251.849609375,16251.849609375,13517400.0,0.01830226722693018,0.0850625473234572,0.05294235739743547,0.24435125832663385,0.0012135926710843403
2020-12-04,16326.599609375,17102.099609375,16207.4501953125,16923.55078125,16923.55078125,11443900.0,0.04133075237710315,0.11480333852082403,0.06155015202223102,0.21530083922351317,0.07031484694926249
2020-12-11,16953.5,17400.80078125,16785.0,17204.05078125,17204.05078125,11438000.0,0.016574535901223042,0.08411240488680938,0.09044445476068885,0.24165424327445284,0.07069936864591342
2020-12-18,17298.5,17484.099609375,17098.900390625,17231.94921875,17231.94921875,9848700.0,0.001621620271570201,0.07971297913501152,0.16225554897398786,0.1855282309385804,0.0715619716358038
2020-12-25,17223.05078125,17223.05078125,15989.7998046875,16860.69921875,16860.69921875,8438900.0,-0.021544283544896015,0.03746340410532589,0.12033455815960825,0.13672868804396754,0.0574319149461322
2021-01-01,16958.650390625,17110.150390625,16807.44921875,16922.5,16922.5,5296500.0,0.0036653747539292514,-6.208988075739885e-05,0.1408068210986957,0.1456531677680588,0.05404615478663022
2021-01-08,17096.150390625,17283.69921875,16926.25,17255.150390625,17255.150390625,9707900.0,0.0196572841261633,0.002970208006517261,0.18489897868509164,0.17393954421369529,0.08249608490352767
2021-01-15,17336.5,17811.94921875,17051.349609375,17341.05078125,17341.05078125,10457500.0,0.0049782464180474495,0.006331353529134498,0.1636961255404148,0.16053812386019506,0.07858115831164603
2021-01-22,17371.19921875,17835.650390625,16933.30078125,17564.150390625,17564.150390625,6537000.0,0.012865403151706811,0.041721352284887825,0.1726789394746795,0.10495197314059102,0.1205449533426346
2021-01-29,17327.94921875,17340.69921875,16104.599609375,16159.2001953125,16159.2001953125,8136600.0,-0.0799896473251791,-0.045105617059388425,0.06445335015150766,0.055525602858278233,0.08898296412139017
2021-02-05,16294.400390625,17644.44921875,16202.7998046875,17415.5,17415.5,12379000.0,0.07774517237876233,0.009292854929976224,0.09743686689667119,0.12372203080238853,0.1465146215801476
2021-02-12,17441.5,18041.25,17422.599609375,17753.05078125,17753.05078125,9816800.0,0.019382204429961858,0.023758652529030977,0.1123639644261345,0.15317364174750647,0.1797104936606
2021-02-19,17749.849609375,19035.55078125,17734.599609375,18681.5,18681.5,10914700.0,0.052298009519050614,0.06361535198260393,0.1494999307170206,0.16139844353223687,0.24645955257173324
2021-02-26,18669.80078125,19519.19921875,18252.599609375,18793.349609375,18793.349609375,13074500.0,0.005987185685035978,0.1630123633734435,0.11048501891202367,0.176735570300393,0.3767013119460112
2021-03-05,19096.44921875,19767.69921875,18962.150390625,19428.19921875,19428.19921875,12664900.0,0.0337805459149394,0.11556941912376906,0.1292805087464639,0.25873512105212915,0.4561029924857398
2021-03-12,19516.05078125,19907.94921875,19053.849609375,19318.30078125,19318.30078125,11338800.0,-0.005656645593480336,0.0881679447260495,0.12107461181639567,0.21176373659525938,0.6481433960755039
2021-03-19,19440.150390625,19497.0,18045.150390625,18985.400390625,18985.400390625,8576800.0,-0.017232384690278102,0.01626745125525253,0.12601500947909794,0.20335174782972,0.7401674659607076
2021-03-26,19151.30078125,19152.19921875,18075.5,18217.650390625,18217.650390625,9397600.0,-0.0404389680598527,-0.03063313516302668,0.07653422311271973,0.22873883778239046,0.7143926602361421
2021-04-02,18392.0,18588.900390625,18160.400390625,18516.19921875,18516.19921875,5415300.0,0.016387888763011782,-0.046942075780231685,0.07308245941514069,0.23033674946675697,0.7005435651220722
2021-04-09,18438.80078125,18537.349609375,17973.400390625,18077.150390625,18077.150390625,6702900.0,-0.023711606412206154,-0.06424738928537843,0.042448385548291334,0.2186459726194092,0.508062934063986
2021-04-16,17796.94921875,17982.75,17215.25,17841.05078125,17841.05078125,7152400.0,-0.013060665219527312,-0.060275242335161905,0.01576508880115246,0.22513234430327533,0.4527182074791001
2021-04-23,17456.0,17594.099609375,17159.30078125,17537.69921875,17537.69921875,5462800.0,-0.017003009868611918,-0.03732375785545372,0.0853073794974939,0.17689250145206148,0.40292617214570403
2021-04-30,17662.69921875,18387.349609375,17609.5,18031.099609375,18031.099609375,6615300.0,0.028133701260966593,-0.026198660083748493,0.03534779991243431,0.20385502840890757,0.3706963550412299
2021-05-07,17854.900390625,18366.0,17789.55078125,18295.599609375,18295.599609375,6098300.0,0.014669099818098497,0.012084272909699934,0.030560878510977663,0.20518417136011058,0.4186264185644024
2021-05-14,18428.25,19088.19921875,18379.30078125,18652.94921875,18652.94921875,6781600.0,0.01953199769369074,0.04550732170737737,-0.0015282916923159418,0.17541466791121185,0.478579751809479
2021-05-21,18803.75,19358.900390625,18684.55078125,19326.30078125,19326.30078125,6820000.0,0.03609893291421962,0.10198610092410298,0.028358498242864627,0.21094006994157177,0.5506257113026853
2021-05-28,19420.30078125,19713.599609375,19263.849609375,19566.80078125,19566.80078125,7324300.0,0.012444181777059304,0.08516957951230752,0.007134040625146332,0.2039737784653597,0.4981662862256422
2021-06-04,19967.05078125,20517.19921875,19895.599609375,20368.05078125,20368.05078125,6303500.0,0.040949463786016604,0.11327593607880648,0.054339665371546,0.2035329372968373,0.4626545887299862
2021-06-11,20497.099609375,21061.099609375,20416.30078125,20797.19921875,20797.19921875,14147600.0,0.021069686152543232,0.11495501193154989,0.09543116241149519,0.20885479142017105,0.5009796812695091
2021-06-18,20755.349609375,21066.099609375,19939.05078125,20164.19921875,20164.19921875,9690200.0,-0.0304367907111891,0.04335534497698146,0.10684960938358512,0.17016357016706118,0.3872619472489294
2021-06-25,19937.400390625,20715.849609375,19891.19921875,19961.05078125,19961.05078125,6357700.0,-0.010074708908405339,0.020148924926848055,0.07803175724297162,0.18388036713520406,0.3457507765346113
2021-07-02,20097.30078125,20101.30078125,19636.55078125,19684.099609375,19684.099609375,5607100.0,-0.013874578793975578,-0.03357960853596342,0.08889394534126249,0.16319099479243615,0.3326134479032339
2021-07-09,19712.400390625,19889.900390625,19420.25,19501.19921875,19501.19921875,3762300.0,-0.00929178343203918,-0.062316083351818485,0.09305216704190578,0.13016686480723538,0.326747574157227
2021-07-16,19548.05078125,19681.19921875,19397.55078125,19567.900390625,19567.900390625,737147200.0,0.0034203625698498996,-0.029572155167487235,0.11576211603084507,0.1284149177270606,0.30956853155481934
2021-07-23,19506.900390625,19686.30078125,19235.44921875,19503.80078125,19503.80078125,4149300.0,-0.003275753049402752,-0.02290711070328566,0.08167561622860164,0.11043234927322776,0.22697441536859508
2021-07-30,19491.5,19496.55078125,18803.30078125,18934.150390625,18934.150390625,4466400.0,-0.02920714772541333,-0.03809923916422464,0.034901877767525846,0.17172571425394345,0.2367864909224402
2021-08-06,19045.900390625,19636.44921875,18982.05078125,19411.80078125,19411.80078125,6885400.0,0.025226924935670914,-0.004584253332176935,0.04068265846867791,0.11462781896873464,0.2525318363203839
2021-08-13,19458.55078125,19692.099609375,19000.599609375,19677.05078125,19677.05078125,1246584800.0,0.01366436854514852,0.005578032821410561,0.018148843069869303,0.10837573911702236,0.27814968750216074
2021-08-20,19703.900390625,19888.19921875,19285.19921875,19348.69921875,19348.69921875,4121500.0,-0.01668703131126148,-0.007952376269609318,-0.011146511120458502,0.03571443506945382,0.2028771328335337
2021-08-27,19518.5,19966.650390625,19132.5,19942.44921875,19942.44921875,4391200.0,0.030686817407581612,0.05325292169561768,-0.020895547005008064,0.06114394896382791,0.24868582995476096
2021-09-03,20036.150390625,20958.75,19977.75,20934.0,20934.0,5437400.0,0.049720612065931036,0.07841617765932885,0.0065778463634018625,0.07750593682387019,0.35629456582238195
2021-09-10,21104.099609375,21242.900390625,20795.650390625,21148.349609375,21148.349609375,3353100.0,0.010239304928585158,0.07477232459688432,0.04880681746636739,0.09473135597418647,0.32655575848327545
2021-09-17,21200.650390625,21785.30078125,20893.55078125,21444.650390625,21444.650390625,7227800.0,0.014010586486552734,0.10832517205311154,0.07432472496731424,0.12953374431936537,0.3592264054593566
2021-09-24,21236.05078125,21993.650390625,21115.30078125,21716.44921875,21716.44921875,5624300.0,0.012674435030371134,0.08895597429086477,0.10324828921344453,0.19205543816591852,0.46472481366416885
2021-10-01,21841.0,23136.69921875,21758.150390625,23000.19921875,23000.19921875,11892200.0,0.05911417594417823,0.09870064100267517,0.1794248630943569,0.24216632944083805,0.5282828840612934
2021-10-08,23222.05078125,24405.150390625,23054.099609375,23902.30078125,23902.30078125,12002600.0,0.039221467341230554,0.13022061875949809,0.22150564465779965,0.3222383099521031,0.6113403912662245
2021-10-15,24132.25,24826.44921875,23987.75,24766.349609375,24766.349609375,9874500.0,0.036149190658783636,0.1548964034499789,0.2698217074276188,0.38816653307231896,0.7006877189462402
2021-10-22,25010.75,25343.5,24094.650390625,24280.5,24280.5,13725900.0,-0.01961732823116924,0.11806952211304389,0.28236543489282595,0.3844746507022483,0.6293778348619381
2021-10-29,24524.25,24540.650390625,22974.349609375,23236.099609375,23236.099609375,8953500.0,-0.04301395731657087,0.01025644988469021,0.19700896744308838,0.28866791891570154,0.5513693541359097
2021-11-05,23415.80078125,23723.650390625,23176.099609375,23584.05078125,23584.05078125,4659200.0,0.014974594605998925,-0.013314617823303787,0.1985561781302576,0.28905590878612686,0.5535497772672628
2021-11-12,23827.25,24245.349609375,23564.80078125,24209.30078125,24209.30078125,6504500.0,0.026511560961236302,-0.02249216525289366,0.25121076655064223,0.297880592357735,0.5255478854545741
2021-11-19,24359.05078125,24453.44921875,23554.599609375,23794.349609375,23794.349609375,4936000.0,-0.017140155166991744,-0.02002225615720432,0.19315081855660043,0.23119006987927104,0.49089738933097316
2021-11-26,23713.80078125,24298.650390625,22849.599609375,23349.400390625,23349.400390625,7565000.0,-0.01869978486718915,0.0048760671177483506,0.11538169440264645,0.1933172239888954,0.43672264707370445
2021-12-03,23207.75,23665.30078125,22709.94921875,23258.349609375,23258.349609375,9893600.0,-0.003899491195780702,-0.013810230265190127,0.09977137880606257,0.14190355567974589,0.3743185404769471
2021-12-10,23319.25,23510.650390625,22863.75,23429.94921875,23429.94921875,4323700.0,0.007377978758468462,-0.032192237584309114,0.09257781273939147,0.12659156515779335,0.36188561151454834
2021-12-17,23640.0,23804.0,22663.30078125,22755.75,22755.75,5569800.0,-0.02877510371257941,-0.04364900181872555,0.047857767666394935,0.12852237538102695,0.32055577178927486
2021-12-24,22498.349609375,22956.599609375,21841.94921875,22588.849609375,22588.849609375,4525100.0,-0.0073344271502806535,-0.03257260437211773,-0.017884610714139493,0.13164631746708277,0.3397338577901319
2021-12-31,22591.349609375,22881.900390625,22406.849609375,22631.94921875,22631.94921875,3950300.0,0.0019080037328289556,-0.026932280284088117,-0.05314766867533183,0.14975790957545354,0.3373880466095436
2022-01-07,22657.849609375,23641.75,22630.30078125,23577.69921875,23577.69921875,4552300.0,0.04178826979765704,0.0063060315931782185,-0.047994573660344764,0.20903842652304827,0.3664151679350267
2022-01-14,23647.25,24902.5,23517.80078125,24867.849609375,24867.849609375,4713000.0,0.05471909615332682,0.09281608425892363,0.024190177688886205,0.27084915156708433,0.4340451408090764
2022-01-21,24891.349609375,25418.900390625,24774.5,25055.849609375,25055.849609375,5513500.0,0.00755996207766696,0.10921317564468302,0.07831563948304776,0.28466496814623277,0.42653353860763743
2022-01-28,25098.94921875,25285.849609375,23857.900390625,24677.0,24677.0,5385900.0,-0.015120206070890818,0.09036123055435841,0.04634272665402017,0.3033064326043644,0.5271176606351076
2022-02-04,24993.25,25261.099609375,24621.44921875,24699.150390625,24699.150390625,5663900.0,0.0008976127821453961,0.047564063035598236,0.020233942888362444,0.2723781100454157,0.4182280377034826
2022-02-11,24817.349609375,25003.599609375,24340.25,24549.69921875,24549.69921875,5910500.0,-0.006050862864162565,-0.012793643021914547,0.03174491514898947,0.247631034328736,0.3828439698194479
2022-02-18,24211.19921875,24937.099609375,23608.25,24540.69921875,24540.69921875,5177000.0,-0.0003666032695474053,-0.020560084716993554,0.051020531927805646,0.2683384521771186,0.31363644347348973
2022-02-25,24470.75,24489.80078125,22831.099609375,23590.599609375,23590.599609375,5702900.0,-0.038715262385396465,-0.04402481625096244,0.014285192439710936,0.18293391902911238,0.25526317020180955
2022-03-04,23403.80078125,25027.599609375,23342.80078125,24491.349609375,24491.349609375,6106600.0,0.03818258182984202,-0.008413276487796661,0.04530101114242302,0.1699316714137289,0.260608321626566
2022-03-11,24156.400390625,25043.05078125,23804.30078125,25004.30078125,25004.30078125,9124500.0,0.020944177436373224,0.0185176021282083,0.09881242240972066,0.18232870380418098,0.2943323051227533
2022-03-18,24960.44921875,25383.80078125,24205.0,25304.80078125,25304.80078125,4918900.0,0.012017932540042686,0.031136095825509358,0.12023415175369556,0.18000528431615503,0.3328557871102642
2022-03-25,25274.349609375,25917.900390625,24893.5,25833.55078125,25833.55078125,5170300.0,0.02089524452576552,0.09507817558751852,0.14146380108733858,0.1895844721680049,0.4180506392056038
2022-04-01,25965.400390625,26540.849609375,25689.05078125,26454.5,26454.5,7741200.0,0.024036541627900698,0.08015688893982098,0.12201363477239724,0.15018568962802803,0.4287219362606265
2022-04-08,26493.099609375,27813.349609375,26432.05078125,27512.69921875,27512.69921875,10367400.0,0.04000072648320696,0.10031867955215823,0.10635618482982578,0.15104815517726866,0.5219599673750779
2022-04-15,27672.80078125,28706.349609375,27624.5,28193.69921875,28193.69921875,3714900.0,0.024752206048030967,0.11416404588494422,0.12523421309971972,0.1383873547548411,0.5802712275433959
2022-04-22,28109.30078125,29172.30078125,27850.25,28877.650390625,28877.650390625,8070100.0,0.024259007892803996,0.11783512205315616,0.17022532684787461,0.18933507920450565,0.646604268349589
2022-04-29,28562.30078125,29304.05078125,28015.599609375,28594.150390625,28594.150390625,5420500.0,-0.009817280705498033,0.08088039428547122,0.157697732043383,0.2305916600171658,0.5858239935493397
2022-05-06,28342.69921875,28743.30078125,27783.80078125,28339.0,28339.0,4540900.0,-0.008923167401002963,0.03003343200462405,0.15435222841165785,0.20161715486681042,0.5489516935798364
2022-05-13,27968.849609375,28097.19921875,25155.44921875,25347.650390625,25347.650390625,6487100.0,-0.10555593384999473,-0.100946271932711,0.03288215892636259,0.047021168420388504,0.35890845428054163
2022-05-20,25482.25,26686.94921875,25218.19921875,26433.5,26433.5,5154200.0,0.042838274658254294,-0.08463813217360938,0.12050988265237739,0.11091500435822677,0.367747521845736
2022-05-27,26619.55078125,26767.599609375,25120.849609375,25511.849609375,25511.849609375,5301400.0,-0.03486675584485599,-0.10779480205365977,0.04166777316385062,0.09261262313263696,0.3038334623318635
2022-06-03,25753.5,26288.80078125,25312.30078125,25882.400390625,25882.400390625,7282200.0,0.014524653716750935,-0.08668617838932213,0.03511794299136972,0.11282188226254442,0.27073526419382676
2022-06-10,25964.400390625,26329.55078125,25684.05078125,25808.5,25808.5,5231200.0,-0.0028552371306244106,0.018181156922751684,0.01990528291861615,0.10151753890044901,0.24096036819861744
2022-06-17,25359.94921875,25524.599609375,24062.0,24155.150390625,24155.150390625,5085000.0,-0.06406221242516996,-0.08619174946091135,-0.06496979082887755,0.06149656199531983,0.197922621601752
2022-06-24,24170.900390625,24455.55078125,23376.849609375,24021.30078125,24021.30078125,5929700.0,-0.0055412451262133455,-0.05842574532805567,-0.09197676080629003,0.06341408246307911,0.20340863036198042
2022-07-01,24356.94921875,25309.30078125,23901.75,24122.849609375,24122.849609375,9051200.0,0.004227449173121567,-0.06798251919042775,-0.12321036123801354,0.06587591621979372,0.22549926529969122
2022-07-08,24030.099609375,24457.55078125,23825.55078125,24347.650390625,24347.650390625,6832400.0,0.009318997750690006,-0.056603429466067334,-0.13641518973030742,0.03265590780217864,0.2485206739088761
2022-07-15,24313.30078125,25363.5,24300.650390625,24964.5,24964.5,5269700.0,0.02533507749119468,0.0335062956051444,-0.1355079217904579,0.0038865600421100766,0.2757883830991146
2022-07-22,25174.849609375,25970.30078125,25128.099609375,25621.650390625,25621.650390625,4386300.0,0.026323394845680914,0.06662210443758165,-0.10395482850137683,0.022581584343414063,0.3136747384774563
2022-07-29,25549.400390625,26052.599609375,25170.0,26018.400390625,26018.400390625,4378900.0,0.015484950967294964,0.07857905728157921,-0.08188713819736049,0.054358325186408374,0.37415198748541023
2022-08-05,26101.30078125,27283.599609375,26045.150390625,26418.650390625,26418.650390625,6983200.0,0.01538334386399165,0.08505954236953528,0.04225243695155734,0.06961777926793244,0.3609582484559066
2022-08-12,26407.599609375,27197.94921875,26334.400390625,27163.94921875,27163.94921875,4317800.0,0.028211086376671135,0.0881030751166656,0.02763346581988757,0.10648806637937747,0.3804888507293058
2022-08-19,27288.0,27874.349609375,27165.69921875,27468.05078125,27468.05078125,3410400.0,0.01119504237219271,0.07206406935052878,0.0766781398380516,0.11928558092034303,0.4196329412486748
2022-08-26,27497.69921875,27867.44921875,26819.150390625,27724.650390625,27724.650390625,5041000.0,0.00934174803368859,0.06557858955136986,0.07117771042083443,0.17524144573277867,0.39023296920611594
2022-09-02,27086.599609375,28210.75,27068.400390625,27358.849609375,27358.849609375,3877100.0,-0.013194062904169024,0.03558846515050007,0.060071279205494266,0.1170821553624124,0.3069097931295979
2022-09-09,27417.400390625,27993.349609375,27361.55078125,27692.94921875,27692.94921875,5160400.0,0.012211756493610615,0.01947434063213671,0.14646146974510565,0.10752743942018728,0.30946148187723344
2022-09-16,27752.25,28257.150390625,27447.55078125,27728.80078125,27728.80078125,5705300.0,0.0012946097657133837,0.009492846874230798,0.15434218295513435,0.09579209972662972,0.2930404681893184
2022-09-23,27862.25,27975.150390625,26431.150390625,26500.099609375,26500.099609375,5035600.0,-0.04431137075014935,-0.04416830380173442,0.09854764418363393,0.025801672939547382,0.22027774165284786
2022-09-30,26208.80078125,26251.099609375,24922.05078125,25581.30078125,25581.30078125,7554800.0,-0.034671523566649376,-0.06497162174230786,0.05066814952706955,-0.03300758731973763,0.11222083504371816
2022-10-07,25770.55078125,26060.400390625,24916.30078125,25884.0,25884.0,3671000.0,0.01183283138486324,-0.06532165297602965,0.03683230186865338,-0.05919808906426871,0.0829083039698224
2022-10-14,25606.650390625,25802.25,24994.30078125,25066.94921875,25066.94921875,3940600.0,-0.0315658623570545,-0.09599591354487724,-0.021649704972868,-0.11090243872363437,0.012137420900382168
2022-10-21,25015.80078125,26213.099609375,24851.75,25907.55078125,25907.55078125,3727700.0,0.03353425880287153,-0.02236024908809675,-0.004260431375902041,-0.10285115198774031,0.06701059620889183
2022-10-28,26044.150390625,26536.80078125,25729.349609375,26493.25,26493.25,2832700.0,0.022607278615232484,0.035649055790721196,0.002823747930797982,-0.07347308319794699,0.14017629659802489
2022-11-04,26558.25,26988.150390625,26453.099609375,26896.05078125,26896.05078125,4284600.0,0.015203902173195116,0.03909947385450474,-0.009862278689399151,-0.05091743599809451,0.14043389028966713
2022-11-11,26973.75,27233.349609375,26646.55078125,26955.650390625,26955.650390625,3198100.0,0.00221592418380423,0.07534627191338705,-0.018654413984656282,0.0634378325099012,0.11344192193696223
2022-11-18,27001.150390625,27032.900390625,26295.849609375,26489.30078125,26489.30078125,3410600.0,-0.017300625383433244,0.022454843567112803,-0.04455780657175501,0.0021109872415685516,0.11326013175889393
2022-11-25,26409.30078125,26486.599609375,25979.69921875,26452.599609375,26452.599609375,3820500.0,-0.0013855092732752983,-0.0015343678342596423,-0.03312456528469887,0.0368750213882687,0.13290273697974553
2022-12-02,26424.650390625,27545.150390625,26052.05078125,27028.05078125,27028.05078125,4748700.0,0.02175404989954388,0.00490778371418088,-0.024009665140678482,0.04426368394486202,0.16207947834594005
2022-12-09,27043.75,27073.650390625,26248.150390625,26370.44921875,26370.44921875,3823100.0,-0.0243303362059758,-0.021709777482443182,-0.04898702880142247,0.02177380393087547,0.12550176581888794
2022-12-16,26242.75,26739.69921875,26118.150390625,26302.0,26302.0,4328700.0,-0.0025956789049058626,-0.007070808806798667,-0.007475428858573774,0.08887750954381257,0.15583973281478314
2022-12-23,26400.349609375,26747.349609375,24783.650390625,24879.94921875,24879.94921875,3379800.0,-0.054066260407953814,-0.05945163854775315,-0.027416571522198008,0.035745293117940724,0.10142613054646787
2022-12-30,25539.849609375,26180.05078125,25425.849609375,25869.849609375,25869.849609375,3030600.0,0.03978707439961293,-0.042851820179295785,-0.0005466848487483134,0.07242096304082812,0.14306767655445607
2023-01-06,25948.19921875,26127.5,25453.44921875,25728.849609375,25728.849609375,618414400.0,-0.005450360250602415,-0.02433024951728191,0.02640530304860156,0.05672823441237784,0.09123665420730753
2023-01-13,25886.150390625,26227.349609375,25578.900390625,25862.55078125,25862.55078125,4208800.0,0.0051965468299166595,-0.016707825212911587,-0.001736945355427677,0.03597311307056028,0.0399994847765206
2023-01-20,25943.05078125,26369.349609375,25788.400390625,26135.05078125,26135.05078125,3348800.0,0.010536470370028583,0.05044630724383192,-0.013520395525275286,0.02003775645978112,0.043071825090744476
2023-01-27,26232.30078125,26294.75,23948.849609375,24169.94921875,24169.94921875,2949300.0,-0.07519027144610779,-0.06570971290103567,-0.10135694584576127,-0.07104399748345169,-0.02054750501479108
2023-02-03,23711.44921875,24181.5,22350.349609375,22638.400390625,22638.400390625,5966400.0,-0.06336582730330653,-0.12011610568176789,-0.16016122547358425,-0.1430902012065488,-0.0834340439816178
2023-02-10,22328.69921875,22646.75,22242.099609375,22325.849609375,22325.849609375,3265400.0,-0.013806221988168055,-0.1367498976334175,-0.1571748233846183,-0.17810737203246896,-0.09058561530874154
2023-02-17,22248.05078125,22631.400390625,22106.05078125,22469.19921875,22469.19921875,3369600.0,0.006420790782125652,-0.14026571416229972,-0.15058634876903565,-0.18198785207985246,-0.08441079781530014
2023-02-24,22461.55078125,22506.80078125,21750.849609375,21946.650390625,21946.650390625,4020900.0,-0.02325622836122021,-0.09198607775312417,-0.18800469304098277,-0.2084065955238812,-0.06968662289095395
2023-03-03,21890.05078125,22339.19921875,21631.099609375,22268.75,22268.75,4695200.0,0.014676481542376552,-0.016328467747132813,-0.1555414996811506,-0.1860494751077102,-0.09075039329495405
2023-03-10,22446.099609375,22989.25,22436.099609375,22696.75,22696.75,3417200.0,0.019219758630367734,0.016613047078362975,-0.1370713253744963,-0.18041412560592263,-0.09228615514737226
2023-03-17,22836.650390625,22918.900390625,22295.30078125,22659.0,22659.0,5502400.0,-0.0016632337228897898,0.008447153786042216,-0.08926662989634448,-0.18283519800388048,-0.10455726579797653
2023-03-24,22529.900390625,22947.75,22405.55078125,22613.400390625,22613.400390625,3345600.0,-0.0020124281466525895,0.03038049033144552,-0.12587816581546307,-0.14666734374745494,-0.12464993364219157
2023-03-31,22718.05078125,22948.849609375,22205.44921875,22814.44921875,22814.44921875,3582200.0,0.008890694219006123,0.024505157170923386,-0.1132736377596556,-0.1081591427331946,-0.13759665770473828
2023-04-07,22937.650390625,22952.900390625,22622.400390625,22816.05078125,22816.05078125,2144900.0,7.01994812428719e-05,0.005256293577274196,-0.11779580543960388,-0.11852685901522175,-0.1707083845229994
2023-04-14,22930.0,23435.400390625,22904.599609375,23215.650390625,23215.650390625,2260800.0,0.017513969144186348,0.024566414697250627,-0.11170440857606667,-0.0738541739550912,-0.17656600467718642
2023-04-21,23494.599609375,23494.599609375,23076.55078125,23185.44921875,23185.44921875,2872700.0,-0.0013008970830813427,0.025296895568264866,-0.0407323983633473,-0.10506981479970923,-0.19711441529616092
2023-04-28,23248.55078125,23764.19921875,23133.0,23734.55078125,23734.55078125,2792100.0,0.02368302452625959,0.04032977319232489,0.048419957758099264,-0.10412838057807172,-0.1699508306065386
2023-05-05,23876.30078125,24104.05078125,23855.400390625,23946.75,23946.75,2384700.0,0.008940519696611915,0.04955718365069539,0.07260195777473832,-0.10965553289726981,-0.1549895903172307
2023-05-12,23896.349609375,24458.349609375,23863.5,24040.19921875,24040.19921875,2790900.0,0.003902375844321293,0.0355169385415095,0.06991793453364537,-0.10815732989655391,-0.051580763965348386
2023-05-19,24092.400390625,24193.44921875,23458.349609375,23723.349609375,23723.349609375,3468800.0,-0.013179991001400437,0.02319991239117347,0.08095537073434023,-0.10441767393999435,-0.1025271110759075
2023-05-26,23782.650390625,24270.44921875,23775.900390625,24238.900390625,24238.900390625,3122500.0,0.02173178702581957,0.021249595748550343,0.08847153031153532,-0.08368550733915192,-0.049896390823902514
2023-06-02,24258.400390625,24384.44921875,23734.150390625,23785.69921875,23785.69921875,6276400.0,-0.018697266153636538,-0.006725371135957947,0.047978200348067546,-0.1199624637655815,-0.08100876040208604
2023-06-09,23902.400390625,24415.599609375,23745.25,24169.5,24169.5,4235700.0,0.01613577880222472,0.005378523699967941,0.06666225340924137,-0.08346271239039316,-0.06350620919464522
2023-06-16,24192.0,24794.849609375,24091.80078125,24733.150390625,24733.150390625,3508900.0,0.02332073028506998,0.042565691518154924,0.09373866660401942,-0.05964754046745491,0.023928644229196383
2023-06-23,24788.849609375,24879.349609375,24301.19921875,24332.19921875,24332.19921875,3028800.0,-0.0162110837294297,0.0038491361663042234,0.06652582253673867,-0.02201572017627773,0.012942614570759403
2023-06-30,24299.30078125,24796.69921875,24172.69921875,24696.5,24696.5,4226300.0,0.01497196278786328,0.03829194899311705,0.08241782229444072,-0.04535587284395304,0.023780374205958577
2023-07-07,24773.5,25720.099609375,24712.599609375,25331.400390625,25331.400390625,4246100.0,0.025708112105966352,0.048073000708537705,0.091134642553645,-0.015447609387291839,0.04040430941865303
2023-07-14,25561.80078125,25937.0,25164.25,25332.5,25332.5,4578500.0,4.3408945342271466e-05,0.024232643230204243,0.09260337209743108,-0.02049491505046286,0.014740932123615602
2023-07-21,25408.0,26017.69921875,25351.05078125,25843.099609375,25843.099609375,3890400.0,0.02015591076186718,0.06209469095011877,0.08883879233942471,-0.011170866830090609,0.008643050520704465
2023-07-28,25699.69921875,26527.650390625,25623.75,26433.69921875,26433.69921875,4968300.0,0.02285328069395942,0.0703419196546069,0.10385330864313524,0.0936596920213586,0.01596173561364056
2023-08-04,26601.0,26892.25,26091.650390625,26252.05078125,26252.05078125,6073800.0,-0.006871850814249791,0.036344235866475394,0.09200637408923296,0.15962481130607986,-0.006306136267813289
2023-08-11,26385.69921875,26506.55078125,26058.94921875,26367.75,26367.75,4219800.0,0.0044072449697010185,0.04086647587091674,0.11146825529140214,0.1810412800114778,-0.029310878633229898
2023-08-18,26356.44921875,26571.75,26083.69921875,26302.19921875,26302.19921875,2076300.0,-0.0024860210389585635,0.01776488177944624,0.08512345011009792,0.17058907897356024,-0.04244391317697083
2023-08-25,26324.94921875,26648.25,25927.5,25981.599609375,25981.599609375,7754900.0,-0.01218907995900409,-0.01710315327543399,0.09232019502264599,0.18385262201441077,-0.06287007254163268
2023-09-01,26087.05078125,26356.75,25648.349609375,26332.900390625,26332.900390625,7316800.0,0.013521137517769954,0.0030797445140073876,0.08950952194397899,0.18250464847039005,-0.03749972068995333
2023-09-08,26511.25,27527.69921875,26332.900390625,27438.05078125,27438.05078125,1115888100.0,0.041968426349968446,0.040591282200794554,0.10936335840379963,0.20889778409904491,-0.00920445256612168
2023-09-15,27660.19921875,27938.599609375,26975.650390625,27338.150390625,27338.150390625,5973700.0,-0.003640943426391874,0.03938648488132901,0.12353799773095164,0.20650295205547464,-0.014088254075854456
2023-09-22,27364.05078125,27592.05078125,27032.400390625,27102.400390625,27102.400390625,4317300.0,-0.008623480251277127,0.043138251612713674,0.09741867838053975,0.1985106141693329,0.02272824593598588
2023-09-29,27163.25,27478.349609375,26958.0,27321.75,27321.75,4639900.0,0.008093364654552015,0.03755186837402258,0.07857242705427447,0.197563427371531,0.06803599369840008
2023-10-06,27238.0,27252.400390625,26562.19921875,26731.650390625,26731.650390625,3067500.0,-0.02159816297912831,-0.025745283302257227,0.05523143750616799,0.17161601045316743,0.032748044762208384
2023-10-13,26597.69921875,27266.80078125,26340.599609375,27201.349609375,27201.349609375,3700000.0,0.01757090235306702,-0.005004024752783276,0.0525575500048483,0.1716815661713924,0.08514799196339684
2023-10-20,27210.80078125,27585.150390625,26895.900390625,26955.69921875,26955.69921875,3420500.0,-0.009030816270246267,-0.005412847930832965,0.01974751984881995,0.16261276477451259,0.04045725689587654
2023-10-27,26918.75,26949.5,25833.44921875,26522.650390625,26522.650390625,2762700.0,-0.01606520478696305,-0.029247746186646162,0.010307751254552189,0.11747008127819991,0.0011097313702546074
2023-11-03,26604.900390625,27161.75,26486.0,27085.80078125,27085.80078125,4463700.0,0.021232809780732165,0.013248354869596968,0.027232159787998533,0.1310846265672796,0.007054939089135015
2023-11-10,27226.94921875,27753.75,27203.30078125,27738.0,27738.0,5753600.0,0.024079008186513873,0.019728814868805067,0.05458862087191796,0.15381739342517275,0.02902358496410451
2023-11-17,27919.75,28577.349609375,27848.55078125,28312.650390625,28312.650390625,5406900.0,0.020717080922380893,0.05034004723317009,0.08971929428120662,0.1934507924393778,0.06883343673101505
2023-11-24,28340.400390625,28714.150390625,28211.150390625,28558.75,28558.75,3589100.0,0.008692213762385492,0.07676833119569015,0.08452732423532971,0.17821970220422245,0.07961978866827768
2023-12-01,28736.44921875,29800.69921875,28670.69921875,29559.75,29559.75,6767200.0,0.03505055368319687,0.09133749593486562,0.07732689306777862,0.24275303946912685,0.0936693230022454
2023-12-08,30407.44921875,32409.5,30084.099609375,31896.25,31896.25,11627500.0,0.07904329366790996,0.1499116735164756,0.16673035828122806,0.31969010529799946,0.20954518959506485
2023-12-15,31971.900390625,32675.650390625,31481.650390625,32580.650390625,32580.650390625,7266400.0,0.0214570800838656,0.15074533613473484,0.20213154263247413,0.31728671342145565,0.2387138008754086
2023-12-22,32640.05078125,33574.1015625,31787.05078125,32810.1484375,32810.1484375,6866400.0,0.007043998327947332,0.14886500415809523,0.2008801938931437,0.34842511120889674,0.3187385612818554
2023-12-29,32955.05078125,33784.80078125,32918.3984375,33468.05078125,33468.05078125,5470800.0,0.02005179418810732,0.13221697684351197,0.25200091622429377,0.3551738416880934,0.293708749243037
2024-01-05,33632.1015625,34503.80078125,33238.1484375,34216.1484375,34216.1484375,5454600.0,0.022352591166412195,0.07273263902496385,0.2578842200427929,0.3507405003224058,0.32987478868983033
2024-01-12,34374.6015625,35016.44921875,33791.6484375,34969.94921875,34969.94921875,5646800.0,0.02203055620438721,0.07333490275603927,0.29731189441472194,0.38043814146846944,0.35214617902665424
2024-01-19,35190.8515625,35495.55078125,34066.5,34985.30078125,34985.30078125,7315200.0,0.0004389929880643795,0.06629510829228469,0.3190725763069404,0.35375792029832676,0.3386352708504936
2024-01-26,35845.0,35846.44921875,34104.5,35203.8515625,35203.8515625,5179900.0,0.006246931607549078,0.05186441220002136,0.2997161075950052,0.3317792288991901,0.4565132613183307
2024-02-02,35542.25,38226.6015625,35468.3984375,38077.69921875,38077.69921875,10453000.0,0.08163446693177434,0.11285755286874544,0.37276296844581447,0.45046570022431287,0.6819960139285597
2024-02-09,38395.44921875,39612.94921875,37968.5,39037.6484375,39037.6484375,12010900.0,0.025210273688944573,0.11631984917407312,0.37880586589047516,0.4805073788055485,0.7485403297309428
2024-02-16,38937.3984375,40194.8984375,37820.3984375,39682.3984375,39682.3984375,9604200.0,0.016516107547621894,0.13425917603564974,0.3895005361754278,0.5087102834051869,0.7660797810892168
2024-02-23,39859.1015625,40113.30078125,38723.30078125,39561.44921875,39561.44921875,5520700.0,-0.003047931161229922,0.12378184382790147,0.33835533855157784,0.5226718067225911,0.8026190108559597
2024-03-01,39590.69921875,39901.69921875,38567.6484375,39707.1015625,39707.1015625,6270200.0,0.0036816736147513573,0.04279151254358515,0.24488306815064464,0.5078894072996405,0.7830862335110862
2024-03-08,39927.05078125,40749.19921875,39747.3984375,40301.80078125,40301.80078125,5773700.0,0.0149771500650564,0.03238290200225391,0.23698576603144605,0.4688288575072739,0.7756639510612753
2024-03-15,40251.3984375,40415.05078125,36854.94921875,37583.1015625,37583.1015625,9121300.0,-0.06745850473299064,-0.05290246954972755,0.14547185405430252,0.3747492432914654,0.658639020367183
2024-03-22,37497.25,38618.05078125,37053.8515625,38411.55078125,38411.55078125,5975000.0,0.02204313067063679,-0.029066135346604294,0.1477080345165942,0.41727486228625543,0.6986189656454564
2024-03-29,38096.44921875,39401.0,38058.8984375,39020.6015625,39020.6015625,4063300.0,0.01585592793997015,-0.017289098750243204,0.1404147849596784,0.4281882222954241,0.7103459824237621
2024-04-05,39322.55078125,40099.25,39157.3984375,39451.55078125,39451.55078125,5180600.0,0.011044145950946938,-0.021097072178362097,0.12815579269120247,0.47583670311227655,0.7291139101807613
2024-04-12,39649.19921875,40437.75,39602.6484375,39756.0,39756.0,4269600.0,0.007717040590827562,0.057815836031693824,0.13636296136424253,0.46154512812474624,0.7124654847513712
2024-04-19,39232.8984375,40275.55078125,38726.8515625,39357.8515625,39357.8515625,6802200.0,-0.010014801224972336,0.024635839012048466,0.11799845231778394,0.4600938837870412,0.6975237870600077
2024-04-26,39712.25,40208.3515625,39392.05078125,39968.30078125,39968.30078125,4806700.0,0.015510227172349955,0.02428715039751639,0.049651150182126624,0.506949727595009,0.6839712345777558
2024-05-03,40116.3515625,41244.55078125,40059.6015625,40571.05078125,40571.05078125,6913000.0,0.015080701161125143,0.028376577798104208,0.03928008999325372,0.49787156410509725,0.6942194987315606
2024-05-10,40689.8984375,40736.80078125,38367.6484375,39089.44921875,39089.44921875,6212000.0,-0.03651868842363648,-0.01676604238982793,-0.014942373498010642,0.4092382009788016,0.6260035477685406
2024-05-17,39092.8984375,40368.19921875,38132.75,40302.5,40302.5,5092000.0,0.031032690546791697,0.02400152447345616,0.018731638903126457,0.423480297462548,0.6988536890285193
2024-05-24,40307.69921875,41876.94921875,40305.3984375,41634.6484375,41634.6484375,4818200.0,0.033053742013522625,0.04169173128900483,0.048544134402910055,0.45785962051910545,0.7176789279435811
2024-05-31,41842.6484375,41854.30078125,39801.8984375,40255.5,40255.5,5394700.0,-0.03312501700525494,-0.007777732525375725,-0.001148851424811248,0.3618349275619719,0.6924244954828589
2024-06-07,42628.30078125,43084.75,36244.0,40283.30078125,40283.30078125,14054400.0,0.0006906082709194905,0.030541529398867784,0.07184609855202129,0.26294786318924634,0.6666997985581
2024-06-14,40671.1015625,41357.69921875,40388.05078125,41040.0,41040.0,5574700.0,0.01878443931045015,0.01829911295825326,0.06842861496841812,0.2596433621782197,0.6593114646468994
2024-06-21,41353.5,41458.25,40282.75,40457.55078125,40457.55078125,4159200.0,-0.014192232425682239,-0.028272069068074446,0.03682539892288461,0.23308039457113483,0.6627165681790927
2024-06-28,40297.94921875,42029.94921875,40089.69921875,41789.19921875,41789.19921875,5854100.0,0.032914707187790215,0.03809912232489965,0.05925365140807104,0.24862961072599443,0.6921101864130546
2024-07-05,41854.30078125,42622.8515625,41422.6015625,42523.8984375,42523.8984375,2194800.0,0.01758107914210405,0.05562100455514041,0.06962215608964684,0.24280202124956074,0.678703023984329
2024-07-12,42606.30078125,43136.94921875,41763.19921875,42846.3515625,42846.3515625,6544300.0,0.007582868383385177,0.04401441429093578,0.08863542753242726,0.22523345099760328,0.6913589879601303
2024-07-19,43093.94921875,43656.55078125,41971.1484375,42062.80078125,42062.80078125,5882000.0,-0.018287456286844694,0.03967738948606714,0.05240402916960063,0.2022992468823681,0.6276221280357193
2024-07-26,41876.69921875,43389.1484375,40325.69921875,43238.30078125,43238.30078125,8498200.0,0.027946308333419267,0.03467646161187554,0.06574268964294805,0.2282264258638249,0.6357264423505329
2024-08-02,43475.1484375,45022.1484375,43308.0,44334.25,44334.25,10171300.0,0.025346722672905164,0.0425725681092195,0.13417433312757532,0.1643101056423384,0.6887918726587581
2024-08-09,43364.94921875,43640.5,42284.6015625,43216.05078125,43216.05078125,7623000.0,-0.025222017260921326,0.008628487730413248,0.07229206082128892,0.10703519579156251,0.6389737759668535
2024-08-16,42991.80078125,43150.19921875,42240.80078125,42762.69921875,42762.69921875,4210800.0,-0.010490351485256344,0.016639368384902875,0.02709403882545991,0.07762385597991228,0.6258221931596439
2024-08-23,43076.6015625,43764.6015625,43037.1015625,43338.1484375,43338.1484375,4487700.0,0.013456802990997385,0.0023092409841716233,0.07657707487175669,0.09546412715740571,0.6680323416985534
2024-08-30,43555.80078125,44059.75,43170.05078125,43757.3984375,43757.3984375,5585500.0,0.009673925054842103,-0.013011420346571767,0.08624163335361601,0.10200434470455444,0.6617006781781791
2024-09-06,43882.75,44004.6484375,42030.3984375,42212.44921875,42212.44921875,5876600.0,-0.03530715430801257,-0.023222889282040304,0.028568450749268948,0.047408512782607604,0.5384638491738705
2024-09-13,42122.5,42693.8984375,41498.3515625,42229.3984375,42229.3984375,6016100.0,0.0004015218037258794,-0.012471167419108253,0.04379522788787216,0.12362728678135548,0.544705762244311
2024-09-20,42466.69921875,43049.1484375,42093.1015625,42850.0,42850.0,5403300.0,0.014695960289808463,-0.011263712343502208,0.025384568287540654,0.11554985749017344,0.5810407706478373
2024-09-27,43089.1015625,44665.8515625,42999.05078125,44545.0,44545.0,7443800.0,0.03955659276546086,0.01799927762215936,0.04752860477904064,0.1415764549055316,0.6303860477458436
2024-10-04,44452.44921875,44721.1015625,41966.75,42080.6484375,42080.6484375,5489500.0,-0.05532274245145363,-0.003122320161215719,-0.017870906088306437,0.06664117390030522,0.5741881934928348
2024-10-11,42223.0,42289.3984375,40704.6484375,41515.80078125,41515.80078125,4957700.0,-0.013422978904161553,-0.016898125065791136,-0.01300436466046817,0.044265036252389534,0.5262404762056916
2024-10-18,41675.8984375,41760.8515625,40538.75,41205.55078125,41205.55078125,4644400.0,-0.00747305830940681,-0.03837687791715283,-0.04701271704186605,0.046946140233693034,0.5286396560096651
2024-10-25,41307.30078125,41416.80078125,38880.05078125,39063.75,39063.75,4739000.0,-0.051978452918158724,-0.1230497249971938,-0.11888100058081508,-0.022631704715211365,0.4728448863394106
2024-11-01,39051.8515625,39702.8515625,38515.69921875,39635.6484375,39635.6484375,4701500.0,0.014640131515791577,-0.0581027168255599,-0.08284890171647563,-0.0230559062616712,0.4633367777310673
2024-11-08,39744.69921875,39773.3515625,38142.94921875,38403.6484375,38403.6484375,5323900.0,-0.031083129671580778,-0.07496308116873796,-0.10193581932121587,-0.017544396121116024,0.38451396775182056
2024-11-15,38258.19921875,38622.1015625,36965.05078125,37047.55078125,37047.55078125,4103800.0,-0.03531168811882501,-0.1009087348953005,-0.14515150930644782,-0.08076296057936849,0.3085158143130724
2024-11-22,37285.25,37396.55078125,35440.8515625,36523.5,36523.5,5567800.0,-0.014145355636174028,-0.06502831909378903,-0.1653182934957249,-0.12276189734549148,0.27889000744080183
2024-11-29,37230.8515625,37666.80078125,36580.30078125,37481.94921875,37481.94921875,8331500.0,0.026241987179487225,-0.05433742864447111,-0.1120640969086153,-0.06889867921774662,0.2680062997403565
2024-12-06,37462.8515625,38136.8515625,37262.6484375,37842.80078125,37842.80078125,5872200.0,0.009627342494757052,-0.014604020166540943,-0.1038754474028849,-0.060583416767474474,0.18643416643806088
2024-12-13,37798.8515625,37987.19921875,36380.44921875,37194.19921875,37194.19921875,5404500.0,-0.017139364664080614,0.003958384141664162,-0.1319906833430572,-0.09370859603435677,0.14160395120450198
2024-12-20,37216.80078125,37306.19921875,34818.0,34910.6015625,34910.6015625,5048600.0,-0.061396607648937174,-0.04416056614234676,-0.2162846208889887,-0.1371054132451519,0.06401839750896432
2024-12-27,35205.1015625,35464.69921875,34930.30078125,35039.3984375,35039.3984375,2584200.0,0.0036893341631314414,-0.06516605545231724,-0.16732750709528554,-0.1615202231063929,0.04695067742428316
2025-01-03,34991.25,36202.05078125,34689.05078125,35894.05078125,35894.05078125,8746300.0,0.0243911819797491,-0.051495924185546715,-0.13541229831074297,-0.15590874543156708,0.04903831729672592
2025-01-10,35928.1484375,35937.6484375,33657.1015625,33743.0,33743.0,15497500.0,-0.05992778007584609,-0.09278864154199107,-0.18110547340737715,-0.2124650344900647,-0.03508581642698361
2025-01-17,33379.6015625,34784.3984375,32490.849609375,34686.1015625,34686.1015625,17428800.0,0.027949546943069725,-0.006430711301209757,-0.11206421394515376,-0.1753734673331181,-0.008552140815389353
2025-01-24,34833.44921875,35043.3984375,33171.80078125,33263.55078125,33263.55078125,12177200.0,-0.041012126389780135,-0.050681453890185635,-0.1607668325723982,-0.2306924606141202,-0.055116150509987305
2025-01-31,33074.6015625,33954.05078125,31511.69921875,33895.6015625,33895.6015625,16664000.0,0.019001302218351057,-0.05567633563927343,-0.11738590103845525,-0.235453367035644,-0.10983062900477647
2025-02-07,32882.05078125,33571.8984375,31884.150390625,32817.30078125,32817.30078125,16069400.0,-0.03181241021085657,-0.027433814976439597,-0.11418433636754621,-0.24062240329724138,-0.1593422735544353
2025-02-14,32778.44921875,32834.25,30265.55078125,30572.30078125,30572.30078125,13572000.0,-0.06840903872516746,-0.11860083998881932,-0.16294164630306518,-0.2850708365049819,-0.2295752780820054
2025-02-21,30401.349609375,32022.69921875,29892.349609375,31592.0,31592.0,14057500.0,0.03335369575375169,-0.05025172424443092,-0.15714095295245767,-0.27103484714949644,-0.20144482510445827
2025-02-28,31251.94921875,31405.80078125,29863.25,30018.150390625,30018.150390625,11988300.0,-0.04981797953200173,-0.11439393293331523,-0.2067672114401713,-0.31398685793670245,-0.2440105369218235
2025-03-07,30091.900390625,32075.599609375,29313.19921875,31788.44921875,31788.44921875,18480200.0,0.058974280729764184,-0.031350889256798076,-0.14533852357479715,-0.24694136902555863,-0.2112399792929538
2025-03-14,31788.44921875,32154.150390625,30847.80078125,31483.0,31483.0,11946900.0,-0.009608811573287857,0.0297883769123628,-0.0981822543608597,-0.25447671136980066,-0.16230968996413575
2025-03-21,31560.599609375,33722.94921875,31503.599609375,33475.05078125,33475.05078125,17365700.0,0.06327385513610517,0.059605304547037274,-0.044645391359681486,-0.21878527931738623,-0.12851602967328446
2025-03-28,33849.25,34149.1015625,33060.1015625,33571.6015625,33571.6015625,19597300.0,0.002884260934536975,0.11837675291895344,-0.06470290112709098,-0.246344111291952,-0.13964418234998854
2025-04-04,33381.19921875,33790.3515625,32109.69921875,32308.900390625,32308.900390625,12968600.0,-0.03761218151967638,0.01637233601090604,-0.04250065522849189,-0.23221476877639902,-0.18104865966434103
2025-04-11,29810.900390625,32454.599609375,29802.19921875,32411.099609375,32411.099609375,13812700.0,0.0031631908704530254,0.02947938917431636,-0.06558828610432721,-0.21930689040176254,-0.18474948160340576
2025-04-18,33033.25,33877.30078125,32811.3984375,33797.5,33797.5,9569900.0,0.04277548146573773,0.009632523662387094,0.01605208121830981,-0.17978283606928336,-0.14127680606930992
2025-04-25,33968.5,34874.05078125,33599.6015625,33956.5,33956.5,21164900.0,0.004704489977069404,0.011465000762130417,0.0017966471958821284,-0.13074141627467917,-0.15041421986271342
2025-05-02,33944.69921875,34889.55078125,33928.3984375,34138.75,34138.75,12978500.0,0.005367160926479375,0.056636084399392495,0.04026684667207614,-0.13868571990610568,-0.15854410120978923
2025-05-09,34252.5,34727.0,32791.8515625,33337.55078125,33337.55078125,17214900.0,-0.023468909047636433,0.028584379519386083,0.09044952225826353,-0.1319170928380624,-0.14714708322728154
2025-05-16,34260.05078125,35748.3984375,34196.1484375,35664.80078125,35664.80078125,20724900.0,0.06980866756741211,0.05524967175826623,0.12891873832774126,-0.037323654893262725,-0.11507224660380866
2025-05-23,35790.30078125,35967.6015625,35072.69921875,35637.8984375,35637.8984375,19793900.0,-0.0007543107815183303,0.04951624688940259,0.18721166939819556,-0.024247445138061763,-0.14403268011262405
2025-05-30,35873.3984375,36421.3515625,35634.0,35879.05078125,35879.05078125,33872800.0,0.006766738621608814,0.05097728479367292,0.12868201069988694,-0.04276454322440004,-0.10871680189663524
2025-06-06,35931.30078125,36156.25,35368.8515625,35924.05078125,35924.05078125,29146400.0,0.0012542137826989652,0.07758518365586475,0.14106186771432205,-0.050703171022972615,-0.10821481644892983
2025-06-13,36143.25,36938.8984375,35304.94921875,35740.55078125,35740.55078125,40431700.0,-0.005107998569464645,0.0021239428888055745,0.06767726850675748,-0.039082665255156246,-0.12912887959917152
2025-06-20,35796.75,36107.75,35180.6484375,35600.19921875,35600.19921875,19156000.0,-0.003926955780816588,-0.0010578406809288454,0.06042600179420621,0.01975324472754858,-0.12006044529890658
2025-06-27,35361.0,36707.6484375,35280.1015625,36542.6015625,36542.6015625,19810500.0,0.02647182781083024,0.018494100785875878,0.13103823159216788,0.04290036907115491,-0.1255491312189575
2025-07-04,36672.1484375,36743.55078125,36164.44921875,36509.6015625,36509.6015625,16415600.0,-0.0009030555731933676,0.01629968693718742,0.12645365330152192,0.017149103203797367,-0.14143333739355024
2025-07-11,36553.75,36755.25,36039.69921875,36097.8515625,36097.8515625,39126100.0,-0.01127785520461333,0.009997069811174875,0.06806277276425776,0.06978785414752697,-0.15750465918097967
2025-07-18,36159.75,36590.0,36035.1484375,36231.6484375,36231.6484375,31591700.0,0.003706505213152189,0.01773723834717833,0.06700185347429799,0.04455810268026572,-0.13862967361767564
2025-07-25,36210.6484375,36359.19921875,35214.80078125,35250.5,35250.5,12492200.0,-0.02707987297879899,-0.03535877324689318,0.03256563289517045,0.059733527301901956,-0.18473900770665475
2025-08-01,35244.1015625,35619.8984375,34826.30078125,34889.0,34889.0,15128900.0,-0.01025517368547968,-0.044388366159672454,0.0465375884668342,0.029307591301139135,-0.2130463467860627
2025-08-08,34932.30078125,35062.30078125,34114.3515625,34391.94921875,34391.94921875,14060400.0,-0.014246633072028447,-0.04725772504206771,-0.03568929405513954,0.04798226545187623,-0.2041857458740418
2025-08-15,34426.19921875,34944.6015625,34329.8515625,34469.05078125,34469.05078125,10621300.0,0.002241849160964815,-0.04864801167660093,-0.03279788392404415,0.12746014857965404,-0.19394585910197915
2025-08-22,34812.69921875,34987.05078125,34364.55078125,34507.6015625,34507.6015625,13240700.0,0.001118417257691684,-0.021074834044907176,-0.03822423360951077,0.09228923659470745,-0.20375920968877914
2025-08-29,34576.94921875,34611.75,33481.8515625,33638.6484375,33638.6484375,10598500.0,-0.025181498732276597,-0.035837987976152896,-0.06361761254782627,0.12061029742877571,-0.23124660883239923
2025-09-05,33785.25,34803.1484375,33727.19921875,34297.8984375,34297.8984375,10705700.0,0.019597993100848754,-0.0027346743463648737,-0.040364580629429936,0.0789421717769685,-0.1874932852210457
2025-09-12,34429.55078125,35021.8515625,34201.19921875,34940.30078125,34940.30078125,11316800.0,0.018730078897417846,0.013671684868570289,-0.018536369233362104,0.10981484551186349,-0.17260718660337893
2025-09-19,34976.19921875,35814.6484375,34973.05078125,35745.75,35745.75,13924600.0,0.02305215469645372,0.03588045478204194,-0.021806098318892797,0.06783258473865739,-0.16579346557759622
2025-09-26,35804.30078125,36182.1015625,34775.1484375,34830.0,34830.0,18769800.0,-0.02561843016302634,0.03541615427009526,-0.04600437941303537,0.03748401562425463,-0.21809406218430805
2025-10-03,34994.3984375,35400.3515625,34861.1015625,35375.8984375,35375.8984375,12481700.0,0.015673225308642014,0.03143049717650803,-0.01999989178718864,0.09492734230487598,-0.15933095731540792
2025-10-10,35359.6484375,35708.5,35021.05078125,35393.94921875,35393.94921875,15266300.0,0.0005102564753767247,0.012983529831072316,-0.023120648793969134,0.09203173126875952,-0.14745835193584522
2025-10-17,35236.05078125,35527.94921875,35003.05078125,35395.69921875,35395.69921875,17944500.0,4.9443479426036774e-05,-0.009792794423113205,0.0041190683465481825,0.04728749815075073,-0.14099681844669554
2025-10-24,35557.05078125,35876.1015625,35512.5,35626.8984375,35626.8984375,10278700.0,0.006531844937464282,0.02287965654608093,0.021149887858637362,0.049192303020040296,-0.0879805846212921
2025-10-31,35740.8515625,36484.19921875,35498.6015625,36275.94921875,36275.94921875,21073900.0,0.018217998470695607,0.025442485449243213,0.05478026232292965,0.06260332375233424,-0.08476458317687896
2025-11-07,36313.8515625,36518.0,35488.94921875,35790.30078125,35790.30078125,15161100.0,-0.013387614878702658,0.011198285900518634,0.03833148781453288,0.07357319126693307,-0.06804946307388193
2025-11-14,35798.6484375,36406.44921875,35681.0,36261.1015625,36261.1015625,15046100.0,0.013154423711818852,0.02444936426885369,0.05081489065022593,0.01671958817062813,-0.021228102861472475
2025-11-21,36331.8984375,36526.69921875,35827.69921875,35852.3984375,35852.3984375,27791200.0,-0.011271117185879032,0.006329487266358402,0.06580971896397991,0.0060188734298174396,-0.018374514011526788
2025-11-28,35888.5,36064.3515625,35307.80078125,35548.30078125,35548.30078125,20129300.0,-0.008481933413189147,-0.020058701513560928,0.036457112555411175,-0.009218471302837483,-0.05158879081274437
2025-12-05,35676.19921875,35736.30078125,34768.30078125,34971.80078125,34971.80078125,13413900.0,-0.016217371501033195,-0.022869324429617532,0.0009015377456882412,-0.026507311377507947,-0.07586647765834753
2025-12-12,34987.05078125,35071.19921875,34040.6015625,35039.8515625,35039.8515625,14192500.0,0.0019458758122197217,-0.033679340874271047,-0.019747758474783716,-0.019605160061427984,-0.05792160340862962
2025-12-19,35016.55078125,35049.30078125,34349.80078125,34796.3984375,34796.3984375,13717200.0,-0.006947892589263871,-0.029454096406991592,-0.0009647304766006171,-0.022578547280338035,-0.003271302122810571
2025-12-26,34910.30078125,35474.25,34897.19921875,35058.80078125,35058.80078125,10384400.0,0.007541077684269926,-0.013769997137477508,-0.00896366368787016,-0.040604683788378004,0.0005537293622379647
2026-01-02,35096.6015625,36306.80078125,34702.0,36275.6484375,36275.6484375,13103400.0,0.03470876439392612,0.03728282865402388,0.024911015532647074,-0.00640798899433348,0.010631222944871288
2026-01-09,36392.94921875,36464.5,34284.19921875,34409.30078125,34409.30078125,15835300.0,-0.05144905016558332,-0.017995246929779274,-0.02786774832173622,-0.04677704373420766,0.019746340907743853
2026-01-16,34404.75,34811.75,33899.3515625,34346.3515625,34346.3515625,13784900.0,-0.0018294245253684949,-0.012933720017270112,-0.03594326004118642,-0.05203453213706677,-0.009794989482684091
2026-01-23,34294.6484375,34550.19921875,32983.3984375,33098.30078125,33098.30078125,16556200.0,-0.036337215583987836,-0.05592033829772369,-0.08759656207307631,-0.061054430965518214,-0.004967900182597074
2026-01-30,33252.44921875,35427.3515625,32890.30078125,35138.05078125,35138.05078125,17959700.0,0.061627030749430656,-0.031359815888887255,-0.018224211190248085,0.007138375455014501,0.03665517534654317
2026-02-06,34042.0,36496.19921875,33708.19921875,36451.69921875,36451.69921875,23168100.0,0.03738535315114788,0.05935599942829772,0.005256256650711055,0.059890469914890776,0.11074641579226085
2026-02-13,36597.55078125,36767.3515625,35678.1015625,35709.8984375,35709.8984375,16261400.0,-0.02035023873094055,0.03969990444308924,-0.003974629486738879,0.03599889257539335,0.16804746535141013
2026-02-20,35699.3984375,36670.8515625,35589.44921875,36581.1484375,36581.1484375,13263800.0,0.024397997141461403,0.10522738551651001,0.029054768682355014,0.06008956812731259,0.1579244250917955
2026-02-27,36782.05078125,37306.5,36505.6015625,37045.19921875,37045.19921875,15929400.0,0.01268551702368903,0.05427587458885652,0.05928772299914398,0.1012689551894248,0.2340933314238982
2026-03-06,36014.3515625,36756.75,35492.44921875,36319.6015625,36319.6015625,19664700.0,-0.019586820196738075,-0.003623909422089455,0.0365227003806603,0.05894539365681806,0.14254084282530388
2026-03-13,35854.3984375,37116.6484375,35289.0,36071.8515625,36071.8515625,25996000.0,-0.0068213854046186295,0.010135932635974676,0.03665474538380531,0.03238526160190425,0.14575648961344223
2026-03-20,36101.8984375,36500.30078125,35258.5,35908.30078125,35908.30078125,35587800.0,-0.004534027896145654,-0.018393289576448923,0.02423072042025831,0.004547415601854787,0.07268846329466694
2026-03-27,35681.1484375,35741.75,34648.5,35214.80078125,35214.80078125,22398400.0,-0.019313083184435142,-0.04940986891962951,-0.02924407148993502,0.011047969602354213,0.04894610749179984
2026-04-03,34893.6484375,35868.5,34424.75,35299.3984375,35299.3984375,16009300.0,0.0024023323822137677,-0.028089601237623718,0.025867937913316208,-0.0021624892477333235,0.09255957370009238
2026-04-10,35383.6484375,37366.55078125,34992.8515625,37174.6015625,37174.6015625,29373500.0,0.053122806846699566,0.030570928639172212,0.08234499070020407,0.05030951287025909,0.14697131570775657
2026-04-17,36575.55078125,38951.0,36532.3984375,38881.75,38881.75,41041500.0,0.045922440745729265,0.08280673699554808,0.1747355327082618,0.09848797617206984,0.1504327243139285
2026-04-24,38938.3984375,40208.25,38643.75,39903.75,39903.75,33085300.0,0.026284825142901314,0.13315279696958027,0.13562787669750365,0.12004557651861969,0.17514319791497956
2026-05-01,40058.8515625,41423.3515625,40045.80078125,40771.8984375,40771.8984375,25968700.0,0.02175606146038911,0.155030970561423,0.11851845898387592,0.12393746588514287,0.19429968693932853
2026-05-08,40936.69921875,41302.5,40652.8515625,40795.80078125,40795.80078125,27836400.0,0.0005862455432787961,0.097410572448553,0.14242276137109222,0.1398563267348205,0.22371919427850506
2026-05-15,40581.1015625,40584.3515625,39337.25,39816.8515625,39816.8515625,31110600.0,-0.02399632315098299,0.024049883621493295,0.08845274856606267,0.09805962441243743,0.1164187291194081
2026-05-22,39607.6484375,40622.75,39144.05078125,40237.6015625,40237.6015625,21480200.0,0.010567133851343113,0.008366420762459637,0.0861758719368475,0.12231268523483974,0.12906774323594683
2026-05-29,40609.1484375,41828.55078125,40387.44921875,40878.0,40878.0,49978400.0,0.01591542270493651,0.0026023208770287187,0.12550794175579694,0.14992838199346958,0.13932780020374436
2026-06-05,40983.8984375,41041.5,39667.05078125,40346.1015625,40346.1015625,37320700.0,-0.01301185081217282,-0.011023174202691055,0.11849266990340679,0.15367526581963742,0.12309443632002726
2026-06-12,39847.6015625,40187.80078125,38572.44921875,39244.44921875,39244.44921875,21216000.0,-0.0273050505770287,-0.014375881600068419,0.09290744381984273,0.11999473367489388,0.09803705765324122
2026-06-19,39862.6015625,40614.94921875,39430.0,40548.1015625,40548.1015625,25300200.0,0.03321877028986675,0.007716662721999112,0.15145054530848578,0.16529593243194385,0.13898524312594374
2026-06-26,40651.1484375,40879.05078125,39569.25,39637.0,39637.0,15238600.0,-0.02246964783531591,-0.030358628112921338,0.12288032528882953,0.1305863040585944,0.08467920468682433
2026-07-03,39666.3515625,39936.69921875,39146.5,39178.6015625,39178.6015625,24488500.0,-0.011564912518606363,-0.028937120435079233,0.053907773473530485,0.08002484449041769,0.07310405717331636
2026-07-10,39255.30078125,39617.1015625,38554.3515625,39242.05078125,39242.05078125,16453500.0,0.001619486562040251,-6.111533090025212e-05,0.0092665783111614,0.14044894520592588,0.08710211501939713
2026-07-17,39079.44921875,39716.6484375,38903.1484375,39277.0,39277.0,16629400.0,0.0008906063280131882,-0.031347991977891954,-0.015706543871190082,0.1435566869024707,0.08405224972728642
2026-09-18,37453.1015625,37833.80078125,37449.80078125,37773.55078125,37773.55078125,0.0,-0.038278107257427973,-0.04701287228473394,-0.07353956453232668,0.141253474941182,0.0715748934412277
